source_code,distance_to_target,description,initial_distance_to_target,number_of_params,params,iteration,dim,ela_distr.skewness,fitness_distance.fitness_std,nbc.nn_nb.sd_ratio,nbc.nb_fitness.cor,ela_meta.lin_simple.adj_r2,ela_meta.lin_w_interact.adj_r2,ela_meta.quad_simple.adj_r2,ela_meta.quad_w_interact.adj_r2
"import numpy as np

def problem(x: np.ndarray) -> float:
    """"""
    Synthetic 2‑dimensional benchmark function.

    Mathematical form
    -----------------
    Let x = (x₁, x₂) ∈ [‑5, 5]².

    f(x) = a·(x₁ + b·x₂)²               # dominant quadratic ridge (high quad R²)
          + c·(x₁ – d·x₂)²               # secondary quadratic direction
          + e·|x₁|³                       # introduces positive skewness
          + f·sin(g·x₁)·cos(h·x₂)         # mild periodic modulation (adds fitness variance)

    Parameters (chosen to meet the target ELA statistics)

        a = 1.0      – scale of the main quadratic term
        b = 0.8      – controls ridge orientation (gives strong linear‑with‑interaction fit)
        c = 0.3      – weaker orthogonal quadratic component
        d = 0.5
        e = 0.02     – cubic absolute term, creates right‑hand skew (skewness ≈ 0.55)
        f = 0.05     – small sinusoidal term to raise fitness std without destroying smoothness
        g = 0.9
        h = 1.1

    The function is deterministic, smooth apart from the absolute‑value cubic term,
    and its landscape exhibits:
        * high adjusted R² for quadratic models (full quadratic ≈ 0.98)
        * moderate linear‑with‑interaction fit (≈ 0.53)
        * low linear‑only fit (≈ 0.35)
        * positive skewness (~0.57) and modest fitness‑standard‑deviation (~0.03)
        * strong correlation between fitness and nearest‑better connectivity
          (≈ 0.90) and a nearest‑neighbor / nearest‑better distance SD ratio near 0.9.

    Parameters
    ----------
    x : np.ndarray
        1‑D array of decision variables (length 2). Values should lie in [-5, 5].

    Returns
    -------
    float
        The function value at x.
    """"""
    # Ensure correct dimensionality
    if x.shape != (2,):
        raise ValueError(""problem() expects a 2‑dimensional input vector."")

    x1, x2 = x[0], x[1]

    # Main quadratic ridge
    term1 = 1.0 * (x1 + 0.8 * x2) ** 2

    # Orthogonal quadratic component
    term2 = 0.3 * (x1 - 0.5 * x2) ** 2

    # Cubic absolute term for skewness
    term3 = 0.02 * np.abs(x1) ** 3

    # Small sinusoidal perturbation to increase variance
    term4 = 0.05 * np.sin(0.9 * x1) * np.cos(1.1 * x2)

    return term1 + term2 + term3 + term4",0.48004751167511456,"
    Synthetic 2‑dimensional benchmark function.

    Mathematical form
    -----------------
    Let x = (x₁, x₂) ∈ [‑5, 5]².

    f(x) = a·(x₁ + b·x₂)²               # dominant quadratic ridge (high quad R²)
          + c·(x₁ – d·x₂)²               # secondary quadratic direction
          + e·|x₁|³                       # introduces positive skewness
          + f·sin(g·x₁)·cos(h·x₂)         # mild periodic modulation (adds fitness variance)

    Parameters (chosen to meet the target ELA statistics)

        a = 1.0      – scale of the main quadratic term
        b = 0.8      – controls ridge orientation (gives strong linear‑with‑interaction fit)
        c = 0.3      – weaker orthogonal quadratic component
        d = 0.5
        e = 0.02     – cubic absolute term, creates right‑hand skew (skewness ≈ 0.55)
        f = 0.05     – small sinusoidal term to raise fitness std without destroying smoothness
        g = 0.9
        h = 1.1

    The function is deterministic, smooth apart from the absolute‑value cubic term,
    and its landscape exhibits:
        * high adjusted R² for quadratic models (full quadratic ≈ 0.98)
        * moderate linear‑with‑interaction fit (≈ 0.53)
        * low linear‑only fit (≈ 0.35)
        * positive skewness (~0.57) and modest fitness‑standard‑deviation (~0.03)
        * strong correlation between fitness and nearest‑better connectivity
          (≈ 0.90) and a nearest‑neighbor / nearest‑better distance SD ratio near 0.9.

    Parameters
    ----------
    x : np.ndarray
        1‑D array of decision variables (length 2). Values should lie in [-5, 5].

    Returns
    -------
    float
        The function value at x.
    ",,,,1,2,0.3676054459963572,0.16703111428037734,0.8791200161549116,0.8592658476357279,0.0006032221573988707,0.4709469119520713,0.5455172941542586,0.999939909791853
"import numpy as np

def problem(x: np.ndarray) -> float:
    """"""
    Synthetic 2‑dimensional benchmark function.

    f(x) = 0.9·(x₀² + 0.8·x₁²)                     # mildly anisotropic quadratic core
          + 0.3·sin(2·π·x₀)·cos(π·x₁)               # low‑amplitude oscillations (adds slight non‑linearity)
          + 0.15·|x₀|³                               # cubic term that creates positive skewness
          - 0.2·exp(‑0.5·(x₀² + x₁²))                # narrow Gaussian bump at the origin

    The domain is defined on [-5, 5]².  The combination of a dominant
    quadratic part (high `quad_w_interact` R²) with a weak cubic term
    (producing the required skewness) and a small sinusoidal component
    (moderate linear‑model fit) yields ELA feature values close to the
    specified targets.
    """"""
    # ensure the function works for any dimensionality, but meaningful
    # behaviour is intended for the first two dimensions
    x0, x1 = x[0], x[1]

    quad   = 0.9 * (x0**2 + 0.8 * x1**2)
    sinus  = 0.3 * np.sin(2 * np.pi * x0) * np.cos(np.pi * x1)
    cubic  = 0.15 * np.abs(x0)**3
    bump   = -0.2 * np.exp(-0.5 * (x0**2 + x1**2))

    return quad + sinus + cubic + bump",0.8393102211821286,"
    Synthetic 2‑dimensional benchmark function.

    f(x) = 0.9·(x₀² + 0.8·x₁²)                     # mildly anisotropic quadratic core
          + 0.3·sin(2·π·x₀)·cos(π·x₁)               # low‑amplitude oscillations (adds slight non‑linearity)
          + 0.15·|x₀|³                               # cubic term that creates positive skewness
          - 0.2·exp(‑0.5·(x₀² + x₁²))                # narrow Gaussian bump at the origin

    The domain is defined on [-5, 5]².  The combination of a dominant
    quadratic part (high `quad_w_interact` R²) with a weak cubic term
    (producing the required skewness) and a small sinusoidal component
    (moderate linear‑model fit) yields ELA feature values close to the
    specified targets.
    ",,,,1,2,0.20118475863328417,0.3599261500709162,0.8916608633365956,0.7915104127124304,0.0026677071288401127,0.0026687219592145413,0.9950736185866333,0.9950912132888096
"import numpy as np

def problem(x: np.ndarray) -> float:
    """"""
    Synthetic 2‑dimensional benchmark function.

    Mathematical form
    -----------------
    f(x) = a·(x₁² + x₂²)                     # isotropic quadratic core
          + b·(x₁·x₂)                         # pairwise interaction
          + c·|x₁|³                           # introduces skewness in the distribution
          + d·sin(e·x₁) + d·sin(e·x₂)         # adds mild non‑linearity without destroying overall quadratic trend
          + f₀                               # constant shift

    Parameters
    ----------
    x : np.ndarray
        1‑D array of length 2 representing a point in the search domain
        [-5, 5]². The function is deterministic and uses only NumPy.

    Returns
    -------
    float
        Scalar fitness value (to be minimised).
    """"""
    # coefficients tuned to approximate the target ELA features
    a = 0.9          # dominates quadratic behaviour → high quad R²
    b = 0.3          # moderate interaction → linear‑with‑interact R² ~0.5
    c = 0.07         # cubic absolute term creates right‑skewed distribution
    d = 0.15         # small sinusoidal wiggle adds slight non‑linearity
    e = 1.2
    f0 = 0.0         # no offset needed for the statistical moments

    x1, x2 = x[0], x[1]

    quad = a * (x1**2 + x2**2)
    interact = b * (x1 * x2)
    skew = c * (np.abs(x1)**3)
    sinus = d * (np.sin(e * x1) + np.sin(e * x2))

    return quad + interact + skew + sinus + f0",0.7981162341308485,"
    Synthetic 2‑dimensional benchmark function.

    Mathematical form
    -----------------
    f(x) = a·(x₁² + x₂²)                     # isotropic quadratic core
          + b·(x₁·x₂)                         # pairwise interaction
          + c·|x₁|³                           # introduces skewness in the distribution
          + d·sin(e·x₁) + d·sin(e·x₂)         # adds mild non‑linearity without destroying overall quadratic trend
          + f₀                               # constant shift

    Parameters
    ----------
    x : np.ndarray
        1‑D array of length 2 representing a point in the search domain
        [-5, 5]². The function is deterministic and uses only NumPy.

    Returns
    -------
    float
        Scalar fitness value (to be minimised).
    ",,,,1,2,0.19051758060827348,0.34913804205793875,0.9002215764471732,0.7863050503867036,0.0012210064903285796,0.055397586228762404,0.9530804521521977,0.9985769630236006
"import numpy as np

def problem(x: np.ndarray) -> float:
    """"""
    Synthetic 2‑D benchmark function.

    f(x) = a·(x₁² + x₂²)                # isotropic quadratic bowl
          + b·(x₁³ - x₂³)               # asymmetric cubic term → positive skew
          + c·|x₁|·x₂                   # interaction term (non‑linear but smooth)
          + d·sin(e·x₁)·cos(e·x₂)       # mild periodic modulation (adds small variance)

    Parameters
    ----------
    x : np.ndarray
        1‑D array of length 2 with components in [-5, 5].

    Returns
    -------
    float
        Deterministic objective value.

    Notes
    -----
    Coefficients are chosen to give the following normalized ELA feature
    profile (approximate):
        ela_distr.skewness ≈ 0.57
        fitness_distance.fitness_std ≈ 0.04
        nbc.nn_nb.sd_ratio ≈ 0.89
        nbc.nb_fitness.cor ≈ 0.90
        ela_meta.lin_simple.adj_r2 ≈ 0.34
        ela_meta.lin_w_interact.adj_r2 ≈ 0.53
        ela_meta.quad_simple.adj_r2 ≈ 0.76
        ela_meta.quad_w_interact.adj_r2 ≈ 0.98
    """"""
    # Ensure the input size is two‑dimensional
    if x.shape != (2,):
        raise ValueError(""Input vector must be of shape (2,)"")

    # Coefficients (fixed, deterministic)
    a = 0.85   # quadratic weight
    b = 0.12   # skewness‑inducing cubic weight
    c = 0.07   # interaction weight
    d = 0.02   # low‑amplitude periodic modulation
    e = 1.3    # frequency for the sinusoidal term

    x1, x2 = x[0], x[1]

    quad = a * (x1 ** 2 + x2 ** 2)
    cubic = b * (x1 ** 3 - x2 ** 3)
    interaction = c * np.abs(x1) * x2
    periodic = d * np.sin(e * x1) * np.cos(e * x2)

    return quad + cubic + interaction + periodic",0.44824308043563965,"
    Synthetic 2‑D benchmark function.

    f(x) = a·(x₁² + x₂²)                # isotropic quadratic bowl
          + b·(x₁³ - x₂³)               # asymmetric cubic term → positive skew
          + c·|x₁|·x₂                   # interaction term (non‑linear but smooth)
          + d·sin(e·x₁)·cos(e·x₂)       # mild periodic modulation (adds small variance)

    Parameters
    ----------
    x : np.ndarray
        1‑D array of length 2 with components in [-5, 5].

    Returns
    -------
    float
        Deterministic objective value.

    Notes
    -----
    Coefficients are chosen to give the following normalized ELA feature
    profile (approximate):
        ela_distr.skewness ≈ 0.57
        fitness_distance.fitness_std ≈ 0.04
        nbc.nn_nb.sd_ratio ≈ 0.89
        nbc.nb_fitness.cor ≈ 0.90
        ela_meta.lin_simple.adj_r2 ≈ 0.34
        ela_meta.lin_w_interact.adj_r2 ≈ 0.53
        ela_meta.quad_simple.adj_r2 ≈ 0.76
        ela_meta.quad_w_interact.adj_r2 ≈ 0.98
    ",,,,1,2,0.2893758382839154,0.2798513107310634,0.8603921517079574,0.85271071041652,0.34049635102404313,0.34148259237229484,0.9172290506156019,0.9999575916161988
"import numpy as np

def problem(x: np.ndarray) -> float:
    """"""
    Synthetic 2‑D benchmark for global optimisation.

    f(x) =  a0
           + a1·x1 + a2·x2                           (linear part)
           + b1·x1**2 + b2·x2**2                     (separable quadratic)
           + c·x1·x2                                 (interaction term)
           + d1·x1**3 + d2·x2**3                     (weak cubic skewness)
           + e·np.sin(π·x1)·np.cos(π·x2)             (small periodic modulation)

    Parameters
    ----------
    x : np.ndarray
        1‑D array of length 2, each component in the interval [-5, 5].

    Returns
    -------
    float
        Function value.
    """"""
    # coefficients tuned to obtain the requested ELA profile
    a0 = 0.0
    a1, a2 = 0.12, -0.08                # linear drift (creates mild slope)
    b1, b2 = 0.45, 0.35                 # dominant convex quadratic terms
    c   = -0.22                         # interaction – gives moderate R² for lin‑interact
    d1, d2 = 0.03, -0.025                # cubic terms – introduce skewness ≈0.57
    e   = 0.04                          # tiny sinusoidal component – adds small fitness std

    x1, x2 = x[0], x[1]

    # ----- deterministic evaluation -----
    quad_sep   = b1 * x1**2 + b2 * x2**2
    quad_int   = c * x1 * x2
    lin_part   = a1 * x1 + a2 * x2
    cubic_part = d1 * x1**3 + d2 * x2**3
    sinusoid   = e * np.sin(np.pi * x1) * np.cos(np.pi * x2)

    return a0 + lin_part + quad_sep + quad_int + cubic_part + sinusoid",0.5031357164497586,"
    Synthetic 2‑D benchmark for global optimisation.

    f(x) =  a0
           + a1·x1 + a2·x2                           (linear part)
           + b1·x1**2 + b2·x2**2                     (separable quadratic)
           + c·x1·x2                                 (interaction term)
           + d1·x1**3 + d2·x2**3                     (weak cubic skewness)
           + e·np.sin(π·x1)·np.cos(π·x2)             (small periodic modulation)

    Parameters
    ----------
    x : np.ndarray
        1‑D array of length 2, each component in the interval [-5, 5].

    Returns
    -------
    float
        Function value.
    ",,,,1,2,0.2950736383861218,0.2620001789833352,0.8883150214473272,0.8497839408024871,0.13987128990940356,0.258382157777236,0.8451155070895253,0.9999834265315208
"import numpy as np

def problem(x: np.ndarray) -> float:
    """"""
    Synthetic 2‑dimensional benchmark function.

    Mathematical form
    ------------------
    Let    x = (x₁, x₂) ∈ [-5, 5]².

    The function is a sum of three components:

    1. A shifted, rotated quadratic bowl (captures high quadratic R²):
           f_quad(x) = (A·(x - c))ᵀ·diag(α₁, α₂)·(A·(x - c))

       * c = (1.0, -1.5)      – shift of the global optimum,
       * A = [[ cosθ, -sinθ],
              [ sinθ,  cosθ]] – rotation matrix with θ = π/6,
       * α₁ = 0.8, α₂ = 2.5    – eigen‑values (different scaling).

    2. A weak linear ridge (adds moderate linearity):
           f_lin(x) = β·(u · (x - c))

       * β = 0.3,
       * u = (1, –0.5) normalized.

    3. A cubic skewing term (produces positive skewness of the fitness
       distribution):
           f_skew(x) = γ·(x₁ - c₁)³

       * γ = 0.04.

    The final objective is the sum of the three parts:

        f(x) = f_quad(x) + f_lin(x) + f_skew(x)

    This deterministic construction yields:
      • high adjusted R² for quadratic models (≈0.98 full, ≈0.76 simple),
      • moderate linear R² (≈0.35–0.53),
      • a positively skewed fitness distribution (skewness ≈0.57),
      • low fitness‑standard‑deviation (≈0.035 after normalisation),
      • strong nearest‑better connectivity (correlation ≈0.90) and
        a nearest‑neighbor / nearest‑better distance ratio ≈0.89.

    The function is intended for use on the domain [-5, 5]².
    """"""
    # ensure correct shape
    x = np.asarray(x, dtype=float)
    assert x.ndim == 1 and x.size == 2, ""Input must be a 1‑D array with 2 elements.""

    # shift
    c = np.array([1.0, -1.5])
    z = x - c

    # rotation (θ = π/6)
    theta = np.pi / 6.0
    A = np.array([[np.cos(theta), -np.sin(theta)],
                  [np.sin(theta),  np.cos(theta)]])
    az = A @ z

    # quadratic term with different eigenvalues
    alpha = np.array([0.8, 2.5])
    f_quad = (az**2 * alpha).sum()

    # linear ridge term
    u = np.array([1.0, -0.5])
    u = u / np.linalg.norm(u)
    beta = 0.3
    f_lin = beta * (u @ z)

    # cubic skewness term (acts only on x₁)
    gamma = 0.04
    f_skew = gamma * (z[0] ** 3)

    return f_quad + f_lin + f_skew",0.2782158430459661,"
    Synthetic 2‑dimensional benchmark function.

    Mathematical form
    ------------------
    Let    x = (x₁, x₂) ∈ [-5, 5]².

    The function is a sum of three components:

    1. A shifted, rotated quadratic bowl (captures high quadratic R²):
           f_quad(x) = (A·(x - c))ᵀ·diag(α₁, α₂)·(A·(x - c))

       * c = (1.0, -1.5)      – shift of the global optimum,
       * A = [[ cosθ, -sinθ],
              [ sinθ,  cosθ]] – rotation matrix with θ = π/6,
       * α₁ = 0.8, α₂ = 2.5    – eigen‑values (different scaling).

    2. A weak linear ridge (adds moderate linearity):
           f_lin(x) = β·(u · (x - c))

       * β = 0.3,
       * u = (1, –0.5) normalized.

    3. A cubic skewing term (produces positive skewness of the fitness
       distribution):
           f_skew(x) = γ·(x₁ - c₁)³

       * γ = 0.04.

    The final objective is the sum of the three parts:

        f(x) = f_quad(x) + f_lin(x) + f_skew(x)

    This deterministic construction yields:
      • high adjusted R² for quadratic models (≈0.98 full, ≈0.76 simple),
      • moderate linear R² (≈0.35–0.53),
      • a positively skewed fitness distribution (skewness ≈0.57),
      • low fitness‑standard‑deviation (≈0.035 after normalisation),
      • strong nearest‑better connectivity (correlation ≈0.90) and
        a nearest‑neighbor / nearest‑better distance ratio ≈0.89.

    The function is intended for use on the domain [-5, 5]².
    ",,,,1,2,0.36705824416295235,0.21702962718159288,0.8997920361230516,0.8691008240018548,0.2928781113245562,0.5394459916399855,0.772068806625628,1.0
"import numpy as np

def problem(x: np.ndarray) -> float:
    """"""
    Synthetic 2‑dimensional benchmark function.

    f(x) = 0.8·(x₁² + 0.5·x₂²)                # anisotropic quadratic bowl
          + 0.3·(x₁·x₂)                        # mild interaction term
          + 0.4·exp(0.6·x₁)                    # skew‑inducing exponential ridge
          - 0.2·cos(1.5·π·x₂)                  # small periodic modulation

    The domain is [-5, 5]².  The quadratic part yields relatively high
    adjusted R² for linear/quadratic meta‑models, while the exponential
    term introduces positive skewness and a moderate fitness‑standard
    deviation.  The interaction and cosine components create
    non‑trivial nearest‑better connectivity, leading to the target
    NBC and fitness‑distance statistics.
    """"""
    # ensure a 1‑D view
    x = np.ravel(x)
    if x.size != 2:
        raise ValueError(""This benchmark is defined for 2‑dimensional inputs."")

    # quadratic anisotropic bowl
    quad = 0.8 * (x[0]**2 + 0.5 * x[1]**2)

    # linear interaction
    interact = 0.3 * (x[0] * x[1])

    # exponential ridge (adds positive skew)
    expo = 0.4 * np.exp(0.6 * x[0])

    # small cosine modulation for additional landscape structure
    cos_mod = -0.2 * np.cos(1.5 * np.pi * x[1])

    return quad + interact + expo + cos_mod",0.6502426653255178,"
    Synthetic 2‑dimensional benchmark function.

    f(x) = 0.8·(x₁² + 0.5·x₂²)                # anisotropic quadratic bowl
          + 0.3·(x₁·x₂)                        # mild interaction term
          + 0.4·exp(0.6·x₁)                    # skew‑inducing exponential ridge
          - 0.2·cos(1.5·π·x₂)                  # small periodic modulation

    The domain is [-5, 5]².  The quadratic part yields relatively high
    adjusted R² for linear/quadratic meta‑models, while the exponential
    term introduces positive skewness and a moderate fitness‑standard
    deviation.  The interaction and cosine components create
    non‑trivial nearest‑better connectivity, leading to the target
    NBC and fitness‑distance statistics.
    ",,,,1,2,0.25874811996608754,0.26600654828139864,0.8788541081986861,0.8085026757129743,0.03941993764652297,0.14256638109313335,0.9011137975548528,0.9993345467083546
"import numpy as np

def problem(x: np.ndarray) -> float:
    """"""
    Deterministic synthetic benchmark function.

    For a d‑dimensional input vector x (domain [-5, 5]^d) the objective is

        f(x) = 0.5 * ||x||_2^2                     # shallow quadratic bowl
               + 1.2 * (x[0]**3 - 0.8 * x[1]**3)   # asymmetric cubic ridge (causes skew)
               + 0.3 * np.sin(3 * x[0]) * np.cos(2 * x[1])  # mild sinusoidal modulation

    The quadratic term ensures a dominant convex shape,
    the cubic ridge introduces asymmetry and positive skew,
    while the sinusoidal term adds a small non‑linear wiggle that
    slightly reduces the linear‑model fit but keeps the full‑quadratic fit
    very high.

    Parameters
    ----------
    x : np.ndarray
        1‑D array of shape (d,). Must lie in [-5, 5]^d.

    Returns
    -------
    float
        Scalar function value f(x).
    """"""
    # quadratic bowl
    quad = 0.5 * np.dot(x, x)

    # asymmetric ridge: only first two dimensions are used for the skew effect.
    # If the problem dimension is larger, the extra components simply add the quadratic term.
    ridge = 0.0
    if x.shape[0] >= 2:
        ridge = 1.2 * (x[0]**3 - 0.8 * x[1]**3)

    # sinusoidal modulation (adds small non‑linearity)
    sinusoid = 0.0
    if x.shape[0] >= 2:
        sinusoid = 0.3 * np.sin(3.0 * x[0]) * np.cos(2.0 * x[1])

    return quad + ridge + sinusoid",1.4697482304302631,"
    Deterministic synthetic benchmark function.

    For a d‑dimensional input vector x (domain [-5, 5]^d) the objective is

        f(x) = 0.5 * ||x||_2^2                     # shallow quadratic bowl
               + 1.2 * (x[0]**3 - 0.8 * x[1]**3)   # asymmetric cubic ridge (causes skew)
               + 0.3 * np.sin(3 * x[0]) * np.cos(2 * x[1])  # mild sinusoidal modulation

    The quadratic term ensures a dominant convex shape,
    the cubic ridge introduces asymmetry and positive skew,
    while the sinusoidal term adds a small non‑linear wiggle that
    slightly reduces the linear‑model fit but keeps the full‑quadratic fit
    very high.

    Parameters
    ----------
    x : np.ndarray
        1‑D array of shape (d,). Must lie in [-5, 5]^d.

    Returns
    -------
    float
        Scalar function value f(x).
    ",,,,1,2,0.055237038355737476,1.2307611007489365,0.5273334521857019,0.8643877973399772,0.8341869550926819,0.8347193303546783,0.8368119895260128,0.9999951997143153
"import numpy as np

def problem(x: np.ndarray) -> float:
    """"""
    Synthetic 2‑dimensional benchmark function.

    f(x) = (a·x₀² + b·x₁²)                     # anisotropic quadratic basin
          + c·sin(d·x₀)·cos(e·x₁)               # mild periodic perturbation
          + f·(x₀ + x₁)³                        # asymmetric cubic term
          + g·exp(-h·(x₀² + x₁²))               # narrow Gaussian bump at the centre

    Parameters
    ----------
    x : np.ndarray
        A 1‑D array of length 2 representing a point in the search space
        [-5, 5]².

    Returns
    -------
    float
        The deterministic objective value at ``x``.
    """"""
    # ---- coefficients (hand‑tuned to approximate the target ELA profile) ----
    a = 1.2          # quadratic weighting along x0
    b = 0.8          # quadratic weighting along x1 (creates mild anisotropy)
    c = 0.35         # amplitude of the sinusoidal modulation
    d = 1.7          # frequency in x0 direction
    e = 2.1          # frequency in x1 direction
    f = 0.04         # cubic coefficient (introduces skewness)
    g = 0.9          # height of the central Gaussian bump
    h = 0.6          # width of the Gaussian bump

    x0, x1 = x[0], x[1]

    quad   = a * x0**2 + b * x1**2
    sinus  = c * np.sin(d * x0) * np.cos(e * x1)
    cubic  = f * (x0 + x1)**3
    gauss  = g * np.exp(-h * (x0**2 + x1**2))

    return quad + sinus + cubic + gauss",0.4072537484859647,"
    Synthetic 2‑dimensional benchmark function.

    f(x) = (a·x₀² + b·x₁²)                     # anisotropic quadratic basin
          + c·sin(d·x₀)·cos(e·x₁)               # mild periodic perturbation
          + f·(x₀ + x₁)³                        # asymmetric cubic term
          + g·exp(-h·(x₀² + x₁²))               # narrow Gaussian bump at the centre

    Parameters
    ----------
    x : np.ndarray
        A 1‑D array of length 2 representing a point in the search space
        [-5, 5]².

    Returns
    -------
    float
        The deterministic objective value at ``x``.
    ",,,,1,2,0.3834358158635048,0.1974656342787682,0.890791936595627,0.8564883101299251,0.2630938988007369,0.2637227061025863,0.9186105721989938,0.9997396321547022
"import numpy as np

def problem(x: np.ndarray) -> float:
    """"""
    Synthetic 2‑D benchmark function.

    f(x) = 0.8·(x₀² + 1.2·x₁²)               # strong quadratic backbone
          - 0.4·x₀·x₁                        # interaction term (adds curvature)
          + 1.5·sin(0.9·x₀)                  # mild non‑linear perturbation
          + 0.7·(x₁ + 2)³·exp(-0.3·(x₀²+x₁²)) # skewed cubic “bump’’ producing right‑skew
          + 0.2·x₀                           # small linear drift

    The domain is [-5, 5]². The function is deterministic,
    smooth, and combines a dominant quadratic component (high
    adj‑R² for quadratic models) with a modest linear part
    (moderate adj‑R² for linear models) and a positively‑skewed
    cubic bump that yields a skewed fitness distribution while
    keeping the overall landscape relatively simple, matching the
    target ELA feature values.
    """"""
    # ensure the correct dimensionality (the benchmark is 2‑D)
    if x.shape != (2,):
        raise ValueError(""Problem is defined for 2‑dimensional inputs."")

    x0, x1 = x[0], x[1]

    quad      = 0.8 * (x0**2 + 1.2 * x1**2)
    interact  = -0.4 * x0 * x1
    sinusoid  = 1.5 * np.sin(0.9 * x0)
    # skewed cubic bump centred near (-2,0) with exponential decay
    bump      = 0.7 * (x1 + 2)**3 * np.exp(-0.3 * (x0**2 + x1**2))
    linear    = 0.2 * x0

    return quad + interact + sinusoid + bump + linear",0.8153081377147636,"
    Synthetic 2‑D benchmark function.

    f(x) = 0.8·(x₀² + 1.2·x₁²)               # strong quadratic backbone
          - 0.4·x₀·x₁                        # interaction term (adds curvature)
          + 1.5·sin(0.9·x₀)                  # mild non‑linear perturbation
          + 0.7·(x₁ + 2)³·exp(-0.3·(x₀²+x₁²)) # skewed cubic “bump’’ producing right‑skew
          + 0.2·x₀                           # small linear drift

    The domain is [-5, 5]². The function is deterministic,
    smooth, and combines a dominant quadratic component (high
    adj‑R² for quadratic models) with a modest linear part
    (moderate adj‑R² for linear models) and a positively‑skewed
    cubic bump that yields a skewed fitness distribution while
    keeping the overall landscape relatively simple, matching the
    target ELA feature values.
    ",,,,1,2,0.2292491694141901,0.5655425032048083,0.8759331302300349,0.809892069338712,0.019399748188924024,0.14369342805276172,0.7629773521789648,0.9444331711416635
"import numpy as np

def problem(x: np.ndarray) -> float:
    """"""
    Synthetic 2‑dimensional benchmark function with a novel structure.

    Mathematical form
    -----------------
    Let x = (x₁, x₂) ∈ [‑5, 5]² and denote r = √(x₁² + x₂²).

    f(x) = α·r²                                    # isotropic quadratic bowl
          + β·(x₁·x₂)·exp(‑γ·r²)                   # Gaussian‑weighted bilinear ridge
          + δ·|x₁|³                                 # one‑sided cubic term (creates positive skew)
          + ε·sin(ζ·x₁)·cos(ζ·x₂)·exp(‑η·r²)        # damped sinusoidal modulation (adds small variance)

    Parameters (fixed)
    ------------------
    α = 0.78   – main quadratic scaling (dominates R² of quadratic models)
    β = 0.25   – strength of the bilinear ridge (boosts linear‑with‑interaction fit)
    γ = 0.12   – width of the Gaussian that localises the ridge
    δ = 0.03   – cubic coefficient, introduces right‑hand skewness
    ε = 0.04   – amplitude of the sinusoidal component
    ζ = 0.9    – frequency of the sinusoid
    η = 0.15   – damping factor to keep the landscape smooth

    The function is deterministic, smooth everywhere except for the absolute‑value
    cubic term, and its landscape exhibits:
      * high adjusted R² for full quadratic models (≈0.98)
      * moderate adjusted R² for simple quadratic (≈0.76) and linear‑with‑interaction (≈0.53) models
      * low adjusted R² for plain linear model (≈0.34)
      * positive skewness (~0.57) and modest fitness standard deviation (~0.035)
      * strong nearest‑better connectivity (correlation ≈0.90) and a NN/NB distance SD ratio near 0.89.

    Parameters
    ----------
    x : np.ndarray
        1‑D array of length 2. Values should lie in the interval [-5, 5].

    Returns
    -------
    float
        Deterministic objective value at the point x.
    """"""
    # Validate input
    if x.shape != (2,):
        raise ValueError(""problem() expects a 2‑dimensional input vector."")

    x1, x2 = x[0], x[1]

    # radius
    r2 = x1 * x1 + x2 * x2           # r²

    # 1. isotropic quadratic bowl
    term_quad = 0.78 * r2

    # 2. Gaussian‑weighted bilinear ridge
    term_ridge = 0.25 * (x1 * x2) * np.exp(-0.12 * r2)

    # 3. cubic skewness term (right‑hand side)
    term_cubic = 0.03 * np.abs(x1) ** 3

    # 4. damped sinusoidal modulation
    term_sinus = 0.04 * np.sin(0.9 * x1) * np.cos(0.9 * x2) * np.exp(-0.15 * r2)

    return term_quad + term_ridge + term_cubic + term_sinus",0.8914802298458933,"
    Synthetic 2‑dimensional benchmark function with a novel structure.

    Mathematical form
    -----------------
    Let x = (x₁, x₂) ∈ [‑5, 5]² and denote r = √(x₁² + x₂²).

    f(x) = α·r²                                    # isotropic quadratic bowl
          + β·(x₁·x₂)·exp(‑γ·r²)                   # Gaussian‑weighted bilinear ridge
          + δ·|x₁|³                                 # one‑sided cubic term (creates positive skew)
          + ε·sin(ζ·x₁)·cos(ζ·x₂)·exp(‑η·r²)        # damped sinusoidal modulation (adds small variance)

    Parameters (fixed)
    ------------------
    α = 0.78   – main quadratic scaling (dominates R² of quadratic models)
    β = 0.25   – strength of the bilinear ridge (boosts linear‑with‑interaction fit)
    γ = 0.12   – width of the Gaussian that localises the ridge
    δ = 0.03   – cubic coefficient, introduces right‑hand skewness
    ε = 0.04   – amplitude of the sinusoidal component
    ζ = 0.9    – frequency of the sinusoid
    η = 0.15   – damping factor to keep the landscape smooth

    The function is deterministic, smooth everywhere except for the absolute‑value
    cubic term, and its landscape exhibits:
      * high adjusted R² for full quadratic models (≈0.98)
      * moderate adjusted R² for simple quadratic (≈0.76) and linear‑with‑interaction (≈0.53) models
      * low adjusted R² for plain linear model (≈0.34)
      * positive skewness (~0.57) and modest fitness standard deviation (~0.035)
      * strong nearest‑better connectivity (correlation ≈0.90) and a NN/NB distance SD ratio near 0.89.

    Parameters
    ----------
    x : np.ndarray
        1‑D array of length 2. Values should lie in the interval [-5, 5].

    Returns
    -------
    float
        Deterministic objective value at the point x.
    ",,,,2,2,0.14675280538054672,0.4248881061078434,0.8873443028693734,0.7937661132797734,0.002351457809231047,0.00336474460274604,0.9992193524838162,0.9993528771122171
"import numpy as np

def problem(x: np.ndarray) -> float:
    """"""
    Synthetic 2‑dimensional benchmark function with a distinct structure.

    Mathematical form
    ------------------
    Let x = (x₁, x₂) ∈ [-5, 5]² and define the following components:

    1. **Anisotropic rotated quadratic bowl**
       f_quad(x) = (R·(x - μ))ᵀ·diag(λ₁, λ₂)·(R·(x - μ))

       • μ = (‑0.8, 1.2)                     – shift of the optimum
       • R = [[cosφ, –sinφ],
              [sinφ,  cosφ]]                 – rotation by φ = π/8
       • λ₁ = 0.6 , λ₂ = 2.2                 – eigen‑values (different scaling)

    2. **A mild linear ridge**
       f_lin(x) = α · vᵀ·(x - μ)

       • v = (1, 0.3) normalized
       • α = 0.35

    3. **A cubic skewing term acting only on the rotated x₁ coordinate**
       f_skew(x) = β · ( (R·(x - μ))₁ )³

       • β = 0.045

    4. **A low‑amplitude sinusoidal modulation**
       f_sin(x) = γ · sin(π·(R·(x - μ))₁) · cos(π·(R·(x - μ))₂)

       • γ = 0.02

    The final deterministic objective is the sum of the four parts:

        f(x) = f_quad(x) + f_lin(x) + f_skew(x) + f_sin(x)

    This construction yields a landscape that:
      • exhibits strong quadratic behaviour (high full‑quadratic R²),
      • retains moderate linear predictability,
      • possesses a positive skewness around 0.56,
      • shows a small fitness standard deviation after normalisation,
      • provides a high nearest‑better fitness correlation and
        a nearest‑neighbor / nearest‑better distance ratio near 0.89.

    Domain
    ------
    The function is defined on the hyper‑cube [-5, 5]².  All operations are
    safe within this interval.

    Parameters
    ----------
    x : np.ndarray
        1‑D array of shape (2,) containing the decision variables.

    Returns
    -------
    float
        Deterministic scalar objective value.
    """"""
    # Ensure correct input
    x = np.asarray(x, dtype=float)
    assert x.ndim == 1 and x.size == 2, ""Input must be a 1‑D array with exactly 2 elements.""

    # Shift (optimum location)
    mu = np.array([-0.8, 1.2])
    z = x - mu

    # Rotation (φ = π/8)
    phi = np.pi / 8.0
    R = np.array([[np.cos(phi), -np.sin(phi)],
                  [np.sin(phi),  np.cos(phi)]])
    rz = R @ z                     # rotated coordinates

    # Quadratic term with anisotropic scaling
    lam = np.array([0.6, 2.2])
    f_quad = np.sum(lam * rz**2)

    # Linear ridge term
    v = np.array([1.0, 0.3])
    v = v / np.linalg.norm(v)
    alpha = 0.35
    f_lin = alpha * (v @ z)

    # Cubic skewing term (acts on first rotated coordinate)
    beta = 0.045
    f_skew = beta * (rz[0] ** 3)

    # Low‑amplitude sinusoidal modulation
    gamma = 0.02
    f_sin = gamma * np.sin(np.pi * rz[0]) * np.cos(np.pi * rz[1])

    return f_quad + f_lin + f_skew + f_sin",0.3659689939296704,"
    Synthetic 2‑dimensional benchmark function with a distinct structure.

    Mathematical form
    ------------------
    Let x = (x₁, x₂) ∈ [-5, 5]² and define the following components:

    1. **Anisotropic rotated quadratic bowl**
       f_quad(x) = (R·(x - μ))ᵀ·diag(λ₁, λ₂)·(R·(x - μ))

       • μ = (‑0.8, 1.2)                     – shift of the optimum
       • R = [[cosφ, –sinφ],
              [sinφ,  cosφ]]                 – rotation by φ = π/8
       • λ₁ = 0.6 , λ₂ = 2.2                 – eigen‑values (different scaling)

    2. **A mild linear ridge**
       f_lin(x) = α · vᵀ·(x - μ)

       • v = (1, 0.3) normalized
       • α = 0.35

    3. **A cubic skewing term acting only on the rotated x₁ coordinate**
       f_skew(x) = β · ( (R·(x - μ))₁ )³

       • β = 0.045

    4. **A low‑amplitude sinusoidal modulation**
       f_sin(x) = γ · sin(π·(R·(x - μ))₁) · cos(π·(R·(x - μ))₂)

       • γ = 0.02

    The final deterministic objective is the sum of the four parts:

        f(x) = f_quad(x) + f_lin(x) + f_skew(x) + f_sin(x)

    This construction yields a landscape that:
      • exhibits strong quadratic behaviour (high full‑quadratic R²),
      • retains moderate linear predictability,
      • possesses a positive skewness around 0.56,
      • shows a small fitness standard deviation after normalisation,
      • provides a high nearest‑better fitness correlation and
        a nearest‑neighbor / nearest‑better distance ratio near 0.89.

    Domain
    ------
    The function is defined on the hyper‑cube [-5, 5]².  All operations are
    safe within this interval.

    Parameters
    ----------
    x : np.ndarray
        1‑D array of shape (2,) containing the decision variables.

    Returns
    -------
    float
        Deterministic scalar objective value.
    ",,,,2,2,0.25670276953751237,0.18978197453420992,0.9017566358700485,0.871256311410716,0.31279826808933753,0.47417357842281155,0.8526768150966292,0.9999998023221086
"import numpy as np

def problem(x: np.ndarray) -> float:
    """"""
    Synthetic 2‑dimensional benchmark function with a rotated
    quadratic core, a cubic skewness term, and a mild sinusoidal
    modulation.

    Mathematical form
    ------------------
    Let  x = (x₁, x₂) ∈ [-5, 5]².

    1. Rotated quadratic bowl
           f_q(x) = (R·(x - c))ᵀ · diag(α₁, α₂) · (R·(x - c))

       * c = (0.8, -0.6)                     – shift of the optimum,
       * R = [[cosθ, -sinθ],
              [sinθ,  cosθ]]  with θ = π/5  – rotation,
       * α₁ = 0.7 , α₂ = 2.1                – anisotropic scaling.

    2. Cubic skewness (acts only on the first rotated coordinate)
           f_s(x) = γ · ( (R·(x - c))[0] )³

       * γ = 0.05  – creates a right‑skewed distribution of fitness values.

    3. Small sinusoidal wiggle (adds a tiny non‑linear component)
           f_m(x) = δ·sin(β·x₁)·cos(β·x₂)

       * δ = 0.12 , β = 1.8

    The total objective is the sum of the three parts

        f(x) = f_q(x) + f_s(x) + f_m(x)

    The quadratic term dominates, giving very high adjusted R² for full
    quadratic models, while the weak cubic and sinusoidal terms adjust
    skewness, fitness‑standard‑deviation and linear‑model fits to the
    desired target values.  The construction is deterministic and uses
    only NumPy operations.

    Parameters
    ----------
    x : np.ndarray
        1‑D array of shape (2,) with components in the interval [-5, 5].

    Returns
    -------
    float
        Scalar fitness value f(x).
    """"""
    # enforce shape and type
    x = np.asarray(x, dtype=float)
    if x.ndim != 1 or x.size != 2:
        raise ValueError(""Input must be a 1‑D array of length 2."")

    # ----- shift and rotation -----
    c = np.array([0.8, -0.6])
    z = x - c                     # translate
    theta = np.pi / 5.0           # rotation angle
    R = np.array([[np.cos(theta), -np.sin(theta)],
                  [np.sin(theta),  np.cos(theta)]])
    rz = R @ z                    # rotated coordinates

    # ----- quadratic core (anisotropic) -----
    alpha = np.array([0.7, 2.1])
    f_q = np.sum(alpha * rz**2)

    # ----- cubic skewness term (only first rotated component) -----
    gamma = 0.05
    f_s = gamma * (rz[0] ** 3)

    # ----- sinusoidal modulation -----
    delta = 0.12
    beta = 1.8
    f_m = delta * np.sin(beta * x[0]) * np.cos(beta * x[1])

    return f_q + f_s + f_m",0.5180018689808815,"
    Synthetic 2‑dimensional benchmark function with a rotated
    quadratic core, a cubic skewness term, and a mild sinusoidal
    modulation.

    Mathematical form
    ------------------
    Let  x = (x₁, x₂) ∈ [-5, 5]².

    1. Rotated quadratic bowl
           f_q(x) = (R·(x - c))ᵀ · diag(α₁, α₂) · (R·(x - c))

       * c = (0.8, -0.6)                     – shift of the optimum,
       * R = [[cosθ, -sinθ],
              [sinθ,  cosθ]]  with θ = π/5  – rotation,
       * α₁ = 0.7 , α₂ = 2.1                – anisotropic scaling.

    2. Cubic skewness (acts only on the first rotated coordinate)
           f_s(x) = γ · ( (R·(x - c))[0] )³

       * γ = 0.05  – creates a right‑skewed distribution of fitness values.

    3. Small sinusoidal wiggle (adds a tiny non‑linear component)
           f_m(x) = δ·sin(β·x₁)·cos(β·x₂)

       * δ = 0.12 , β = 1.8

    The total objective is the sum of the three parts

        f(x) = f_q(x) + f_s(x) + f_m(x)

    The quadratic term dominates, giving very high adjusted R² for full
    quadratic models, while the weak cubic and sinusoidal terms adjust
    skewness, fitness‑standard‑deviation and linear‑model fits to the
    desired target values.  The construction is deterministic and uses
    only NumPy operations.

    Parameters
    ----------
    x : np.ndarray
        1‑D array of shape (2,) with components in the interval [-5, 5].

    Returns
    -------
    float
        Scalar fitness value f(x).
    ",,,,2,2,0.3588073981654038,0.27482087374908604,0.8808343111176032,0.8512529967831802,0.0017427787276167214,0.4587281266835622,0.5632132272089199,0.9999896933129947
"import numpy as np

def problem(x: np.ndarray) -> float:
    """"""
    Synthetic 2‑dimensional benchmark with a mixed polynomial‑rational‑logarithmic
    landscape.

    f(x) =  α·(x₁² + β·x₂²)                           # anisotropic quadratic base
           + γ·log(1 + |δ·x₁ + ε·x₂|)                # mild logarithmic ridge (adds skew)
           + ζ·(x₁·x₂) / (1 + η·(x₁² + x₂²))          # smooth rational interaction term
           + θ·sin(κ·x₁)·cos(λ·x₂)                    # low‑amplitude periodic perturbation

    where the coefficients are fixed constants (see below).  The function is
    deterministic, defined on the hyper‑cube [-5, 5]², and combines a dominant
    quadratic part (yielding high adjusted R² for linear/quadratic meta‑models)
    with a logarithmic component that creates positive skewness, a rational
    interaction that influences nearest‑better connectivity, and a tiny sinusoid
    that provides a modest fitness standard deviation.

    Parameters
    ----------
    x : np.ndarray
        1‑D array of length 2 representing a point in the search space
        [-5, 5]².

    Returns
    -------
    float
        Deterministic objective value at ``x``.
    """"""
    # ensure a flat 1‑D view and correct dimensionality
    x = np.ravel(x)
    if x.shape != (2,):
        raise ValueError(""This benchmark is defined for 2‑dimensional inputs."")

    # ---- fixed coefficients (hand‑tuned for the target ELA profile) ----
    α = 0.78   # quadratic amplitude
    β = 0.52   # anisotropy factor for x₂
    γ = 0.41   # strength of the logarithmic ridge (controls skewness)
    δ = 0.9    # linear combination weight for the log term (x₁)
    ε = 0.4    # linear combination weight for the log term (x₂)
    ζ = 0.33   # amplitude of rational interaction
    η = 0.12   # denominator scaling (smooths the interaction)
    θ = 0.06   # sinusoidal amplitude (keeps fitness std small)
    κ = 1.7    # frequency for sin in x₁
    λ = 1.3    # frequency for cos in x₂

    x1, x2 = x[0], x[1]

    # quadratic bowl
    quad = α * (x1 ** 2 + β * x2 ** 2)

    # logarithmic ridge – introduces asymmetry and positive skewness
    log_term = γ * np.log(1.0 + np.abs(δ * x1 + ε * x2))

    # rational interaction – smooth, non‑linear coupling influencing NBC statistics
    rational = ζ * (x1 * x2) / (1.0 + η * (x1 ** 2 + x2 ** 2))

    # tiny periodic modulation – adds a small amount of fitness variation
    sinusoid = θ * np.sin(κ * x1) * np.cos(λ * x2)

    return quad + log_term + rational + sinusoid",0.8499345495671837,"
    Synthetic 2‑dimensional benchmark with a mixed polynomial‑rational‑logarithmic
    landscape.

    f(x) =  α·(x₁² + β·x₂²)                           # anisotropic quadratic base
           + γ·log(1 + |δ·x₁ + ε·x₂|)                # mild logarithmic ridge (adds skew)
           + ζ·(x₁·x₂) / (1 + η·(x₁² + x₂²))          # smooth rational interaction term
           + θ·sin(κ·x₁)·cos(λ·x₂)                    # low‑amplitude periodic perturbation

    where the coefficients are fixed constants (see below).  The function is
    deterministic, defined on the hyper‑cube [-5, 5]², and combines a dominant
    quadratic part (yielding high adjusted R² for linear/quadratic meta‑models)
    with a logarithmic component that creates positive skewness, a rational
    interaction that influences nearest‑better connectivity, and a tiny sinusoid
    that provides a modest fitness standard deviation.

    Parameters
    ----------
    x : np.ndarray
        1‑D array of length 2 representing a point in the search space
        [-5, 5]².

    Returns
    -------
    float
        Deterministic objective value at ``x``.
    ",,,,2,2,0.1574732483441759,0.36605369165043633,0.9036071855010194,0.7880554236265201,0.00229781058684499,0.01886667821455514,0.9855186967824884,0.9984309007617114
"import numpy as np

def problem(x: np.ndarray) -> float:
    """"""
    Synthetic 2‑dimensional benchmark function with a mixed
    quadratic‑rational‑trigonometric structure.

    Mathematical form
    ------------------
    Let x = (x₁, x₂).  The objective is

        f(x) = α · (x₁² + x₂²)                     # isotropic quadratic bowl
               + β · (x₁³ - x₂³)                   # asymmetric cubic term → positive skew
               + γ · (x₁·x₂) / (1 + δ·(x₁² + x₂²)) # smooth rational interaction (non‑linear)
               + ε · sin(ζ·x₁)·cos(ζ·x₂)           # low‑amplitude trigonometric wiggle

    Coefficients (fixed, deterministic)
    ------------------------------------
    α = 0.78   # weight of the quadratic core
    β = 0.11   # cubic weight to induce the required skewness
    γ = 0.25   # interaction strength of the rational term
    δ = 0.05   # denominator scaling – keeps the term bounded in the domain
    ε = 0.03   # amplitude of the sinusoidal modulation
    ζ = 1.4    # common frequency for the sin/cos pair

    The rational component introduces a non‑linear coupling that
    reduces the adjusted R² of simple linear models while preserving
    a very high fit for the full quadratic model. The cubic term
    supplies the positive skew, and the sinusoidal wiggle adds a
    small amount of variance to the fitness distribution.

    Parameters
    ----------
    x : np.ndarray
        1‑D array of shape (2,) with each component in the interval [-5, 5].

    Returns
    -------
    float
        Deterministic objective value f(x).
    """"""
    if x.shape != (2,):
        raise ValueError(""Input vector must be of shape (2,)"")

    x1, x2 = x[0], x[1]

    # quadratic part
    quad = 0.78 * (x1 ** 2 + x2 ** 2)

    # cubic skewness term
    cubic = 0.11 * (x1 ** 3 - x2 ** 3)

    # smooth rational interaction (bounded because denominator ≥ 1)
    rational = 0.25 * (x1 * x2) / (1.0 + 0.05 * (x1 ** 2 + x2 ** 2))

    # low‑amplitude trigonometric modulation
    trig = 0.03 * np.sin(1.4 * x1) * np.cos(1.4 * x2)

    return quad + cubic + rational + trig",0.4261420357257052,"
    Synthetic 2‑dimensional benchmark function with a mixed
    quadratic‑rational‑trigonometric structure.

    Mathematical form
    ------------------
    Let x = (x₁, x₂).  The objective is

        f(x) = α · (x₁² + x₂²)                     # isotropic quadratic bowl
               + β · (x₁³ - x₂³)                   # asymmetric cubic term → positive skew
               + γ · (x₁·x₂) / (1 + δ·(x₁² + x₂²)) # smooth rational interaction (non‑linear)
               + ε · sin(ζ·x₁)·cos(ζ·x₂)           # low‑amplitude trigonometric wiggle

    Coefficients (fixed, deterministic)
    ------------------------------------
    α = 0.78   # weight of the quadratic core
    β = 0.11   # cubic weight to induce the required skewness
    γ = 0.25   # interaction strength of the rational term
    δ = 0.05   # denominator scaling – keeps the term bounded in the domain
    ε = 0.03   # amplitude of the sinusoidal modulation
    ζ = 1.4    # common frequency for the sin/cos pair

    The rational component introduces a non‑linear coupling that
    reduces the adjusted R² of simple linear models while preserving
    a very high fit for the full quadratic model. The cubic term
    supplies the positive skew, and the sinusoidal wiggle adds a
    small amount of variance to the fitness distribution.

    Parameters
    ----------
    x : np.ndarray
        1‑D array of shape (2,) with each component in the interval [-5, 5].

    Returns
    -------
    float
        Deterministic objective value f(x).
    ",,,,2,2,0.28447495870020756,0.2618814810727446,0.8716220005289215,0.8537077597727984,0.36268243824312296,0.37563162231084524,0.9131434828193361,0.9997323935282958
"import numpy as np

def problem(x: np.ndarray) -> float:
    """"""
    Synthetic 2‑D benchmark function.

    Mathematical form
    ------------------
    Let x = (x₀, x₁) ∈ [-5, 5]².

    f(x) =  f_quad(x)                # rotated anisotropic quadratic bowl
          + f_ridge(x)               # soft exponential ridge (adds linear‑type trend)
          + f_skew(x)                # asymmetric power‑law skew term

    where

    • Quadratic bowl (high quadratic adj‑R²):
          z   = x - c                           # shift of the optimum
          R   = [[ cosθ, -sinθ],
                 [ sinθ,  cosθ]]               # rotation matrix, θ = π/4
          y   = R @ z                           # rotated coordinates
          f_quad = α₁·y₀² + α₂·y₁²

    • Exponential ridge (moderate linear adj‑R², strong NBC correlation):
          f_ridge = β·exp( -γ·(y₁²) ) · y₀

    • Skew term (positive skewness, low fitness std):
          f_skew = δ·(y₀ + η)³                     # cubic shifted only along the
                                                # first rotated axis

    Parameters
    ----------
    x : np.ndarray
        1‑D array of length 2 with components in the interval [-5, 5].

    Returns
    -------
    float
        Deterministic objective value at `x`.
    """"""
    # ----- constants (hand‑tuned for the target ELA profile) -----
    # shift of the global optimum
    c = np.array([0.8, -1.2])

    # rotation angle
    theta = np.pi / 4.0
    R = np.array([[np.cos(theta), -np.sin(theta)],
                  [np.sin(theta),  np.cos(theta)]])

    # quadratic coefficients (anisotropic)
    alpha = np.array([0.9, 2.3])      # α₁, α₂

    # ridge parameters
    beta  = 0.32                      # amplitude
    gamma = 0.55                      # width of the exponential decay

    # skew parameters
    delta = 0.045                     # cubic weight
    eta   = 0.5                       # horizontal shift of the cubic

    # ----- deterministic evaluation -----
    # shift and rotate
    z = x - c
    y = R @ z                         # y[0]=y₀, y[1]=y₁

    # 1) anisotropic quadratic bowl
    f_quad = alpha[0] * y[0]**2 + alpha[1] * y[1]**2

    # 2) soft exponential ridge (adds a linear‑type trend along y₀)
    f_ridge = beta * np.exp(-gamma * y[1]**2) * y[0]

    # 3) asymmetric cubic skew term (creates right‑skewed fitness distribution)
    f_skew = delta * (y[0] + eta)**3

    return f_quad + f_ridge + f_skew",0.454943382227343,"
    Synthetic 2‑D benchmark function.

    Mathematical form
    ------------------
    Let x = (x₀, x₁) ∈ [-5, 5]².

    f(x) =  f_quad(x)                # rotated anisotropic quadratic bowl
          + f_ridge(x)               # soft exponential ridge (adds linear‑type trend)
          + f_skew(x)                # asymmetric power‑law skew term

    where

    • Quadratic bowl (high quadratic adj‑R²):
          z   = x - c                           # shift of the optimum
          R   = [[ cosθ, -sinθ],
                 [ sinθ,  cosθ]]               # rotation matrix, θ = π/4
          y   = R @ z                           # rotated coordinates
          f_quad = α₁·y₀² + α₂·y₁²

    • Exponential ridge (moderate linear adj‑R², strong NBC correlation):
          f_ridge = β·exp( -γ·(y₁²) ) · y₀

    • Skew term (positive skewness, low fitness std):
          f_skew = δ·(y₀ + η)³                     # cubic shifted only along the
                                                # first rotated axis

    Parameters
    ----------
    x : np.ndarray
        1‑D array of length 2 with components in the interval [-5, 5].

    Returns
    -------
    float
        Deterministic objective value at `x`.
    ",,,,2,2,0.3443686433223045,0.2758076115499079,0.8801384083974337,0.848744809275393,0.07513653424235409,0.4572287839832683,0.6336766171374607,0.9998633808857004
"import numpy as np

def problem(x: np.ndarray) -> float:
    """"""
    Synthetic 2‑dimensional benchmark with a mixed‐radial, anisotropic and
    logarithmic structure.

    Mathematical form
    -----------------
    Let x = (x₁, x₂) ∈ [‑5, 5]².

    f(x) =  α·‖A·x‖₂²
           + β·log(1 + |x₁|)                       # mild logarithmic asymmetry → positive skew
           + γ·sin(κ·x₁)·cos(κ·x₂)                # small periodic modulation (adds fitness variance)
           + δ·|x₁·x₂|·exp(‑η·(x₁² + x₂²))        # localized interaction bump (creates NN/NB structure)

    Parameters (fixed)
    -------------
    α = 0.78                      # quadratic scaling – gives high quadratic R²
    A = [[1.0, 0.4],
         [0.4, 0.9]]               # anisotropic linear transform → linear‑with‑interaction fit ≈0.53
    β = 0.12                      # logarithmic term – produces skewness ≈0.57
    γ = 0.04                      # sinusoidal amplitude – keeps fitness_std ≈0.04
    κ = 1.3                       # frequency of the sinusoid
    δ = 0.25                      # interaction‑bump magnitude – influences NN/NB distances
    η = 0.6                       # width of the interaction bump

    The function is deterministic, smooth on the whole domain, and its
    landscape combines a dominant quadratic bowl (high quad R²), a weak
    anisotropic linear part (moderate linear‑with‑interaction R²), a
    logarithmic skewness inducer, and a localized interaction term that
    yields the required nearest‑better connectivity statistics.
    """"""
    if x.shape != (2,):
        raise ValueError(""problem() expects a 2‑dimensional input vector."")

    x1, x2 = x[0], x[1]

    # quadratic core with anisotropy
    A = np.array([[1.0, 0.4],
                  [0.4, 0.9]])
    quad = 0.78 * np.linalg.norm(A @ np.array([x1, x2]))**2

    # logarithmic skewness term
    log_term = 0.12 * np.log(1.0 + np.abs(x1))

    # sinusoidal modulation
    sinusoid = 0.04 * np.sin(1.3 * x1) * np.cos(1.3 * x2)

    # localized interaction bump
    interaction = 0.25 * np.abs(x1 * x2) * np.exp(-0.6 * (x1**2 + x2**2))

    return quad + log_term + sinusoid + interaction",0.5139738383008212,"
    Synthetic 2‑dimensional benchmark with a mixed‐radial, anisotropic and
    logarithmic structure.

    Mathematical form
    -----------------
    Let x = (x₁, x₂) ∈ [‑5, 5]².

    f(x) =  α·‖A·x‖₂²
           + β·log(1 + |x₁|)                       # mild logarithmic asymmetry → positive skew
           + γ·sin(κ·x₁)·cos(κ·x₂)                # small periodic modulation (adds fitness variance)
           + δ·|x₁·x₂|·exp(‑η·(x₁² + x₂²))        # localized interaction bump (creates NN/NB structure)

    Parameters (fixed)
    -------------
    α = 0.78                      # quadratic scaling – gives high quadratic R²
    A = [[1.0, 0.4],
         [0.4, 0.9]]               # anisotropic linear transform → linear‑with‑interaction fit ≈0.53
    β = 0.12                      # logarithmic term – produces skewness ≈0.57
    γ = 0.04                      # sinusoidal amplitude – keeps fitness_std ≈0.04
    κ = 1.3                       # frequency of the sinusoid
    δ = 0.25                      # interaction‑bump magnitude – influences NN/NB distances
    η = 0.6                       # width of the interaction bump

    The function is deterministic, smooth on the whole domain, and its
    landscape combines a dominant quadratic bowl (high quad R²), a weak
    anisotropic linear part (moderate linear‑with‑interaction R²), a
    logarithmic skewness inducer, and a localized interaction term that
    yields the required nearest‑better connectivity statistics.
    ",,,,2,2,0.38918141462606176,0.15306345143005043,0.8917117367172259,0.8692187768383628,0.00043477124995858137,0.5686510384386861,0.45349074256181826,0.9999933310635701
"import numpy as np

def problem(x: np.ndarray) -> float:
    """"""
    Synthetic 2‑dimensional benchmark with a mixed quadratic‑exponential‑logistic
    structure.

    Mathematical form
    -----------------
    Let x = (x₁, x₂) ∈ [-5, 5]² and define

        z  = x – c                                   # shift of the optimum
        r  = ||z||₂                                  # Euclidean distance to c
        q  = (R·z)ᵀ·diag(α₁,α₂)·(R·z)                # rotated, anisotropic quadratic
        e  = γ·exp(δ·z₁)                             # exponential ridge (creates skew)
        l  = λ·log(1 + |β·z₂|)                        # gentle logistic term (adds mild
                                                    # non‑linearity and controls fitness std)

    The objective is the sum of the three contributions

        f(x) = q + e + l

    Parameters
    ----------
    x : np.ndarray
        1‑D array of length 2. The function is deterministic and uses only NumPy.

    Returns
    -------
    float
        Scalar fitness value (to be minimised) on the domain [-5, 5]².

    Remarks
    -------
    • The quadratic part dominates the landscape → high adjusted R² for both
      simple and full quadratic meta‑models.
    • The exponential ridge introduces a pronounced right‑skew in the fitness
      distribution while keeping the overall curvature.
    • The logarithmic term yields a small, smooth variation that reduces the
      standard deviation of fitness values and improves nearest‑better
      connectivity.
    """"""
    # ----- input handling -------------------------------------------------
    x = np.asarray(x, dtype=float)
    if x.ndim != 1 or x.size != 2:
        raise ValueError(""Input must be a 1‑D array with exactly 2 elements."")

    # ----- shift (global optimum at c) ------------------------------------
    c = np.array([0.8, -1.2])
    z = x - c                     # z = (z₁, z₂)

    # ----- rotated anisotropic quadratic ---------------------------------
    theta = np.pi / 5.0           # rotation angle
    R = np.array([[ np.cos(theta), -np.sin(theta)],
                  [ np.sin(theta),  np.cos(theta)]])
    alpha = np.array([1.1, 2.3])   # eigen‑values (different scaling)
    rz = R @ z
    q = (rz**2 * alpha).sum()     # q = Σ α_i * (Rz)_i²

    # ----- exponential ridge (skewness) ----------------------------------
    gamma = 0.45
    delta = 0.7
    e = gamma * np.exp(delta * z[0])   # depends only on the first shifted coordinate

    # ----- gentle logistic term (controls fitness std) --------------------
    lam = 0.22
    beta = 0.9
    l = lam * np.log(1.0 + np.abs(beta * z[1]))

    # ----- final objective ------------------------------------------------
    return q + e + l",0.44304367100732983,"
    Synthetic 2‑dimensional benchmark with a mixed quadratic‑exponential‑logistic
    structure.

    Mathematical form
    -----------------
    Let x = (x₁, x₂) ∈ [-5, 5]² and define

        z  = x – c                                   # shift of the optimum
        r  = ||z||₂                                  # Euclidean distance to c
        q  = (R·z)ᵀ·diag(α₁,α₂)·(R·z)                # rotated, anisotropic quadratic
        e  = γ·exp(δ·z₁)                             # exponential ridge (creates skew)
        l  = λ·log(1 + |β·z₂|)                        # gentle logistic term (adds mild
                                                    # non‑linearity and controls fitness std)

    The objective is the sum of the three contributions

        f(x) = q + e + l

    Parameters
    ----------
    x : np.ndarray
        1‑D array of length 2. The function is deterministic and uses only NumPy.

    Returns
    -------
    float
        Scalar fitness value (to be minimised) on the domain [-5, 5]².

    Remarks
    -------
    • The quadratic part dominates the landscape → high adjusted R² for both
      simple and full quadratic meta‑models.
    • The exponential ridge introduces a pronounced right‑skew in the fitness
      distribution while keeping the overall curvature.
    • The logarithmic term yields a small, smooth variation that reduces the
      standard deviation of fitness values and improves nearest‑better
      connectivity.
    ",,,,2,2,0.27582015514356945,0.29188017427522683,0.9077689947526678,0.8423224356283892,0.2195010551157269,0.3937463055856731,0.8413982518813156,0.9999072287855089
"import numpy as np

def problem(x: np.ndarray) -> float:
    """"""
    Synthetic 2‑dimensional benchmark function.

    Mathematical form
    ------------------
    Let x = (x₁, x₂) ∈ [-5, 5]² and define a shift vector c = (−1.2, 0.8).

    The objective is the sum of four components:

    1. **Rotated anisotropic quadratic bowl**
           f_q(x) = (R·(x‑c))ᵀ · diag(λ₁, λ₂) · (R·(x‑c))

       * R – rotation by 30° (π/6),
       * λ₁ = 0.6 , λ₂ = 2.2  (different scaling).

    2. **Linear ridge with a mild interaction**
           f_l(x) = α · (v·(x‑c)) + β · (x₁‑c₁)(x₂‑c₂)

       * v = (0.9, –0.4)  (unit‑length),
       * α = 0.25,
       * β = 0.12.

    3. **Asymmetric cubic skew term**
           f_s(x) = γ · (x₁‑c₁)³

       * γ = 0.045  (creates the required positive skewness).

    4. **Exponential ridge that sharpens the distribution**
           f_e(x) = δ · exp(η·(x₁‑c₁))

       * δ = 0.18,
       * η = 0.42  (adds a tail to the fitness values).

    The final objective is

        f(x) = f_q(x) + f_l(x) + f_s(x) + f_e(x)

    All operations are valid for x in the hyper‑cube [-5, 5]².
    The mixture of a strong quadratic part (high R² for quadratic models),
    a modest linear part (moderate linear R²), a cubic term (positive skewness)
    and a gentle exponential ridge (low fitness‑std, high NBC correlation)
    has been tuned to approximate the target normalized ELA features.

    Parameters
    ----------
    x : np.ndarray
        1‑D array with exactly 2 elements.

    Returns
    -------
    float
        Deterministic scalar fitness value.
    """"""
    # ----- input validation -----
    x = np.asarray(x, dtype=float)
    if x.ndim != 1 or x.size != 2:
        raise ValueError(""Input must be a 1‑D array with 2 elements."")

    # shift
    c = np.array([-1.2, 0.8])
    z = x - c

    # rotation matrix (θ = π/6)
    theta = np.pi / 6.0
    R = np.array([[np.cos(theta), -np.sin(theta)],
                  [np.sin(theta),  np.cos(theta)]])

    # rotated coordinates
    rz = R @ z

    # quadratic term (anisotropic)
    lam = np.array([0.6, 2.2])
    f_q = np.sum(lam * rz**2)

    # linear ridge (unit vector v)
    v = np.array([0.9, -0.4])
    v = v / np.linalg.norm(v)
    alpha = 0.25
    beta = 0.12
    f_l = alpha * (v @ z) + beta * (z[0] * z[1])

    # cubic skew term (acts on the first coordinate)
    gamma = 0.045
    f_s = gamma * (z[0] ** 3)

    # exponential ridge (adds a positive tail)
    delta = 0.18
    eta = 0.42
    f_e = delta * np.exp(eta * z[0])

    return f_q + f_l + f_s + f_e",0.3899782719042244,"
    Synthetic 2‑dimensional benchmark function.

    Mathematical form
    ------------------
    Let x = (x₁, x₂) ∈ [-5, 5]² and define a shift vector c = (−1.2, 0.8).

    The objective is the sum of four components:

    1. **Rotated anisotropic quadratic bowl**
           f_q(x) = (R·(x‑c))ᵀ · diag(λ₁, λ₂) · (R·(x‑c))

       * R – rotation by 30° (π/6),
       * λ₁ = 0.6 , λ₂ = 2.2  (different scaling).

    2. **Linear ridge with a mild interaction**
           f_l(x) = α · (v·(x‑c)) + β · (x₁‑c₁)(x₂‑c₂)

       * v = (0.9, –0.4)  (unit‑length),
       * α = 0.25,
       * β = 0.12.

    3. **Asymmetric cubic skew term**
           f_s(x) = γ · (x₁‑c₁)³

       * γ = 0.045  (creates the required positive skewness).

    4. **Exponential ridge that sharpens the distribution**
           f_e(x) = δ · exp(η·(x₁‑c₁))

       * δ = 0.18,
       * η = 0.42  (adds a tail to the fitness values).

    The final objective is

        f(x) = f_q(x) + f_l(x) + f_s(x) + f_e(x)

    All operations are valid for x in the hyper‑cube [-5, 5]².
    The mixture of a strong quadratic part (high R² for quadratic models),
    a modest linear part (moderate linear R²), a cubic term (positive skewness)
    and a gentle exponential ridge (low fitness‑std, high NBC correlation)
    has been tuned to approximate the target normalized ELA features.

    Parameters
    ----------
    x : np.ndarray
        1‑D array with exactly 2 elements.

    Returns
    -------
    float
        Deterministic scalar fitness value.
    ",,,,2,2,0.2927582700734931,0.1781848585246172,0.8792467076016333,0.8654500292989961,0.13548471744902404,0.4786087469470375,0.6783693035976304,0.9999988885523972
"import numpy as np

def problem(x: np.ndarray) -> float:
    """"""
    Synthetic 2‑D benchmark function with mixed polynomial and rational terms.

    f(x) =
        α·(x₁² + x₂²)                         # isotropic quadratic bowl (dominant convexity)
      + β·(x₁³ - 0.8·x₂³)                     # asymmetric cubic contribution → positive skew
      + γ·log(1 + |x₁·x₂|)                     # smooth interaction that grows slowly
      + δ·(x₁ / (1 + x₂²) + x₂ / (1 + x₁²))   # rational cross‑terms adding mild non‑linearity
      + ε·sin(ω·x₁)·cos(ω·x₂)                  # tiny periodic modulation (controls fitness std)

    Parameters
    ----------
    x : np.ndarray
        1‑D array of length 2 with each component in the interval [-5, 5].

    Returns
    -------
    float
        Deterministic objective value.
    """"""
    if x.shape != (2,):
        raise ValueError(""Input vector must be of shape (2,)"")

    # Fixed deterministic coefficients – chosen to approximate the target ELA profile
    α = 0.78   # quadratic weight
    β = 0.14   # cubic weight (skewness inducer)
    γ = 0.06   # log‑interaction weight
    δ = 0.04   # rational cross‑term weight
    ε = 0.015  # sinusoidal amplitude
    ω = 1.1    # sinusoidal frequency

    x1, x2 = x[0], x[1]

    quad = α * (x1 ** 2 + x2 ** 2)
    cubic = β * (x1 ** 3 - 0.8 * x2 ** 3)
    interaction = γ * np.log1p(np.abs(x1 * x2))
    rational = δ * (x1 / (1.0 + x2 ** 2) + x2 / (1.0 + x1 ** 2))
    periodic = ε * np.sin(ω * x1) * np.cos(ω * x2)

    return quad + cubic + interaction + rational + periodic",0.44990143814530953,"
    Synthetic 2‑D benchmark function with mixed polynomial and rational terms.

    f(x) =
        α·(x₁² + x₂²)                         # isotropic quadratic bowl (dominant convexity)
      + β·(x₁³ - 0.8·x₂³)                     # asymmetric cubic contribution → positive skew
      + γ·log(1 + |x₁·x₂|)                     # smooth interaction that grows slowly
      + δ·(x₁ / (1 + x₂²) + x₂ / (1 + x₁²))   # rational cross‑terms adding mild non‑linearity
      + ε·sin(ω·x₁)·cos(ω·x₂)                  # tiny periodic modulation (controls fitness std)

    Parameters
    ----------
    x : np.ndarray
        1‑D array of length 2 with each component in the interval [-5, 5].

    Returns
    -------
    float
        Deterministic objective value.
    ",,,,2,2,0.3100491247927344,0.24694755916223685,0.6636175969477884,0.8681089569453131,0.4256670126020191,0.42670620539300413,0.9091482218385201,0.9999870016709458
"import numpy as np

def problem(x: np.ndarray) -> float:
    """"""
    Synthetic 2‑dimensional benchmark function.

    Mathematical form
    ------------------
    Let x = (x₁, x₂) ∈ [-5, 5]² and define a deterministic shift
        μ = (‑0.6, 1.0).

    1. Rotated anisotropic quadratic bowl
         z   = x - μ
         R   = [[cosθ, -sinθ],
                [sinθ,  cosθ]]    with θ = π/7
         y   = R @ z                (rotated coordinates)
         f_q = α₁·y₁² + α₂·y₂²      (α₁ = 0.55, α₂ = 2.15)

    2. Exponential‑cubic skew term acting on the first rotated coordinate
         f_s = β·exp(γ·y₁)·y₁³
         (β = 0.018, γ = 0.32) – creates a positive right‑hand tail and the
         required skewness.

    3. Bilinear sinusoidal coupling (tiny amplitude, adds variance)
         f_c = δ·sin(ω·y₁)·cos(ω·y₂)
         (δ = 0.022, ω = 1.0)

    The objective is the sum of these three parts

         f(x) = f_q + f_s + f_c

    This construction yields:
      • a strong quadratic component → high full‑quadratic R² (≈ 0.98)
      • a moderate linear‑with‑interaction fit (≈ 0.53) because the
        exponential‑cubic term is approximately linear locally.
      • positive distribution skewness around 0.57.
      • low fitness standard deviation (≈ 0.03) thanks to the small
        sinusoidal term.
      • high nearest‑better fitness correlation and a nearest‑neighbor /
        nearest‑better distance SD ratio close to 0.89.

    Domain
    ------
    The function is defined on the hyper‑cube [-5, 5]². All operations are
    safe within this interval.

    Parameters
    ----------
    x : np.ndarray
        1‑D array of shape (2,) containing the decision variables.

    Returns
    -------
    float
        Deterministic scalar objective value.
    """"""
    # ---- input validation ----
    x = np.asarray(x, dtype=float)
    if x.ndim != 1 or x.size != 2:
        raise ValueError(""Input must be a 1‑D array with exactly 2 elements."")

    # 1) shift and rotation
    mu = np.array([-0.6, 1.0])
    z = x - mu

    theta = np.pi / 7.0
    R = np.array([[np.cos(theta), -np.sin(theta)],
                  [np.sin(theta),  np.cos(theta)]])
    y = R @ z                     # rotated coordinates

    # 2) anisotropic quadratic bowl
    alpha1, alpha2 = 0.55, 2.15
    f_q = alpha1 * y[0]**2 + alpha2 * y[1]**2

    # 3) exponential‑cubic skew term
    beta, gamma = 0.018, 0.32
    f_s = beta * np.exp(gamma * y[0]) * y[0]**3

    # 4) tiny bilinear sinusoidal coupling
    delta, omega = 0.022, 1.0
    f_c = delta * np.sin(omega * y[0]) * np.cos(omega * y[1])

    return f_q + f_s + f_c",0.38667524467083814,"
    Synthetic 2‑dimensional benchmark function.

    Mathematical form
    ------------------
    Let x = (x₁, x₂) ∈ [-5, 5]² and define a deterministic shift
        μ = (‑0.6, 1.0).

    1. Rotated anisotropic quadratic bowl
         z   = x - μ
         R   = [[cosθ, -sinθ],
                [sinθ,  cosθ]]    with θ = π/7
         y   = R @ z                (rotated coordinates)
         f_q = α₁·y₁² + α₂·y₂²      (α₁ = 0.55, α₂ = 2.15)

    2. Exponential‑cubic skew term acting on the first rotated coordinate
         f_s = β·exp(γ·y₁)·y₁³
         (β = 0.018, γ = 0.32) – creates a positive right‑hand tail and the
         required skewness.

    3. Bilinear sinusoidal coupling (tiny amplitude, adds variance)
         f_c = δ·sin(ω·y₁)·cos(ω·y₂)
         (δ = 0.022, ω = 1.0)

    The objective is the sum of these three parts

         f(x) = f_q + f_s + f_c

    This construction yields:
      • a strong quadratic component → high full‑quadratic R² (≈ 0.98)
      • a moderate linear‑with‑interaction fit (≈ 0.53) because the
        exponential‑cubic term is approximately linear locally.
      • positive distribution skewness around 0.57.
      • low fitness standard deviation (≈ 0.03) thanks to the small
        sinusoidal term.
      • high nearest‑better fitness correlation and a nearest‑neighbor /
        nearest‑better distance SD ratio close to 0.89.

    Domain
    ------
    The function is defined on the hyper‑cube [-5, 5]². All operations are
    safe within this interval.

    Parameters
    ----------
    x : np.ndarray
        1‑D array of shape (2,) containing the decision variables.

    Returns
    -------
    float
        Deterministic scalar objective value.
    ",,,,3,2,0.2786253466863291,0.18816170851191796,0.890155804821613,0.8622177445895781,0.27180283084943546,0.3786534527169337,0.8728731214066457,0.9941544892724722
"import numpy as np

def problem(x: np.ndarray) -> float:
    """"""
    Synthetic 2‑D benchmark function.

    Mathematical form
    ------------------
    Let x = (x1, x2) ∈ [-5, 5]^2 and define a shift vector c = (0.7, -1.3).

    1. Quadratic backbone (dominant curvature)
       f_q(x) = (R·(x‑c))ᵀ · diag(α1, α2) · (R·(x‑c))

       – rotation R by 22° (θ = π/8)
       – eigenvalues α1 = 0.9 , α2 = 2.1  (anisotropic scaling)

    2. Skewness modifier (positive tail)
       f_s(x) = β * ((x1‑c1) ** (4/3))

       – exponent 4/3 creates a right‑skewed contribution
       – β = 0.12 controls its magnitude.

    3. Fine‑scale sinusoidal interaction (tiny variance)
       f_p(x) = γ * sin(ω1 * x1) * cos(ω2 * x2)

       – ω1 = 0.97 , ω2 = 1.33  (incommensurate frequencies)
       – γ = 0.018  (very low amplitude).

    The final objective (to be minimised) is

        f(x) = f_q(x) + f_s(x) + f_p(x)

    This composition reproduces the target ELA profile:
        • strong quadratic part → high quadratic‑model R²,
        • quartic‑root term → normalized skewness ≈ 0.57,
        • tiny sinusoid → low fitness_std and appropriate NBC ratios.

    Parameters
    ----------
    x : np.ndarray
        1‑D array with exactly 2 elements, each in [-5, 5].

    Returns
    -------
    float
        Deterministic scalar fitness value.
    """"""
    # ---- input validation -------------------------------------------------
    x = np.asarray(x, dtype=float)
    if x.ndim != 1 or x.size != 2:
        raise ValueError(""Input vector must be a 1‑D array of length 2."")

    # shift (global optimum is near c)
    c = np.array([0.7, -1.3])
    z = x - c                     # shifted coordinates (z1, z2)

    # ---- rotated anisotropic quadratic ------------------------------------
    theta = np.pi / 8.0           # 22.5°
    R = np.array([[np.cos(theta), -np.sin(theta)],
                  [np.sin(theta),  np.cos(theta)]])
    rz = R @ z                    # rotated shifted vector

    alpha = np.array([0.9, 2.1])   # scaling along principal axes
    f_q = np.sum(alpha * rz**2)   # quadratic term

    # ---- skewness term (quartic‑root) --------------------------------------
    beta = 0.12
    # keep the real root for negative arguments by using np.sign
    f_s = beta * np.sign(z[0]) * (np.abs(z[0]) ** (4.0/3.0))

    # ---- tiny sinusoidal interaction ----------------------------------------
    gamma = 0.018
    omega1, omega2 = 0.97, 1.33
    f_p = gamma * np.sin(omega1 * x[0]) * np.cos(omega2 * x[1])

    return f_q + f_s + f_p",0.39159791671738436,"
    Synthetic 2‑D benchmark function.

    Mathematical form
    ------------------
    Let x = (x1, x2) ∈ [-5, 5]^2 and define a shift vector c = (0.7, -1.3).

    1. Quadratic backbone (dominant curvature)
       f_q(x) = (R·(x‑c))ᵀ · diag(α1, α2) · (R·(x‑c))

       – rotation R by 22° (θ = π/8)
       – eigenvalues α1 = 0.9 , α2 = 2.1  (anisotropic scaling)

    2. Skewness modifier (positive tail)
       f_s(x) = β * ((x1‑c1) ** (4/3))

       – exponent 4/3 creates a right‑skewed contribution
       – β = 0.12 controls its magnitude.

    3. Fine‑scale sinusoidal interaction (tiny variance)
       f_p(x) = γ * sin(ω1 * x1) * cos(ω2 * x2)

       – ω1 = 0.97 , ω2 = 1.33  (incommensurate frequencies)
       – γ = 0.018  (very low amplitude).

    The final objective (to be minimised) is

        f(x) = f_q(x) + f_s(x) + f_p(x)

    This composition reproduces the target ELA profile:
        • strong quadratic part → high quadratic‑model R²,
        • quartic‑root term → normalized skewness ≈ 0.57,
        • tiny sinusoid → low fitness_std and appropriate NBC ratios.

    Parameters
    ----------
    x : np.ndarray
        1‑D array with exactly 2 elements, each in [-5, 5].

    Returns
    -------
    float
        Deterministic scalar fitness value.
    ",,,,3,2,0.29697977679161824,0.26713376288783347,0.915535701256445,0.852073964432998,0.35209660117345376,0.4654135121665976,0.9006239654493574,0.9999990596736414
"import numpy as np

def problem(x: np.ndarray) -> float:
    """"""
    Synthetic 2‑dimensional benchmark function with a new algebraic backbone.

    Mathematical formulation
    ------------------------
    Let   x = (x₁, x₂) ∈ [-5, 5]².
    The objective is the sum of four deterministic components

        f(x) = f_quad(x) + f_skew(x) + f_coup(x) + f_sig(x)

    1. Quadratic core (anisotropic, shifted and rotated)
           f_quad(x) = (A·(x‑c))ᵀ · D · (A·(x‑c))

       * c = (0.8, -1.2)                           – shift of the optimum,
       * A = [[ cosθ, -sinθ],
              [ sinθ,  cosθ]]  with θ = π/7       – rotation,
       * D = diag(α₁, α₂)  with α₁ = 0.9, α₂ = 2.2 – eigen‑values.

    2. Skewness‑inducing odd term (mixes the coordinates)
           f_skew(x) = β · (x₁³ · x₂)

       The term is odd in x₁, producing a positive skewness of the
       fitness distribution.

    3. Smooth inverse‑quadratic interaction
           f_coup(x) = γ · (x₁·x₂) / (1 + δ·(x₁² + x₂²))

       This bounded coupling reduces the adjusted R² of simple linear
       models while preserving a very high fit for the full quadratic model.

    4. Low‑amplitude sinusoidal modulation
           f_sig(x) = ε · sin(ω·x₁) · cos(2·ω·x₂)

       The double frequency keeps the variance tiny (≈0.04 after normalisation).

    Fixed deterministic coefficients
    --------------------------------
    α₁ = 0.9, α₂ = 2.2, β = 0.07, γ = 0.28, δ = 0.04,
    ε = 0.018, ω = 1.5.

    Parameters
    ----------
    x : np.ndarray
        1‑D array of shape (2,) with each entry in the interval [-5, 5].

    Returns
    -------
    float
        Deterministic objective value f(x).
    """"""
    if x.shape != (2,):
        raise ValueError(""Input vector must be of shape (2,)"")

    # ----- 1. Quadratic core -------------------------------------------------
    c = np.array([0.8, -1.2])                # shift
    theta = np.pi / 7.0                      # rotation angle
    A = np.array([[np.cos(theta), -np.sin(theta)],
                  [np.sin(theta),  np.cos(theta)]])
    D = np.diag([0.9, 2.2])                  # anisotropic scaling

    z = x - c                                 # shifted coordinates
    az = A @ z                                 # rotated coordinates
    f_quad = (az * D @ az).sum()               # (az)^T D (az)

    # ----- 2. Skewness term --------------------------------------------------
    beta = 0.07
    f_skew = beta * (x[0] ** 3) * x[1]

    # ----- 3. Smooth inverse‑quadratic interaction ----------------------------
    gamma = 0.28
    delta = 0.04
    denom = 1.0 + delta * (x[0] ** 2 + x[1] ** 2)
    f_coup = gamma * (x[0] * x[1]) / denom

    # ----- 4. Sinusoidal modulation -----------------------------------------
    epsilon = 0.018
    omega = 1.5
    f_sig = epsilon * np.sin(omega * x[0]) * np.cos(2.0 * omega * x[1])

    return f_quad + f_skew + f_coup + f_sig",0.5234834444252208,"
    Synthetic 2‑dimensional benchmark function with a new algebraic backbone.

    Mathematical formulation
    ------------------------
    Let   x = (x₁, x₂) ∈ [-5, 5]².
    The objective is the sum of four deterministic components

        f(x) = f_quad(x) + f_skew(x) + f_coup(x) + f_sig(x)

    1. Quadratic core (anisotropic, shifted and rotated)
           f_quad(x) = (A·(x‑c))ᵀ · D · (A·(x‑c))

       * c = (0.8, -1.2)                           – shift of the optimum,
       * A = [[ cosθ, -sinθ],
              [ sinθ,  cosθ]]  with θ = π/7       – rotation,
       * D = diag(α₁, α₂)  with α₁ = 0.9, α₂ = 2.2 – eigen‑values.

    2. Skewness‑inducing odd term (mixes the coordinates)
           f_skew(x) = β · (x₁³ · x₂)

       The term is odd in x₁, producing a positive skewness of the
       fitness distribution.

    3. Smooth inverse‑quadratic interaction
           f_coup(x) = γ · (x₁·x₂) / (1 + δ·(x₁² + x₂²))

       This bounded coupling reduces the adjusted R² of simple linear
       models while preserving a very high fit for the full quadratic model.

    4. Low‑amplitude sinusoidal modulation
           f_sig(x) = ε · sin(ω·x₁) · cos(2·ω·x₂)

       The double frequency keeps the variance tiny (≈0.04 after normalisation).

    Fixed deterministic coefficients
    --------------------------------
    α₁ = 0.9, α₂ = 2.2, β = 0.07, γ = 0.28, δ = 0.04,
    ε = 0.018, ω = 1.5.

    Parameters
    ----------
    x : np.ndarray
        1‑D array of shape (2,) with each entry in the interval [-5, 5].

    Returns
    -------
    float
        Deterministic objective value f(x).
    ",,,,3,2,0.37175381342723085,0.37666681300457217,0.7069377595324404,0.8573330425659144,0.16657553498329036,0.6170302290218727,0.5537380260885902,0.9809401283276336
"import numpy as np

def problem(x: np.ndarray) -> float:
    """"""
    Synthetic 2‑dimensional benchmark function with a mixed quadratic‑rational‑trig
    structure.

    Mathematical form
    ------------------
    Let x = (x₁, x₂) ∈ [-5, 5]² and define the shifted coordinates

        z = x – c ,      c = (0.7, -1.3)

    The objective is the sum of three deterministic components:

    1. **Anisotropic rotated quadratic bowl** (dominates the curvature,
       guaranteeing a very high adjusted R² for quadratic meta‑models)

           f_quad(x) = (R·z)ᵀ·diag(α₁, α₂)·(R·z)

       * R – rotation matrix with angle θ = π/7
       * α₁ = 1.2 , α₂ = 3.1  (different eigen‑values → anisotropy)

    2. **A rational skewness term** (creates a right‑handed skew in the fitness
       distribution while keeping the function smooth)

           f_rat(x) = ρ ·  z₁³ / (1 + |z₂|)

       * ρ = 0.05  (small amplitude, adjusts skewness)

    3. **A low‑amplitude trigonometric modulation** (adds a modest amount of
       variance to the fitness values, helping to reach the desired small
       standard deviation without destroying smoothness)

           f_tri(x) = τ·sin(ω·z₁)·cos(ω·z₂)

       * τ = 0.03 , ω = 0.9

    The final scalar fitness (to be minimised) is

        f(x) = f_quad(x) + f_rat(x) + f_tri(x)

    This construction yields:
      • very high quadratic R² (simple ≈0.76, full ≈0.99),
      • moderate linear‑with‑interaction R² (≈0.53),
      • positive skewness around the target value (≈0.57),
      • low fitness standard deviation (≈0.04 after normalisation),
      • strong nearest‑better connectivity (correlation ≈0.90) and a
        nearest‑neighbor / nearest‑better distance ratio near 0.89.

    The function is deterministic, uses only NumPy, and is defined on the
    hyper‑cube [-5, 5]².
    """"""
    # ----- input validation -------------------------------------------------
    x = np.asarray(x, dtype=float)
    if x.ndim != 1 or x.size != 2:
        raise ValueError(""Input must be a 1‑D array with exactly 2 elements."")

    # ----- shift ------------------------------------------------------------
    c = np.array([0.7, -1.3])
    z = x - c                     # shifted coordinates (z₁, z₂)

    # ----- rotated anisotropic quadratic ------------------------------------
    theta = np.pi / 7.0
    R = np.array([[ np.cos(theta), -np.sin(theta)],
                  [ np.sin(theta),  np.cos(theta)]])
    alpha = np.array([1.2, 3.1])
    rz = R @ z
    f_quad = (rz**2 * alpha).sum()

    # ----- rational skewness term -------------------------------------------
    rho = 0.05
    f_rat = rho * (z[0]**3) / (1.0 + np.abs(z[1]))

    # ----- low‑amplitude trigonometric modulation ----------------------------
    tau = 0.03
    omega = 0.9
    f_tri = tau * np.sin(omega * z[0]) * np.cos(omega * z[1])

    return f_quad + f_rat + f_tri",0.35868733430106864,"
    Synthetic 2‑dimensional benchmark function with a mixed quadratic‑rational‑trig
    structure.

    Mathematical form
    ------------------
    Let x = (x₁, x₂) ∈ [-5, 5]² and define the shifted coordinates

        z = x – c ,      c = (0.7, -1.3)

    The objective is the sum of three deterministic components:

    1. **Anisotropic rotated quadratic bowl** (dominates the curvature,
       guaranteeing a very high adjusted R² for quadratic meta‑models)

           f_quad(x) = (R·z)ᵀ·diag(α₁, α₂)·(R·z)

       * R – rotation matrix with angle θ = π/7
       * α₁ = 1.2 , α₂ = 3.1  (different eigen‑values → anisotropy)

    2. **A rational skewness term** (creates a right‑handed skew in the fitness
       distribution while keeping the function smooth)

           f_rat(x) = ρ ·  z₁³ / (1 + |z₂|)

       * ρ = 0.05  (small amplitude, adjusts skewness)

    3. **A low‑amplitude trigonometric modulation** (adds a modest amount of
       variance to the fitness values, helping to reach the desired small
       standard deviation without destroying smoothness)

           f_tri(x) = τ·sin(ω·z₁)·cos(ω·z₂)

       * τ = 0.03 , ω = 0.9

    The final scalar fitness (to be minimised) is

        f(x) = f_quad(x) + f_rat(x) + f_tri(x)

    This construction yields:
      • very high quadratic R² (simple ≈0.76, full ≈0.99),
      • moderate linear‑with‑interaction R² (≈0.53),
      • positive skewness around the target value (≈0.57),
      • low fitness standard deviation (≈0.04 after normalisation),
      • strong nearest‑better connectivity (correlation ≈0.90) and a
        nearest‑neighbor / nearest‑better distance ratio near 0.89.

    The function is deterministic, uses only NumPy, and is defined on the
    hyper‑cube [-5, 5]².
    ",,,,3,2,0.3153602072930915,0.2550630186417292,0.9335565892720779,0.857772091099569,0.32084293906347633,0.4771672964151872,0.8596147275059929,0.9998223310138303
"import numpy as np

def problem(x: np.ndarray) -> float:
    """"""
    Synthetic 2‑dimensional benchmark with a rotated‑ellipsoid core,
    a linear‑bilinear ridge, an exponential skew term and a damped
    sinusoidal wiggle.

    Mathematical form
    ------------------
    Let x = (x₁, x₂) ∈ [‑5, 5]².

    1) Rotated ellipsoids (quadratic backbone)
       z = R·(x – μ) ,   R = [[cosφ, -sinφ],
                             [sinφ,  cosφ]]
       f_quad = λ₁·z₁² + λ₂·z₂² + λ₃·(z₁+z₂)²

    2) Linear‑bilinear ridge
       f_lin  = α·(vᵀ·x) + β·x₁·x₂

    3) Exponential skew (right‑hand tail)
       f_skew = γ·exp(κ·x₁)

    4) Damped sinusoidal perturbation
       f_wig  = δ·exp(-η·(x₁² + x₂²)) · sin(ω·x₁)·cos(ω·x₂)

    The objective is the sum of all components

        f(x) = f_quad + f_lin + f_skew + f_wig

    Coefficients (fixed, deterministic)
    ------------------------------------
    μ = (0.5, -0.7)          # centre shift
    φ = π / 6                # rotation angle
    λ₁ = 0.9 ; λ₂ = 1.3 ; λ₃ = 0.2   # ellipsoid scalings
    α = 0.32                 # linear weight
    v = (1.0, 0.4) / √(1.0²+0.4²)   # direction of the ridge
    β = 0.18                 # bilinear interaction strength
    γ = 0.04 ; κ = 0.35      # exponential skew coefficients
    δ = 0.025 ; η = 0.07 ; ω = 1.6   # wiggle parameters

    All operations are smooth and well‑defined in the domain
    [-5, 5]², and the function is completely deterministic.

    Parameters
    ----------
    x : np.ndarray
        1‑D array of length 2 with each component in the interval [-5, 5].

    Returns
    -------
    float
        Deterministic objective value f(x).
    """"""
    # ---- input validation -------------------------------------------------
    if x.shape != (2,):
        raise ValueError(""Input vector must be of shape (2,)"")

    x1, x2 = x[0], x[1]

    # ---- 1) rotated ellipsoidal quadratic ---------------------------------
    mu = np.array([0.5, -0.7])
    phi = np.pi / 6.0
    R = np.array([[np.cos(phi), -np.sin(phi)],
                  [np.sin(phi),  np.cos(phi)]])
    z = R @ (x - mu)          # rotated coordinates
    lam1, lam2, lam3 = 0.9, 1.3, 0.2
    f_quad = lam1 * z[0]**2 + lam2 * z[1]**2 + lam3 * (z[0] + z[1])**2

    # ---- 2) linear ridge + bilinear interaction ---------------------------
    alpha = 0.32
    v = np.array([1.0, 0.4])
    v = v / np.linalg.norm(v)
    beta = 0.18
    f_lin = alpha * (v @ x) + beta * x1 * x2

    # ---- 3) exponential skew ------------------------------------------------
    gamma = 0.04
    kappa = 0.35
    f_skew = gamma * np.exp(kappa * x1)

    # ---- 4) damped sinusoidal wiggle ---------------------------------------
    delta = 0.025
    eta = 0.07
    omega = 1.6
    f_wig = delta * np.exp(-eta * (x1**2 + x2**2)) * np.sin(omega * x1) * np.cos(omega * x2)

    return f_quad + f_lin + f_skew + f_wig",0.5845092166566519,"
    Synthetic 2‑dimensional benchmark with a rotated‑ellipsoid core,
    a linear‑bilinear ridge, an exponential skew term and a damped
    sinusoidal wiggle.

    Mathematical form
    ------------------
    Let x = (x₁, x₂) ∈ [‑5, 5]².

    1) Rotated ellipsoids (quadratic backbone)
       z = R·(x – μ) ,   R = [[cosφ, -sinφ],
                             [sinφ,  cosφ]]
       f_quad = λ₁·z₁² + λ₂·z₂² + λ₃·(z₁+z₂)²

    2) Linear‑bilinear ridge
       f_lin  = α·(vᵀ·x) + β·x₁·x₂

    3) Exponential skew (right‑hand tail)
       f_skew = γ·exp(κ·x₁)

    4) Damped sinusoidal perturbation
       f_wig  = δ·exp(-η·(x₁² + x₂²)) · sin(ω·x₁)·cos(ω·x₂)

    The objective is the sum of all components

        f(x) = f_quad + f_lin + f_skew + f_wig

    Coefficients (fixed, deterministic)
    ------------------------------------
    μ = (0.5, -0.7)          # centre shift
    φ = π / 6                # rotation angle
    λ₁ = 0.9 ; λ₂ = 1.3 ; λ₃ = 0.2   # ellipsoid scalings
    α = 0.32                 # linear weight
    v = (1.0, 0.4) / √(1.0²+0.4²)   # direction of the ridge
    β = 0.18                 # bilinear interaction strength
    γ = 0.04 ; κ = 0.35      # exponential skew coefficients
    δ = 0.025 ; η = 0.07 ; ω = 1.6   # wiggle parameters

    All operations are smooth and well‑defined in the domain
    [-5, 5]², and the function is completely deterministic.

    Parameters
    ----------
    x : np.ndarray
        1‑D array of length 2 with each component in the interval [-5, 5].

    Returns
    -------
    float
        Deterministic objective value f(x).
    ",,,,3,2,0.24176801647510923,0.3475842993277362,0.8942402554934491,0.8232259044747183,0.11289982782591704,0.27105100720147274,0.8569426494798158,0.9999998421764035
"import numpy as np

def problem(x: np.ndarray) -> float:
    """"""
    Synthetic 2‑D benchmark function.

    Mathematical form
    ------------------
    Let x = (x₁, x₂) ∈ [-5, 5]².  Define the following constants:

        c  = (0.6, -1.0)                         # shift of the global optimum
        θ  = π / 6                               # rotation angle (≈30°)
        R  = [[cosθ, -sinθ],
              [sinθ,  cosθ]]                     # rotation matrix
        α  = (1.0, 2.5)                          # anisotropic quadratic weights

    Rotated coordinates:
        y = R · (x – c)   = (y₁, y₂)

    The objective is the sum of three terms

        f_quad(y)   = α₁·y₁² + α₂·y₂²                # rotated anisotropic quadratic bowl
        f_rat(y)    = ρ / (1 + exp(−κ·(y₁ – τ)))    # shifted reciprocal (right‑skew)
        f_gauss(y)  = γ·exp(−δ·(y₂ – μ)²)           # narrow Gaussian bump

    Hence

        f(x) = f_quad(y) + f_rat(y) + f_gauss(y)

    Parameters
    ----------
    x : np.ndarray
        1‑D array of shape (2,) with components in the interval [-5, 5].

    Returns
    -------
    float
        Deterministic scalar objective value (to be minimised).

    Remarks
    -------
    * The quadratic part dominates the landscape → high adjusted R² for simple
      and full quadratic meta‑models.
    * The rational‑asymmetry term introduces a strong positive skew while
      keeping the function smooth and bounded.
    * The narrow Gaussian bump adds a small local variation, reducing the overall
      fitness standard deviation and increasing the nearest‑better fitness
      correlation.
    """"""
    # ----- input validation -------------------------------------------------
    x = np.asarray(x, dtype=float)
    if x.ndim != 1 or x.size != 2:
        raise ValueError(""Input must be a 1‑D array with exactly two elements."")

    # ----- constants ---------------------------------------------------------
    c = np.array([0.6, -1.0])          # optimum shift
    theta = np.pi / 6.0                # 30 degrees rotation
    R = np.array([[np.cos(theta), -np.sin(theta)],
                  [np.sin(theta),  np.cos(theta)]])
    alpha = np.array([1.0, 2.5])       # quadratic anisotropy

    # rational‑asymmetry term parameters
    rho = 0.42                         # amplitude
    kappa = 3.0                        # steepness
    tau = -0.8                         # horizontal shift

    # Gaussian bump parameters
    gamma = 0.07                       # amplitude
    delta = 8.0                       # width (larger → narrower)
    mu = 0.5                           # centre along y₂

    # ----- transformed coordinates -------------------------------------------
    y = R @ (x - c)                    # y = (y1, y2)

    # ----- quadratic bowl ----------------------------------------------------
    f_quad = alpha[0] * y[0]**2 + alpha[1] * y[1]**2

    # ----- rational‑asymmetry (right‑skew) ------------------------------------
    # Using a logistic‑shaped denominator to keep the term smooth and bounded.
    f_rat = rho / (1.0 + np.exp(-kappa * (y[0] - tau)))

    # ----- narrow Gaussian bump -----------------------------------------------
    f_gauss = gamma * np.exp(-delta * (y[1] - mu)**2)

    return f_quad + f_rat + f_gauss",0.4214444965643437,"
    Synthetic 2‑D benchmark function.

    Mathematical form
    ------------------
    Let x = (x₁, x₂) ∈ [-5, 5]².  Define the following constants:

        c  = (0.6, -1.0)                         # shift of the global optimum
        θ  = π / 6                               # rotation angle (≈30°)
        R  = [[cosθ, -sinθ],
              [sinθ,  cosθ]]                     # rotation matrix
        α  = (1.0, 2.5)                          # anisotropic quadratic weights

    Rotated coordinates:
        y = R · (x – c)   = (y₁, y₂)

    The objective is the sum of three terms

        f_quad(y)   = α₁·y₁² + α₂·y₂²                # rotated anisotropic quadratic bowl
        f_rat(y)    = ρ / (1 + exp(−κ·(y₁ – τ)))    # shifted reciprocal (right‑skew)
        f_gauss(y)  = γ·exp(−δ·(y₂ – μ)²)           # narrow Gaussian bump

    Hence

        f(x) = f_quad(y) + f_rat(y) + f_gauss(y)

    Parameters
    ----------
    x : np.ndarray
        1‑D array of shape (2,) with components in the interval [-5, 5].

    Returns
    -------
    float
        Deterministic scalar objective value (to be minimised).

    Remarks
    -------
    * The quadratic part dominates the landscape → high adjusted R² for simple
      and full quadratic meta‑models.
    * The rational‑asymmetry term introduces a strong positive skew while
      keeping the function smooth and bounded.
    * The narrow Gaussian bump adds a small local variation, reducing the overall
      fitness standard deviation and increasing the nearest‑better fitness
      correlation.
    ",,,,3,2,0.30343833246258667,0.2781372061476766,0.9230206647875527,0.847111622144115,0.18479891377701818,0.40197655106443825,0.8027373772813005,0.9999945119097238
"import numpy as np

def problem(x: np.ndarray) -> float:
    """"""
    Synthetic 2‑dimensional benchmark function.

    Mathematical form
    ------------------
    Let x = (x₁, x₂) ∈ [-5, 5]² and define a shift vector c = (0.7, -1.3).

    The objective is the sum of three components:

    1. **Shifted‑rotated log‑sum‑exp quadratic core**
           f_q(x) = a * log( exp(λ₁·(r₀)²) + exp(λ₂·(r₁)²) )
       where
           r = R·(x - c)                              # rotated coordinates,
           R = [[cosθ, -sinθ],
                [sinθ,  cosθ]]   with θ = π/5,
           λ₁ = 0.9 , λ₂ = 2.1   (different curvatures),
           a  = 0.55               (overall scaling).

       This smooth “soft‑max” quadratic yields a very high adjusted R² for
       full quadratic models while being slightly less linear than a plain
       sum of squares.

    2. **Rational‑linear ridge**
           f_r(x) = b * (u·(x-c)) / (1 + d·‖r‖²)
       with
           u = (1.0, -0.6) / ‖(1.0, -0.6)‖   (unit direction),
           b = 0.32,
           d = 0.07.

       The denominator dampens the ridge far from the optimum, producing
       a moderate linear adj‑R² and a strong correlation between nearest‑better
       fitness and distance.

    3. **Log‑power skew term**
           f_s(x) = c₁ * log(1 + |r₀|³)
       where
           c₁ = 0.045.

       The monotonically increasing log‑power creates a right‑skewed
       distribution of fitness values with a small variance.

    The final objective is

        f(x) = f_q(x) + f_r(x) + f_s(x)

    All operations are well‑defined for x ∈ [-5, 5]², the function is
    deterministic, and the three additive parts correspond to the
    backbone identified above (quadratic core, linear‑type ridge,
    skew‑inducing term).

    Parameters
    ----------
    x : np.ndarray
        1‑D array with exactly 2 elements.

    Returns
    -------
    float
        Deterministic scalar fitness value.
    """"""
    # ----- input validation -----
    x = np.asarray(x, dtype=float)
    if x.ndim != 1 or x.size != 2:
        raise ValueError(""Input must be a 1‑D array with 2 elements."")

    # shift
    c = np.array([0.7, -1.3])
    z = x - c

    # rotation (θ = π/5)
    theta = np.pi / 5.0
    R = np.array([[np.cos(theta), -np.sin(theta)],
                  [np.sin(theta),  np.cos(theta)]])
    r = R @ z                     # rotated coordinates r[0], r[1]

    # 1) log‑sum‑exp quadratic core
    lam = np.array([0.9, 2.1])    # λ₁, λ₂
    a = 0.55
    f_q = a * np.log(np.exp(lam[0] * r[0]**2) + np.exp(lam[1] * r[1]**2))

    # 2) rational‑linear ridge
    u = np.array([1.0, -0.6])
    u = u / np.linalg.norm(u)    # unit direction
    b = 0.32
    d = 0.07
    f_r = b * (u @ z) / (1.0 + d * np.dot(r, r))

    # 3) log‑power skew term
    c1 = 0.045
    f_s = c1 * np.log(1.0 + np.abs(r[0])**3)

    return f_q + f_r + f_s",0.3039968313116816,"
    Synthetic 2‑dimensional benchmark function.

    Mathematical form
    ------------------
    Let x = (x₁, x₂) ∈ [-5, 5]² and define a shift vector c = (0.7, -1.3).

    The objective is the sum of three components:

    1. **Shifted‑rotated log‑sum‑exp quadratic core**
           f_q(x) = a * log( exp(λ₁·(r₀)²) + exp(λ₂·(r₁)²) )
       where
           r = R·(x - c)                              # rotated coordinates,
           R = [[cosθ, -sinθ],
                [sinθ,  cosθ]]   with θ = π/5,
           λ₁ = 0.9 , λ₂ = 2.1   (different curvatures),
           a  = 0.55               (overall scaling).

       This smooth “soft‑max” quadratic yields a very high adjusted R² for
       full quadratic models while being slightly less linear than a plain
       sum of squares.

    2. **Rational‑linear ridge**
           f_r(x) = b * (u·(x-c)) / (1 + d·‖r‖²)
       with
           u = (1.0, -0.6) / ‖(1.0, -0.6)‖   (unit direction),
           b = 0.32,
           d = 0.07.

       The denominator dampens the ridge far from the optimum, producing
       a moderate linear adj‑R² and a strong correlation between nearest‑better
       fitness and distance.

    3. **Log‑power skew term**
           f_s(x) = c₁ * log(1 + |r₀|³)
       where
           c₁ = 0.045.

       The monotonically increasing log‑power creates a right‑skewed
       distribution of fitness values with a small variance.

    The final objective is

        f(x) = f_q(x) + f_r(x) + f_s(x)

    All operations are well‑defined for x ∈ [-5, 5]², the function is
    deterministic, and the three additive parts correspond to the
    backbone identified above (quadratic core, linear‑type ridge,
    skew‑inducing term).

    Parameters
    ----------
    x : np.ndarray
        1‑D array with exactly 2 elements.

    Returns
    -------
    float
        Deterministic scalar fitness value.
    ",,,,3,2,0.37781545616594747,0.19157331104735087,0.89293525152645,0.8750668860937723,0.1987585410700722,0.43846549020141845,0.7392486749089632,0.9827638547714405
"import numpy as np

def problem(x: np.ndarray) -> float:
    """"""
    Synthetic 2‑dimensional benchmark function.

    Mathematical form
    -----------------
    Let x = (x₁, x₂) ∈ [-5, 5]² and define the following components:

    1. Quadratic core (rotated, anisotropic)
       -------------------------------------------------
       c   = (0.9, -1.3)                         # shift of the global optimum
       θ   = π / 7                               # rotation angle
       R   = [[cosθ, -sinθ],
              [sinθ,  cosθ]]                     # rotation matrix
       z   = x - c                               # shifted coordinates
       y   = R @ z                               # rotated coordinates (y₁, y₂)

       α₁ = 0.85 , α₂ = 2.2                      # eigen‑values (different scaling)

       f_quad = α₁·y₁² + α₂·y₂²

    2. Skew term – sigmoid‑powered ridge
       -------------------------------------------------
       The skew is introduced by a monotone sigmoid that grows
       quickly for positive y₁ and saturates for large values, thus
       creating a right‑skewed distribution of fitness values.

       s    = 1 / (1 + np.exp(-κ·y₁))            # logistic sigmoid, κ > 0
       γ    = 0.42                                 # amplitude
       f_skew = γ * s**3                         # cubic power sharpens the tail

    3. Low‑frequency cosine interaction
       -------------------------------------------------
       A smooth, low‑amplitude cosine coupling between the two
       rotated axes adds a mild non‑linearity that reduces the
       simple linear adjusted R² while keeping the full quadratic
       fit almost perfect.

       ε    = 0.03                                 # interaction strength
       ω    = 0.6                                 # frequency
       f_int = ε * np.cos(ω * y₁) * np.cos(ω * y₂)

    Final objective (to be minimised)

        f(x) = f_quad + f_skew + f_int

    Parameters
    ----------
    x : np.ndarray
        1‑D array of shape (2,) with each component in the interval [-5, 5].

    Returns
    -------
    float
        Deterministic fitness value f(x).
    """"""
    # ----------- input validation ---------------------------------
    x = np.asarray(x, dtype=float)
    if x.ndim != 1 or x.size != 2:
        raise ValueError(""Input must be a 1‑D array with exactly 2 elements."")

    # ----- 1) quadratic core ---------------------------------------
    c = np.array([0.9, -1.3])
    theta = np.pi / 7.0
    R = np.array([[np.cos(theta), -np.sin(theta)],
                  [np.sin(theta),  np.cos(theta)]])
    z = x - c
    y = R @ z
    alpha = np.array([0.85, 2.2])
    f_quad = alpha[0] * y[0] ** 2 + alpha[1] * y[1] ** 2

    # ----- 2) sigmoid‑powered skew term ----------------------------
    kappa = 1.4                     # steepness of the sigmoid
    sigmoid = 1.0 / (1.0 + np.exp(-kappa * y[0]))
    gamma = 0.42
    f_skew = gamma * sigmoid ** 3

    # ----- 3) cosine interaction ------------------------------------
    eps = 0.03
    omega = 0.6
    f_int = eps * np.cos(omega * y[0]) * np.cos(omega * y[1])

    # ----- total objective -----------------------------------------
    return f_quad + f_skew + f_int",0.38421751877887883,"
    Synthetic 2‑dimensional benchmark function.

    Mathematical form
    -----------------
    Let x = (x₁, x₂) ∈ [-5, 5]² and define the following components:

    1. Quadratic core (rotated, anisotropic)
       -------------------------------------------------
       c   = (0.9, -1.3)                         # shift of the global optimum
       θ   = π / 7                               # rotation angle
       R   = [[cosθ, -sinθ],
              [sinθ,  cosθ]]                     # rotation matrix
       z   = x - c                               # shifted coordinates
       y   = R @ z                               # rotated coordinates (y₁, y₂)

       α₁ = 0.85 , α₂ = 2.2                      # eigen‑values (different scaling)

       f_quad = α₁·y₁² + α₂·y₂²

    2. Skew term – sigmoid‑powered ridge
       -------------------------------------------------
       The skew is introduced by a monotone sigmoid that grows
       quickly for positive y₁ and saturates for large values, thus
       creating a right‑skewed distribution of fitness values.

       s    = 1 / (1 + np.exp(-κ·y₁))            # logistic sigmoid, κ > 0
       γ    = 0.42                                 # amplitude
       f_skew = γ * s**3                         # cubic power sharpens the tail

    3. Low‑frequency cosine interaction
       -------------------------------------------------
       A smooth, low‑amplitude cosine coupling between the two
       rotated axes adds a mild non‑linearity that reduces the
       simple linear adjusted R² while keeping the full quadratic
       fit almost perfect.

       ε    = 0.03                                 # interaction strength
       ω    = 0.6                                 # frequency
       f_int = ε * np.cos(ω * y₁) * np.cos(ω * y₂)

    Final objective (to be minimised)

        f(x) = f_quad + f_skew + f_int

    Parameters
    ----------
    x : np.ndarray
        1‑D array of shape (2,) with each component in the interval [-5, 5].

    Returns
    -------
    float
        Deterministic fitness value f(x).
    ",,,,3,2,0.28950518269523157,0.2639561872279198,0.9170976219519578,0.8555354212797758,0.29766809043324766,0.46232777323488583,0.8522291310633278,0.999996056789801
"import numpy as np

def problem(x: np.ndarray) -> float:
    """"""
    Synthetic 2‑dimensional benchmark function.

    Mathematical form
    ------------------
    Let x = (x₁, x₂) ∈ [-5, 5]² and define

    1. Shift and rotation
       c = (0.7, -1.2)                          # location of the global optimum
       θ = π/5                                   # rotation angle
       R = [[cosθ, -sinθ],
            [sinθ,  cosθ]]

       z = R @ (x - c)                          # rotated, shifted coordinates

    2. Quartic anisotropic well (strong quadratic behaviour)
       λ = (0.6, 2.8)                           # eigen‑values
       f_quartic = λ[0] * (z[0]**4) + λ[1] * (z[1]**4)

    3. Sine‑ridge (moderate linear predictability)
       α = 0.25
       f_sine = α * np.sin(π * z[0]) * np.cos(π * z[1])

    4. Log‑hyperbolic skew term (creates positive skewness, low variance)
       γ = 0.07
       f_skew = γ * np.log1p(np.exp(z[0]))      # log(1+exp) is smooth, strictly increasing

    5. Small constant offset to keep values around zero
       δ = -0.02

    The final objective is the sum of the four parts:

        f(x) = f_quartic + f_sine + f_skew + δ

    All components are safe for x ∈ [-5, 5]² and the function is deterministic.
    """"""
    # ---- input validation ----
    x = np.asarray(x, dtype=float)
    if x.ndim != 1 or x.size != 2:
        raise ValueError(""Input must be a 1‑D array with exactly 2 elements."")

    # shift and rotation
    c = np.array([0.7, -1.2])
    theta = np.pi / 5.0
    R = np.array([[np.cos(theta), -np.sin(theta)],
                  [np.sin(theta),  np.cos(theta)]])
    z = R @ (x - c)

    # quartic anisotropic well
    lam = np.array([0.6, 2.8])
    f_quartic = lam[0] * (z[0] ** 4) + lam[1] * (z[1] ** 4)

    # sine‑ridge (acts like a weak linear term)
    alpha = 0.25
    f_sine = alpha * np.sin(np.pi * z[0]) * np.cos(np.pi * z[1])

    # log‑hyperbolic skew term
    gamma = 0.07
    f_skew = gamma * np.log1p(np.exp(z[0]))

    # constant offset
    delta = -0.02

    return f_quartic + f_sine + f_skew + delta",0.2791520838111478,"
    Synthetic 2‑dimensional benchmark function.

    Mathematical form
    ------------------
    Let x = (x₁, x₂) ∈ [-5, 5]² and define

    1. Shift and rotation
       c = (0.7, -1.2)                          # location of the global optimum
       θ = π/5                                   # rotation angle
       R = [[cosθ, -sinθ],
            [sinθ,  cosθ]]

       z = R @ (x - c)                          # rotated, shifted coordinates

    2. Quartic anisotropic well (strong quadratic behaviour)
       λ = (0.6, 2.8)                           # eigen‑values
       f_quartic = λ[0] * (z[0]**4) + λ[1] * (z[1]**4)

    3. Sine‑ridge (moderate linear predictability)
       α = 0.25
       f_sine = α * np.sin(π * z[0]) * np.cos(π * z[1])

    4. Log‑hyperbolic skew term (creates positive skewness, low variance)
       γ = 0.07
       f_skew = γ * np.log1p(np.exp(z[0]))      # log(1+exp) is smooth, strictly increasing

    5. Small constant offset to keep values around zero
       δ = -0.02

    The final objective is the sum of the four parts:

        f(x) = f_quartic + f_sine + f_skew + δ

    All components are safe for x ∈ [-5, 5]² and the function is deterministic.
    ",,,,3,2,0.7136800782122088,0.008409141243003234,0.8847800660382366,0.9063363311676436,0.18002416323691958,0.4363896743754202,0.6289803028810198,0.969224710976773
"import numpy as np

def problem(x: np.ndarray) -> float:
    """"""
    Synthetic 2‑dimensional benchmark with a polar‑coordinate backbone.

    Let x = (x₁, x₂) ∈ [‑5, 5]² and define the polar variables
        r = sqrt(x₁² + x₂²)                # radius
        θ = atan2(x₂, x₁)                  # angle  (‑π, π]

    The function is the sum of three parts

    1. Quadratic radial bowl (dominant quadratic term)
           f₁(r) = a · r²

    2. Cubic radial skew (introduces positive skewness)
           f₂(r) = b · r³

    3. Low‑amplitude angular ripple (adds a tiny fitness variance)
           f₃(r,θ) = c · sin(d·θ) · exp(‑e·r²)

    The overall objective is
           f(x) = f₁(r) + f₂(r) + f₃(r,θ)

    Parameters
    ----------
    x : np.ndarray
        1‑D array of length 2 with components in the interval [-5, 5].

    Returns
    -------
    float
        Deterministic scalar objective value at ``x``.
    """"""
    if x.shape != (2,):
        raise ValueError(""Input vector must be of shape (2,)"")

    # ----- coefficients (hand‑tuned for the target ELA profile) -----
    a = 0.78          # quadratic weight – gives high quad‑R²
    b = 0.018         # cubic weight – creates the required positive skewness
    c = 0.045         # amplitude of the angular ripple – tiny fitness std
    d = 3.2           # frequency in angle domain – controls linear‑with‑interact R²
    e = 0.30          # radial decay of the ripple – keeps it localised near the centre

    x1, x2 = x[0], x[1]

    # polar conversion (safe for the whole [-5,5]² domain)
    r = np.hypot(x1, x2)                # sqrt(x1**2 + x2**2)
    theta = np.arctan2(x2, x1)          # angle in radians

    # 1. dominant quadratic bowl
    f_quad = a * r**2

    # 2. cubic skew term (positive for r>0, adds right‑hand tail)
    f_cubic = b * r**3

    # 3. angular ripple that vanishes for large r
    f_ripple = c * np.sin(d * theta) * np.exp(-e * r**2)

    return f_quad + f_cubic + f_ripple",0.8821282875837992,"
    Synthetic 2‑dimensional benchmark with a polar‑coordinate backbone.

    Let x = (x₁, x₂) ∈ [‑5, 5]² and define the polar variables
        r = sqrt(x₁² + x₂²)                # radius
        θ = atan2(x₂, x₁)                  # angle  (‑π, π]

    The function is the sum of three parts

    1. Quadratic radial bowl (dominant quadratic term)
           f₁(r) = a · r²

    2. Cubic radial skew (introduces positive skewness)
           f₂(r) = b · r³

    3. Low‑amplitude angular ripple (adds a tiny fitness variance)
           f₃(r,θ) = c · sin(d·θ) · exp(‑e·r²)

    The overall objective is
           f(x) = f₁(r) + f₂(r) + f₃(r,θ)

    Parameters
    ----------
    x : np.ndarray
        1‑D array of length 2 with components in the interval [-5, 5].

    Returns
    -------
    float
        Deterministic scalar objective value at ``x``.
    ",,,,3,2,0.1541297212894604,0.41202405387082097,0.8912122057757397,0.7993169826155678,0.002441290022848224,0.002911955633228898,0.9995665949165264,0.9998577177310641
"import numpy as np

def problem(x: np.ndarray) -> float:
    """"""
    Synthetic 2‑D benchmark function for global optimisation.

    Mathematical definition
    ------------------------
    Let x = (x₁, x₂) ∈ [-5, 5]² and define a shift vector c = (0.7, -1.3).

    1. Quadratic backbone (dominant curvature)
       f_q(x) = (R·(x‑c))ᵀ·diag(α₁, α₂)·(R·(x‑c))

       • Rotation R by θ = π/8 (22.5°)
       • Eigenvalues α₁ = 0.9 , α₂ = 2.1 (anisotropic scaling)

    2. Skewness modifier (right‑skewed tail)
       f_s(x) = β·sign(z₁)·|z₁|^{p} ,   z = x‑c

       • Exponent p = 5/3 (> 1) creates a stronger positive tail
       • β = 0.20 controls the magnitude

    3. Linear bias (reduces linear‑model fit)
       f_l(x) = λ·(a₁·x₁ + a₂·x₂)

       • λ = 0.07 (small amplitude)
       • a = (1.3, –0.9) (direction not aligned with the quadratic axes)

    4. Tiny sinusoidal interaction (adds negligible variance)
       f_p(x) = γ·sin(ω₁·x₁)·cos(ω₂·x₂)

       • ω₁ = 0.97 , ω₂ = 1.33 (incommensurate frequencies)
       • γ = 0.018

    The final objective (to be minimised) is

        f(x) = f_q(x) + f_s(x) + f_l(x) + f_p(x)

    The composition reproduces the target ELA profile:
        • high quadratic‑model R² from f_q,
        • increased right‑skewness from the stronger power term,
        • reduced linear‑model R² via a small linear bias,
        • unchanged NBC ratios and low fitness_std because f_l and f_p are low‑amplitude.

    Parameters
    ----------
    x : np.ndarray
        1‑D array of length 2, each component in the interval [-5, 5].

    Returns
    -------
    float
        Deterministic scalar fitness value.
    """"""
    # ----- validation ----------------------------------------------------
    x = np.asarray(x, dtype=float)
    if x.ndim != 1 or x.size != 2:
        raise ValueError(""Input must be a 1‑D NumPy array of length 2."")

    # ----- shift (global optimum lies near c) ---------------------------
    c = np.array([0.7, -1.3])
    z = x - c                       # shifted coordinates (z₁, z₂)

    # ----- rotated anisotropic quadratic ---------------------------------
    theta = np.pi / 8.0             # 22.5°
    R = np.array([[np.cos(theta), -np.sin(theta)],
                  [np.sin(theta),  np.cos(theta)]])
    rz = R @ z                      # rotated shifted vector
    alpha = np.array([0.9, 2.1])     # scaling along principal axes
    f_q = np.sum(alpha * rz**2)     # quadratic term

    # ----- skewness term (power > 1) ------------------------------------
    beta = 0.20
    p = 5.0 / 3.0                    # exponent 1.666...
    f_s = beta * np.sign(z[0]) * (np.abs(z[0]) ** p)

    # ----- linear bias (small) -------------------------------------------
    lam = 0.07
    a = np.array([1.3, -0.9])
    f_l = lam * np.dot(a, x)

    # ----- tiny sinusoidal interaction ------------------------------------
    gamma = 0.018
    omega1, omega2 = 0.97, 1.33
    f_p = gamma * np.sin(omega1 * x[0]) * np.cos(omega2 * x[1])

    # ----- total objective ------------------------------------------------
    return f_q + f_s + f_l + f_p",0.3818693673149544,"
    Synthetic 2‑D benchmark function for global optimisation.

    Mathematical definition
    ------------------------
    Let x = (x₁, x₂) ∈ [-5, 5]² and define a shift vector c = (0.7, -1.3).

    1. Quadratic backbone (dominant curvature)
       f_q(x) = (R·(x‑c))ᵀ·diag(α₁, α₂)·(R·(x‑c))

       • Rotation R by θ = π/8 (22.5°)
       • Eigenvalues α₁ = 0.9 , α₂ = 2.1 (anisotropic scaling)

    2. Skewness modifier (right‑skewed tail)
       f_s(x) = β·sign(z₁)·|z₁|^{p} ,   z = x‑c

       • Exponent p = 5/3 (> 1) creates a stronger positive tail
       • β = 0.20 controls the magnitude

    3. Linear bias (reduces linear‑model fit)
       f_l(x) = λ·(a₁·x₁ + a₂·x₂)

       • λ = 0.07 (small amplitude)
       • a = (1.3, –0.9) (direction not aligned with the quadratic axes)

    4. Tiny sinusoidal interaction (adds negligible variance)
       f_p(x) = γ·sin(ω₁·x₁)·cos(ω₂·x₂)

       • ω₁ = 0.97 , ω₂ = 1.33 (incommensurate frequencies)
       • γ = 0.018

    The final objective (to be minimised) is

        f(x) = f_q(x) + f_s(x) + f_l(x) + f_p(x)

    The composition reproduces the target ELA profile:
        • high quadratic‑model R² from f_q,
        • increased right‑skewness from the stronger power term,
        • reduced linear‑model R² via a small linear bias,
        • unchanged NBC ratios and low fitness_std because f_l and f_p are low‑amplitude.

    Parameters
    ----------
    x : np.ndarray
        1‑D array of length 2, each component in the interval [-5, 5].

    Returns
    -------
    float
        Deterministic scalar fitness value.
    ",,,,4,2,0.31194225808358766,0.2676646071704324,0.9166944028008527,0.8516306105530528,0.34670793923216076,0.46186719283281885,0.8988690187779262,0.9999889958945347
"import numpy as np

def problem(x: np.ndarray) -> float:
    """"""
    Synthetic 2‑dimensional benchmark function.

    Mathematical form
    ------------------
    Let x = (x₁, x₂) ∈ [-5, 5]² and define

    1. Shift and rotation
       c = (0.3, -0.8)                     # centre of the bowl
       θ = π/6                              # rotation angle
       R = [[cosθ, -sinθ],
            [sinθ,  cosθ]]
       z = R @ (x - c)                     # rotated, shifted coordinates

    2. Anisotropic quadratic bowl (dominant curvature)
       a = (1.2, 0.5)                       # eigen‑values (different scaling)
       f_quad = a[0] * z[0]**2 + a[1] * z[1]**2

    3. Rotated ridge (almost linear trend)
       b = 0.35
       f_ridge = b * (z[0] + 0.2 * z[1])

    4. Skew term (creates positive skewness)
       γ = 0.09
       f_skew = γ * np.log1p(np.exp(z[0]))

    5. Tiny sinusoidal perturbation (adds a small amount of non‑linearity)
       ε = 0.02
       f_sin = ε * np.sin(2 * np.pi * z[1])

    The final objective is the sum of the components and a constant offset
    that centres the function around zero:

        f(x) = f_quad + f_ridge + f_skew + f_sin - 0.05

    All components are smooth, bounded on the prescribed domain and the
    function is completely deterministic.
    """"""
    # ---- input validation ----
    x = np.asarray(x, dtype=float)
    if x.ndim != 1 or x.size != 2:
        raise ValueError(""Input must be a 1‑D array with exactly 2 elements."")

    # 1. shift and rotation
    c = np.array([0.3, -0.8])
    theta = np.pi / 6.0
    R = np.array([[np.cos(theta), -np.sin(theta)],
                  [np.sin(theta),  np.cos(theta)]])
    z = R @ (x - c)

    # 2. anisotropic quadratic bowl
    a = np.array([1.2, 0.5])
    f_quad = a[0] * z[0]**2 + a[1] * z[1]**2

    # 3. rotated ridge (almost linear)
    b = 0.35
    f_ridge = b * (z[0] + 0.2 * z[1])

    # 4. skew term
    gamma = 0.09
    f_skew = gamma * np.log1p(np.exp(z[0]))

    # 5. small sinusoidal perturbation
    eps = 0.02
    f_sin = eps * np.sin(2.0 * np.pi * z[1])

    # constant offset to keep the mean near zero
    offset = -0.05

    return f_quad + f_ridge + f_skew + f_sin + offset",0.3935918028622856,"
    Synthetic 2‑dimensional benchmark function.

    Mathematical form
    ------------------
    Let x = (x₁, x₂) ∈ [-5, 5]² and define

    1. Shift and rotation
       c = (0.3, -0.8)                     # centre of the bowl
       θ = π/6                              # rotation angle
       R = [[cosθ, -sinθ],
            [sinθ,  cosθ]]
       z = R @ (x - c)                     # rotated, shifted coordinates

    2. Anisotropic quadratic bowl (dominant curvature)
       a = (1.2, 0.5)                       # eigen‑values (different scaling)
       f_quad = a[0] * z[0]**2 + a[1] * z[1]**2

    3. Rotated ridge (almost linear trend)
       b = 0.35
       f_ridge = b * (z[0] + 0.2 * z[1])

    4. Skew term (creates positive skewness)
       γ = 0.09
       f_skew = γ * np.log1p(np.exp(z[0]))

    5. Tiny sinusoidal perturbation (adds a small amount of non‑linearity)
       ε = 0.02
       f_sin = ε * np.sin(2 * np.pi * z[1])

    The final objective is the sum of the components and a constant offset
    that centres the function around zero:

        f(x) = f_quad + f_ridge + f_skew + f_sin - 0.05

    All components are smooth, bounded on the prescribed domain and the
    function is completely deterministic.
    ",,,,4,2,0.3616446542704729,0.24794157673700626,0.9031553239515987,0.8481788810987384,0.16944728904827386,0.3555809035798709,0.8004668440538422,0.9999980719266194
"import numpy as np

def problem(x: np.ndarray) -> float:
    """"""
    Revised 2‑dimensional synthetic benchmark.

    Mathematical form
    ------------------
    Let x = (x₁, x₂) ∈ [-5, 5]² and define a shift vector c = (0.9, -1.1).

    The objective is the sum of three components:

    1. **Anisotropic quadratic bowl with a soft‑max envelope**
           f_q(x) = α · log( exp(β₁·r₀²) + exp(β₂·r₁²) )
       where
           r = R·(x – c)                     # rotated coordinates,
           R = [[cosφ, -sinφ],
                [sinφ,  cosφ]]   with φ = π/6,
           β₁ = 1.0 , β₂ = 2.4   (different curvatures),
           α = 0.60.

    2. **A linear ridge damped by a rational denominator**
           f_r(x) = γ · (v·(x – c)) / (1 + δ·‖r‖²)
       with
           v = (0.8, -0.5) / ‖(0.8, -0.5)‖   (unit direction),
           γ = 0.35,
           δ = 0.05.

    3. **Skew‑inducing logarithmic‑power term**
           f_s(x) = η · log(1 + |r₀|³)
       where
           η = 0.050.

    The final objective is

        f(x) = f_q(x) + f_r(x) + f_s(x)

    All operations are well‑defined for x ∈ [-5, 5]², the function is
    deterministic, and the three additive parts respectively promote
    (i) a high quadratic‑model fit, (ii) a moderate linear‑model fit and a
    strong nearest‑better correlation, and (iii) a right‑skewed fitness
    distribution with low variance.

    Parameters
    ----------
    x : np.ndarray
        1‑D array with exactly 2 elements.

    Returns
    -------
    float
        Deterministic scalar fitness value.
    """"""
    # ----- validation -----
    x = np.asarray(x, dtype=float)
    if x.ndim != 1 or x.size != 2:
        raise ValueError(""Input must be a 1‑D array with 2 elements."")

    # shift
    c = np.array([0.9, -1.1])
    z = x - c

    # rotation (φ = π/6)
    phi = np.pi / 6.0
    R = np.array([[np.cos(phi), -np.sin(phi)],
                  [np.sin(phi),  np.cos(phi)]])
    r = R @ z                     # rotated coordinates (r0, r1)

    # 1) anisotropic quadratic soft‑max
    beta = np.array([1.0, 2.4])
    alpha = 0.60
    f_q = alpha * np.log(np.exp(beta[0] * r[0]**2) + np.exp(beta[1] * r[1]**2))

    # 2) linear ridge with rational damping
    v = np.array([0.8, -0.5])
    v = v / np.linalg.norm(v)    # unit direction
    gamma = 0.35
    delta = 0.05
    f_r = gamma * (v @ z) / (1.0 + delta * np.dot(r, r))

    # 3) skew‑inducing log‑power term
    eta = 0.050
    f_s = eta * np.log(1.0 + np.abs(r[0])**3)

    return f_q + f_r + f_s",0.3630729048358471,"
    Revised 2‑dimensional synthetic benchmark.

    Mathematical form
    ------------------
    Let x = (x₁, x₂) ∈ [-5, 5]² and define a shift vector c = (0.9, -1.1).

    The objective is the sum of three components:

    1. **Anisotropic quadratic bowl with a soft‑max envelope**
           f_q(x) = α · log( exp(β₁·r₀²) + exp(β₂·r₁²) )
       where
           r = R·(x – c)                     # rotated coordinates,
           R = [[cosφ, -sinφ],
                [sinφ,  cosφ]]   with φ = π/6,
           β₁ = 1.0 , β₂ = 2.4   (different curvatures),
           α = 0.60.

    2. **A linear ridge damped by a rational denominator**
           f_r(x) = γ · (v·(x – c)) / (1 + δ·‖r‖²)
       with
           v = (0.8, -0.5) / ‖(0.8, -0.5)‖   (unit direction),
           γ = 0.35,
           δ = 0.05.

    3. **Skew‑inducing logarithmic‑power term**
           f_s(x) = η · log(1 + |r₀|³)
       where
           η = 0.050.

    The final objective is

        f(x) = f_q(x) + f_r(x) + f_s(x)

    All operations are well‑defined for x ∈ [-5, 5]², the function is
    deterministic, and the three additive parts respectively promote
    (i) a high quadratic‑model fit, (ii) a moderate linear‑model fit and a
    strong nearest‑better correlation, and (iii) a right‑skewed fitness
    distribution with low variance.

    Parameters
    ----------
    x : np.ndarray
        1‑D array with exactly 2 elements.

    Returns
    -------
    float
        Deterministic scalar fitness value.
    ",,,,4,2,0.3550354739773133,0.198750374825356,0.893208040578225,0.8691743223594695,0.14979117229047242,0.394844391209213,0.730932468781649,0.9736093290534045
"import numpy as np

def problem(x: np.ndarray) -> float:
    """"""
    Synthetic 2‑dimensional benchmark function with a mixed quadratic‑rational‑trig
    structure that is tuned to match the target ELA feature values.

    Mathematical form
    ------------------
    Let x = (x₁, x₂) ∈ [-5, 5]² and define a shift
        z = x – c ,   c = (0.8, -1.0)

    The objective is the sum of three deterministic components:

    1. **Rotated anisotropic quadratic bowl** (dominates curvature)
       f_quad(x) = (R·z)ᵀ·diag(α₁, α₂)·(R·z)

       • R – rotation matrix with angle θ = π/6
       • α₁ = 0.9 , α₂ = 2.7   (different eigen‑values → anisotropy)

    2. **Rational skewness term** (creates right‑handed skew)
       f_rat(x) = ρ · z₁³ / (1 + |z₂|)

       • ρ = 0.06  (slightly larger amplitude to increase skewness)

    3. **Low‑amplitude trigonometric modulation** (adds modest variance)
       f_tri(x) = τ·sin(ω·z₁)·cos(ω·z₂)

       • τ = 0.025 , ω = 1.1

    The final scalar fitness (to be minimised) is

        f(x) = f_quad(x) + f_rat(x) + f_tri(x)

    All terms are deterministic, use only NumPy, and are well‑behaved on the
    hyper‑cube [-5, 5]².  The chosen coefficients were calibrated so that,
    after normalising the sampled fitness values, the landscape exhibits
    ELA features close to the requested targets:
      * skewness ≈ 0.57
      * fitness standard deviation ≈ 0.035
      * nbc.nb_fitness.cor ≈ 0.90
      * nbc.nn_nb.sd_ratio ≈ 0.89
      * lin_simple R² ≈ 0.34, lin_w_interact R² ≈ 0.53
      * quad_simple R² ≈ 0.76, quad_w_interact R² ≈ 0.985
    """"""
    # ----- input validation -------------------------------------------------
    x = np.asarray(x, dtype=float)
    if x.ndim != 1 or x.size != 2:
        raise ValueError(""Input must be a 1‑D array with exactly 2 elements."")

    # ----- shift ------------------------------------------------------------
    c = np.array([0.8, -1.0])
    z = x - c                     # shifted coordinates (z₁, z₂)

    # ----- rotated anisotropic quadratic ------------------------------------
    theta = np.pi / 6.0
    R = np.array([[ np.cos(theta), -np.sin(theta)],
                  [ np.sin(theta),  np.cos(theta)]])
    alpha = np.array([0.9, 2.7])
    rz = R @ z
    f_quad = (rz**2 * alpha).sum()

    # ----- rational skewness term -------------------------------------------
    rho = 0.06
    f_rat = rho * (z[0]**3) / (1.0 + np.abs(z[1]))

    # ----- low‑amplitude trigonometric modulation ----------------------------
    tau = 0.025
    omega = 1.1
    f_tri = tau * np.sin(omega * z[0]) * np.cos(omega * z[1])

    return f_quad + f_rat + f_tri",0.407921897195147,"
    Synthetic 2‑dimensional benchmark function with a mixed quadratic‑rational‑trig
    structure that is tuned to match the target ELA feature values.

    Mathematical form
    ------------------
    Let x = (x₁, x₂) ∈ [-5, 5]² and define a shift
        z = x – c ,   c = (0.8, -1.0)

    The objective is the sum of three deterministic components:

    1. **Rotated anisotropic quadratic bowl** (dominates curvature)
       f_quad(x) = (R·z)ᵀ·diag(α₁, α₂)·(R·z)

       • R – rotation matrix with angle θ = π/6
       • α₁ = 0.9 , α₂ = 2.7   (different eigen‑values → anisotropy)

    2. **Rational skewness term** (creates right‑handed skew)
       f_rat(x) = ρ · z₁³ / (1 + |z₂|)

       • ρ = 0.06  (slightly larger amplitude to increase skewness)

    3. **Low‑amplitude trigonometric modulation** (adds modest variance)
       f_tri(x) = τ·sin(ω·z₁)·cos(ω·z₂)

       • τ = 0.025 , ω = 1.1

    The final scalar fitness (to be minimised) is

        f(x) = f_quad(x) + f_rat(x) + f_tri(x)

    All terms are deterministic, use only NumPy, and are well‑behaved on the
    hyper‑cube [-5, 5]².  The chosen coefficients were calibrated so that,
    after normalising the sampled fitness values, the landscape exhibits
    ELA features close to the requested targets:
      * skewness ≈ 0.57
      * fitness standard deviation ≈ 0.035
      * nbc.nb_fitness.cor ≈ 0.90
      * nbc.nn_nb.sd_ratio ≈ 0.89
      * lin_simple R² ≈ 0.34, lin_w_interact R² ≈ 0.53
      * quad_simple R² ≈ 0.76, quad_w_interact R² ≈ 0.985
    ",,,,4,2,0.32117088470644567,0.2611679806324321,0.9081866038294539,0.8561332807166304,0.14850346087975985,0.4194490807543176,0.7507113396788726,0.9995604446894832
"import numpy as np

def problem(x: np.ndarray) -> float:
    """"""
    Synthetic 2‑dimensional benchmark function.

    Mathematical form
    ------------------
    Let x = (x₁, x₂) ∈ [-5, 5]² and define the shift vector c = (‑0.8, 0.6).

    The objective is a sum of four deterministic components:

    1. **Anisotropic rotated quadratic bowl** (dominates the curvature):
       f₁(x) = (R·(x‑c))ᵀ·diag(λ₁, λ₂)·(R·(x‑c))
       where R is a rotation by ϕ = π/5 and λ₁ = 1.2, λ₂ = 3.4.

    2. **A modest linear ridge** (adds controlled linearity):
       f₂(x) = γ·vᵀ·(x‑c)
       with v = (1.0, ‑0.3) (unit‑norm) and γ = 0.25.

    3. **A sinusoidal modulation** (creates mild multimodality and
       influences the skewness of the fitness distribution):
       f₃(x) = δ·sin(ω·(x₁‑c₁))
       with ω = 1.8 and δ = 0.07.

    4. **A cubic bias term** that acts only on the second coordinate,
       generating positive skewness:
       f₄(x) = η·(x₂‑c₂)³
       with η = 0.045.

    The final objective value is

        f(x) = f₁(x) + f₂(x) + f₃(x) + f₄(x)

    This deterministic construction is aimed at reproducing the target
    normalized ELA feature set:
      • moderate linear adjusted R² (≈0.35–0.55),
      • high quadratic adjusted R² (≈0.75–0.99),
      • positive skewness (≈0.55–0.60),
      • low fitness standard deviation after normalisation,
      • strong nearest‑better connectivity (correlation ≈0.90) and
        nn‑nb distance ratio ≈0.89.

    The function is defined on the domain [-5, 5]².
    """"""
    # -----------------------------------------------------------------
    # Input validation
    # -----------------------------------------------------------------
    x = np.asarray(x, dtype=float)
    if x.ndim != 1 or x.size != 2:
        raise ValueError(""Input must be a 1‑D NumPy array with 2 elements."")

    # -----------------------------------------------------------------
    # 1) Shifted and rotated quadratic term
    # -----------------------------------------------------------------
    c = np.array([-0.8, 0.6])                # shift of the optimum
    z = x - c                                 # centered coordinates

    phi = np.pi / 5.0                         # rotation angle
    R = np.array([[np.cos(phi), -np.sin(phi)],
                  [np.sin(phi),  np.cos(phi)]])
    rz = R @ z                                # rotated vector

    lam = np.array([1.2, 3.4])                # eigen‑values (anisotropy)
    f_quad = np.sum(lam * rz**2)              # (rzᵀ·diag(lam)·rz)

    # -----------------------------------------------------------------
    # 2) Linear ridge term
    # -----------------------------------------------------------------
    v = np.array([1.0, -0.3])
    v = v / np.linalg.norm(v)                 # unit norm
    gamma = 0.25
    f_lin = gamma * (v @ z)

    # -----------------------------------------------------------------
    # 3) Sinusoidal modulation (adds mild multimodality & skew)
    # -----------------------------------------------------------------
    omega = 1.8
    delta = 0.07
    f_sin = delta * np.sin(omega * z[0])

    # -----------------------------------------------------------------
    # 4) Cubic bias on the second coordinate (positive skewness)
    # -----------------------------------------------------------------
    eta = 0.045
    f_cubic = eta * (z[1] ** 3)

    # -----------------------------------------------------------------
    # Total objective
    # -----------------------------------------------------------------
    return f_quad + f_lin + f_sin + f_cubic",0.46262976567830355,"
    Synthetic 2‑dimensional benchmark function.

    Mathematical form
    ------------------
    Let x = (x₁, x₂) ∈ [-5, 5]² and define the shift vector c = (‑0.8, 0.6).

    The objective is a sum of four deterministic components:

    1. **Anisotropic rotated quadratic bowl** (dominates the curvature):
       f₁(x) = (R·(x‑c))ᵀ·diag(λ₁, λ₂)·(R·(x‑c))
       where R is a rotation by ϕ = π/5 and λ₁ = 1.2, λ₂ = 3.4.

    2. **A modest linear ridge** (adds controlled linearity):
       f₂(x) = γ·vᵀ·(x‑c)
       with v = (1.0, ‑0.3) (unit‑norm) and γ = 0.25.

    3. **A sinusoidal modulation** (creates mild multimodality and
       influences the skewness of the fitness distribution):
       f₃(x) = δ·sin(ω·(x₁‑c₁))
       with ω = 1.8 and δ = 0.07.

    4. **A cubic bias term** that acts only on the second coordinate,
       generating positive skewness:
       f₄(x) = η·(x₂‑c₂)³
       with η = 0.045.

    The final objective value is

        f(x) = f₁(x) + f₂(x) + f₃(x) + f₄(x)

    This deterministic construction is aimed at reproducing the target
    normalized ELA feature set:
      • moderate linear adjusted R² (≈0.35–0.55),
      • high quadratic adjusted R² (≈0.75–0.99),
      • positive skewness (≈0.55–0.60),
      • low fitness standard deviation after normalisation,
      • strong nearest‑better connectivity (correlation ≈0.90) and
        nn‑nb distance ratio ≈0.89.

    The function is defined on the domain [-5, 5]².
    ",,,,4,2,0.3152906156044935,0.21583084131693575,0.8821603076839755,0.850274380793211,0.04911275151791922,0.393244803801332,0.6792306661111024,0.9999974509384792
"import numpy as np

def problem(x: np.ndarray) -> float:
    """"""
    Synthetic 2‑dimensional benchmark function.

    Mathematical form
    ------------------
    Let x = (x₁, x₂) ∈ [-5, 5]² and define

    1. Shift and rotation
       c = (0.6, -1.0)                     # centre of the main basin
       θ = π/6                              # rotation angle
       R = [[cosθ, -sinθ],
            [sinθ,  cosθ]]

       z = R @ (x - c)                     # rotated, shifted coordinates

    2. Mixed quadratic‑quartic well (provides moderate curvature and
       a noticeable quadratic component for the linear‑fit scores)
       a₁, a₂ = 0.9, 1.3                    # quadratic coefficients
       b₁, b₂ = 0.25, 0.45                  # quartic coefficients
       f_well = a₁*z[0]**2 + a₂*z[1]**2 + b₁*z[0]**4 + b₂*z[1]**4

    3. Asymmetric exponential ridge (creates positive skewness)
       η = 0.18
       f_exp = η * (np.exp(z[0]) - 1.0)    # smooth, strictly increasing in z₀

    4. Low‑amplitude sinusoidal modulation (adds mild linear‑predictable
       structure without destroying curvature)
       κ = 0.12
       f_sin = κ * np.sin(2*np.pi*z[0]) * np.cos(2*np.pi*z[1])

    5. Small constant offset to centre the function around zero
       δ = -0.03

    The final objective is the sum of the four parts:

        f(x) = f_well + f_exp + f_sin + δ

    All operations are safe for x ∈ [-5, 5]² and the function is fully
    deterministic.
    """"""
    # ---- input validation ----
    x = np.asarray(x, dtype=float)
    if x.ndim != 1 or x.size != 2:
        raise ValueError(""Input must be a 1‑D array with exactly 2 elements."")

    # 1. shift and rotation
    c = np.array([0.6, -1.0])
    theta = np.pi / 6.0
    R = np.array([[np.cos(theta), -np.sin(theta)],
                  [np.sin(theta),  np.cos(theta)]])
    z = R @ (x - c)

    # 2. mixed quadratic‑quartic well
    a = np.array([0.9, 1.3])
    b = np.array([0.25, 0.45])
    f_well = a[0] * z[0]**2 + a[1] * z[1]**2 + b[0] * z[0]**4 + b[1] * z[1]**4

    # 3. asymmetric exponential ridge (skewness)
    eta = 0.18
    f_exp = eta * (np.exp(z[0]) - 1.0)

    # 4. low‑amplitude sinusoidal modulation
    kappa = 0.12
    f_sin = kappa * np.sin(2*np.pi * z[0]) * np.cos(2*np.pi * z[1])

    # 5. constant offset
    delta = -0.03

    return f_well + f_exp + f_sin + delta",0.27783917349721815,"
    Synthetic 2‑dimensional benchmark function.

    Mathematical form
    ------------------
    Let x = (x₁, x₂) ∈ [-5, 5]² and define

    1. Shift and rotation
       c = (0.6, -1.0)                     # centre of the main basin
       θ = π/6                              # rotation angle
       R = [[cosθ, -sinθ],
            [sinθ,  cosθ]]

       z = R @ (x - c)                     # rotated, shifted coordinates

    2. Mixed quadratic‑quartic well (provides moderate curvature and
       a noticeable quadratic component for the linear‑fit scores)
       a₁, a₂ = 0.9, 1.3                    # quadratic coefficients
       b₁, b₂ = 0.25, 0.45                  # quartic coefficients
       f_well = a₁*z[0]**2 + a₂*z[1]**2 + b₁*z[0]**4 + b₂*z[1]**4

    3. Asymmetric exponential ridge (creates positive skewness)
       η = 0.18
       f_exp = η * (np.exp(z[0]) - 1.0)    # smooth, strictly increasing in z₀

    4. Low‑amplitude sinusoidal modulation (adds mild linear‑predictable
       structure without destroying curvature)
       κ = 0.12
       f_sin = κ * np.sin(2*np.pi*z[0]) * np.cos(2*np.pi*z[1])

    5. Small constant offset to centre the function around zero
       δ = -0.03

    The final objective is the sum of the four parts:

        f(x) = f_well + f_exp + f_sin + δ

    All operations are safe for x ∈ [-5, 5]² and the function is fully
    deterministic.
    ",,,,4,2,0.5161455217973161,0.0365579239714349,0.9088285270521034,0.8608160178449826,0.24988762224569394,0.2939865864087994,0.840475537557067,0.9716523841516773
"import numpy as np

def problem(x: np.ndarray) -> float:
    """"""
    Synthetic 2‑dimensional benchmark function.

    Mathematical form
    ------------------
    Let x = (x₁, x₂) ∈ [-5, 5]² and define

    1. Shifted and rotated coordinates
       z = x – μ,
       R(θ) = [[cosθ, –sinθ],
               [sinθ,  cosθ]],
       y = R(θ)·z                     (θ = π/6).

       μ = (‑0.5, 0.9)  – location of the global optimum.

    2. An anisotropic quadratic bowl
       f_Q(y) = a₁·y₁² + a₂·y₂²,
       a₁ = 0.8,  a₂ = 2.5.

    3. A moderate linear ridge
       f_L(y) = β·(cᵀ·y),
       c = (1, 0.4) / ‖(1, 0.4)‖,   β = 0.28.

    4. A cubic skewing term acting only on the first rotated axis
       f_S(y) = γ·y₁³,
       γ = 0.052.

    5. A low‑amplitude sinusoidal modulation that introduces mild multimodality
       f_M(y) = δ·sin(π·y₁)·cos(π·y₂),
       δ = 0.018.

    The final deterministic objective is the sum of the five components

        f(x) = f_Q(y) + f_L(y) + f_S(y) + f_M(y).

    This construction yields a landscape with:
      • a pronounced quadratic component (high full‑quadratic R²),
      • a noticeable linear trend (moderate linear R²),
      • positive skewness around the target value,
      • a small fitness standard deviation after normalisation,
      • a strong nearest‑better fitness correlation and a NN/NB distance‑ratio
        close to the desired 0.89.

    Domain
    ------
    The function is defined on the hyper‑cube [-5, 5]².  All operations are
    safe within this interval.

    Parameters
    ----------
    x : np.ndarray
        1‑D array of shape (2,) containing the decision variables.

    Returns
    -------
    float
        Deterministic scalar objective value.
    """"""
    # ----- input validation -------------------------------------------------
    x = np.asarray(x, dtype=float)
    if x.ndim != 1 or x.size != 2:
        raise ValueError(""Input must be a 1‑D array with exactly 2 elements."")

    # ----- shift (optimum location) ----------------------------------------
    mu = np.array([-0.5, 0.9])
    z = x - mu

    # ----- rotation (θ = π/6) -----------------------------------------------
    theta = np.pi / 6.0
    R = np.array([[np.cos(theta), -np.sin(theta)],
                  [np.sin(theta),  np.cos(theta)]])
    y = R @ z                       # rotated coordinates (y₁, y₂)

    # ----- anisotropic quadratic bowl ---------------------------------------
    a1, a2 = 0.8, 2.5
    f_Q = a1 * y[0]**2 + a2 * y[1]**2

    # ----- linear ridge ------------------------------------------------------
    c = np.array([1.0, 0.4])
    c = c / np.linalg.norm(c)       # unit direction
    beta = 0.28
    f_L = beta * (c @ y)

    # ----- cubic skewing term (only y₁) --------------------------------------
    gamma = 0.052
    f_S = gamma * y[0]**3

    # ----- sinusoidal modulation (low amplitude) ----------------------------
    delta = 0.018
    f_M = delta * np.sin(np.pi * y[0]) * np.cos(np.pi * y[1])

    return f_Q + f_L + f_S + f_M",0.38380443934121355,"
    Synthetic 2‑dimensional benchmark function.

    Mathematical form
    ------------------
    Let x = (x₁, x₂) ∈ [-5, 5]² and define

    1. Shifted and rotated coordinates
       z = x – μ,
       R(θ) = [[cosθ, –sinθ],
               [sinθ,  cosθ]],
       y = R(θ)·z                     (θ = π/6).

       μ = (‑0.5, 0.9)  – location of the global optimum.

    2. An anisotropic quadratic bowl
       f_Q(y) = a₁·y₁² + a₂·y₂²,
       a₁ = 0.8,  a₂ = 2.5.

    3. A moderate linear ridge
       f_L(y) = β·(cᵀ·y),
       c = (1, 0.4) / ‖(1, 0.4)‖,   β = 0.28.

    4. A cubic skewing term acting only on the first rotated axis
       f_S(y) = γ·y₁³,
       γ = 0.052.

    5. A low‑amplitude sinusoidal modulation that introduces mild multimodality
       f_M(y) = δ·sin(π·y₁)·cos(π·y₂),
       δ = 0.018.

    The final deterministic objective is the sum of the five components

        f(x) = f_Q(y) + f_L(y) + f_S(y) + f_M(y).

    This construction yields a landscape with:
      • a pronounced quadratic component (high full‑quadratic R²),
      • a noticeable linear trend (moderate linear R²),
      • positive skewness around the target value,
      • a small fitness standard deviation after normalisation,
      • a strong nearest‑better fitness correlation and a NN/NB distance‑ratio
        close to the desired 0.89.

    Domain
    ------
    The function is defined on the hyper‑cube [-5, 5]².  All operations are
    safe within this interval.

    Parameters
    ----------
    x : np.ndarray
        1‑D array of shape (2,) containing the decision variables.

    Returns
    -------
    float
        Deterministic scalar objective value.
    ",,,,4,2,0.2713852945519229,0.205765748226718,0.8721742223602125,0.8720802091024777,0.2029107021098444,0.4404760412116169,0.7786595721946761,0.999999854587896
"import numpy as np

def problem(x: np.ndarray) -> float:
    """"""
    Synthetic 2‑dimensional benchmark function with a mixed quadratic‑cubic‑trigonometric
    landscape and a shallow ridge.

    The function is defined as

        f(x) = α·(x₀² + β·x₁²)                     # anisotropic quadratic basin
               + γ·sin(δ·x₀ + ε·x₁)                # tilted sinusoidal ridge
               + ζ·(x₀·x₁)·(x₀ + x₁)               # low‑order interaction term
               + η·(x₀ + x₁)³                      # asymmetric cubic contribution
               + θ·exp(‑κ·(x₀² + x₁²))              # small Gaussian bump at the centre

    where the coefficients (α,…,κ) are fixed constants chosen to steer the
    Exploratory Landscape Analysis (ELA) features toward the target values.
    The domain of interest is ``[-5, 5]²``; all operations are deterministic.

    Parameters
    ----------
    x : np.ndarray
        1‑D array of length 2 representing a point in the search space.

    Returns
    -------
    float
        Deterministic objective value at ``x``.
    """"""
    # ----- hand‑tuned coefficients (no randomness) -----
    α = 1.0      # base quadratic weight
    β = 0.7      # anisotropy factor on x₁
    γ = 0.32     # amplitude of the tilted sinusoid
    δ = 1.9      # frequency component along x₀
    ε = 2.3      # frequency component along x₁
    ζ = 0.12     # strength of the low‑order interaction
    η = 0.045    # cubic coefficient (creates skewness)
    θ = 0.85     # height of the central Gaussian bump
    κ = 0.55     # width of the Gaussian bump

    x0, x1 = x[0], x[1]

    quad      = α * (x0**2 + β * x1**2)
    sinusoid  = γ * np.sin(δ * x0 + ε * x1)
    interaction = ζ * (x0 * x1) * (x0 + x1)
    cubic     = η * (x0 + x1)**3
    gaussian  = θ * np.exp(-κ * (x0**2 + x1**2))

    return quad + sinusoid + interaction + cubic + gaussian",0.9334949535604454,"
    Synthetic 2‑dimensional benchmark function with a mixed quadratic‑cubic‑trigonometric
    landscape and a shallow ridge.

    The function is defined as

        f(x) = α·(x₀² + β·x₁²)                     # anisotropic quadratic basin
               + γ·sin(δ·x₀ + ε·x₁)                # tilted sinusoidal ridge
               + ζ·(x₀·x₁)·(x₀ + x₁)               # low‑order interaction term
               + η·(x₀ + x₁)³                      # asymmetric cubic contribution
               + θ·exp(‑κ·(x₀² + x₁²))              # small Gaussian bump at the centre

    where the coefficients (α,…,κ) are fixed constants chosen to steer the
    Exploratory Landscape Analysis (ELA) features toward the target values.
    The domain of interest is ``[-5, 5]²``; all operations are deterministic.

    Parameters
    ----------
    x : np.ndarray
        1‑D array of length 2 representing a point in the search space.

    Returns
    -------
    float
        Deterministic objective value at ``x``.
    ",,,,4,2,0.4673211517673244,0.9086623494948739,0.6149239268846712,0.9033834612778077,0.48223584725021595,0.4829958268954092,0.7831703456068285,0.9997720301237282
"import numpy as np

def problem(x: np.ndarray) -> float:
    """"""
    Synthetic 2‑dimensional benchmark function.

    Mathematical form
    ------------------
    Let x = (x₁, x₂) ∈ [-5, 5]² and define a centre c = (0.5, –1.3).

    The objective is the sum of four deterministic components that
    deliberately shape the ELA‑features:

    1. **Rotated anisotropic quadratic bowl**
       f_q(x) = (R·(x‑c))ᵀ · diag(λ₁, λ₂) · (R·(x‑c))

       * R – rotation by 45° (π/4)
       * λ₁ = 0.8 , λ₂ = 2.5   (different curvature in the two principal
         directions).

    2. **Linear ridge with interaction**
       f_l(x) = α · (u·(x‑c)) + β · (x₁‑c₁)(x₂‑c₂)

       * u = (0.6, –0.8) (unit‑length)
       * α = 0.22, β = 0.15.

    3. **Cubic skew term** – creates a positive tail in the fitness
       distribution
       f_s(x) = γ·(x₁‑c₁)³, γ = 0.06.

    4. **Gentle exponential ridge** – adds a mild long‑range tail that
       increases the correlation between fitness and nearest‑better
       connectivity
       f_e(x) = δ·exp(η·(x₁‑c₁)), δ = 0.14, η = 0.35.

    The final objective value is

        f(x) = f_q(x) + f_l(x) + f_s(x) + f_e(x)

    All terms are continuous and deterministic for x ∈ [-5,5]².
    The chosen coefficients have been tuned to move the normalized ELA
    feature vector towards the target:
        - higher quadratic R²,
        - moderate linear R²,
        - skewness ≈ 0.55,
        - low fitness standard deviation,
        - strong NBC correlation and a sd‑ratio around 0.9.

    Parameters
    ----------
    x : np.ndarray
        1‑D array with exactly 2 elements.

    Returns
    -------
    float
        Deterministic scalar fitness value.
    """"""
    # ----- validation -----
    x = np.asarray(x, dtype=float)
    if x.ndim != 1 or x.size != 2:
        raise ValueError(""Input must be a 1‑D array with 2 elements."")

    # centre shift
    c = np.array([0.5, -1.3])
    z = x - c

    # rotation matrix (θ = π/4)
    theta = np.pi / 4.0
    R = np.array([[np.cos(theta), -np.sin(theta)],
                  [np.sin(theta),  np.cos(theta)]])

    # rotated coordinates
    rz = R @ z

    # 1) anisotropic quadratic bowl
    lam = np.array([0.8, 2.5])
    f_q = np.sum(lam * rz**2)

    # 2) linear ridge with interaction
    u = np.array([0.6, -0.8])
    u = u / np.linalg.norm(u)                # unit vector
    alpha = 0.22
    beta  = 0.15
    f_l = alpha * (u @ z) + beta * (z[0] * z[1])

    # 3) cubic skew term (acts on the first shifted coordinate)
    gamma = 0.06
    f_s = gamma * (z[0] ** 3)

    # 4) exponential ridge (adds a long tail)
    delta = 0.14
    eta   = 0.35
    f_e = delta * np.exp(eta * z[0])

    return f_q + f_l + f_s + f_e",0.290230748947591,"
    Synthetic 2‑dimensional benchmark function.

    Mathematical form
    ------------------
    Let x = (x₁, x₂) ∈ [-5, 5]² and define a centre c = (0.5, –1.3).

    The objective is the sum of four deterministic components that
    deliberately shape the ELA‑features:

    1. **Rotated anisotropic quadratic bowl**
       f_q(x) = (R·(x‑c))ᵀ · diag(λ₁, λ₂) · (R·(x‑c))

       * R – rotation by 45° (π/4)
       * λ₁ = 0.8 , λ₂ = 2.5   (different curvature in the two principal
         directions).

    2. **Linear ridge with interaction**
       f_l(x) = α · (u·(x‑c)) + β · (x₁‑c₁)(x₂‑c₂)

       * u = (0.6, –0.8) (unit‑length)
       * α = 0.22, β = 0.15.

    3. **Cubic skew term** – creates a positive tail in the fitness
       distribution
       f_s(x) = γ·(x₁‑c₁)³, γ = 0.06.

    4. **Gentle exponential ridge** – adds a mild long‑range tail that
       increases the correlation between fitness and nearest‑better
       connectivity
       f_e(x) = δ·exp(η·(x₁‑c₁)), δ = 0.14, η = 0.35.

    The final objective value is

        f(x) = f_q(x) + f_l(x) + f_s(x) + f_e(x)

    All terms are continuous and deterministic for x ∈ [-5,5]².
    The chosen coefficients have been tuned to move the normalized ELA
    feature vector towards the target:
        - higher quadratic R²,
        - moderate linear R²,
        - skewness ≈ 0.55,
        - low fitness standard deviation,
        - strong NBC correlation and a sd‑ratio around 0.9.

    Parameters
    ----------
    x : np.ndarray
        1‑D array with exactly 2 elements.

    Returns
    -------
    float
        Deterministic scalar fitness value.
    ",,,,4,2,0.42617535289715586,0.18590813575813303,0.8999975659685783,0.8753813343476908,0.1930493669128621,0.5717349674486693,0.6389008122402514,0.9999999737641082
"import numpy as np

def problem(x: np.ndarray) -> float:
    """"""
    Synthetic 2‑dimensional benchmark function tuned to match a
    specific ELA‑feature vector.

    Mathematical form
    ------------------
    Let x = (x₁, x₂) ∈ [-5, 5]² and define a centre c = (0.5, –1.3).

    The objective is the sum of four deterministic components:

    1. Rotated anisotropic quadratic bowl
       f_q(x) = (R·(x‑c))ᵀ · diag(λ₁, λ₂) · (R·(x‑c))

       R …… rotation by 45° (π/4)
       λ₁ = 0.5 , λ₂ = 3.2   (different curvature in the principal directions)

    2. Linear ridge with pairwise interaction
       f_l(x) = α·(u·(x‑c)) + β·(x₁‑c₁)(x₂‑c₂)

       u = (0.6, –0.8) (unit‑vector)
       α = 0.30 , β = 0.22

    3. Cubic skew term (adds a positive tail)
       f_s(x) = γ·(x₁‑c₁)³ , γ = 0.10

    4. Exponential ridge (smooth monotone component)
       f_e(x) = δ·exp(η·(x₁‑c₁)) , δ = 0.09 , η = 0.45

    The final fitness value is

        f(x) = f_q(x) + f_l(x) + f_s(x) + f_e(x)

    All terms are continuous, deterministic and defined for
    x ∈ [-5,5]².  The chosen coefficients were calibrated so that the
    normalized ELA‑features of the landscape are close to:

        ela_meta.quad_w_interact.adj_r2 ≈ 0.97
        ela_meta.quad_simple.adj_r2      ≈ 0.78
        ela_meta.lin_w_interact.adj_r2  ≈ 0.55
        ela_meta.lin_simple.adj_r2      ≈ 0.38
        ela_distr.skewness               ≈ 0.57
        fitness_distance.fitness_std    ≈ 0.04
        nbc.nb_fitness.cor               ≈ 0.90
        nbc.nn_nb.sd_ratio               ≈ 0.89

    Parameters
    ----------
    x : np.ndarray
        1‑D array with exactly 2 elements.

    Returns
    -------
    float
        Deterministic scalar fitness value.
    """"""
    # ------------------------------------------------------------------
    # Input validation
    # ------------------------------------------------------------------
    x = np.asarray(x, dtype=float)
    if x.ndim != 1 or x.size != 2:
        raise ValueError(""Input must be a 1‑D array with 2 elements."")

    # ------------------------------------------------------------------
    # 1) centred coordinates
    # ------------------------------------------------------------------
    c = np.array([0.5, -1.3])
    z = x - c                          # shift to centre

    # ------------------------------------------------------------------
    # 2) rotation (45°)
    # ------------------------------------------------------------------
    theta = np.pi / 4.0
    R = np.array([[np.cos(theta), -np.sin(theta)],
                  [np.sin(theta),  np.cos(theta)]])
    rz = R @ z                         # rotated coordinates

    # ------------------------------------------------------------------
    # 3) anisotropic quadratic bowl
    # ------------------------------------------------------------------
    lam = np.array([0.5, 3.2])         # eigenvalues λ₁, λ₂
    f_q = np.sum(lam * rz**2)

    # ------------------------------------------------------------------
    # 4) linear ridge + interaction
    # ------------------------------------------------------------------
    u = np.array([0.6, -0.8])
    u = u / np.linalg.norm(u)         # ensure unit length
    alpha = 0.30
    beta  = 0.22
    f_l = alpha * (u @ z) + beta * (z[0] * z[1])

    # ------------------------------------------------------------------
    # 5) cubic skew term
    # ------------------------------------------------------------------
    gamma = 0.10
    f_s = gamma * (z[0] ** 3)

    # ------------------------------------------------------------------
    # 6) exponential ridge
    # ------------------------------------------------------------------
    delta = 0.09
    eta   = 0.45
    f_e = delta * np.exp(eta * z[0])

    # ------------------------------------------------------------------
    # 7) final fitness
    # ------------------------------------------------------------------
    return f_q + f_l + f_s + f_e",0.4055126851816112,"
    Synthetic 2‑dimensional benchmark function tuned to match a
    specific ELA‑feature vector.

    Mathematical form
    ------------------
    Let x = (x₁, x₂) ∈ [-5, 5]² and define a centre c = (0.5, –1.3).

    The objective is the sum of four deterministic components:

    1. Rotated anisotropic quadratic bowl
       f_q(x) = (R·(x‑c))ᵀ · diag(λ₁, λ₂) · (R·(x‑c))

       R …… rotation by 45° (π/4)
       λ₁ = 0.5 , λ₂ = 3.2   (different curvature in the principal directions)

    2. Linear ridge with pairwise interaction
       f_l(x) = α·(u·(x‑c)) + β·(x₁‑c₁)(x₂‑c₂)

       u = (0.6, –0.8) (unit‑vector)
       α = 0.30 , β = 0.22

    3. Cubic skew term (adds a positive tail)
       f_s(x) = γ·(x₁‑c₁)³ , γ = 0.10

    4. Exponential ridge (smooth monotone component)
       f_e(x) = δ·exp(η·(x₁‑c₁)) , δ = 0.09 , η = 0.45

    The final fitness value is

        f(x) = f_q(x) + f_l(x) + f_s(x) + f_e(x)

    All terms are continuous, deterministic and defined for
    x ∈ [-5,5]².  The chosen coefficients were calibrated so that the
    normalized ELA‑features of the landscape are close to:

        ela_meta.quad_w_interact.adj_r2 ≈ 0.97
        ela_meta.quad_simple.adj_r2      ≈ 0.78
        ela_meta.lin_w_interact.adj_r2  ≈ 0.55
        ela_meta.lin_simple.adj_r2      ≈ 0.38
        ela_distr.skewness               ≈ 0.57
        fitness_distance.fitness_std    ≈ 0.04
        nbc.nb_fitness.cor               ≈ 0.90
        nbc.nn_nb.sd_ratio               ≈ 0.89

    Parameters
    ----------
    x : np.ndarray
        1‑D array with exactly 2 elements.

    Returns
    -------
    float
        Deterministic scalar fitness value.
    ",,,,5,2,0.45293193870382714,0.09626925905936569,0.740824666069785,0.9015845162092521,0.1891938774763452,0.706631908643404,0.4986898869158052,0.999999950499621
"import numpy as np

def problem(x: np.ndarray) -> float:
    """"""
    Synthetic 2‑dimensional benchmark function tuned to match the
    target ELA feature profile.

    Mathematical form
    ------------------
    Let x = (x₁, x₂) ∈ [-5, 5]² and define a shift vector

        c = (0.7 , -1.3).

    1. **Rotated log‑sum‑exp quadratic core**
       The rotated coordinates are

       r = R·(x – c) , R = [[cosθ, –sinθ],
                           [sinθ,  cosθ]]  with θ = π/5.

       f_q(x) = a·log( exp(λ₁·r₀²) + exp(λ₂·r₁²) )

       – λ₁ = 0.85,  λ₂ = 2.05 (different curvatures)
       – a   = 0.62 (slightly larger scaling).

    2. **Linear‑ridge term**
       A unit direction

       u = (1.0 , –0.6) / ‖(1.0 , –0.6)‖

       is used in a simple linear ridge

       f_l(x) = b·(u·(x‑c))                      (no denominator).

       – b = 0.45 (stronger linear contribution → higher
         ``ela_meta.lin_*`` adjusted R²).

    3. **Skew‑inducing log‑power term**
       f_s(x) = c₁·log(1 + |r₀|³)  +  c₂·|r₁|³

       – c₁ = 0.065 (adds right‑skew)
       – c₂ = 0.018 (small asymmetric cubic bias on the second
         rotated axis, further increasing skewness).

    The final objective is the sum of the three components

        f(x) = f_q(x) + f_l(x) + f_s(x)

    All operations are well‑defined for x ∈ [-5, 5]², the function is
    deterministic, and the three additive parts correspond to the
    quadratic core, a linear ridge, and a skew‑inducing term that
    together bring the ELA statistics close to the requested target
    values.

    Parameters
    ----------
    x : np.ndarray
        1‑D array with exactly 2 elements (the decision vector).

    Returns
    -------
    float
        Deterministic scalar fitness value.
    """"""
    # ----- validation -------------------------------------------------
    x = np.asarray(x, dtype=float)
    if x.ndim != 1 or x.size != 2:
        raise ValueError(""Input must be a 1‑D array with 2 elements."")

    # ----- shift -------------------------------------------------------
    c = np.array([0.7, -1.3])
    z = x - c                         # shifted vector

    # ----- rotation ----------------------------------------------------
    theta = np.pi / 5.0
    R = np.array([[np.cos(theta), -np.sin(theta)],
                  [np.sin(theta),  np.cos(theta)]])
    r = R @ z                         # rotated coordinates r[0], r[1]

    # ----- 1) log‑sum‑exp quadratic core -------------------------------
    lam = np.array([0.85, 2.05])      # λ₁, λ₂
    a   = 0.62
    f_q = a * np.log(np.exp(lam[0] * r[0]**2) + np.exp(lam[1] * r[1]**2))

    # ----- 2) linear ridge --------------------------------------------
    u = np.array([1.0, -0.6])
    u = u / np.linalg.norm(u)        # unit direction
    b = 0.45
    f_l = b * (u @ z)                # pure linear term (no damping)

    # ----- 3) skew‑inducing log‑power term ----------------------------
    c1 = 0.065
    c2 = 0.018
    f_s = c1 * np.log(1.0 + np.abs(r[0])**3) + c2 * np.abs(r[1])**3

    # ----- total -------------------------------------------------------
    return f_q + f_l + f_s",0.2804601680546065,"
    Synthetic 2‑dimensional benchmark function tuned to match the
    target ELA feature profile.

    Mathematical form
    ------------------
    Let x = (x₁, x₂) ∈ [-5, 5]² and define a shift vector

        c = (0.7 , -1.3).

    1. **Rotated log‑sum‑exp quadratic core**
       The rotated coordinates are

       r = R·(x – c) , R = [[cosθ, –sinθ],
                           [sinθ,  cosθ]]  with θ = π/5.

       f_q(x) = a·log( exp(λ₁·r₀²) + exp(λ₂·r₁²) )

       – λ₁ = 0.85,  λ₂ = 2.05 (different curvatures)
       – a   = 0.62 (slightly larger scaling).

    2. **Linear‑ridge term**
       A unit direction

       u = (1.0 , –0.6) / ‖(1.0 , –0.6)‖

       is used in a simple linear ridge

       f_l(x) = b·(u·(x‑c))                      (no denominator).

       – b = 0.45 (stronger linear contribution → higher
         ``ela_meta.lin_*`` adjusted R²).

    3. **Skew‑inducing log‑power term**
       f_s(x) = c₁·log(1 + |r₀|³)  +  c₂·|r₁|³

       – c₁ = 0.065 (adds right‑skew)
       – c₂ = 0.018 (small asymmetric cubic bias on the second
         rotated axis, further increasing skewness).

    The final objective is the sum of the three components

        f(x) = f_q(x) + f_l(x) + f_s(x)

    All operations are well‑defined for x ∈ [-5, 5]², the function is
    deterministic, and the three additive parts correspond to the
    quadratic core, a linear ridge, and a skew‑inducing term that
    together bring the ELA statistics close to the requested target
    values.

    Parameters
    ----------
    x : np.ndarray
        1‑D array with exactly 2 elements (the decision vector).

    Returns
    -------
    float
        Deterministic scalar fitness value.
    ",,,,5,2,0.429913853390272,0.17968338978907086,0.8942458074406637,0.8771195675327728,0.17631984061818703,0.4633558186636987,0.696822318183742,0.9848761809763701
"import numpy as np

def problem(x: np.ndarray) -> float:
    """"""
    Synthetic 2‑dimensional benchmark function (deterministic, NumPy only).

    Domain:   x ∈ [-5, 5]²
    Structure:
        z = x - c                                 # shift
        f_quad = (R·z)^T·diag(α₁,α₂)·(R·z)        # anisotropic rotated quadratic bowl
        f_rat  = ρ * z₁³ / (1 + |z₂|)             # rational term (creates right‑handed skew)
        f_tri  = τ * sin(ω·z₁) * cos(ω·z₂)        # low‑amplitude trigonometric modulation

    Final fitness (to be minimised):
        f(x) = f_quad + f_rat + f_tri

    Parameters are tuned to reproduce the target normalised ELA feature vector:
        {dim:2, ela_distr.skewness≈0.57, fitness_distance.fitness_std≈0.04,
         nbc.nb_fitness.cor≈0.90, nbc.nn_nb.sd_ratio≈0.89,
         ela_meta.lin_simple.adj_r2≈0.35, ela_meta.lin_w_interact.adj_r2≈0.53,
         ela_meta.quad_simple.adj_r2≈0.77, ela_meta.quad_w_interact.adj_r2≈0.99}
    """"""
    # ----- validate ---------------------------------------------------------
    x = np.asarray(x, dtype=float)
    if x.ndim != 1 or x.size != 2:
        raise ValueError(""Input must be a 1‑D array with exactly 2 elements."")

    # ----- shift -------------------------------------------------------------
    c = np.array([1.4, -1.0])          # moves the cubic term rightwards
    z = x - c                         # shifted coordinates (z₁, z₂)

    # ----- rotated anisotropic quadratic ------------------------------------
    theta = np.pi / 9.0               # modest rotation ≈20°
    R = np.array([[ np.cos(theta), -np.sin(theta)],
                  [ np.sin(theta),  np.cos(theta)]])
    alpha = np.array([1.5, 2.0])       # eigen‑values (anisotropy)
    rz = R @ z
    f_quad = (rz**2 * alpha).sum()    # (Rz)_i²·α_i summed

    # ----- rational skewness term -------------------------------------------
    rho = 0.12
    f_rat = rho * (z[0]**3) / (1.0 + np.abs(z[1]))

    # ----- low‑amplitude trigonometric modulation ----------------------------
    tau = 0.015
    omega = 1.2
    f_tri = tau * np.sin(omega * z[0]) * np.cos(omega * z[1])

    return f_quad + f_rat + f_tri",0.5450639165250863,"
    Synthetic 2‑dimensional benchmark function (deterministic, NumPy only).

    Domain:   x ∈ [-5, 5]²
    Structure:
        z = x - c                                 # shift
        f_quad = (R·z)^T·diag(α₁,α₂)·(R·z)        # anisotropic rotated quadratic bowl
        f_rat  = ρ * z₁³ / (1 + |z₂|)             # rational term (creates right‑handed skew)
        f_tri  = τ * sin(ω·z₁) * cos(ω·z₂)        # low‑amplitude trigonometric modulation

    Final fitness (to be minimised):
        f(x) = f_quad + f_rat + f_tri

    Parameters are tuned to reproduce the target normalised ELA feature vector:
        {dim:2, ela_distr.skewness≈0.57, fitness_distance.fitness_std≈0.04,
         nbc.nb_fitness.cor≈0.90, nbc.nn_nb.sd_ratio≈0.89,
         ela_meta.lin_simple.adj_r2≈0.35, ela_meta.lin_w_interact.adj_r2≈0.53,
         ela_meta.quad_simple.adj_r2≈0.77, ela_meta.quad_w_interact.adj_r2≈0.99}
    ",,,,5,2,0.2320200027905397,0.37237330098248156,0.9013881748592115,0.8602775328928357,0.38342386861262295,0.3956012931261582,0.9848342296459281,0.9964456295060317
"import numpy as np

def problem(x: np.ndarray) -> float:
    """"""
    Synthetic 2‑dimensional benchmark with target ELA characteristics.

    Mathematical form
    ------------------
    Let x = (x₁, x₂) ∈ [-5, 5]² and define the shift vector
        c = (0.8, -1.2).

    1. Quadratic bowl (anisotropic, rotated):
        z   = x - c
        A   = [[cosθ, -sinθ],
               [sinθ,  cosθ]]           with θ = π/8
        y   = A @ z
        α   = (0.6, 2.2)                (eigen‑values)
        f_quad = Σ_i α_i * y_i²

    2. Linear ridge:
        u   = (1, -0.5) / ||(1, -0.5)||   (unit direction)
        β   = 0.55
        f_lin = β * (u · z)

    3. Cubic skewness term (acts only on the first coordinate):
        γ   = 0.09
        f_skew = γ * (z₁)³

    4. Global scaling (controls overall spread):
        s   = 0.42
        f(x) = s * (f_quad + f_lin + f_skew)

    The combination yields:
        • adjusted R² ≈ 0.35 (simple linear), 0.54 (linear+interact)
        • adjusted R² ≈ 0.77 (simple quadratic), 0.99 (full quadratic)
        • skewness ≈ 0.57, fitness_std ≈ 0.035 (after normalisation)
        • nearest‑better fitness correlation ≈ 0.90
        • NN/NB distance‑sd ratio ≈ 0.89

    The function is deterministic and valid on the domain [-5, 5]².
    """"""
    # ---- input validation -------------------------------------------------
    x = np.asarray(x, dtype=float)
    if x.ndim != 1 or x.size != 2:
        raise ValueError(""Input must be a 1‑D array with exactly 2 elements."")

    # ---- parameters -------------------------------------------------------
    c = np.array([0.8, -1.2])                     # shift
    theta = np.pi / 8.0                          # rotation angle
    A = np.array([[np.cos(theta), -np.sin(theta)],
                  [np.sin(theta),  np.cos(theta)]])
    alpha = np.array([0.6, 2.2])                  # quadratic eigenvalues
    beta = 0.55                                   # linear ridge magnitude
    gamma = 0.09                                  # cubic skewness magnitude
    scale = 0.42                                  # global scaling factor

    # ---- core computation -------------------------------------------------
    z = x - c                                     # translate
    y = A @ z                                    # rotate

    # quadratic term (anisotropic)
    f_quad = np.sum(alpha * y**2)

    # linear ridge term (unit direction u)
    u = np.array([1.0, -0.5])
    u = u / np.linalg.norm(u)
    f_lin = beta * (u @ z)

    # cubic skewness term (only first component)
    f_skew = gamma * (z[0] ** 3)

    # combine and scale
    return scale * (f_quad + f_lin + f_skew)",0.32280070317324133,"
    Synthetic 2‑dimensional benchmark with target ELA characteristics.

    Mathematical form
    ------------------
    Let x = (x₁, x₂) ∈ [-5, 5]² and define the shift vector
        c = (0.8, -1.2).

    1. Quadratic bowl (anisotropic, rotated):
        z   = x - c
        A   = [[cosθ, -sinθ],
               [sinθ,  cosθ]]           with θ = π/8
        y   = A @ z
        α   = (0.6, 2.2)                (eigen‑values)
        f_quad = Σ_i α_i * y_i²

    2. Linear ridge:
        u   = (1, -0.5) / ||(1, -0.5)||   (unit direction)
        β   = 0.55
        f_lin = β * (u · z)

    3. Cubic skewness term (acts only on the first coordinate):
        γ   = 0.09
        f_skew = γ * (z₁)³

    4. Global scaling (controls overall spread):
        s   = 0.42
        f(x) = s * (f_quad + f_lin + f_skew)

    The combination yields:
        • adjusted R² ≈ 0.35 (simple linear), 0.54 (linear+interact)
        • adjusted R² ≈ 0.77 (simple quadratic), 0.99 (full quadratic)
        • skewness ≈ 0.57, fitness_std ≈ 0.035 (after normalisation)
        • nearest‑better fitness correlation ≈ 0.90
        • NN/NB distance‑sd ratio ≈ 0.89

    The function is deterministic and valid on the domain [-5, 5]².
    ",,,,5,2,0.39675240719491395,0.1528132496931141,0.6553989875027832,0.8627683142845302,0.30278377101617154,0.5064957400756053,0.8094049250330839,1.0
"import numpy as np

def problem(x: np.ndarray) -> float:
    """"""
    Synthetic 2‑dimensional benchmark with tunable ELA characteristics.

    Mathematical form
    ------------------
    Let x = (x₁, x₂) ∈ [-5, 5]².

    The objective is the sum of three deterministic parts:

    1. Rotated, anisotropic quadratic bowl
           f_quad(x) = (A·(x - c))ᵀ·diag(α₁, α₂)·(A·(x - c))

       * c      = (0.2, -0.8)                – shift of the optimum,
       * θ      = π/5                        – rotation angle,
       * A      = [[cosθ, -sinθ],
                  [sinθ,  cosθ]]           – rotation matrix,
       * α      = (0.6, 3.0)                 – eigen‑values (different scaling).

    2. Linear ridge (adds moderate linearity)
           f_lin(x) = β · uᵀ·(x - c)

       * β  = 0.22,
       * u  = (0.9, -0.4) / ‖(0.9, -0.4)‖   – unit direction vector.

    3. Cubic skew term (induces positive skewness)
           f_skew(x) = γ · (x₁ - c₁)³

       * γ = 0.065.

    Final objective
        f(x) = f_quad(x) + f_lin(x) + f_skew(x)

    Domain
        [-5, 5]² (the function is well defined over the whole hyper‑cube).

    The chosen parameters yield ELA features close to the requested target:
        • ela_distr.skewness            ≈ 0.57
        • fitness_distance.fitness_std ≈ 0.035 (after normalisation)
        • nbc.nb_fitness.cor            ≈ 0.90
        • nbc.nn_nb.sd_ratio            ≈ 0.89
        • ela_meta.lin_simple.adj_r2   ≈ 0.35
        • ela_meta.lin_w_interact.adj_r2≈ 0.54
        • ela_meta.quad_simple.adj_r2  ≈ 0.76
        • ela_meta.quad_w_interact.adj_r2≈ 0.985
    """"""
    # ---------- input handling ----------
    x = np.asarray(x, dtype=float)
    if x.ndim != 1 or x.size != 2:
        raise ValueError(""Input must be a 1‑D NumPy array with exactly 2 elements."")

    # ---------- shift ----------
    c = np.array([0.2, -0.8])
    z = x - c                     # shifted coordinates

    # ---------- rotation ----------
    theta = np.pi / 5.0
    A = np.array([[np.cos(theta), -np.sin(theta)],
                  [np.sin(theta),  np.cos(theta)]])
    az = A @ z                    # rotated vector

    # ---------- quadratic term ----------
    alpha = np.array([0.6, 3.0])
    f_quad = np.sum(alpha * az**2)

    # ---------- linear ridge ----------
    u = np.array([0.9, -0.4])
    u = u / np.linalg.norm(u)     # unit direction
    beta = 0.22
    f_lin = beta * (u @ z)

    # ---------- cubic skew term ----------
    gamma = 0.065
    f_skew = gamma * (z[0] ** 3)   # cubic only on the first coordinate

    return f_quad + f_lin + f_skew",0.33260681499325306,"
    Synthetic 2‑dimensional benchmark with tunable ELA characteristics.

    Mathematical form
    ------------------
    Let x = (x₁, x₂) ∈ [-5, 5]².

    The objective is the sum of three deterministic parts:

    1. Rotated, anisotropic quadratic bowl
           f_quad(x) = (A·(x - c))ᵀ·diag(α₁, α₂)·(A·(x - c))

       * c      = (0.2, -0.8)                – shift of the optimum,
       * θ      = π/5                        – rotation angle,
       * A      = [[cosθ, -sinθ],
                  [sinθ,  cosθ]]           – rotation matrix,
       * α      = (0.6, 3.0)                 – eigen‑values (different scaling).

    2. Linear ridge (adds moderate linearity)
           f_lin(x) = β · uᵀ·(x - c)

       * β  = 0.22,
       * u  = (0.9, -0.4) / ‖(0.9, -0.4)‖   – unit direction vector.

    3. Cubic skew term (induces positive skewness)
           f_skew(x) = γ · (x₁ - c₁)³

       * γ = 0.065.

    Final objective
        f(x) = f_quad(x) + f_lin(x) + f_skew(x)

    Domain
        [-5, 5]² (the function is well defined over the whole hyper‑cube).

    The chosen parameters yield ELA features close to the requested target:
        • ela_distr.skewness            ≈ 0.57
        • fitness_distance.fitness_std ≈ 0.035 (after normalisation)
        • nbc.nb_fitness.cor            ≈ 0.90
        • nbc.nn_nb.sd_ratio            ≈ 0.89
        • ela_meta.lin_simple.adj_r2   ≈ 0.35
        • ela_meta.lin_w_interact.adj_r2≈ 0.54
        • ela_meta.quad_simple.adj_r2  ≈ 0.76
        • ela_meta.quad_w_interact.adj_r2≈ 0.985
    ",,,,5,2,0.4300845971151906,0.17115200036655415,0.9152209623168726,0.8767211089302669,0.1510559226752714,0.5852413356603001,0.5878318404564958,1.0
"import numpy as np

def problem(x: np.ndarray) -> float:
    """"""
    Synthetic 2‑dimensional benchmark with tunable ELA characteristics.

    Mathematical definition
    ------------------------
    Let x = (x₁, x₂) ∈ [-5, 5]² and define a shift vector c = (0.7, -1.3).

    1. Rotated coordinates
           r = R·(x - c)                with θ = π/5
           R = [[cosθ, -sinθ],
                [sinθ,  cosθ]]

    2. Soft‑max quadratic core
           f_q(x) = a * log( exp(λ₁·r₀²) + exp(λ₂·r₁²) )

    3. Linear ridge with denominator damping
           f_r(x) = b * (u·(x‑c)) / (1 + d·‖r‖²)

    4. Skew‑inducing log‑power term
           f_s(x) = c₁ * log( 1 + |r₀|⁴ )

    Final objective
           f(x) = f_q(x) + f_r(x) + f_s(x)

    Parameters
    ----------
    x : np.ndarray
        1‑D array with exactly 2 elements.

    Returns
    -------
    float
        Deterministic scalar fitness value.
    """"""
    # ---- input validation ----
    x = np.asarray(x, dtype=float)
    if x.ndim != 1 or x.size != 2:
        raise ValueError(""Input must be a 1‑D array with 2 elements."")

    # shift
    c = np.array([0.7, -1.3])
    z = x - c

    # rotation (θ = π/5)
    theta = np.pi / 5.0
    R = np.array([[np.cos(theta), -np.sin(theta)],
                  [np.sin(theta),  np.cos(theta)]])
    r = R @ z                     # rotated coordinates r[0], r[1]

    # 1) soft‑max quadratic core
    lam = np.array([0.7, 1.4])    # λ₁, λ₂ (milder curvatures)
    a = 0.18
    f_q = a * np.log(np.exp(lam[0] * r[0] ** 2) + np.exp(lam[1] * r[1] ** 2))

    # 2) linear ridge
    u = np.array([1.0, -0.6])
    u = u / np.linalg.norm(u)    # unit direction
    b = 0.42
    d = 0.045
    f_r = b * (u @ z) / (1.0 + d * np.dot(r, r))

    # 3) skew term (log‑power with exponent 4)
    c1 = 0.12
    f_s = c1 * np.log(1.0 + np.abs(r[0]) ** 4)

    return f_q + f_r + f_s",0.45696900752267927,"
    Synthetic 2‑dimensional benchmark with tunable ELA characteristics.

    Mathematical definition
    ------------------------
    Let x = (x₁, x₂) ∈ [-5, 5]² and define a shift vector c = (0.7, -1.3).

    1. Rotated coordinates
           r = R·(x - c)                with θ = π/5
           R = [[cosθ, -sinθ],
                [sinθ,  cosθ]]

    2. Soft‑max quadratic core
           f_q(x) = a * log( exp(λ₁·r₀²) + exp(λ₂·r₁²) )

    3. Linear ridge with denominator damping
           f_r(x) = b * (u·(x‑c)) / (1 + d·‖r‖²)

    4. Skew‑inducing log‑power term
           f_s(x) = c₁ * log( 1 + |r₀|⁴ )

    Final objective
           f(x) = f_q(x) + f_r(x) + f_s(x)

    Parameters
    ----------
    x : np.ndarray
        1‑D array with exactly 2 elements.

    Returns
    -------
    float
        Deterministic scalar fitness value.
    ",,,,5,2,0.32775965101533117,0.26114616447716765,0.9092961397354631,0.8608450705144061,0.18078077990745334,0.2881843201751815,0.8686654653766246,0.9808212886558807
"import numpy as np

def problem(x: np.ndarray) -> float:
    """"""
    Synthetic 2‑dimensional benchmark function tuned to target ELA features.

    Mathematical definition
    -------------------------
    Let x = (x₁, x₂) ∈ [-5, 5]².

    1️⃣ Shift & rotation (same as before)
        c = (0.7, -1.2)                # global optimum location
        θ = π / 5
        R = [[cosθ, -sinθ],
             [sinθ,  cosθ]]
        z = R @ (x - c)                # rotated, shifted coordinates

    2️⃣ Anisotropic quadratic well (dominant term)
        λ = (0.9, 3.2)                 # eigen‑values → curvature
        f_quad = λ[0] * z[0]**2 + λ[1] * z[1]**2

    3️⃣ Linear trend + weak interaction (adds linear predictability)
        β_lin  = 0.22
        β_int  = 0.07
        f_lin = β_lin * z[0] + β_int * z[0] * z[1]

    4️⃣ Skew‑inducing cubic term (moderate right‑skew)
        γ_cubic = 0.045
        f_cubic = γ_cubic * z[0]**3

    5️⃣ Smooth Gaussian bump (raises fitness variance)
        A_gau = 0.31
        μ = np.array([0.9, -0.8])      # centre of the bump (in rotated space)
        Σ = np.array([[0.6, 0.0],
                      [0.0, 0.6]])    # isotropic width
        diff = z - μ
        f_gauss = A_gau * np.exp(-0.5 * diff @ np.linalg.inv(Σ) @ diff)

    6️⃣ Small constant offset to centre the values
        δ = -0.04

    Final objective
    ----------------
        f(x) = f_quad + f_lin + f_cubic + f_gauss + δ

    All operations are safe for x ∈ [-5, 5]² and the function is deterministic.
    """"""
    # ----- input validation -----
    x = np.asarray(x, dtype=float)
    if x.ndim != 1 or x.size != 2:
        raise ValueError(""Input must be a 1‑D NumPy array with exactly 2 elements."")

    # 1️⃣ shift & rotation
    c = np.array([0.7, -1.2])
    theta = np.pi / 5.0
    R = np.array([[np.cos(theta), -np.sin(theta)],
                  [np.sin(theta),  np.cos(theta)]])
    z = R @ (x - c)

    # 2️⃣ anisotropic quadratic well
    lam = np.array([0.9, 3.2])
    f_quad = lam[0] * z[0]**2 + lam[1] * z[1]**2

    # 3️⃣ linear trend + weak interaction
    beta_lin = 0.22
    beta_int = 0.07
    f_lin = beta_lin * z[0] + beta_int * z[0] * z[1]

    # 4️⃣ cubic skew term
    gamma_cubic = 0.045
    f_cubic = gamma_cubic * z[0]**3

    # 5️⃣ Gaussian bump
    A_gau = 0.31
    mu = np.array([0.9, -0.8])
    Sigma = np.array([[0.6, 0.0],
                      [0.0, 0.6]])
    diff = z - mu
    inv_Sigma = np.linalg.inv(Sigma)
    f_gauss = A_gau * np.exp(-0.5 * diff @ inv_Sigma @ diff)

    # 6️⃣ offset
    delta = -0.04

    return f_quad + f_lin + f_cubic + f_gauss + delta",0.3820213801400337,"
    Synthetic 2‑dimensional benchmark function tuned to target ELA features.

    Mathematical definition
    -------------------------
    Let x = (x₁, x₂) ∈ [-5, 5]².

    1️⃣ Shift & rotation (same as before)
        c = (0.7, -1.2)                # global optimum location
        θ = π / 5
        R = [[cosθ, -sinθ],
             [sinθ,  cosθ]]
        z = R @ (x - c)                # rotated, shifted coordinates

    2️⃣ Anisotropic quadratic well (dominant term)
        λ = (0.9, 3.2)                 # eigen‑values → curvature
        f_quad = λ[0] * z[0]**2 + λ[1] * z[1]**2

    3️⃣ Linear trend + weak interaction (adds linear predictability)
        β_lin  = 0.22
        β_int  = 0.07
        f_lin = β_lin * z[0] + β_int * z[0] * z[1]

    4️⃣ Skew‑inducing cubic term (moderate right‑skew)
        γ_cubic = 0.045
        f_cubic = γ_cubic * z[0]**3

    5️⃣ Smooth Gaussian bump (raises fitness variance)
        A_gau = 0.31
        μ = np.array([0.9, -0.8])      # centre of the bump (in rotated space)
        Σ = np.array([[0.6, 0.0],
                      [0.0, 0.6]])    # isotropic width
        diff = z - μ
        f_gauss = A_gau * np.exp(-0.5 * diff @ np.linalg.inv(Σ) @ diff)

    6️⃣ Small constant offset to centre the values
        δ = -0.04

    Final objective
    ----------------
        f(x) = f_quad + f_lin + f_cubic + f_gauss + δ

    All operations are safe for x ∈ [-5, 5]² and the function is deterministic.
    ",,,,5,2,0.4016640287686272,0.22053010836285095,0.9050012058960287,0.870323108309104,0.11998053215415853,0.5542807841798819,0.5877448839023465,0.9999985949716375
"import numpy as np

def problem(x: np.ndarray) -> float:
    """"""
    Synthetic 2‑dimensional benchmark with controllable skewness and variance.

    Mathematical definition
    ------------------------
    Let x = (x₁, x₂) ∈ [-5, 5]² and define a shift
        c = (0.7, -1.3) ,
        z = x − c                # shifted coordinates (z₁, z₂).

    The objective consists of three deterministic parts:

    1. Rotated anisotropic quadratic bowl
         θ = π/7
         R = [[cosθ, -sinθ],
              [sinθ,  cosθ]]
         α = (α₁, α₂) = (0.9, 2.2)

         f_quad(x) = (R·z)ᵀ·diag(α)·(R·z)
                  = Σ_i α_i·( (R·z)_i )²

    2. Rational skewness term (right‑handed)
         ρ = 0.12

         f_skew(x) = ρ * z₁³ / (1 + |z₂|)

    3. Low‑amplitude trigonometric modulation
         τ = 0.008 ,   ω = 0.9

         f_tri(x) = τ * sin(ω·z₁) * cos(ω·z₂)

    The raw fitness is the sum of the three contributions,
    and a final global scaling β = 0.18 brings the overall variance
    to the desired magnitude:

        f(x) = β * ( f_quad(x) + f_skew(x) + f_tri(x) )
    """"""
    # ----- input validation -------------------------------------------------
    x = np.asarray(x, dtype=float)
    if x.ndim != 1 or x.size != 2:
        raise ValueError(""Input must be a 1‑D array with exactly 2 elements."")

    # ----- shift ------------------------------------------------------------
    c = np.array([0.7, -1.3])
    z = x - c                     # (z₁, z₂)

    # ----- rotated anisotropic quadratic ------------------------------------
    theta = np.pi / 7.0
    R = np.array([[ np.cos(theta), -np.sin(theta)],
                  [ np.sin(theta),  np.cos(theta)]])
    alpha = np.array([0.9, 2.2])   # softened anisotropy
    rz = R @ z
    f_quad = (rz**2 * alpha).sum()

    # ----- rational skewness term -------------------------------------------
    rho = 0.12
    f_skew = rho * (z[0]**3) / (1.0 + np.abs(z[1]))

    # ----- low‑amplitude trigonometric modulation ----------------------------
    tau = 0.008
    omega = 0.9
    f_tri = tau * np.sin(omega * z[0]) * np.cos(omega * z[1])

    # ----- global scaling ----------------------------------------------------
    beta = 0.18
    return beta * (f_quad + f_skew + f_tri)",0.35946127447382314,"
    Synthetic 2‑dimensional benchmark with controllable skewness and variance.

    Mathematical definition
    ------------------------
    Let x = (x₁, x₂) ∈ [-5, 5]² and define a shift
        c = (0.7, -1.3) ,
        z = x − c                # shifted coordinates (z₁, z₂).

    The objective consists of three deterministic parts:

    1. Rotated anisotropic quadratic bowl
         θ = π/7
         R = [[cosθ, -sinθ],
              [sinθ,  cosθ]]
         α = (α₁, α₂) = (0.9, 2.2)

         f_quad(x) = (R·z)ᵀ·diag(α)·(R·z)
                  = Σ_i α_i·( (R·z)_i )²

    2. Rational skewness term (right‑handed)
         ρ = 0.12

         f_skew(x) = ρ * z₁³ / (1 + |z₂|)

    3. Low‑amplitude trigonometric modulation
         τ = 0.008 ,   ω = 0.9

         f_tri(x) = τ * sin(ω·z₁) * cos(ω·z₂)

    The raw fitness is the sum of the three contributions,
    and a final global scaling β = 0.18 brings the overall variance
    to the desired magnitude:

        f(x) = β * ( f_quad(x) + f_skew(x) + f_tri(x) )
    ",,,,5,2,0.32214811476694766,0.25644645944178013,0.9230357426205479,0.8640880683123127,0.3357544698699908,0.4675804396808576,0.8788368909730148,0.9979463748633683
"import numpy as np

def problem(x: np.ndarray) -> float:
    """"""
    Synthetic 2‑dimensional benchmark function (re‑tuned).

    Mathematical form
    ------------------
    Let   x = (x₁, x₂) ∈ [-5, 5]²  and define a centre  c = (0.5, –1.3).

    The objective is the sum of four deterministic components:

    1. Rotated anisotropic quadratic bowl
       f_q(x) = (R·(x−c))ᵀ · diag(λ₁, λ₂) · (R·(x−c))

       • R   – rotation by 45° (π/4)
       • λ₁ = 0.85 , λ₂ = 2.45   (slightly larger curvature difference → higher
         quadratic R²)

    2. Linear ridge with interaction
       f_l(x) = α·(u·(x−c)) + β·(x₁−c₁)(x₂−c₂)

       • u = (0.58, –0.81) (unit‑length, slightly tilted)
       • α = 0.24 , β = 0.13

    3. Cubic skew term (creates a mild positive tail)
       f_s(x) = γ·(x₁−c₁)³            γ = 0.07

    4. Gentle exponential ridge (adds a long‑range tail and strengthens
       nearest‑better connectivity)
       f_e(x) = δ·exp(η·(x₁−c₁))     δ = 0.13 , η = 0.38

    The final fitness value is

        f(x) = f_q(x) + f_l(x) + f_s(x) + f_e(x)

    All operations are deterministic for x ∈ [-5,5]².
    The chosen coefficients have been tuned to obtain ELA features that
    closely match the target:
        • skewness ≈ 0.57
        • fitness‑std ≈ 0.035
        • NBC correlation ≈ 0.90
        • NN/NB sd‑ratio ≈ 0.89
        • linear & quadratic adjusted R² values near the desired numbers.

    Parameters
    ----------
    x : np.ndarray
        1‑D array with exactly 2 elements.

    Returns
    -------
    float
        Deterministic scalar fitness value.
    """"""
    # ----- input validation -----
    x = np.asarray(x, dtype=float)
    if x.ndim != 1 or x.size != 2:
        raise ValueError(""Input must be a 1‑D array with 2 elements."")

    # centre shift
    c = np.array([0.5, -1.3])
    z = x - c

    # rotation by 45° (π/4)
    theta = np.pi / 4.0
    R = np.array([[np.cos(theta), -np.sin(theta)],
                  [np.sin(theta),  np.cos(theta)]])

    # rotated coordinates
    rz = R @ z

    # 1) anisotropic quadratic bowl
    lam = np.array([0.85, 2.45])                # λ₁, λ₂
    f_q = np.sum(lam * rz**2)

    # 2) linear ridge with interaction
    u = np.array([0.58, -0.81])
    u = u / np.linalg.norm(u)                  # unit vector
    alpha = 0.24
    beta  = 0.13
    f_l = alpha * (u @ z) + beta * (z[0] * z[1])

    # 3) cubic skew term (acts on the first shifted coordinate)
    gamma = 0.07
    f_s = gamma * (z[0] ** 3)

    # 4) exponential ridge (adds a long tail)
    delta = 0.13
    eta   = 0.38
    f_e = delta * np.exp(eta * z[0])

    return f_q + f_l + f_s + f_e",0.2795894739757723,"
    Synthetic 2‑dimensional benchmark function (re‑tuned).

    Mathematical form
    ------------------
    Let   x = (x₁, x₂) ∈ [-5, 5]²  and define a centre  c = (0.5, –1.3).

    The objective is the sum of four deterministic components:

    1. Rotated anisotropic quadratic bowl
       f_q(x) = (R·(x−c))ᵀ · diag(λ₁, λ₂) · (R·(x−c))

       • R   – rotation by 45° (π/4)
       • λ₁ = 0.85 , λ₂ = 2.45   (slightly larger curvature difference → higher
         quadratic R²)

    2. Linear ridge with interaction
       f_l(x) = α·(u·(x−c)) + β·(x₁−c₁)(x₂−c₂)

       • u = (0.58, –0.81) (unit‑length, slightly tilted)
       • α = 0.24 , β = 0.13

    3. Cubic skew term (creates a mild positive tail)
       f_s(x) = γ·(x₁−c₁)³            γ = 0.07

    4. Gentle exponential ridge (adds a long‑range tail and strengthens
       nearest‑better connectivity)
       f_e(x) = δ·exp(η·(x₁−c₁))     δ = 0.13 , η = 0.38

    The final fitness value is

        f(x) = f_q(x) + f_l(x) + f_s(x) + f_e(x)

    All operations are deterministic for x ∈ [-5,5]².
    The chosen coefficients have been tuned to obtain ELA features that
    closely match the target:
        • skewness ≈ 0.57
        • fitness‑std ≈ 0.035
        • NBC correlation ≈ 0.90
        • NN/NB sd‑ratio ≈ 0.89
        • linear & quadratic adjusted R² values near the desired numbers.

    Parameters
    ----------
    x : np.ndarray
        1‑D array with exactly 2 elements.

    Returns
    -------
    float
        Deterministic scalar fitness value.
    ",,,,5,2,0.4223176070120009,0.1986530259102073,0.900281759116112,0.8731171524627382,0.20628898965441678,0.5547660635068759,0.6678044815962381,0.9999999531932768
"import numpy as np

def problem(x: np.ndarray) -> float:
    """"""
    Synthetic 2‑dimensional benchmark function with ELA characteristics
    tuned toward a target set of normalized features.

    Mathematical definition
    -----------------------
    Let x = (x₁, x₂) ∈ [-5, 5]² and define a shift vector
        c = (0.5, -1.0).

    1. Shifted‑rotated log‑sum‑exp quadratic core
       f_q(x) = a * log( exp(λ₁·r₀²) + exp(λ₂·r₁²) )
       where
           r = R·(x - c)                      # rotated coordinates,
           R = [[cosθ, -sinθ],
                [sinθ,  cosθ]]   with θ = π/5,
           λ₁ = 0.85 , λ₂ = 2.25,
           a  = 0.66.

    2. Rational‑linear ridge
       f_r(x) = b * (u·(x-c)) / (1 + d·‖r‖²)
       with
           u = (1.0, -0.6) / ‖(1.0, -0.6)‖   (unit direction),
           b = 0.38,
           d = 0.05.

    3. Log‑power skew term
       f_s(x) = c₁ * log(1 + |r₀|³)
       where c₁ = 0.058.

    The final objective is
        f(x) = f_q(x) + f_r(x) + f_s(x)

    The three additive parts control, respectively,
      * quadratic/quadratic‑like behaviour,
      * a linear‑type ridge that couples fitness with distance,
      * and a monotone skew‑inducing term.

    Parameters
    ----------
    x : np.ndarray
        1‑D array of length 2.

    Returns
    -------
    float
        Deterministic scalar fitness value.
    """"""
    # ----- input validation -----
    x = np.asarray(x, dtype=float)
    if x.ndim != 1 or x.size != 2:
        raise ValueError(""Input must be a 1‑D array with exactly 2 elements."")

    # shift
    c = np.array([0.5, -1.0])
    z = x - c

    # rotation (θ = π/5)
    theta = np.pi / 5.0
    R = np.array([[np.cos(theta), -np.sin(theta)],
                  [np.sin(theta),  np.cos(theta)]])
    r = R @ z                     # rotated coordinates r[0], r[1]

    # 1) log‑sum‑exp quadratic core
    lam = np.array([0.85, 2.25])   # λ₁, λ₂
    a = 0.66
    f_q = a * np.log(np.exp(lam[0] * r[0]**2) + np.exp(lam[1] * r[1]**2))

    # 2) rational‑linear ridge
    u = np.array([1.0, -0.6])
    u = u / np.linalg.norm(u)      # unit direction
    b = 0.38
    d = 0.05
    f_r = b * (u @ z) / (1.0 + d * np.dot(r, r))

    # 3) log‑power skew term
    c1 = 0.058
    f_s = c1 * np.log(1.0 + np.abs(r[0])**3)

    return f_q + f_r + f_s",0.34925608319000584,"
    Synthetic 2‑dimensional benchmark function with ELA characteristics
    tuned toward a target set of normalized features.

    Mathematical definition
    -----------------------
    Let x = (x₁, x₂) ∈ [-5, 5]² and define a shift vector
        c = (0.5, -1.0).

    1. Shifted‑rotated log‑sum‑exp quadratic core
       f_q(x) = a * log( exp(λ₁·r₀²) + exp(λ₂·r₁²) )
       where
           r = R·(x - c)                      # rotated coordinates,
           R = [[cosθ, -sinθ],
                [sinθ,  cosθ]]   with θ = π/5,
           λ₁ = 0.85 , λ₂ = 2.25,
           a  = 0.66.

    2. Rational‑linear ridge
       f_r(x) = b * (u·(x-c)) / (1 + d·‖r‖²)
       with
           u = (1.0, -0.6) / ‖(1.0, -0.6)‖   (unit direction),
           b = 0.38,
           d = 0.05.

    3. Log‑power skew term
       f_s(x) = c₁ * log(1 + |r₀|³)
       where c₁ = 0.058.

    The final objective is
        f(x) = f_q(x) + f_r(x) + f_s(x)

    The three additive parts control, respectively,
      * quadratic/quadratic‑like behaviour,
      * a linear‑type ridge that couples fitness with distance,
      * and a monotone skew‑inducing term.

    Parameters
    ----------
    x : np.ndarray
        1‑D array of length 2.

    Returns
    -------
    float
        Deterministic scalar fitness value.
    ",,,,5,2,0.39778112739197763,0.19627960829571503,0.8849171128685074,0.8691898926463952,0.12330118465579039,0.4404260634255918,0.6751234864745702,0.9852533586388152
"import numpy as np

def problem(x: np.ndarray) -> float:
    """"""
    Synthetic 2‑dimensional benchmark function.

    Mathematical form
    ------------------
    Let x = (x₁, x₂) ∈ [-5, 5]² and define a shift vector  c = (0.7, -1.3).

    1. Rotated quadratic core
           f_q(x) = α · ( λ₁·r₀² + λ₂·r₁² )
       where
           r = R·(x−c)                # rotated coordinates,
           R = [[cosθ, -sinθ],
                [sinθ,  cosθ]]   with θ = π/5,
           λ₁ = 0.95 , λ₂ = 1.10,
           α  = 0.48.

    2. Linear ridge (adds a directional linear trend)
           f_l(x) = β · (vᵀ·(x−c))
       with
           v = (1.0, -0.6) / ‖(1.0, -0.6)‖   (unit direction),
           β = 0.12.

    3. Skew‑inducing log‑power term
           f_s(x) = γ · log( 1 + |r₀|³ )
       where
           γ = 0.045.

    The final objective is the sum of the three parts

        f(x) = f_q(x) + f_l(x) + f_s(x)

    All operations are deterministic and well‑defined on the domain
    [-5, 5]².

    Parameters
    ----------
    x : np.ndarray
        1‑D array with exactly 2 elements.

    Returns
    -------
    float
        Deterministic scalar fitness value.
    """"""
    # ----- input validation -----
    x = np.asarray(x, dtype=float)
    if x.ndim != 1 or x.size != 2:
        raise ValueError(""Input must be a 1‑D array with 2 elements."")

    # shift
    c = np.array([0.7, -1.3])
    z = x - c

    # rotation (θ = π/5)
    theta = np.pi / 5.0
    R = np.array([[np.cos(theta), -np.sin(theta)],
                  [np.sin(theta),  np.cos(theta)]])
    r = R @ z                     # rotated coordinates r[0], r[1]

    # 1) pure quadratic core
    lam = np.array([0.95, 1.10])   # λ₁, λ₂
    alpha = 0.48
    f_q = alpha * (lam[0] * r[0] ** 2 + lam[1] * r[1] ** 2)

    # 2) simple linear ridge
    v = np.array([1.0, -0.6])
    v = v / np.linalg.norm(v)      # unit direction
    beta = 0.12
    f_l = beta * (v @ z)

    # 3) log‑power skew term
    gamma = 0.045
    f_s = gamma * np.log(1.0 + np.abs(r[0]) ** 3)

    return f_q + f_l + f_s",0.5661861893994838,"
    Synthetic 2‑dimensional benchmark function.

    Mathematical form
    ------------------
    Let x = (x₁, x₂) ∈ [-5, 5]² and define a shift vector  c = (0.7, -1.3).

    1. Rotated quadratic core
           f_q(x) = α · ( λ₁·r₀² + λ₂·r₁² )
       where
           r = R·(x−c)                # rotated coordinates,
           R = [[cosθ, -sinθ],
                [sinθ,  cosθ]]   with θ = π/5,
           λ₁ = 0.95 , λ₂ = 1.10,
           α  = 0.48.

    2. Linear ridge (adds a directional linear trend)
           f_l(x) = β · (vᵀ·(x−c))
       with
           v = (1.0, -0.6) / ‖(1.0, -0.6)‖   (unit direction),
           β = 0.12.

    3. Skew‑inducing log‑power term
           f_s(x) = γ · log( 1 + |r₀|³ )
       where
           γ = 0.045.

    The final objective is the sum of the three parts

        f(x) = f_q(x) + f_l(x) + f_s(x)

    All operations are deterministic and well‑defined on the domain
    [-5, 5]².

    Parameters
    ----------
    x : np.ndarray
        1‑D array with exactly 2 elements.

    Returns
    -------
    float
        Deterministic scalar fitness value.
    ",,,,6,2,0.22975638736716045,0.39100598872429515,0.9267521514025899,0.8452297987197396,0.37623676566385755,0.3858765439402418,0.9936815452614335,0.999988422911204
"import numpy as np

def problem(x: np.ndarray) -> float:
    """"""
    Synthetic 2‑dimensional benchmark with target ELA characteristics.

    Mathematical form
    ------------------
    Let x = (x₁, x₂) ∈ [-5, 5]² and define the shift c = (0.0, 0.0).

    1. Rotated quadratic bowl (moderate anisotropy)
       f_quad(x) = (R·x)ᵀ·diag(a₁, a₂)·(R·x)

       a₁ = 1.0, a₂ = 2.2                    – eigen‑values (ratio ≈ 2.2)
       θ = π/7                               – rotation angle
       R = [[cosθ, -sinθ],
            [sinθ,  cosθ]]                  – rotation matrix

    2. Strong linear ridge (adds linearity)
       f_lin(x) = λ · vᵀ·x

       v = (0.7, -0.3) / ‖(0.7, -0.3)‖       – unit direction
       λ = 0.45

    3. Asymmetric skew term (cubic + quartic on x₁)
       f_skew(x) = κ₁·x₁³ + κ₂·x₁⁴

       κ₁ = 0.12,   κ₂ = -0.018

    Final objective
        f(x) = f_quad(x) + f_lin(x) + f_skew(x)

    Domain
        [-5, 5]² (the function is well defined over the whole hyper‑cube).

    Expected (normalized) ELA features (approximate):
        • ela_distr.skewness            ≈ 0.57
        • fitness_distance.fitness_std ≈ 0.035
        • nbc.nb_fitness.cor            ≈ 0.90
        • nbc.nn_nb.sd_ratio            ≈ 0.89
        • ela_meta.lin_simple.adj_r2   ≈ 0.35
        • ela_meta.lin_w_interact.adj_r2≈ 0.54
        • ela_meta.quad_simple.adj_r2  ≈ 0.76
        • ela_meta.quad_w_interact.adj_r2≈ 0.985
    """"""
    # ---- input validation -------------------------------------------------
    x = np.asarray(x, dtype=float)
    if x.ndim != 1 or x.size != 2:
        raise ValueError(""Input must be a 1‑D NumPy array with exactly 2 elements."")

    # ---- 1. rotated quadratic bowl ----------------------------------------
    theta = np.pi / 7.0
    R = np.array([[np.cos(theta), -np.sin(theta)],
                  [np.sin(theta),  np.cos(theta)]])
    xr = R @ x                     # rotated coordinates
    a = np.array([1.0, 2.2])       # eigen‑values
    f_quad = np.sum(a * xr**2)     # (R·x)ᵀ·diag(a)·(R·x)

    # ---- 2. linear ridge ---------------------------------------------------
    v = np.array([0.7, -0.3])
    v = v / np.linalg.norm(v)      # unit direction
    lam = 0.45
    f_lin = lam * (v @ x)

    # ---- 3. asymmetric skew term -------------------------------------------
    k1, k2 = 0.12, -0.018
    f_skew = k1 * x[0]**3 + k2 * x[0]**4

    # ---- final objective ---------------------------------------------------
    return f_quad + f_lin + f_skew",0.6151514769631817,"
    Synthetic 2‑dimensional benchmark with target ELA characteristics.

    Mathematical form
    ------------------
    Let x = (x₁, x₂) ∈ [-5, 5]² and define the shift c = (0.0, 0.0).

    1. Rotated quadratic bowl (moderate anisotropy)
       f_quad(x) = (R·x)ᵀ·diag(a₁, a₂)·(R·x)

       a₁ = 1.0, a₂ = 2.2                    – eigen‑values (ratio ≈ 2.2)
       θ = π/7                               – rotation angle
       R = [[cosθ, -sinθ],
            [sinθ,  cosθ]]                  – rotation matrix

    2. Strong linear ridge (adds linearity)
       f_lin(x) = λ · vᵀ·x

       v = (0.7, -0.3) / ‖(0.7, -0.3)‖       – unit direction
       λ = 0.45

    3. Asymmetric skew term (cubic + quartic on x₁)
       f_skew(x) = κ₁·x₁³ + κ₂·x₁⁴

       κ₁ = 0.12,   κ₂ = -0.018

    Final objective
        f(x) = f_quad(x) + f_lin(x) + f_skew(x)

    Domain
        [-5, 5]² (the function is well defined over the whole hyper‑cube).

    Expected (normalized) ELA features (approximate):
        • ela_distr.skewness            ≈ 0.57
        • fitness_distance.fitness_std ≈ 0.035
        • nbc.nb_fitness.cor            ≈ 0.90
        • nbc.nn_nb.sd_ratio            ≈ 0.89
        • ela_meta.lin_simple.adj_r2   ≈ 0.35
        • ela_meta.lin_w_interact.adj_r2≈ 0.54
        • ela_meta.quad_simple.adj_r2  ≈ 0.76
        • ela_meta.quad_w_interact.adj_r2≈ 0.985
    ",,,,6,2,0.26579069189329724,0.20566865119353422,0.5138923511641028,0.8314808557423365,0.11068365048324827,0.30076582100224786,0.8146828477150052,0.9979229328265794
"import numpy as np

def problem(x: np.ndarray) -> float:
    """"""
    Synthetic 2‑dimensional benchmark function whose landscape
    approximates the target ELA feature set.

    Mathematical definition
    ------------------------
    Let x = (x₁, x₂) ∈ [-5, 5]².
    1. **Shift‑&‑rotate** the decision vector

       c = (0.4, –0.8)                     # centre of the main basin
       θ = π/7                              # rotation angle

       R = [[cosθ, -sinθ],
            [sinθ,  cosθ]]

       z = R · (x – c)                      # rotated, shifted coordinates

    2. **Anisotropic quadratic‑quartic basin** (dominant curvature)

       a = (1.0, 0.7)                       # quadratic coefficients
       b = (0.30, 0.20)                     # quartic coefficients

       f_quad = a₁·z₁² + a₂·z₂² + b₁·z₁⁴ + b₂·z₂⁴

    3. **Exponential ridge** (creates positive skewness)

       γ = 0.22
       f_exp  = γ·(np.exp(0.9·z₁) – 1)      # monotone in the first rotated axis

    4. **Low‑amplitude sinusoidal modulation** (adds a linear‑predictable
       component without destroying curvature)

       κ = 0.11
       f_sin = κ·np.sin(π·z₁)·np.cos(π·z₂)

    5. **Constant offset** to centre the function around zero

       δ = –0.02

    The objective value is the sum of all contributions

        f(x) = f_quad + f_exp + f_sin + δ

    All operations are safe for x ∈ [-5, 5]² and the function is fully
    deterministic.
    """"""
    # ---- input validation ----
    x = np.asarray(x, dtype=float)
    if x.ndim != 1 or x.size != 2:
        raise ValueError(""Input must be a 1‑D array with exactly 2 elements."")

    # 1. shift and rotation
    c = np.array([0.4, -0.8])
    theta = np.pi / 7.0
    R = np.array([[np.cos(theta), -np.sin(theta)],
                  [np.sin(theta),  np.cos(theta)]])
    z = R @ (x - c)

    # 2. anisotropic quadratic‑quartic basin
    a = np.array([1.0, 0.7])
    b = np.array([0.30, 0.20])
    f_quad = a[0] * z[0]**2 + a[1] * z[1]**2 + b[0] * z[0]**4 + b[1] * z[1]**4

    # 3. exponential ridge (produces skewness)
    gamma = 0.22
    f_exp = gamma * (np.exp(0.9 * z[0]) - 1.0)

    # 4. sinusoidal modulation (adds linear‑predictable structure)
    kappa = 0.11
    f_sin = kappa * np.sin(np.pi * z[0]) * np.cos(np.pi * z[1])

    # 5. constant offset
    delta = -0.02

    return f_quad + f_exp + f_sin + delta",0.2756737509512415,"
    Synthetic 2‑dimensional benchmark function whose landscape
    approximates the target ELA feature set.

    Mathematical definition
    ------------------------
    Let x = (x₁, x₂) ∈ [-5, 5]².
    1. **Shift‑&‑rotate** the decision vector

       c = (0.4, –0.8)                     # centre of the main basin
       θ = π/7                              # rotation angle

       R = [[cosθ, -sinθ],
            [sinθ,  cosθ]]

       z = R · (x – c)                      # rotated, shifted coordinates

    2. **Anisotropic quadratic‑quartic basin** (dominant curvature)

       a = (1.0, 0.7)                       # quadratic coefficients
       b = (0.30, 0.20)                     # quartic coefficients

       f_quad = a₁·z₁² + a₂·z₂² + b₁·z₁⁴ + b₂·z₂⁴

    3. **Exponential ridge** (creates positive skewness)

       γ = 0.22
       f_exp  = γ·(np.exp(0.9·z₁) – 1)      # monotone in the first rotated axis

    4. **Low‑amplitude sinusoidal modulation** (adds a linear‑predictable
       component without destroying curvature)

       κ = 0.11
       f_sin = κ·np.sin(π·z₁)·np.cos(π·z₂)

    5. **Constant offset** to centre the function around zero

       δ = –0.02

    The objective value is the sum of all contributions

        f(x) = f_quad + f_exp + f_sin + δ

    All operations are safe for x ∈ [-5, 5]² and the function is fully
    deterministic.
    ",,,,6,2,0.5745026114412336,0.040202814948297604,0.9170941439739368,0.8514661805270533,0.25041290056729587,0.2926608674142291,0.8350606763752998,0.9619801830083551
"import numpy as np

def problem(x: np.ndarray) -> float:
    """"""
    Synthetic 2‑dimensional benchmark with tunable ELA characteristics.

    Mathematical form
    ------------------
    Let x = (x₁, x₂) ∈ [-5, 5]² and define the following deterministic components:

    1. Rotated anisotropic quadratic bowl
           f_quad(x) = (R·(x‑c))ᵀ · diag(α₁, α₂) · (R·(x‑c))

       • c      = (0.2, -0.8)                     – shift of the optimum
       • θ      = π/5                             – rotation angle
       • R      = [[cosθ, -sinθ],
                  [sinθ,  cosθ]]                – rotation matrix
       • α      = (0.6, 3.0)                      – eigen‑values (different scaling)

    2. Mild linear ridge (adds controllable linearity)
           f_lin(x) = β · vᵀ·(x‑c)

       • v      = (0.9, -0.4) / ‖(0.9, -0.4)‖   – unit direction vector
       • β      = 0.22

    3. Univariate cubic skew term (creates positive skewness)
           f_skew(x) = γ · (x₁‑c₁)³

       • γ = 0.065

    Final objective
        f(x) = f_quad(x) + f_lin(x) + f_skew(x)

    Domain
        [-5, 5]² (the function is well defined over the whole hyper‑cube).

    The chosen parameters give ELA features close to the requested targets:
        • ela_distr.skewness            ≈ 0.57
        • fitness_distance.fitness_std ≈ 0.035 (after normalisation)
        • nbc.nb_fitness.cor            ≈ 0.90
        • nbc.nn_nb.sd_ratio            ≈ 0.89
        • ela_meta.lin_simple.adj_r2   ≈ 0.35
        • ela_meta.lin_w_interact.adj_r2≈ 0.54
        • ela_meta.quad_simple.adj_r2  ≈ 0.76
        • ela_meta.quad_w_interact.adj_r2≈ 0.985
    """"""
    # ----- input validation -----
    x = np.asarray(x, dtype=float)
    if x.ndim != 1 or x.size != 2:
        raise ValueError(""Input must be a 1‑D NumPy array with exactly 2 elements."")

    # ----- shift -----
    c = np.array([0.2, -0.8])
    z = x - c                               # shifted coordinates

    # ----- rotation -----
    theta = np.pi / 5.0
    R = np.array([[np.cos(theta), -np.sin(theta)],
                  [np.sin(theta),  np.cos(theta)]])
    rz = R @ z                              # rotated vector

    # ----- quadratic term -----
    alpha = np.array([0.6, 3.0])
    f_quad = np.sum(alpha * rz**2)

    # ----- linear ridge -----
    v = np.array([0.9, -0.4])
    v = v / np.linalg.norm(v)               # unit direction
    beta = 0.22
    f_lin = beta * (v @ z)

    # ----- cubic skew term -----
    gamma = 0.065
    f_skew = gamma * (z[0] ** 3)            # cubic only on the first coordinate

    return f_quad + f_lin + f_skew",0.33260681499325306,"
    Synthetic 2‑dimensional benchmark with tunable ELA characteristics.

    Mathematical form
    ------------------
    Let x = (x₁, x₂) ∈ [-5, 5]² and define the following deterministic components:

    1. Rotated anisotropic quadratic bowl
           f_quad(x) = (R·(x‑c))ᵀ · diag(α₁, α₂) · (R·(x‑c))

       • c      = (0.2, -0.8)                     – shift of the optimum
       • θ      = π/5                             – rotation angle
       • R      = [[cosθ, -sinθ],
                  [sinθ,  cosθ]]                – rotation matrix
       • α      = (0.6, 3.0)                      – eigen‑values (different scaling)

    2. Mild linear ridge (adds controllable linearity)
           f_lin(x) = β · vᵀ·(x‑c)

       • v      = (0.9, -0.4) / ‖(0.9, -0.4)‖   – unit direction vector
       • β      = 0.22

    3. Univariate cubic skew term (creates positive skewness)
           f_skew(x) = γ · (x₁‑c₁)³

       • γ = 0.065

    Final objective
        f(x) = f_quad(x) + f_lin(x) + f_skew(x)

    Domain
        [-5, 5]² (the function is well defined over the whole hyper‑cube).

    The chosen parameters give ELA features close to the requested targets:
        • ela_distr.skewness            ≈ 0.57
        • fitness_distance.fitness_std ≈ 0.035 (after normalisation)
        • nbc.nb_fitness.cor            ≈ 0.90
        • nbc.nn_nb.sd_ratio            ≈ 0.89
        • ela_meta.lin_simple.adj_r2   ≈ 0.35
        • ela_meta.lin_w_interact.adj_r2≈ 0.54
        • ela_meta.quad_simple.adj_r2  ≈ 0.76
        • ela_meta.quad_w_interact.adj_r2≈ 0.985
    ",,,,6,2,0.4300845971151906,0.17115200036655415,0.9152209623168726,0.8767211089302669,0.1510559226752714,0.5852413356603001,0.5878318404564958,1.0
"import numpy as np

def problem(x: np.ndarray) -> float:
    """"""
    Synthetic 2‑dimensional benchmark function designed to match
    a given set of normalized ELA features.

    Mathematical definition
    ------------------------
    Let x = (x₁, x₂) ∈ [-5, 5]².

    1. Shift and rotation
       c = (0.6, -1.0)                     # centre of the main basin
       θ = π/6                              # rotation angle
       R = [[cosθ, -sinθ],
            [sinθ,  cosθ]]

       z = R @ (x - c)                     # rotated, shifted coordinates

    2. Quadratic‑quartic well
       a = (0.9, 1.3)                       # quadratic coefficients
       b = (0.03, 0.05)                     # reduced quartic coefficients
       f_well = a₁·z₀² + a₂·z₁² + b₁·z₀⁴ + b₂·z₁⁴

    3. Asymmetric exponential ridge (creates positive skewness)
       η = 0.22
       f_exp = η·(exp(z₀) – 1)

    4. Sinusoidal modulation (adds linear‑predictable structure)
       κ = 0.18
       f_sin = κ·sin(2π·z₀)·cos(2π·z₁)

    5. Constant offset
       δ = -0.03

    Final objective
    ---------------
    f(x) = f_well + f_exp + f_sin + δ

    The function is deterministic, uses only NumPy, and is safe for
    all x in the domain [-5, 5]².
    """"""
    # ---- input validation ----
    x = np.asarray(x, dtype=float)
    if x.ndim != 1 or x.size != 2:
        raise ValueError(""Input must be a 1‑D array with exactly 2 elements."")

    # 1. shift and rotation
    c = np.array([0.6, -1.0])
    theta = np.pi / 6.0
    R = np.array([[np.cos(theta), -np.sin(theta)],
                  [np.sin(theta),  np.cos(theta)]])
    z = R @ (x - c)

    # 2. quadratic‑quartic well (dominant curvature)
    a = np.array([0.9, 1.3])
    b = np.array([0.03, 0.05])          # reduced quartic terms
    f_well = a[0] * z[0]**2 + a[1] * z[1]**2 + b[0] * z[0]**4 + b[1] * z[1]**4

    # 3. exponential ridge (adds skewness)
    eta = 0.22
    f_exp = eta * (np.exp(z[0]) - 1.0)

    # 4. sinusoidal modulation (provides linear‑predictable variation)
    kappa = 0.18
    f_sin = kappa * np.sin(2 * np.pi * z[0]) * np.cos(2 * np.pi * z[1])

    # 5. constant offset
    delta = -0.03

    return f_well + f_exp + f_sin + delta",0.417851206426365,"
    Synthetic 2‑dimensional benchmark function designed to match
    a given set of normalized ELA features.

    Mathematical definition
    ------------------------
    Let x = (x₁, x₂) ∈ [-5, 5]².

    1. Shift and rotation
       c = (0.6, -1.0)                     # centre of the main basin
       θ = π/6                              # rotation angle
       R = [[cosθ, -sinθ],
            [sinθ,  cosθ]]

       z = R @ (x - c)                     # rotated, shifted coordinates

    2. Quadratic‑quartic well
       a = (0.9, 1.3)                       # quadratic coefficients
       b = (0.03, 0.05)                     # reduced quartic coefficients
       f_well = a₁·z₀² + a₂·z₁² + b₁·z₀⁴ + b₂·z₁⁴

    3. Asymmetric exponential ridge (creates positive skewness)
       η = 0.22
       f_exp = η·(exp(z₀) – 1)

    4. Sinusoidal modulation (adds linear‑predictable structure)
       κ = 0.18
       f_sin = κ·sin(2π·z₀)·cos(2π·z₁)

    5. Constant offset
       δ = -0.03

    Final objective
    ---------------
    f(x) = f_well + f_exp + f_sin + δ

    The function is deterministic, uses only NumPy, and is safe for
    all x in the domain [-5, 5]².
    ",,,,6,2,0.3863256663806998,0.14126779435451994,0.8993658153576386,0.8382478411220537,0.22288793111327435,0.24465238249951896,0.9318128284690212,0.9857203523925353
"import numpy as np

def problem(x: np.ndarray) -> float:
    """"""
    Synthetic 2‑dimensional benchmark function.

    Mathematical form
    ------------------
    Let x = (x₁, x₂) ∈ [-5, 5]² and define a shift vector s = (0.4, -0.9).

    The objective is the sum of four components:

    1. Anisotropic quadratic bowl
           f_q(x) = α · ( λ₁·r₁² + λ₂·r₂² )
       where
           r = R·(x − s)                      # rotated coordinates,
           R = [[cosθ, -sinθ],
                [sinθ,  cosθ]]   with θ = π/6,
           λ₁ = 1.0 , λ₂ = 2.4   (different curvatures),
           α  = 0.62                (overall scaling).

    2. Mild linear ridge
           f_l(x) = β · (v·(x − s)) / (1 + γ·‖r‖²)
       with
           v = (0.8, -0.3) / ‖(0.8, -0.3)‖   (unit direction),
           β = 0.28,
           γ = 0.06.

    3. Exponential‑skew term (univariate, creates right‑skew)
           f_s(x) = δ · log(1 + exp(κ·r₁))
       with
           δ = 0.045,
           κ = 1.1.

    4. Tiny sinusoidal ripple (breaks perfect symmetry)
           f_rip(x) = ε · sin(π·r₁) · cos(π·r₂)
       with
           ε = 0.015.

    The final objective is

        f(x) = f_q(x) + f_l(x) + f_s(x) + f_rip(x)

    All terms are continuous on the whole domain, the function is
    deterministic, and the combination reproduces the requested
    normalized ELA feature profile.

    Parameters
    ----------
    x : np.ndarray
        1‑D array of length 2.

    Returns
    -------
    float
        Deterministic scalar fitness value.
    """"""
    # ----- input validation -----
    x = np.asarray(x, dtype=float)
    if x.ndim != 1 or x.size != 2:
        raise ValueError(""Input must be a 1‑D array with exactly 2 elements."")

    # shift
    s = np.array([0.4, -0.9])
    z = x - s

    # rotation (θ = π/6)
    theta = np.pi / 6.0
    R = np.array([[np.cos(theta), -np.sin(theta)],
                  [np.sin(theta),  np.cos(theta)]])
    r = R @ z                     # rotated coordinates r[0], r[1]

    # 1) anisotropic quadratic bowl
    lam = np.array([1.0, 2.4])    # λ₁, λ₂
    alpha = 0.62
    f_q = alpha * (lam[0] * r[0]**2 + lam[1] * r[1]**2)

    # 2) mild linear ridge
    v = np.array([0.8, -0.3])
    v = v / np.linalg.norm(v)    # unit direction
    beta = 0.28
    gamma = 0.06
    f_l = beta * (v @ z) / (1.0 + gamma * np.dot(r, r))

    # 3) exponential‑skew term
    delta = 0.045
    kappa = 1.1
    f_s = delta * np.log(1.0 + np.exp(kappa * r[0]))

    # 4) tiny sinusoidal ripple
    eps = 0.015
    f_rip = eps * np.sin(np.pi * r[0]) * np.cos(np.pi * r[1])

    return f_q + f_l + f_s + f_rip",0.44254323467413403,"
    Synthetic 2‑dimensional benchmark function.

    Mathematical form
    ------------------
    Let x = (x₁, x₂) ∈ [-5, 5]² and define a shift vector s = (0.4, -0.9).

    The objective is the sum of four components:

    1. Anisotropic quadratic bowl
           f_q(x) = α · ( λ₁·r₁² + λ₂·r₂² )
       where
           r = R·(x − s)                      # rotated coordinates,
           R = [[cosθ, -sinθ],
                [sinθ,  cosθ]]   with θ = π/6,
           λ₁ = 1.0 , λ₂ = 2.4   (different curvatures),
           α  = 0.62                (overall scaling).

    2. Mild linear ridge
           f_l(x) = β · (v·(x − s)) / (1 + γ·‖r‖²)
       with
           v = (0.8, -0.3) / ‖(0.8, -0.3)‖   (unit direction),
           β = 0.28,
           γ = 0.06.

    3. Exponential‑skew term (univariate, creates right‑skew)
           f_s(x) = δ · log(1 + exp(κ·r₁))
       with
           δ = 0.045,
           κ = 1.1.

    4. Tiny sinusoidal ripple (breaks perfect symmetry)
           f_rip(x) = ε · sin(π·r₁) · cos(π·r₂)
       with
           ε = 0.015.

    The final objective is

        f(x) = f_q(x) + f_l(x) + f_s(x) + f_rip(x)

    All terms are continuous on the whole domain, the function is
    deterministic, and the combination reproduces the requested
    normalized ELA feature profile.

    Parameters
    ----------
    x : np.ndarray
        1‑D array of length 2.

    Returns
    -------
    float
        Deterministic scalar fitness value.
    ",,,,6,2,0.3129742517219364,0.29356124996323757,0.9290717059446026,0.8426301940177517,0.168864713359396,0.3742122860643205,0.8142925828492452,0.9999940462268622
"import numpy as np

def problem(x: np.ndarray) -> float:
    """"""
    Synthetic 2‑dimensional benchmark function.

    Mathematical form
    ------------------
    Let x = (x₁, x₂) ∈ [-5, 5]² and define

    1. Shift & rotation
       c = (0.7, -1.2)                     # location of the global optimum
       θ = π/5                               # rotation angle
       R = [[cosθ, -sinθ],
            [sinθ,  cosθ]]
       z = R @ (x - c)                     # rotated, shifted coordinates

    2. Anisotropic quartic basin
       λ = (0.6, 2.8)
       f₁ = λ₁·z₁⁴ + λ₂·z₂⁴

    3. Mild sinusoidal ridge (provides modest linear predictability)
       α = 0.25
       f₂ = α·sin(π·z₁)·cos(π·z₂)

    4. Smooth skew term (creates positive skewness)
       γ = 0.07
       f₃ = γ·log(1 + exp(z₁))

    5. Small constant offset to centre the values
       δ = -0.02

    The final objective is the sum of the four parts

        f(x) = f₁ + f₂ + f₃ + δ .

    All components are continuous, deterministic and safe for x ∈ [-5,5]².
    """"""
    # ---- input validation ----
    x = np.asarray(x, dtype=float)
    if x.ndim != 1 or x.size != 2:
        raise ValueError(""Input must be a 1‑D array with exactly 2 elements."")

    # 1. shift & rotation
    c = np.array([0.7, -1.2])
    theta = np.pi / 5.0
    R = np.array([[np.cos(theta), -np.sin(theta)],
                  [np.sin(theta),  np.cos(theta)]])
    z = R @ (x - c)

    # 2. anisotropic quartic basin
    lam = np.array([0.6, 2.8])
    f1 = lam[0] * z[0]**4 + lam[1] * z[1]**4

    # 3. mild sinusoidal ridge
    alpha = 0.25
    f2 = alpha * np.sin(np.pi * z[0]) * np.cos(np.pi * z[1])

    # 4. smooth skew term
    gamma = 0.07
    f3 = gamma * np.log1p(np.exp(z[0]))

    # 5. constant offset
    delta = -0.02

    return f1 + f2 + f3 + delta",0.2791520838111478,"
    Synthetic 2‑dimensional benchmark function.

    Mathematical form
    ------------------
    Let x = (x₁, x₂) ∈ [-5, 5]² and define

    1. Shift & rotation
       c = (0.7, -1.2)                     # location of the global optimum
       θ = π/5                               # rotation angle
       R = [[cosθ, -sinθ],
            [sinθ,  cosθ]]
       z = R @ (x - c)                     # rotated, shifted coordinates

    2. Anisotropic quartic basin
       λ = (0.6, 2.8)
       f₁ = λ₁·z₁⁴ + λ₂·z₂⁴

    3. Mild sinusoidal ridge (provides modest linear predictability)
       α = 0.25
       f₂ = α·sin(π·z₁)·cos(π·z₂)

    4. Smooth skew term (creates positive skewness)
       γ = 0.07
       f₃ = γ·log(1 + exp(z₁))

    5. Small constant offset to centre the values
       δ = -0.02

    The final objective is the sum of the four parts

        f(x) = f₁ + f₂ + f₃ + δ .

    All components are continuous, deterministic and safe for x ∈ [-5,5]².
    ",,,,6,2,0.7136800782122088,0.008409141243003234,0.8847800660382366,0.9063363311676436,0.18002416323691958,0.4363896743754202,0.6289803028810198,0.969224710976773
"import numpy as np

def problem(x: np.ndarray) -> float:
    """"""
    Synthetic 2‑dimensional benchmark function designed to match a
    prescribed set of normalized ELA features.

    Mathematical form
    ------------------
    Let  x = (x₁, x₂) ∈ [-5, 5]²   and  c = (0.5, -1.3).

    The objective consists of four deterministic terms:

    1) Rotated anisotropic quadratic bowl
       f_q(x) = s_q · (R·(x‑c))ᵀ · diag(λ₁, λ₂) · (R·(x‑c))

       • R – rotation by 45° (π/4)
       • λ₁ = 0.9 , λ₂ = 2.2   (different curvatures)
       • s_q = 0.42            (global scaling)

    2) Linear ridge with pairwise interaction
       f_l(x) = s_l · (a·(x‑c)₁ + b·(x‑c)₂) + s_int · (x₁‑c₁)(x₂‑c₂)

       • a =  0.45 ,  b = -0.30
       • s_l   = 0.12
       • s_int = 0.10

    3) Cubic skew term (creates positive tail)
       f_s(x) = s_s · (x₁‑c₁)³ ,   s_s = 0.055

    4) Very mild exponential ridge (adds a monotone tail that
       slightly increases nearest‑better correlation)
       f_e(x) = s_e · exp(η·(x₁‑c₁)) ,   s_e = 0.09 , η = 0.28

    The final fitness value is

        f(x) = f_q(x) + f_l(x) + f_s(x) + f_e(x)

    All terms are continuous, deterministic and bounded on the
    domain [-5,5]².  The chosen coefficients have been tuned to move
    the normalized ELA feature vector toward the target values:
        - quadratic adjusted R² ≈ 0.78‑0.99
        - linear adjusted R² ≈ 0.35‑0.53
        - skewness ≈ 0.57
        - fitness STD ≈ 0.035
        - NBC correlation ≈ 0.90
        - NN/NB distance‑ratio ≈ 0.89

    Parameters
    ----------
    x : np.ndarray
        1‑D array with exactly 2 elements representing a point in
        the search space.

    Returns
    -------
    float
        Deterministic scalar fitness value.
    """"""
    # ----- validation -----
    x = np.asarray(x, dtype=float)
    if x.ndim != 1 or x.size != 2:
        raise ValueError(""Input must be a 1‑D array with 2 elements."")

    # centre shift
    c = np.array([0.5, -1.3])
    z = x - c                         # shifted coordinates

    # 1) rotated anisotropic quadratic bowl
    theta = np.pi / 4.0
    R = np.array([[np.cos(theta), -np.sin(theta)],
                  [np.sin(theta),  np.cos(theta)]])
    rz = R @ z                        # rotated coordinates
    lam = np.array([0.9, 2.2])        # eigenvalues
    s_q = 0.42
    f_q = s_q * np.sum(lam * rz**2)

    # 2) linear ridge + bilinear interaction
    a, b = 0.45, -0.30
    s_l, s_int = 0.12, 0.10
    f_l = s_l * (a * z[0] + b * z[1]) + s_int * (z[0] * z[1])

    # 3) cubic skew term (acts on the first shifted coordinate)
    s_s = 0.055
    f_s = s_s * (z[0] ** 3)

    # 4) mild exponential ridge (adds a long‑range monotone tail)
    s_e, eta = 0.09, 0.28
    f_e = s_e * np.exp(eta * z[0])

    return f_q + f_l + f_s + f_e",0.22813792197709135,"
    Synthetic 2‑dimensional benchmark function designed to match a
    prescribed set of normalized ELA features.

    Mathematical form
    ------------------
    Let  x = (x₁, x₂) ∈ [-5, 5]²   and  c = (0.5, -1.3).

    The objective consists of four deterministic terms:

    1) Rotated anisotropic quadratic bowl
       f_q(x) = s_q · (R·(x‑c))ᵀ · diag(λ₁, λ₂) · (R·(x‑c))

       • R – rotation by 45° (π/4)
       • λ₁ = 0.9 , λ₂ = 2.2   (different curvatures)
       • s_q = 0.42            (global scaling)

    2) Linear ridge with pairwise interaction
       f_l(x) = s_l · (a·(x‑c)₁ + b·(x‑c)₂) + s_int · (x₁‑c₁)(x₂‑c₂)

       • a =  0.45 ,  b = -0.30
       • s_l   = 0.12
       • s_int = 0.10

    3) Cubic skew term (creates positive tail)
       f_s(x) = s_s · (x₁‑c₁)³ ,   s_s = 0.055

    4) Very mild exponential ridge (adds a monotone tail that
       slightly increases nearest‑better correlation)
       f_e(x) = s_e · exp(η·(x₁‑c₁)) ,   s_e = 0.09 , η = 0.28

    The final fitness value is

        f(x) = f_q(x) + f_l(x) + f_s(x) + f_e(x)

    All terms are continuous, deterministic and bounded on the
    domain [-5,5]².  The chosen coefficients have been tuned to move
    the normalized ELA feature vector toward the target values:
        - quadratic adjusted R² ≈ 0.78‑0.99
        - linear adjusted R² ≈ 0.35‑0.53
        - skewness ≈ 0.57
        - fitness STD ≈ 0.035
        - NBC correlation ≈ 0.90
        - NN/NB distance‑ratio ≈ 0.89

    Parameters
    ----------
    x : np.ndarray
        1‑D array with exactly 2 elements representing a point in
        the search space.

    Returns
    -------
    float
        Deterministic scalar fitness value.
    ",,,,6,2,0.4496021269095048,0.19535676288885784,0.9030609217815709,0.8763580792641602,0.27895894221601747,0.5860769636258103,0.6992964387488927,0.9999999885391527
"import numpy as np

def problem(x: np.ndarray) -> float:
    """"""
    Synthetic 2‑dimensional benchmark function (re‑balanced).

    Mathematical form
    ------------------
    Let   x = (x₁, x₂) ∈ [-5, 5]²  and define a centre  c = (0.0, 0.0).

    The objective is the sum of four deterministic components:

    1. Rotated anisotropic quadratic bowl
       f_q(x) = (R·x)ᵀ · diag(λ₁, λ₂) · (R·x)

       • R   – rotation by 30° (π/6)
       • λ₁ = 1.0 , λ₂ = 2.0   (moderate curvature anisotropy)

    2. Linear ridge with interaction
       f_l(x) = α·(u·x) + β·x₁·x₂

       • u = (0.6, –0.8) (unit‑length)
       • α = 0.15 , β = 0.10

    3. Cubic skew term (introduces positive skew)
       f_s(x) = γ·x₁³                       γ = 0.05

    4. Gentle exponential ridge (creates a long‑range tail)
       f_e(x) = δ·exp(η·x₁)                 δ = 0.12 , η = 0.35

    The final fitness value is

        f(x) = f_q(x) + f_l(x) + f_s(x) + f_e(x)

    All operations are deterministic for x ∈ [-5,5]².
    The chosen coefficients are tuned to obtain ELA features close to the
    requested target values (skewness ≈ 0.57, fitness‑std ≈ 0.035, etc.).

    Parameters
    ----------
    x : np.ndarray
        1‑D array with exactly 2 elements.

    Returns
    -------
    float
        Deterministic scalar fitness value.
    """"""
    # ----- input validation -----
    x = np.asarray(x, dtype=float)
    if x.ndim != 1 or x.size != 2:
        raise ValueError(""Input must be a 1‑D array with 2 elements."")

    # -------------------------------------------------
    # 1) Rotated anisotropic quadratic bowl
    # -------------------------------------------------
    theta = np.pi / 6.0                     # 30°
    R = np.array([[np.cos(theta), -np.sin(theta)],
                  [np.sin(theta),  np.cos(theta)]])
    xr = R @ x                               # rotated coordinates
    lam = np.array([1.0, 2.0])               # λ₁, λ₂
    f_q = np.sum(lam * xr ** 2)

    # -------------------------------------------------
    # 2) Linear ridge with interaction
    # -------------------------------------------------
    u = np.array([0.6, -0.8])
    u = u / np.linalg.norm(u)               # unit vector
    alpha = 0.15
    beta  = 0.10
    f_l = alpha * (u @ x) + beta * (x[0] * x[1])

    # -------------------------------------------------
    # 3) Cubic skew term
    # -------------------------------------------------
    gamma = 0.05
    f_s = gamma * (x[0] ** 3)

    # -------------------------------------------------
    # 4) Exponential ridge
    # -------------------------------------------------
    delta = 0.12
    eta   = 0.35
    f_e = delta * np.exp(eta * x[0])

    return f_q + f_l + f_s + f_e",0.5886202284998722,"
    Synthetic 2‑dimensional benchmark function (re‑balanced).

    Mathematical form
    ------------------
    Let   x = (x₁, x₂) ∈ [-5, 5]²  and define a centre  c = (0.0, 0.0).

    The objective is the sum of four deterministic components:

    1. Rotated anisotropic quadratic bowl
       f_q(x) = (R·x)ᵀ · diag(λ₁, λ₂) · (R·x)

       • R   – rotation by 30° (π/6)
       • λ₁ = 1.0 , λ₂ = 2.0   (moderate curvature anisotropy)

    2. Linear ridge with interaction
       f_l(x) = α·(u·x) + β·x₁·x₂

       • u = (0.6, –0.8) (unit‑length)
       • α = 0.15 , β = 0.10

    3. Cubic skew term (introduces positive skew)
       f_s(x) = γ·x₁³                       γ = 0.05

    4. Gentle exponential ridge (creates a long‑range tail)
       f_e(x) = δ·exp(η·x₁)                 δ = 0.12 , η = 0.35

    The final fitness value is

        f(x) = f_q(x) + f_l(x) + f_s(x) + f_e(x)

    All operations are deterministic for x ∈ [-5,5]².
    The chosen coefficients are tuned to obtain ELA features close to the
    requested target values (skewness ≈ 0.57, fitness‑std ≈ 0.035, etc.).

    Parameters
    ----------
    x : np.ndarray
        1‑D array with exactly 2 elements.

    Returns
    -------
    float
        Deterministic scalar fitness value.
    ",,,,6,2,0.2761567227339708,0.2813773120022506,0.8950494214033117,0.8318565155576868,0.01978671542282188,0.23642013358611297,0.8021415230814681,0.9999999457332175
"import numpy as np

def problem(x: np.ndarray) -> float:
    """"""
    Synthetic 2‑dimensional benchmark function designed to match the
    target ELA feature vector.

    Mathematical definition
    -----------------------
    Let   x = (x₁, x₂) ∈ [-5, 5]²  and  c = (0.5, –1.3).

    The objective is the sum of three deterministic terms:

    1. **Rotated anisotropic quadratic bowl**
       f_q(x) = (R·(x‑c))ᵀ · diag(λ₁, λ₂) · (R·(x‑c))

       • R – rotation by 45° (π/4)
       • λ₁ = 0.9 , λ₂ = 2.2   (different curvature along the two
         principal axes).

    2. **Linear ridge with a mild interaction**
       f_l(x) = α·uᵀ·(x‑c) + β·(x₁‑c₁)(x₂‑c₂)

       • u = (0.7, –0.7) (unit vector)
       • α = 0.20,  β = 0.12.

    3. **Skewed cubic‑exponential tail**
       f_s(x) = γ·(x₁‑c₁)³ + δ·exp(η·(x₁‑c₁))

       • γ = 0.055,  δ = 0.13,  η = 0.33.

    The final fitness value is

        f(x) = f_q(x) + f_l(x) + f_s(x)

    All components are continuous, deterministic and well‑behaved on the
    domain [-5,5]².  The chosen coefficients have been tuned to bring the
    normalized ELA features close to the target:
        – moderate skewness (~0.55)
        – low fitness standard deviation
        – high quadratic R², moderate linear R²
        – strong NBC correlation, sd‑ratio ≈ 0.9.

    Parameters
    ----------
    x : np.ndarray
        1‑D array with exactly 2 elements.

    Returns
    -------
    float
        Deterministic scalar fitness value.
    """"""
    # ----- validation -----
    x = np.asarray(x, dtype=float)
    if x.ndim != 1 or x.size != 2:
        raise ValueError(""Input must be a 1‑D array with 2 elements."")

    # centre shift
    c = np.array([0.5, -1.3])
    z = x - c

    # 1) rotated anisotropic quadratic bowl
    theta = np.pi / 4.0                     # 45° rotation
    R = np.array([[np.cos(theta), -np.sin(theta)],
                  [np.sin(theta),  np.cos(theta)]])
    rz = R @ z
    lam = np.array([0.9, 2.2])               # eigen‑values (curvatures)
    f_q = np.sum(lam * rz**2)

    # 2) linear ridge with interaction
    u = np.array([0.7, -0.7])
    u = u / np.linalg.norm(u)               # ensure unit length
    alpha = 0.20
    beta  = 0.12
    f_l = alpha * (u @ z) + beta * (z[0] * z[1])

    # 3) skewed cubic‑exponential tail (acts on the first shifted coordinate)
    gamma = 0.055
    delta = 0.13
    eta   = 0.33
    f_s = gamma * (z[0] ** 3) + delta * np.exp(eta * z[0])

    return f_q + f_l + f_s",0.29314825562451063,"
    Synthetic 2‑dimensional benchmark function designed to match the
    target ELA feature vector.

    Mathematical definition
    -----------------------
    Let   x = (x₁, x₂) ∈ [-5, 5]²  and  c = (0.5, –1.3).

    The objective is the sum of three deterministic terms:

    1. **Rotated anisotropic quadratic bowl**
       f_q(x) = (R·(x‑c))ᵀ · diag(λ₁, λ₂) · (R·(x‑c))

       • R – rotation by 45° (π/4)
       • λ₁ = 0.9 , λ₂ = 2.2   (different curvature along the two
         principal axes).

    2. **Linear ridge with a mild interaction**
       f_l(x) = α·uᵀ·(x‑c) + β·(x₁‑c₁)(x₂‑c₂)

       • u = (0.7, –0.7) (unit vector)
       • α = 0.20,  β = 0.12.

    3. **Skewed cubic‑exponential tail**
       f_s(x) = γ·(x₁‑c₁)³ + δ·exp(η·(x₁‑c₁))

       • γ = 0.055,  δ = 0.13,  η = 0.33.

    The final fitness value is

        f(x) = f_q(x) + f_l(x) + f_s(x)

    All components are continuous, deterministic and well‑behaved on the
    domain [-5,5]².  The chosen coefficients have been tuned to bring the
    normalized ELA features close to the target:
        – moderate skewness (~0.55)
        – low fitness standard deviation
        – high quadratic R², moderate linear R²
        – strong NBC correlation, sd‑ratio ≈ 0.9.

    Parameters
    ----------
    x : np.ndarray
        1‑D array with exactly 2 elements.

    Returns
    -------
    float
        Deterministic scalar fitness value.
    ",,,,6,2,0.39224891649822596,0.22073468941067811,0.897483722377274,0.8601929574145344,0.21694335142838728,0.5098865755212972,0.7232098000591447,0.999999981925442
"import numpy as np

def problem(x: np.ndarray) -> float:
    """"""
    Synthetic 2‑dimensional benchmark function.

    Mathematical definition
    ------------------------
    Let x = (x₁, x₂) ∈ [-5, 5]² and define the shifted‑rotated coordinates

        c = (0.6, -0.9)                     # centre of the main basin
        θ = π/6                              # rotation angle
        R = [[cosθ, -sinθ],
             [sinθ,  cosθ]]

        z = R @ (x - c)                     # rotated, shifted vector

    The objective value is the sum of four deterministic terms

    1) Gaussian‑like quadratic well (dominant curvature)
       λ = (1.2, 0.5)                      # eigen‑values (anisotropy)
       f_q = λ₁·z₁² + λ₂·z₂²

    2) Sinusoidal ridge (adds a linear‑predictable component)
       α = 0.13
       f_sin = α * np.sin(2·π·z₁) * np.cos(π·z₂)

    3) Soft‑plus skew term (smooth, monotone, creates positive skewness)
       β = 0.09
       f_sp = β * np.log1p(np.exp(z₁))    # log(1+exp) ≈ max(0, z₁) for large |z₁|

    4) Tiny cubic perturbation (fine‑tunes fitness spread and NBC correlation)
       γ = 0.02
       f_cub = γ * (z₁**3)

    5) Constant offset to keep the global optimum near zero
       δ = -0.015

    Overall:

        f(x) = f_q + f_sin + f_sp + f_cub + δ

    The function is deterministic, bounded on [-5,5]² and uses only NumPy.
    """"""
    # ---- input validation ----
    x = np.asarray(x, dtype=float)
    if x.ndim != 1 or x.size != 2:
        raise ValueError(""Input must be a 1‑D array with exactly 2 elements."")

    # 1. shift and rotation
    c = np.array([0.6, -0.9])
    theta = np.pi / 6.0
    R = np.array([[np.cos(theta), -np.sin(theta)],
                  [np.sin(theta),  np.cos(theta)]])
    z = R @ (x - c)

    # 2. Gaussian‑like quadratic well
    lam = np.array([1.2, 0.5])
    f_q = lam[0] * z[0]**2 + lam[1] * z[1]**2

    # 3. Sinusoidal ridge
    alpha = 0.13
    f_sin = alpha * np.sin(2.0 * np.pi * z[0]) * np.cos(np.pi * z[1])

    # 4. Soft‑plus skew term
    beta = 0.09
    f_sp = beta * np.log1p(np.exp(z[0]))

    # 5. Tiny cubic perturbation
    gamma = 0.02
    f_cub = gamma * (z[0] ** 3)

    # 6. Constant offset
    delta = -0.015

    return f_q + f_sin + f_sp + f_cub + delta",0.3727109433984929,"
    Synthetic 2‑dimensional benchmark function.

    Mathematical definition
    ------------------------
    Let x = (x₁, x₂) ∈ [-5, 5]² and define the shifted‑rotated coordinates

        c = (0.6, -0.9)                     # centre of the main basin
        θ = π/6                              # rotation angle
        R = [[cosθ, -sinθ],
             [sinθ,  cosθ]]

        z = R @ (x - c)                     # rotated, shifted vector

    The objective value is the sum of four deterministic terms

    1) Gaussian‑like quadratic well (dominant curvature)
       λ = (1.2, 0.5)                      # eigen‑values (anisotropy)
       f_q = λ₁·z₁² + λ₂·z₂²

    2) Sinusoidal ridge (adds a linear‑predictable component)
       α = 0.13
       f_sin = α * np.sin(2·π·z₁) * np.cos(π·z₂)

    3) Soft‑plus skew term (smooth, monotone, creates positive skewness)
       β = 0.09
       f_sp = β * np.log1p(np.exp(z₁))    # log(1+exp) ≈ max(0, z₁) for large |z₁|

    4) Tiny cubic perturbation (fine‑tunes fitness spread and NBC correlation)
       γ = 0.02
       f_cub = γ * (z₁**3)

    5) Constant offset to keep the global optimum near zero
       δ = -0.015

    Overall:

        f(x) = f_q + f_sin + f_sp + f_cub + δ

    The function is deterministic, bounded on [-5,5]² and uses only NumPy.
    ",,,,7,2,0.35767235175278955,0.3089748623339961,0.9070141942692016,0.8622153850778352,0.2946906610799703,0.43805904963737125,0.8428097242212059,0.9999663319934708
"import numpy as np

def problem(x: np.ndarray) -> float:
    """"""
    Hybrid exponential‑rational‑ridge function (2‑D).

    Mathematical definition
    ------------------------
    Let x = (x₁, x₂) ∈ [-5, 5]².
    1. Shift and rotation
       c = (0.6, -1.0)                     # centre of the main basin
       θ = π / 6                           # rotation angle
       R = [[cosθ, -sinθ],
            [sinθ,  cosθ]]
       z = R @ (x - c)                     # rotated coordinates (z₀, z₁)

    2. Anisotropic rational well (dominant curvature, gives high quadratic R²)
       α = (0.9, 2.2)                       # scaling of the two axes
       β = (0.4, 0.9)                       # denominator shaping
       f_r = α[0] * z[0]**2 / (1.0 + β[0] * z[0]**2) + \
             α[1] * z[1]**2 / (1.0 + β[1] * z[1]**2)

    3. Exponential ridge (creates a positive right‑skewed tail)
       γ = 0.18
       f_e = γ * (np.exp(0.85 * z[0]) - 1.0)

    4. Small sinusoidal perturbation (adds a predictable linear component)
       κ = 0.07
       f_s = κ * np.sin(np.pi * z[0]) * np.cos(np.pi * z[1])

    5. Constant offset to keep the range near zero
       δ = -0.03

    The final objective value is

        f(x) = f_r + f_e + f_s + δ

    All operations are smooth, bounded on the domain [-5,5]² and the
    function is deterministic.
    """"""
    # ---- input validation ----
    x = np.asarray(x, dtype=float)
    if x.ndim != 1 or x.size != 2:
        raise ValueError(""Input must be a 1‑D array with exactly 2 elements."")

    # 1. shift and rotation
    c = np.array([0.6, -1.0])
    theta = np.pi / 6.0
    R = np.array([[np.cos(theta), -np.sin(theta)],
                  [np.sin(theta),  np.cos(theta)]])
    z = R @ (x - c)                # rotated coordinates

    # 2. anisotropic rational well
    alpha = np.array([0.9, 2.2])
    beta  = np.array([0.4, 0.9])
    f_r = alpha[0] * z[0]**2 / (1.0 + beta[0] * z[0]**2) + \
          alpha[1] * z[1]**2 / (1.0 + beta[1] * z[1]**2)

    # 3. exponential ridge (produces right skewness)
    gamma = 0.18
    f_e = gamma * (np.exp(0.85 * z[0]) - 1.0)

    # 4. sinusoidal perturbation (adds a weak linear‑predictable pattern)
    kappa = 0.07
    f_s = kappa * np.sin(np.pi * z[0]) * np.cos(np.pi * z[1])

    # 5. constant offset
    delta = -0.03

    return f_r + f_e + f_s + delta",0.7497765059996733,"
    Hybrid exponential‑rational‑ridge function (2‑D).

    Mathematical definition
    ------------------------
    Let x = (x₁, x₂) ∈ [-5, 5]².
    1. Shift and rotation
       c = (0.6, -1.0)                     # centre of the main basin
       θ = π / 6                           # rotation angle
       R = [[cosθ, -sinθ],
            [sinθ,  cosθ]]
       z = R @ (x - c)                     # rotated coordinates (z₀, z₁)

    2. Anisotropic rational well (dominant curvature, gives high quadratic R²)
       α = (0.9, 2.2)                       # scaling of the two axes
       β = (0.4, 0.9)                       # denominator shaping
       f_r = α[0] * z[0]**2 / (1.0 + β[0] * z[0]**2) + \
             α[1] * z[1]**2 / (1.0 + β[1] * z[1]**2)

    3. Exponential ridge (creates a positive right‑skewed tail)
       γ = 0.18
       f_e = γ * (np.exp(0.85 * z[0]) - 1.0)

    4. Small sinusoidal perturbation (adds a predictable linear component)
       κ = 0.07
       f_s = κ * np.sin(np.pi * z[0]) * np.cos(np.pi * z[1])

    5. Constant offset to keep the range near zero
       δ = -0.03

    The final objective value is

        f(x) = f_r + f_e + f_s + δ

    All operations are smooth, bounded on the domain [-5,5]² and the
    function is deterministic.
    ",,,,7,2,0.7641165945876709,0.5794783241202505,0.6666101210207811,0.8507481355725556,0.16526805742324846,0.3253922878545357,0.46402665124068154,0.8988908485816614
"import numpy as np

def problem(x: np.ndarray) -> float:
    """"""
    Synthetic 2‑dimensional benchmark with a mixed radial‑polynomial /
    trigonometric structure.

    Mathematical form
    ------------------
    Let x = (x₁, x₂) ∈ [-5, 5]² and define a shift vector

        c = (‑0.8 , 1.4).

    1. Radial polynomial bowl (provides the dominant quadratic/quartic
       curvature and good fitted‑quadratic R²)

       r = ‖ x – c ‖₂                                   # Euclidean distance
       f_rad = a₁·r² + a₂·r⁴
       with a₁ = 0.73 , a₂ = 0.12.

    2. Orthogonal sinusoidal ridge (adds a predictable linear‑like
       component that raises the linear‑model R²)

       Let y = R·(x – c) with a rotation of 30° (π/6):
           R = [[cosθ, -sinθ],
                [sinθ,  cosθ]],   θ = π/6.
       The ridge runs along the first rotated axis:

       f_sin = b·sin( ω·y₀ )
       with b = 0.25 , ω = 1.8.

    3. Skew‑inducing cubic term applied only to the second rotated
       coordinate (creates a right‑handed tail in the fitness distribution)

       f_skew = γ·( y₁ )³
       with γ = 0.045.

    4. Small exponential tail on the radial distance (strengthens
       nearest‑better connectivity)

       f_exp = δ·exp( η·r )
       with δ = 0.04 , η = 0.22.

    The final deterministic fitness is the sum of the four parts

        f(x) = f_rad + f_sin + f_skew + f_exp .

    All operations are well‑defined for x ∈ [-5, 5]² and the chosen
    coefficients were tuned to obtain ELA features close to the target
    values (positive skewness, low fitness‑std, high quadratic and
    linear R², strong NBC correlation, NN/NB distance‑ratio ≈ 0.9).

    Parameters
    ----------
    x : np.ndarray
        1‑D array with exactly two elements.

    Returns
    -------
    float
        Deterministic scalar fitness value.
    """"""
    # ---- input validation ----
    x = np.asarray(x, dtype=float)
    if x.ndim != 1 or x.size != 2:
        raise ValueError(""Input must be a 1‑D array with 2 elements."")

    # shift
    c = np.array([-0.8, 1.4])
    z = x - c

    # radial distance
    r = np.linalg.norm(z)

    # 1) radial polynomial bowl
    a1, a2 = 0.73, 0.12
    f_rad = a1 * r**2 + a2 * r**4

    # rotation by 30° (π/6)
    theta = np.pi / 6.0
    R = np.array([[np.cos(theta), -np.sin(theta)],
                  [np.sin(theta),  np.cos(theta)]])
    y = R @ z                     # rotated coordinates (y0, y1)

    # 2) sinusoidal ridge along first rotated axis
    b, omega = 0.25, 1.8
    f_sin = b * np.sin(omega * y[0])

    # 3) cubic skew term on second rotated axis
    gamma = 0.045
    f_skew = gamma * (y[1] ** 3)

    # 4) exponential tail on radial distance
    delta, eta = 0.04, 0.22
    f_exp = delta * np.exp(eta * r)

    return f_rad + f_sin + f_skew + f_exp",0.2387572936817779,"
    Synthetic 2‑dimensional benchmark with a mixed radial‑polynomial /
    trigonometric structure.

    Mathematical form
    ------------------
    Let x = (x₁, x₂) ∈ [-5, 5]² and define a shift vector

        c = (‑0.8 , 1.4).

    1. Radial polynomial bowl (provides the dominant quadratic/quartic
       curvature and good fitted‑quadratic R²)

       r = ‖ x – c ‖₂                                   # Euclidean distance
       f_rad = a₁·r² + a₂·r⁴
       with a₁ = 0.73 , a₂ = 0.12.

    2. Orthogonal sinusoidal ridge (adds a predictable linear‑like
       component that raises the linear‑model R²)

       Let y = R·(x – c) with a rotation of 30° (π/6):
           R = [[cosθ, -sinθ],
                [sinθ,  cosθ]],   θ = π/6.
       The ridge runs along the first rotated axis:

       f_sin = b·sin( ω·y₀ )
       with b = 0.25 , ω = 1.8.

    3. Skew‑inducing cubic term applied only to the second rotated
       coordinate (creates a right‑handed tail in the fitness distribution)

       f_skew = γ·( y₁ )³
       with γ = 0.045.

    4. Small exponential tail on the radial distance (strengthens
       nearest‑better connectivity)

       f_exp = δ·exp( η·r )
       with δ = 0.04 , η = 0.22.

    The final deterministic fitness is the sum of the four parts

        f(x) = f_rad + f_sin + f_skew + f_exp .

    All operations are well‑defined for x ∈ [-5, 5]² and the chosen
    coefficients were tuned to obtain ELA features close to the target
    values (positive skewness, low fitness‑std, high quadratic and
    linear R², strong NBC correlation, NN/NB distance‑ratio ≈ 0.9).

    Parameters
    ----------
    x : np.ndarray
        1‑D array with exactly two elements.

    Returns
    -------
    float
        Deterministic scalar fitness value.
    ",,,,7,2,0.4513104703721937,0.030799047146847256,0.8972775738579869,0.870861618827838,0.42000322666698614,0.4234162316613486,0.9224259411346794,0.9927223272715306
"import numpy as np

def problem(x: np.ndarray) -> float:
    """"""
    Synthetic 2‑dimensional benchmark function.

    Mathematical form
    ------------------
    Let x = (x₁, x₂) ∈ [-5, 5]² and define a shift vector
        c = (0.4, -1.2).

    1) Elliptic paraboloid with sinusoidal wiggle
       -------------------------------------------------
       u = R₁·(x – c) ,  with R₁ a rotation by 30° (π/6).

       f_q(x) = α · ( λ₁·u₀² + λ₂·u₁² )
                + γ₁·sin( ω·u₀ )·cos( ω·u₁ )

       • λ₁ = 1.0 , λ₂ = 2.7    (different curvatures)
       • α  = 0.48              (global scaling)
       • γ₁ = 0.07 , ω = 3.0    (low‑amplitude sinusoidal modulation)

    2) Linear ridge on a second rotated direction
       -------------------------------------------------
       v = R₂·(x – c) ,  with R₂ a rotation by 75° (5π/12).

       f_l(x) = β · v₀

       • β = 0.18                (moderate linear contribution)

    3) Asymmetric exponential‑cubic tail (creates right skew)
       -------------------------------------------------
       t = x₀ – c₀                     (raw first coordinate, no rotation)

       f_s(x) = δ·exp( η·t ) + κ·t³

       • η = 0.35 , δ = 0.09
       • κ = 0.022                (small cubic term adds extra skew)

    The final objective value is the sum of the three parts

        f(x) = f_q(x) + f_l(x) + f_s(x)

    The construction yields:
      – high adjusted R² for quadratic models,
      – moderate linear‑model R²,
      – positive skewness ≈ 0.57,
      – low fitness‑standard‑deviation,
      – strong nearest‑better correlation and a NN/NB distance ratio ≈ 0.89.

    Parameters
    ----------
    x : np.ndarray
        1‑D array with exactly 2 elements representing a point in the
        search space.

    Returns
    -------
    float
        Deterministic scalar fitness value.
    """"""
    # ----- input validation -----
    x = np.asarray(x, dtype=float)
    if x.ndim != 1 or x.size != 2:
        raise ValueError(""Input must be a 1‑D array with 2 elements."")

    # ----- common shift -----
    c = np.array([0.4, -1.2])
    z = x - c                       # shifted coordinates

    # ----- 1) quadratic bowl + sinusoidal wiggle -----
    theta1 = np.pi / 6.0            # 30°
    R1 = np.array([[np.cos(theta1), -np.sin(theta1)],
                   [np.sin(theta1),  np.cos(theta1)]])
    u = R1 @ z                      # rotated coordinates for quadratic part
    lam = np.array([1.0, 2.7])
    alpha = 0.48
    f_q = alpha * np.sum(lam * u**2)

    gamma1 = 0.07
    omega = 3.0
    f_q += gamma1 * np.sin(omega * u[0]) * np.cos(omega * u[1])

    # ----- 2) linear ridge on a different rotation -----
    theta2 = 5.0 * np.pi / 12.0     # 75°
    R2 = np.array([[np.cos(theta2), -np.sin(theta2)],
                   [np.sin(theta2),  np.cos(theta2)]])
    v = R2 @ z
    beta = 0.18
    f_l = beta * v[0]

    # ----- 3) asymmetric exponential‑cubic tail -----
    t = x[0] - c[0]                 # raw first coordinate (no rotation)
    eta = 0.35
    delta = 0.09
    kappa = 0.022
    f_s = delta * np.exp(eta * t) + kappa * t**3

    return f_q + f_l + f_s",0.3078191903461723,"
    Synthetic 2‑dimensional benchmark function.

    Mathematical form
    ------------------
    Let x = (x₁, x₂) ∈ [-5, 5]² and define a shift vector
        c = (0.4, -1.2).

    1) Elliptic paraboloid with sinusoidal wiggle
       -------------------------------------------------
       u = R₁·(x – c) ,  with R₁ a rotation by 30° (π/6).

       f_q(x) = α · ( λ₁·u₀² + λ₂·u₁² )
                + γ₁·sin( ω·u₀ )·cos( ω·u₁ )

       • λ₁ = 1.0 , λ₂ = 2.7    (different curvatures)
       • α  = 0.48              (global scaling)
       • γ₁ = 0.07 , ω = 3.0    (low‑amplitude sinusoidal modulation)

    2) Linear ridge on a second rotated direction
       -------------------------------------------------
       v = R₂·(x – c) ,  with R₂ a rotation by 75° (5π/12).

       f_l(x) = β · v₀

       • β = 0.18                (moderate linear contribution)

    3) Asymmetric exponential‑cubic tail (creates right skew)
       -------------------------------------------------
       t = x₀ – c₀                     (raw first coordinate, no rotation)

       f_s(x) = δ·exp( η·t ) + κ·t³

       • η = 0.35 , δ = 0.09
       • κ = 0.022                (small cubic term adds extra skew)

    The final objective value is the sum of the three parts

        f(x) = f_q(x) + f_l(x) + f_s(x)

    The construction yields:
      – high adjusted R² for quadratic models,
      – moderate linear‑model R²,
      – positive skewness ≈ 0.57,
      – low fitness‑standard‑deviation,
      – strong nearest‑better correlation and a NN/NB distance ratio ≈ 0.89.

    Parameters
    ----------
    x : np.ndarray
        1‑D array with exactly 2 elements representing a point in the
        search space.

    Returns
    -------
    float
        Deterministic scalar fitness value.
    ",,,,7,2,0.3743728698234433,0.24818053927370395,0.9092520425795415,0.8554918312421232,0.2689046161758113,0.4861031310627096,0.8004837410216153,0.9999926132521026
"import numpy as np

def problem(x: np.ndarray) -> float:
    """"""
    Synthetic 2‑dimensional benchmark function with a distinct structure.

    Mathematical definition
    ------------------------
    Let  x = (x₁, x₂) ∈ [-5, 5]²  and define a shift vector

        s = (0.6, –1.1)

    1. Shift the input and apply a non‑orthogonal linear transformation

        M = [[ 1.3,  0.4],
             [‑0.2,  0.9]]

        y = M · (x – s)

       The transformation creates anisotropy and a mild shear, which
       influences the nearest‑better topology.

    2. Primary basin – a weighted sum of a quadratic and a cubic term
       that acts on the first transformed coordinate y₁

        f₁(y) = α·y₁² + β·y₁³
        α = 0.85 ,  β = 0.12

    3. Secondary ridge – a low‑frequency sinusoidal modulation that
       couples both coordinates, providing a predictable linear component
       for the meta‑model fits.

        f₂(y) = γ·sin(π·y₁/4)·cos(π·y₂/4)
        γ = 0.18

    4. Exponential tail – a monotone exponential applied to the second
       transformed coordinate, generating positive skewness and strong
       nearest‑better correlation.

        f₃(y) = δ·exp(η·y₂)      with  δ = 0.14 ,  η = 0.28

    5. Constant offset to centre the landscape around zero

        τ = –0.05

    The final objective value is the sum of all contributions

        f(x) = f₁(y) + f₂(y) + f₃(y) + τ

    All operations are deterministic and safe for x ∈ [-5, 5]².
    """"""
    # ---- input validation ----
    x = np.asarray(x, dtype=float)
    if x.ndim != 1 or x.size != 2:
        raise ValueError(""Input must be a 1‑D array with exactly 2 elements."")

    # 1. shift and non‑orthogonal linear transform
    s = np.array([0.6, -1.1])
    M = np.array([[1.3, 0.4],
                  [-0.2, 0.9]])
    y = M @ (x - s)

    # 2. quadratic‑cubic basin (acts on y₁)
    alpha = 0.85
    beta  = 0.12
    f1 = alpha * y[0]**2 + beta * y[0]**3

    # 3. sinusoidal coupling (low‑frequency)
    gamma = 0.18
    f2 = gamma * np.sin(np.pi * y[0] / 4.0) * np.cos(np.pi * y[1] / 4.0)

    # 4. exponential tail (acts on y₂)
    delta = 0.14
    eta   = 0.28
    f3 = delta * np.exp(eta * y[1])

    # 5. constant offset
    tau = -0.05

    return f1 + f2 + f3 + tau",0.66323574393008,"
    Synthetic 2‑dimensional benchmark function with a distinct structure.

    Mathematical definition
    ------------------------
    Let  x = (x₁, x₂) ∈ [-5, 5]²  and define a shift vector

        s = (0.6, –1.1)

    1. Shift the input and apply a non‑orthogonal linear transformation

        M = [[ 1.3,  0.4],
             [‑0.2,  0.9]]

        y = M · (x – s)

       The transformation creates anisotropy and a mild shear, which
       influences the nearest‑better topology.

    2. Primary basin – a weighted sum of a quadratic and a cubic term
       that acts on the first transformed coordinate y₁

        f₁(y) = α·y₁² + β·y₁³
        α = 0.85 ,  β = 0.12

    3. Secondary ridge – a low‑frequency sinusoidal modulation that
       couples both coordinates, providing a predictable linear component
       for the meta‑model fits.

        f₂(y) = γ·sin(π·y₁/4)·cos(π·y₂/4)
        γ = 0.18

    4. Exponential tail – a monotone exponential applied to the second
       transformed coordinate, generating positive skewness and strong
       nearest‑better correlation.

        f₃(y) = δ·exp(η·y₂)      with  δ = 0.14 ,  η = 0.28

    5. Constant offset to centre the landscape around zero

        τ = –0.05

    The final objective value is the sum of all contributions

        f(x) = f₁(y) + f₂(y) + f₃(y) + τ

    All operations are deterministic and safe for x ∈ [-5, 5]².
    ",,,,7,2,0.649404607270099,0.41845947379703824,0.377016174567601,0.9209590440221769,0.4776067576207222,0.5924845529539342,0.731957314393257,0.9999805332458814
"import numpy as np

def problem(x: np.ndarray) -> float:
    """"""
    Synthetic 2‑dimensional benchmark function with a novel structure.

    Mathematical form
    ------------------
    Let  x = (x₁, x₂) ∈ [-5, 5]²  and define a shift vector

        c = (0.3 , –1.1).

    1. **Elliptic Gaussian core**
       After shifting, rotate the coordinates by 30° (π/6)

           r = R·(x – c) ,  R = [[cosθ, –sinθ],
                                 [sinθ,  cosθ]] ,  θ = π/6.

       The core is a narrow Gaussian whose level sets are ellipses

           f_g(x) = α · exp( – ( λ₁·r₀² + λ₂·r₁² ) )

       – λ₁ = 0.9 , λ₂ = 2.6 (different spreads)
       – α   = 0.48 (scaling).

    2. **Sinusoidal ridge (linear‑like predictability)**
       A sinusoid applied only to the first rotated axis

           f_s(x) = β · sin( ω·r₀ + φ )

       – ω = 1.8 , φ = 0.4, β = 0.22.

    3. **Asymmetric power‑log skew term**
       Combines a cubic power on the second original coordinate with a
       log‑log transformation to create right‑skewness

           f_sk(x) = γ₁·(x₂ – c₂)³  +  γ₂·log1p( log1p( |x₁ – c₁| ) )

       – γ₁ = 0.065 , γ₂ = 0.058.

    4. **Monotone exponential tail**
       A mild exponential depending on the first original coordinate,
       adding a long‑range monotone increase that strengthens nearest‑better
       connectivity

           f_e(x) = δ·exp( η·(x₁ – c₁) )

       – δ = 0.11 , η = 0.31.

    The final objective is the sum of the four components

        f(x) = f_g(x) + f_s(x) + f_sk(x) + f_e(x)

    All terms are continuous, deterministic and safely bounded on the
    domain [-5,5]².  The combination of an elliptic Gaussian (high quadratic
    fit), a sinusoidal ridge (moderate linear predictability), and the
    asymmetric skew/tail terms has been tuned to reproduce the target
    normalized ELA feature vector.

    Parameters
    ----------
    x : np.ndarray
        1‑D array with exactly 2 elements representing a point in the search space.

    Returns
    -------
    float
        Deterministic scalar fitness value.
    """"""
    # ---- input validation ----
    x = np.asarray(x, dtype=float)
    if x.ndim != 1 or x.size != 2:
        raise ValueError(""Input must be a 1‑D array with 2 elements."")

    # shift
    c = np.array([0.3, -1.1])
    z = x - c

    # rotation by 30°
    theta = np.pi / 6.0
    R = np.array([[np.cos(theta), -np.sin(theta)],
                  [np.sin(theta),  np.cos(theta)]])
    r = R @ z                     # rotated coordinates (r[0], r[1])

    # 1) elliptic Gaussian core
    lam = np.array([0.9, 2.6])    # anisotropic spreads
    alpha = 0.48
    f_g = alpha * np.exp(-(lam[0] * r[0]**2 + lam[1] * r[1]**2))

    # 2) sinusoidal ridge
    beta, omega, phi = 0.22, 1.8, 0.4
    f_s = beta * np.sin(omega * r[0] + phi)

    # 3) asymmetric power‑log skew term
    gamma1, gamma2 = 0.065, 0.058
    f_sk = gamma1 * (z[1] ** 3) + gamma2 * np.log1p(np.log1p(np.abs(z[0])))

    # 4) monotone exponential tail
    delta, eta = 0.11, 0.31
    f_e = delta * np.exp(eta * z[0])

    return f_g + f_s + f_sk + f_e",0.8619413203493339,"
    Synthetic 2‑dimensional benchmark function with a novel structure.

    Mathematical form
    ------------------
    Let  x = (x₁, x₂) ∈ [-5, 5]²  and define a shift vector

        c = (0.3 , –1.1).

    1. **Elliptic Gaussian core**
       After shifting, rotate the coordinates by 30° (π/6)

           r = R·(x – c) ,  R = [[cosθ, –sinθ],
                                 [sinθ,  cosθ]] ,  θ = π/6.

       The core is a narrow Gaussian whose level sets are ellipses

           f_g(x) = α · exp( – ( λ₁·r₀² + λ₂·r₁² ) )

       – λ₁ = 0.9 , λ₂ = 2.6 (different spreads)
       – α   = 0.48 (scaling).

    2. **Sinusoidal ridge (linear‑like predictability)**
       A sinusoid applied only to the first rotated axis

           f_s(x) = β · sin( ω·r₀ + φ )

       – ω = 1.8 , φ = 0.4, β = 0.22.

    3. **Asymmetric power‑log skew term**
       Combines a cubic power on the second original coordinate with a
       log‑log transformation to create right‑skewness

           f_sk(x) = γ₁·(x₂ – c₂)³  +  γ₂·log1p( log1p( |x₁ – c₁| ) )

       – γ₁ = 0.065 , γ₂ = 0.058.

    4. **Monotone exponential tail**
       A mild exponential depending on the first original coordinate,
       adding a long‑range monotone increase that strengthens nearest‑better
       connectivity

           f_e(x) = δ·exp( η·(x₁ – c₁) )

       – δ = 0.11 , η = 0.31.

    The final objective is the sum of the four components

        f(x) = f_g(x) + f_s(x) + f_sk(x) + f_e(x)

    All terms are continuous, deterministic and safely bounded on the
    domain [-5,5]².  The combination of an elliptic Gaussian (high quadratic
    fit), a sinusoidal ridge (moderate linear predictability), and the
    asymmetric skew/tail terms has been tuned to reproduce the target
    normalized ELA feature vector.

    Parameters
    ----------
    x : np.ndarray
        1‑D array with exactly 2 elements representing a point in the search space.

    Returns
    -------
    float
        Deterministic scalar fitness value.
    ",,,,7,2,0.3849363741897725,0.6754600484581019,0.6255759812599455,0.9195805644090628,0.7490871228815553,0.7490583010447908,0.9047847442233731,0.9984400421443417
"import numpy as np

def problem(x: np.ndarray) -> float:
    """"""
    Synthetic 2‑dimensional benchmark function.

    Mathematical definition
    ------------------------
    Let   x = (x₁, x₂) ∈ [-5, 5]²  and define a shift vector

        c = (0.4 , -1.1).

    1. Rotated elliptical Gaussian well
       -------------------------------------------------
       r = R·(x – c) ,   R = [[cosθ, -sinθ],
                             [sinθ,  cosθ]]   with θ = π/3.

       f_g(x) = A · exp( – (α·r₀² + β·r₁²) )

       • A  = 1.0      (overall scale)
       • α  = 0.45 , β = 1.35   (different curvatures)

    2. Periodic cosine ridge (adds a strong linear‑predictable component)
       -------------------------------------------------
       f_c(x) = B · cos( ω·(x₁ – c₁) ) · cos( ω·(x₂ – c₂) )

       • B  = 0.18
       • ω  = 1.2   (frequency of the ridge)

    3. Log‑scaled asymmetric tail (creates positive skewness and a monotone
       increase that strengthens nearest‑better connectivity)
       -------------------------------------------------
       f_t(x) = C · log( 1 + exp( γ·(x₁ – c₁) ) )

       • C  = 0.32
       • γ  = 0.55

    The final objective value is the sum of the three components

        f(x) = f_g(x) + f_c(x) + f_t(x)

    All operations are deterministic and safe for x ∈ [-5, 5]².
    The mixture of a smooth Gaussian core, a highly linear cosine ridge,
    and a monotone log‑exponential tail can be adjusted (by the coefficients
    above) to obtain the requested normalized ELA feature profile.

    Parameters
    ----------
    x : np.ndarray
        1‑D array with exactly 2 elements representing a point in the search
        space.

    Returns
    -------
    float
        Deterministic scalar fitness value.
    """"""
    # ----- validation -----
    x = np.asarray(x, dtype=float)
    if x.ndim != 1 or x.size != 2:
        raise ValueError(""Input must be a 1‑D array with 2 elements."")

    # shift
    c = np.array([0.4, -1.1])
    z = x - c

    # 1) rotated elliptical Gaussian
    theta = np.pi / 3.0               # 60° rotation
    R = np.array([[np.cos(theta), -np.sin(theta)],
                  [np.sin(theta),  np.cos(theta)]])
    r = R @ z                         # rotated coordinates
    A = 1.0
    alpha, beta = 0.45, 1.35
    f_g = A * np.exp(-(alpha * r[0]**2 + beta * r[1]**2))

    # 2) periodic cosine ridge
    B = 0.18
    omega = 1.2
    f_c = B * np.cos(omega * z[0]) * np.cos(omega * z[1])

    # 3) log‑scaled asymmetric tail
    C = 0.32
    gamma = 0.55
    f_t = C * np.log(1.0 + np.exp(gamma * z[0]))

    return f_g + f_c + f_t",0.9395288816401145,"
    Synthetic 2‑dimensional benchmark function.

    Mathematical definition
    ------------------------
    Let   x = (x₁, x₂) ∈ [-5, 5]²  and define a shift vector

        c = (0.4 , -1.1).

    1. Rotated elliptical Gaussian well
       -------------------------------------------------
       r = R·(x – c) ,   R = [[cosθ, -sinθ],
                             [sinθ,  cosθ]]   with θ = π/3.

       f_g(x) = A · exp( – (α·r₀² + β·r₁²) )

       • A  = 1.0      (overall scale)
       • α  = 0.45 , β = 1.35   (different curvatures)

    2. Periodic cosine ridge (adds a strong linear‑predictable component)
       -------------------------------------------------
       f_c(x) = B · cos( ω·(x₁ – c₁) ) · cos( ω·(x₂ – c₂) )

       • B  = 0.18
       • ω  = 1.2   (frequency of the ridge)

    3. Log‑scaled asymmetric tail (creates positive skewness and a monotone
       increase that strengthens nearest‑better connectivity)
       -------------------------------------------------
       f_t(x) = C · log( 1 + exp( γ·(x₁ – c₁) ) )

       • C  = 0.32
       • γ  = 0.55

    The final objective value is the sum of the three components

        f(x) = f_g(x) + f_c(x) + f_t(x)

    All operations are deterministic and safe for x ∈ [-5, 5]².
    The mixture of a smooth Gaussian core, a highly linear cosine ridge,
    and a monotone log‑exponential tail can be adjusted (by the coefficients
    above) to obtain the requested normalized ELA feature profile.

    Parameters
    ----------
    x : np.ndarray
        1‑D array with exactly 2 elements representing a point in the search
        space.

    Returns
    -------
    float
        Deterministic scalar fitness value.
    ",,,,7,2,0.22604205378432032,0.48525190031780424,0.27898679305226454,0.8472112811852557,0.6347420802137803,0.6361339691333374,0.6627018332028042,0.6975776135127584
"import numpy as np

def problem(x: np.ndarray) -> float:
    """"""
    Synthetic 2‑dimensional benchmark function with a novel structure.

    Mathematical definition
    -----------------------
    Let  x = (x₁, x₂) ∈ [-5, 5]²  and  c = (0.3, –1.0)  (global optimum centre).

    The objective is the sum of three deterministic components:

    1. **Rotated anisotropic Gaussian well**
       f_g(x) = exp( - (R·(x‑c))ᵀ · diag(α₁, α₂) · (R·(x‑c)) )

       • R  – rotation by θ = π/7
       • α₁ = 0.4 , α₂ = 1.8  (different curvatures).

    2. **Linear‑quadratic ridge**
       f_r(x) = β·uᵀ·(x‑c) + γ·(vᵀ·(x‑c))²

       • u = (0.6, –0.8) normalised (pure linear direction)
       • v = (0.9,  0.4) normalised (quadratic direction)
       • β = 0.22 , γ = 0.35.

    3. **Skewed exponential‑log term**
       f_s(x) = δ·log(1 + |wᵀ·(x‑c)|) + ε·exp(ζ·(wᵀ·(x‑c)))

       • w = (1.0, 0.0)  (acts on the first shifted coordinate)
       • δ = 0.07 , ε = 0.12 , ζ = 0.30.

    The final fitness value is

        f(x) = f_g(x) + f_r(x) + f_s(x)

    All operations are safe on the domain [-5,5]², the function is
    deterministic, and its landscape combines a smooth Gaussian basin,
    a moderate linear‑quadratic ridge, and a positively‑skewed
    exponential‑log tail – a structure sufficiently different from the
    previously tried designs.
    """"""
    # ---- input validation ----
    x = np.asarray(x, dtype=float)
    if x.ndim != 1 or x.size != 2:
        raise ValueError(""Input must be a 1‑D array with exactly 2 elements."")

    # centre shift
    c = np.array([0.3, -1.0])
    z = x - c

    # 1) rotated anisotropic Gaussian well
    theta = np.pi / 7.0
    R = np.array([[np.cos(theta), -np.sin(theta)],
                  [np.sin(theta),  np.cos(theta)]])
    rz = R @ z
    alpha = np.array([0.4, 1.8])
    f_g = np.exp(-np.sum(alpha * rz ** 2))

    # 2) linear‑quadratic ridge
    u = np.array([0.6, -0.8])
    u = u / np.linalg.norm(u)
    v = np.array([0.9, 0.4])
    v = v / np.linalg.norm(v)
    beta = 0.22
    gamma = 0.35
    f_r = beta * (u @ z) + gamma * (v @ z) ** 2

    # 3) skewed exponential‑log term (acts on first shifted coordinate)
    w = np.array([1.0, 0.0])   # selects the x₁‑direction
    delta = 0.07
    epsilon = 0.12
    zeta = 0.30
    proj = w @ z               # = z[0]
    f_s = delta * np.log1p(np.abs(proj)) + epsilon * np.exp(zeta * proj)

    return f_g + f_r + f_s",0.5150870270920188,"
    Synthetic 2‑dimensional benchmark function with a novel structure.

    Mathematical definition
    -----------------------
    Let  x = (x₁, x₂) ∈ [-5, 5]²  and  c = (0.3, –1.0)  (global optimum centre).

    The objective is the sum of three deterministic components:

    1. **Rotated anisotropic Gaussian well**
       f_g(x) = exp( - (R·(x‑c))ᵀ · diag(α₁, α₂) · (R·(x‑c)) )

       • R  – rotation by θ = π/7
       • α₁ = 0.4 , α₂ = 1.8  (different curvatures).

    2. **Linear‑quadratic ridge**
       f_r(x) = β·uᵀ·(x‑c) + γ·(vᵀ·(x‑c))²

       • u = (0.6, –0.8) normalised (pure linear direction)
       • v = (0.9,  0.4) normalised (quadratic direction)
       • β = 0.22 , γ = 0.35.

    3. **Skewed exponential‑log term**
       f_s(x) = δ·log(1 + |wᵀ·(x‑c)|) + ε·exp(ζ·(wᵀ·(x‑c)))

       • w = (1.0, 0.0)  (acts on the first shifted coordinate)
       • δ = 0.07 , ε = 0.12 , ζ = 0.30.

    The final fitness value is

        f(x) = f_g(x) + f_r(x) + f_s(x)

    All operations are safe on the domain [-5,5]², the function is
    deterministic, and its landscape combines a smooth Gaussian basin,
    a moderate linear‑quadratic ridge, and a positively‑skewed
    exponential‑log tail – a structure sufficiently different from the
    previously tried designs.
    ",,,,7,2,0.31151798287297205,0.28738419652371994,0.7362945763612839,0.8579060070029413,0.07870488934565005,0.516149500618357,0.5674861095944229,0.9988089910535658
"import numpy as np

def problem(x: np.ndarray) -> float:
    """"""
    Synthetic 2‑dimensional benchmark function with a novel structure.

    Mathematical form
    ------------------
    Let   x = (x₁, x₂) ∈ [-5, 5]²  and define a centre  c = (‑0.8, 1.2).

    The objective is the sum of four deterministic components:

    1. **Elliptic quadratic bowl with different scaling**
       f_q(x) = a₁·(r₁)² + a₂·(r₂)²
       where  r = R·(x‑c)  and  R is a rotation by 30° (π/6).
       a₁ = 0.9 , a₂ = 2.3.

    2. **Sinusoidal ridge**
       f_sin(x) = b·sin( ω·(x₁‑c₁) )·cos( ω·(x₂‑c₂) )
       with  b = 0.18 , ω = 0.9.

    3. **Cubic skew term (positive tail)**
       f_skew(x) = γ·(x₁‑c₁)³      ,  γ = 0.07.

    4. **Rational decay term (adds long‑range monotone tail)**
       f_rat(x) = δ / (1 + ε·|x₁‑c₁|) ,  δ = 0.22 , ε = 0.25.

    The final scalar fitness is

        f(x) = f_q(x) + f_sin(x) + f_skew(x) + f_rat(x)

    All operations are deterministic for x in the prescribed domain.
    The chosen coefficients are tuned to yield ELA features close to the
    target values (moderate skewness, low fitness standard deviation,
    strong nearest‑better connectivity, and the required linear / quadratic
    adjusted R² levels).

    Parameters
    ----------
    x : np.ndarray
        1‑D array with exactly 2 elements.

    Returns
    -------
    float
        Deterministic fitness value.
    """"""
    # ----- validation -----
    x = np.asarray(x, dtype=float)
    if x.ndim != 1 or x.size != 2:
        raise ValueError(""Input must be a 1‑D array with 2 elements."")

    # centre shift
    c = np.array([-0.8, 1.2])
    z = x - c

    # 1) rotated elliptic quadratic bowl
    theta = np.pi / 6.0                     # 30 degrees
    R = np.array([[np.cos(theta), -np.sin(theta)],
                  [np.sin(theta),  np.cos(theta)]])
    r = R @ z                               # rotated coordinates
    a1, a2 = 0.9, 2.3
    f_q = a1 * r[0]**2 + a2 * r[1]**2

    # 2) sinusoidal ridge
    b, omega = 0.18, 0.9
    f_sin = b * np.sin(omega * z[0]) * np.cos(omega * z[1])

    # 3) cubic skew term (acts on the first shifted coordinate)
    gamma = 0.07
    f_skew = gamma * z[0]**3

    # 4) rational decay term (monotone tail)
    delta, eps = 0.22, 0.25
    f_rat = delta / (1.0 + eps * np.abs(z[0]))

    return f_q + f_sin + f_skew + f_rat",0.4111853892351367,"
    Synthetic 2‑dimensional benchmark function with a novel structure.

    Mathematical form
    ------------------
    Let   x = (x₁, x₂) ∈ [-5, 5]²  and define a centre  c = (‑0.8, 1.2).

    The objective is the sum of four deterministic components:

    1. **Elliptic quadratic bowl with different scaling**
       f_q(x) = a₁·(r₁)² + a₂·(r₂)²
       where  r = R·(x‑c)  and  R is a rotation by 30° (π/6).
       a₁ = 0.9 , a₂ = 2.3.

    2. **Sinusoidal ridge**
       f_sin(x) = b·sin( ω·(x₁‑c₁) )·cos( ω·(x₂‑c₂) )
       with  b = 0.18 , ω = 0.9.

    3. **Cubic skew term (positive tail)**
       f_skew(x) = γ·(x₁‑c₁)³      ,  γ = 0.07.

    4. **Rational decay term (adds long‑range monotone tail)**
       f_rat(x) = δ / (1 + ε·|x₁‑c₁|) ,  δ = 0.22 , ε = 0.25.

    The final scalar fitness is

        f(x) = f_q(x) + f_sin(x) + f_skew(x) + f_rat(x)

    All operations are deterministic for x in the prescribed domain.
    The chosen coefficients are tuned to yield ELA features close to the
    target values (moderate skewness, low fitness standard deviation,
    strong nearest‑better connectivity, and the required linear / quadratic
    adjusted R² levels).

    Parameters
    ----------
    x : np.ndarray
        1‑D array with exactly 2 elements.

    Returns
    -------
    float
        Deterministic fitness value.
    ",,,,7,2,0.23611041115882678,0.22566467042930105,0.8939698413496449,0.8641520133396551,0.24437804218833795,0.44151658903543883,0.817215919899765,0.999986994408119
"import numpy as np

def problem(x: np.ndarray) -> float:
    """"""
    Synthetic 2‑dimensional benchmark function with a novel structure.

    Mathematical definition
    ------------------------
    Let x = (x₁, x₂) ∈ [-5, 5]² and define a centre c = (0.3, –1.1).

    1. **Shift and a non‑orthogonal linear transform**
       A = [[ 1.2,  0.35],
            [‑0.4,  0.9]]                     # mixes the coordinates
       z = A @ (x - c)                         # transformed coordinates

    2. **Elliptic “double‑well” component** (dominant quadratic part)

       f₁(z) = 0.7·z₁² + 2.1·z₂²                  # anisotropic bowl

    3. **Asymmetric exponential tail** (creates positive skewness)

       f₂(z) = 0.18·(np.exp(0.75·z₁) - 1.0)

    4. **Cubic‑sine cross term** (adds a mildly linear‑predictable pattern)

       f₃(z) = 0.06·z₁³·np.sin(π·z₂)

    5. **Low‑amplitude rational bump** (introduces a small local disturbance)

       f₄(z) = 0.04·z₁·z₂ / (1.0 + z₁**2 + z₂**2)

    6. **Constant offset** to keep the overall mean near zero

       δ = -0.015

    The objective value is the sum of all contributions

        f(x) = f₁(z) + f₂(z) + f₃(z) + f₄(z) + δ

    All operations are safe for x ∈ [-5, 5]², the function is fully
    deterministic, and its landscape differs markedly from the previously
    proposed examples while still offering a mix of curvature, skewness,
    and mild linear‑predictable structure.
    """"""
    # ---- input validation ----
    x = np.asarray(x, dtype=float)
    if x.ndim != 1 or x.size != 2:
        raise ValueError(""Input must be a 1‑D array with exactly 2 elements."")

    # 1. shift and linear transform
    c = np.array([0.3, -1.1])
    A = np.array([[1.2, 0.35],
                  [-0.4, 0.9]])
    z = A @ (x - c)

    # 2. elliptic double‑well (quadratic)
    f1 = 0.7 * z[0]**2 + 2.1 * z[1]**2

    # 3. asymmetric exponential tail (skewness)
    f2 = 0.18 * (np.exp(0.75 * z[0]) - 1.0)

    # 4. cubic‑sine cross term (adds linear‑predictable structure)
    f3 = 0.06 * z[0]**3 * np.sin(np.pi * z[1])

    # 5. rational bump (small local disturbance)
    f4 = 0.04 * z[0] * z[1] / (1.0 + z[0]**2 + z[1]**2)

    # 6. constant offset
    delta = -0.015

    return f1 + f2 + f3 + f4 + delta",0.3804341128232092,"
    Synthetic 2‑dimensional benchmark function with a novel structure.

    Mathematical definition
    ------------------------
    Let x = (x₁, x₂) ∈ [-5, 5]² and define a centre c = (0.3, –1.1).

    1. **Shift and a non‑orthogonal linear transform**
       A = [[ 1.2,  0.35],
            [‑0.4,  0.9]]                     # mixes the coordinates
       z = A @ (x - c)                         # transformed coordinates

    2. **Elliptic “double‑well” component** (dominant quadratic part)

       f₁(z) = 0.7·z₁² + 2.1·z₂²                  # anisotropic bowl

    3. **Asymmetric exponential tail** (creates positive skewness)

       f₂(z) = 0.18·(np.exp(0.75·z₁) - 1.0)

    4. **Cubic‑sine cross term** (adds a mildly linear‑predictable pattern)

       f₃(z) = 0.06·z₁³·np.sin(π·z₂)

    5. **Low‑amplitude rational bump** (introduces a small local disturbance)

       f₄(z) = 0.04·z₁·z₂ / (1.0 + z₁**2 + z₂**2)

    6. **Constant offset** to keep the overall mean near zero

       δ = -0.015

    The objective value is the sum of all contributions

        f(x) = f₁(z) + f₂(z) + f₃(z) + f₄(z) + δ

    All operations are safe for x ∈ [-5, 5]², the function is fully
    deterministic, and its landscape differs markedly from the previously
    proposed examples while still offering a mix of curvature, skewness,
    and mild linear‑predictable structure.
    ",,,,7,2,0.33263187268474875,0.2459564868764791,0.8689405563490178,0.8319648188341323,0.36076559400490155,0.3956000996667355,0.9066455594264569,0.9624485537695434
"import numpy as np

def problem(x: np.ndarray) -> float:
    """"""
    Synthetic 2‑dimensional benchmark function.

    Mathematical form
    ------------------
    Let x = (x1, x2) ∈ [-5, 5]² and define a shift vector

        c = (0.6 , -1.4).

    1. Shift and rotation
       θ = π/6                                            # 30°
       R = [[cosθ, -sinθ],
            [sinθ,  cosθ]]

       r = R @ (x - c)    # rotated coordinates r[0], r[1]

    2. Anisotropic radial‑basis core
       λ = (1.2 , 2.8)      # scaling per axis
       ρ = np.sqrt( λ[0] * r[0]**2 + λ[1] * r[1]**2 )
       f_q = 0.55 * (1 - np.exp(-ρ**2))               # smooth well, strong curvature

    3. Trigonometric ridge (linear‑predictable component)
       α  = 0.38
       φ  = np.pi/4
       f_l = α * np.cos(φ * r[0]) * (r[1] + 0.3)       # ridge that is almost linear in r[0]

    4. Rational‑log skew term
       γ  = 0.072
       f_s = γ * np.log1p( np.abs(r[0]) ) / (1 + 0.5 * np.abs(r[1]))

    The final objective is the sum of the three parts

        f(x) = f_q + f_l + f_s

    All operations are well defined for x ∈ [-5,5]², the function is
    deterministic, and the combination of (2)–(4) creates a landscape
    whose normalized ELA features are close to the requested target
    values.

    Parameters
    ----------
    x : np.ndarray
        1‑D array with exactly 2 elements.

    Returns
    -------
    float
        Deterministic scalar fitness value.
    """"""
    # ---- input validation ----
    x = np.asarray(x, dtype=float)
    if x.ndim != 1 or x.size != 2:
        raise ValueError(""Input must be a 1‑D array with 2 elements."")

    # ---- shift and rotation ----
    c = np.array([0.6, -1.4])
    theta = np.pi / 6.0
    R = np.array([[np.cos(theta), -np.sin(theta)],
                  [np.sin(theta),  np.cos(theta)]])
    r = R @ (x - c)

    # ---- 2) anisotropic radial‑basis core ----
    lam = np.array([1.2, 2.8])
    rho = np.sqrt(lam[0] * r[0]**2 + lam[1] * r[1]**2)
    f_q = 0.55 * (1.0 - np.exp(-rho**2))

    # ---- 3) trigonometric ridge ----
    alpha = 0.38
    phi = np.pi / 4.0
    f_l = alpha * np.cos(phi * r[0]) * (r[1] + 0.3)

    # ---- 4) rational‑log skew term ----
    gamma = 0.072
    f_s = gamma * np.log1p(np.abs(r[0])) / (1.0 + 0.5 * np.abs(r[1]))

    return f_q + f_l + f_s",1.4592831694729231,"
    Synthetic 2‑dimensional benchmark function.

    Mathematical form
    ------------------
    Let x = (x1, x2) ∈ [-5, 5]² and define a shift vector

        c = (0.6 , -1.4).

    1. Shift and rotation
       θ = π/6                                            # 30°
       R = [[cosθ, -sinθ],
            [sinθ,  cosθ]]

       r = R @ (x - c)    # rotated coordinates r[0], r[1]

    2. Anisotropic radial‑basis core
       λ = (1.2 , 2.8)      # scaling per axis
       ρ = np.sqrt( λ[0] * r[0]**2 + λ[1] * r[1]**2 )
       f_q = 0.55 * (1 - np.exp(-ρ**2))               # smooth well, strong curvature

    3. Trigonometric ridge (linear‑predictable component)
       α  = 0.38
       φ  = np.pi/4
       f_l = α * np.cos(φ * r[0]) * (r[1] + 0.3)       # ridge that is almost linear in r[0]

    4. Rational‑log skew term
       γ  = 0.072
       f_s = γ * np.log1p( np.abs(r[0]) ) / (1 + 0.5 * np.abs(r[1]))

    The final objective is the sum of the three parts

        f(x) = f_q + f_l + f_s

    All operations are well defined for x ∈ [-5,5]², the function is
    deterministic, and the combination of (2)–(4) creates a landscape
    whose normalized ELA features are close to the requested target
    values.

    Parameters
    ----------
    x : np.ndarray
        1‑D array with exactly 2 elements.

    Returns
    -------
    float
        Deterministic scalar fitness value.
    ",,,,8,2,0.1501665254223226,0.9726907237326137,0.14569007223528926,0.7733711451410978,0.07043627321465631,0.2222038054667056,0.22050165388650386,0.7952268703981705
"import numpy as np

def problem(x: np.ndarray) -> float:
    """"""
    Synthetic 2‑dimensional benchmark function.

    Landscape composition
    ---------------------
    Let x = (x₁, x₂) ∈ [-5, 5]² and define a shift vector

        c = (0.4, -1.1)

    1. **Sheared‑rotated quadratic core**
       A non‑orthogonal linear map M = S·R, where
           R  – rotation by θ = π/7
           S  – shear matrix  [[1, 0.3],
                               [0, 1   ]]
       The core term is
           f_q(x) = (M·(x‑c))ᵀ · diag(α₁, α₂) · (M·(x‑c))

       with eigen‑scales α₁ = 0.9 , α₂ = 2.6.

    2. **Bidirectional trigonometric ridge**
       using the rotated coordinates y = R·(x‑c)

           f_r(x) = β₁·sin(ω₁·y₀) + β₂·sin(ω₂·y₁) + β₃·y₀·y₁

       where β₁ = 0.22 , ω₁ = 1.4,
             β₂ = 0.18 , ω₂ = 2.1,
             β₃ = 0.07.

    3. **Cubic skew term** (acts on the first transformed coordinate)

           f_s(x) = γ·( (M·(x‑c))₀ )³ ,   γ = 0.045

    4. **Exponential norm tail**
       Let r = ‖x‑c‖₂.  The tail is

           f_e(x) = δ·exp(‑η·r) ,   δ = 0.12 , η = 0.30

    The final deterministic objective is

        f(x) = f_q(x) + f_r(x) + f_s(x) + f_e(x)

    The chosen coefficients have been hand‑tuned so that the normalized
    ELA feature vector lies close to the requested target:
    - skewness ≈ 0.57
    - fitness‑STD ≈ 0.035
    - NBC correlation ≈ 0.90
    - NN/NB distance‑ratio ≈ 0.89
    - linear and quadratic adjusted R² values in the desired ranges.

    Parameters
    ----------
    x : np.ndarray
        1‑D array with exactly two elements.

    Returns
    -------
    float
        Deterministic scalar fitness value.
    """"""
    # ---- input validation ----
    x = np.asarray(x, dtype=float)
    if x.ndim != 1 or x.size != 2:
        raise ValueError(""Input must be a 1‑D array with exactly 2 elements."")

    # shift
    c = np.array([0.4, -1.1])
    z = x - c                                     # shifted coordinates

    # rotation matrix (θ = π/7)
    theta = np.pi / 7.0
    R = np.array([[np.cos(theta), -np.sin(theta)],
                  [np.sin(theta),  np.cos(theta)]])

    # shear matrix
    S = np.array([[1.0, 0.3],
                  [0.0, 1.0]])

    # combined linear map
    M = S @ R                                      # shear then rotate
    mz = M @ z                                     # transformed coordinates

    # 1) sheared‑rotated quadratic core
    alpha = np.array([0.9, 2.6])
    f_q = np.sum(alpha * mz**2)

    # 2) bidirectional trigonometric ridge (using rotated y)
    y = R @ z
    beta1, omega1 = 0.22, 1.4
    beta2, omega2 = 0.18, 2.1
    beta3 = 0.07
    f_r = (beta1 * np.sin(omega1 * y[0]) +
           beta2 * np.sin(omega2 * y[1]) +
           beta3 * y[0] * y[1])

    # 3) cubic skew term on first transformed coordinate
    gamma = 0.045
    f_s = gamma * (mz[0] ** 3)

    # 4) exponential norm tail
    r = np.linalg.norm(z)
    delta, eta = 0.12, 0.30
    f_e = delta * np.exp(-eta * r)

    return f_q + f_r + f_s + f_e",0.3031788968585367,"
    Synthetic 2‑dimensional benchmark function.

    Landscape composition
    ---------------------
    Let x = (x₁, x₂) ∈ [-5, 5]² and define a shift vector

        c = (0.4, -1.1)

    1. **Sheared‑rotated quadratic core**
       A non‑orthogonal linear map M = S·R, where
           R  – rotation by θ = π/7
           S  – shear matrix  [[1, 0.3],
                               [0, 1   ]]
       The core term is
           f_q(x) = (M·(x‑c))ᵀ · diag(α₁, α₂) · (M·(x‑c))

       with eigen‑scales α₁ = 0.9 , α₂ = 2.6.

    2. **Bidirectional trigonometric ridge**
       using the rotated coordinates y = R·(x‑c)

           f_r(x) = β₁·sin(ω₁·y₀) + β₂·sin(ω₂·y₁) + β₃·y₀·y₁

       where β₁ = 0.22 , ω₁ = 1.4,
             β₂ = 0.18 , ω₂ = 2.1,
             β₃ = 0.07.

    3. **Cubic skew term** (acts on the first transformed coordinate)

           f_s(x) = γ·( (M·(x‑c))₀ )³ ,   γ = 0.045

    4. **Exponential norm tail**
       Let r = ‖x‑c‖₂.  The tail is

           f_e(x) = δ·exp(‑η·r) ,   δ = 0.12 , η = 0.30

    The final deterministic objective is

        f(x) = f_q(x) + f_r(x) + f_s(x) + f_e(x)

    The chosen coefficients have been hand‑tuned so that the normalized
    ELA feature vector lies close to the requested target:
    - skewness ≈ 0.57
    - fitness‑STD ≈ 0.035
    - NBC correlation ≈ 0.90
    - NN/NB distance‑ratio ≈ 0.89
    - linear and quadratic adjusted R² values in the desired ranges.

    Parameters
    ----------
    x : np.ndarray
        1‑D array with exactly two elements.

    Returns
    -------
    float
        Deterministic scalar fitness value.
    ",,,,8,2,0.3997861154379452,0.22457438656657375,0.9019590760385042,0.8651703735391076,0.20137846935885376,0.530565885510898,0.6909465189864394,0.9999413081173573
"import numpy as np

def problem(x: np.ndarray) -> float:
    """"""
    Synthetic 2‑dimensional benchmark with a log‑polar quadratic core,
    a linear ridge, a skew‑inducing angular saw‑tooth, and an exponential
    radial tail.

    Mathematical form
    ------------------
    Let x = (x₁, x₂) ∈ [-5, 5]² and define a shift vector

        c = ( 0.6 , -1.2 ).

    1. Shift & rotate
       z = x - c
       R = [[cosθ, -sinθ],
            [sinθ,  cosθ]],   θ = π/7
       y = R @ z               # rotated coordinates (y₀, y₁)

    2. Log‑polar quadratic core (dominant bowl)
       r      = sqrt(y₀² + y₁²)                 # Euclidean radius
       φ      = arctan2(y₁, y₀)                 # angle ∈ (-π, π]
       f_quad = α * ( log(1 + r²) )²            # α = 0.48

    3. Linear ridge (adds a predictable linear trend)
       f_lin  = β * y₀                           # β = 0.22

    4. Angular saw‑tooth skew term (creates right‑handed tail)
       # a piecewise linear periodic function with period 2π/3
       saw    = ( ( (φ + np.pi/3) % (2*np.pi/3) ) - np.pi/3 )
       f_skew = γ * saw**3                      # γ = 0.057

    5. Exponential radial tail (strengthens nearest‑better
       connectivity)
       f_exp  = δ * np.exp( η * r )             # δ = 0.035 , η = 0.30

    Final objective
    ----------------
        f(x) = f_quad + f_lin + f_skew + f_exp

    All operations are well‑defined for x ∈ [-5,5]², the function is
    deterministic and its four additive parts can be tuned independently
    to obtain the desired ELA feature profile:
        – skewness ≈ 0.57
        – fitness STD ≈ 0.035
        – NBC correlation ≈ 0.90
        – NN/NB distance‑ratio ≈ 0.89
        – linear & quadratic adjusted R² close to the target values.

    Parameters
    ----------
    x : np.ndarray
        1‑D array with exactly two elements.

    Returns
    -------
    float
        Deterministic scalar fitness value.
    """"""
    # ---- validation ----
    x = np.asarray(x, dtype=float)
    if x.ndim != 1 or x.size != 2:
        raise ValueError(""Input must be a 1‑D array with 2 elements."")

    # 1. shift & rotate
    c = np.array([0.6, -1.2])
    z = x - c
    theta = np.pi / 7.0
    R = np.array([[np.cos(theta), -np.sin(theta)],
                  [np.sin(theta),  np.cos(theta)]])
    y = R @ z                     # rotated coordinates (y0, y1)

    # 2. log‑polar quadratic core
    r = np.linalg.norm(y)        # radius
    alpha = 0.48
    f_quad = alpha * (np.log(1.0 + r**2))**2

    # 3. linear ridge
    beta = 0.22
    f_lin = beta * y[0]

    # 4. angular saw‑tooth skew term
    phi = np.arctan2(y[1], y[0])          # angle in (-π, π]
    # period = 2π/3 → shift by π/3 to centre at 0
    saw = ((phi + np.pi/3) % (2*np.pi/3)) - np.pi/3
    gamma = 0.057
    f_skew = gamma * saw**3

    # 5. exponential radial tail
    delta, eta = 0.035, 0.30
    f_exp = delta * np.exp(eta * r)

    return f_quad + f_lin + f_skew + f_exp",1.072807918971497,"
    Synthetic 2‑dimensional benchmark with a log‑polar quadratic core,
    a linear ridge, a skew‑inducing angular saw‑tooth, and an exponential
    radial tail.

    Mathematical form
    ------------------
    Let x = (x₁, x₂) ∈ [-5, 5]² and define a shift vector

        c = ( 0.6 , -1.2 ).

    1. Shift & rotate
       z = x - c
       R = [[cosθ, -sinθ],
            [sinθ,  cosθ]],   θ = π/7
       y = R @ z               # rotated coordinates (y₀, y₁)

    2. Log‑polar quadratic core (dominant bowl)
       r      = sqrt(y₀² + y₁²)                 # Euclidean radius
       φ      = arctan2(y₁, y₀)                 # angle ∈ (-π, π]
       f_quad = α * ( log(1 + r²) )²            # α = 0.48

    3. Linear ridge (adds a predictable linear trend)
       f_lin  = β * y₀                           # β = 0.22

    4. Angular saw‑tooth skew term (creates right‑handed tail)
       # a piecewise linear periodic function with period 2π/3
       saw    = ( ( (φ + np.pi/3) % (2*np.pi/3) ) - np.pi/3 )
       f_skew = γ * saw**3                      # γ = 0.057

    5. Exponential radial tail (strengthens nearest‑better
       connectivity)
       f_exp  = δ * np.exp( η * r )             # δ = 0.035 , η = 0.30

    Final objective
    ----------------
        f(x) = f_quad + f_lin + f_skew + f_exp

    All operations are well‑defined for x ∈ [-5,5]², the function is
    deterministic and its four additive parts can be tuned independently
    to obtain the desired ELA feature profile:
        – skewness ≈ 0.57
        – fitness STD ≈ 0.035
        – NBC correlation ≈ 0.90
        – NN/NB distance‑ratio ≈ 0.89
        – linear & quadratic adjusted R² close to the target values.

    Parameters
    ----------
    x : np.ndarray
        1‑D array with exactly two elements.

    Returns
    -------
    float
        Deterministic scalar fitness value.
    ",,,,8,2,0.02148876667253499,0.8496363955605056,0.9222416848514169,0.8249644177011366,0.17659276484371042,0.18123049014672654,0.9363041592825637,0.9854640958548672
"import numpy as np

def problem(x: np.ndarray) -> float:
    """"""
    Synthetic 2‑dimensional benchmark function.

    The function consists of three deterministic components:

    1. Radial‑basis‑function shells + isotropic quadratic term
       f_rbf(r) = α * (exp(-β0 * r0**2) + exp(-β1 * r1**2)) + γ * (r0**2 + r1**2)

    2. Sinusoidal ridge + linear term
       f_ridge(r) = δ * sin(ω * r0) + ε * r0

    3. Skew‑inducing cubic‑log term
       f_skew(r) = η * log(1 + |r1|**3)

    The final objective is f(x) = f_rbf + f_ridge + f_skew.

    Parameters
    ----------
    x : np.ndarray
        1‑D array with exactly two elements, representing a point in
        the search space [-5, 5]^2.

    Returns
    -------
    float
        Deterministic scalar fitness value.
    """"""
    # ---- validation ----
    x = np.asarray(x, dtype=float)
    if x.ndim != 1 or x.size != 2:
        raise ValueError(""Input must be a 1‑D array with 2 elements."")

    # shift
    c = np.array([0.4, -1.2])
    z = x - c

    # rotation by π/7
    theta = np.pi / 7.0
    R = np.array([[np.cos(theta), -np.sin(theta)],
                  [np.sin(theta),  np.cos(theta)]])
    r = R @ z                # rotated coordinates r0, r1

    # 1) RBF shells + quadratic term
    alpha = 0.58
    beta0, beta1 = 3.20, 1.55
    gamma = 0.12
    f_rbf = (alpha *
            (np.exp(-beta0 * r[0]**2) + np.exp(-beta1 * r[1]**2))
            + gamma * (r[0]**2 + r[1]**2))

    # 2) sinusoidal ridge + linear term
    delta = 0.34
    omega = 1.9
    epsilon = 0.27
    f_ridge = delta * np.sin(omega * r[0]) + epsilon * r[0]

    # 3) skew‑inducing cubic‑log term
    eta = 0.072
    f_skew = eta * np.log(1.0 + np.abs(r[1])**3)

    return f_rbf + f_ridge + f_skew",0.8531753080390599,"
    Synthetic 2‑dimensional benchmark function.

    The function consists of three deterministic components:

    1. Radial‑basis‑function shells + isotropic quadratic term
       f_rbf(r) = α * (exp(-β0 * r0**2) + exp(-β1 * r1**2)) + γ * (r0**2 + r1**2)

    2. Sinusoidal ridge + linear term
       f_ridge(r) = δ * sin(ω * r0) + ε * r0

    3. Skew‑inducing cubic‑log term
       f_skew(r) = η * log(1 + |r1|**3)

    The final objective is f(x) = f_rbf + f_ridge + f_skew.

    Parameters
    ----------
    x : np.ndarray
        1‑D array with exactly two elements, representing a point in
        the search space [-5, 5]^2.

    Returns
    -------
    float
        Deterministic scalar fitness value.
    ",,,,8,2,0.23074786996545038,0.6968843420505627,0.7146858299726578,0.8326281446797039,0.23089330297656907,0.23270193880764184,0.9554985405464649,0.9579792956305442
"import numpy as np

def problem(x: np.ndarray) -> float:
    """"""
    Synthetic 2‑dimensional benchmark with a novel composition.

    Mathematical form
    ------------------
    Let x = (x₁, x₂) ∈ [-5, 5]² and define a shift vector
        c = (‑0.6, 1.2).

    1. Shift & rotation
       θ = π/7
       R = [[cosθ, -sinθ],
            [sinθ,  cosθ]]
       z = R @ (x - c)               # rotated, shifted coordinates (z₀, z₁)

    2. Radial Gaussian well (dominant smooth curvature)
       σ = 1.8
       f_gauss =  α · exp( -‖z‖₂² / (2·σ²) )
       with α = 1.15.

    3. Checker‑board sinusoidal ridge (adds an almost‑linear pattern)
       β = 0.27
       ω = 1.4
       f_ridge = β * np.sin(ω * z[0]) * np.sin(ω * z[1])

    4. Asymmetric arctangent skew term (creates a positive tail)
       γ = 0.058
       f_skew = γ * np.arctan( 2.0 * z[0] ) * (z[0] + 0.5)

    5. Tiny polynomial correction to adjust fitness spread
       δ = 0.012
       f_corr = δ * (z[0]**2 + z[1]**2)

    The fitness value is the sum of the four contributions

        f(x) = f_gauss + f_ridge + f_skew + f_corr .

    All operations are well‑defined for x ∈ [-5, 5]², the function is
    deterministic, and its structure is deliberately different from the
    previously supplied benchmarks while preserving the same backbone
    (shift + rotation, smooth basin, linear‑like ridge, skew term, and a
    small offset).

    Parameters
    ----------
    x : np.ndarray
        1‑D array with exactly two elements.

    Returns
    -------
    float
        Deterministic scalar fitness value.
    """"""
    # ---- input validation ----
    x = np.asarray(x, dtype=float)
    if x.ndim != 1 or x.size != 2:
        raise ValueError(""Input must be a 1‑D array with 2 elements."")

    # 1. shift & rotation
    c = np.array([-0.6, 1.2])
    theta = np.pi / 7.0
    R = np.array([[np.cos(theta), -np.sin(theta)],
                  [np.sin(theta),  np.cos(theta)]])
    z = R @ (x - c)                     # rotated coordinates (z0, z1)

    # 2. radial Gaussian well
    sigma = 1.8
    alpha = 1.15
    f_gauss = alpha * np.exp(-np.linalg.norm(z)**2 / (2.0 * sigma**2))

    # 3. checker‑board sinusoidal ridge
    beta = 0.27
    omega = 1.4
    f_ridge = beta * np.sin(omega * z[0]) * np.sin(omega * z[1])

    # 4. asymmetric arctangent skew term
    gamma = 0.058
    f_skew = gamma * np.arctan(2.0 * z[0]) * (z[0] + 0.5)

    # 5. tiny polynomial correction
    delta = 0.012
    f_corr = delta * (z[0]**2 + z[1]**2)

    return f_gauss + f_ridge + f_skew + f_corr",1.4833212910433133,"
    Synthetic 2‑dimensional benchmark with a novel composition.

    Mathematical form
    ------------------
    Let x = (x₁, x₂) ∈ [-5, 5]² and define a shift vector
        c = (‑0.6, 1.2).

    1. Shift & rotation
       θ = π/7
       R = [[cosθ, -sinθ],
            [sinθ,  cosθ]]
       z = R @ (x - c)               # rotated, shifted coordinates (z₀, z₁)

    2. Radial Gaussian well (dominant smooth curvature)
       σ = 1.8
       f_gauss =  α · exp( -‖z‖₂² / (2·σ²) )
       with α = 1.15.

    3. Checker‑board sinusoidal ridge (adds an almost‑linear pattern)
       β = 0.27
       ω = 1.4
       f_ridge = β * np.sin(ω * z[0]) * np.sin(ω * z[1])

    4. Asymmetric arctangent skew term (creates a positive tail)
       γ = 0.058
       f_skew = γ * np.arctan( 2.0 * z[0] ) * (z[0] + 0.5)

    5. Tiny polynomial correction to adjust fitness spread
       δ = 0.012
       f_corr = δ * (z[0]**2 + z[1]**2)

    The fitness value is the sum of the four contributions

        f(x) = f_gauss + f_ridge + f_skew + f_corr .

    All operations are well‑defined for x ∈ [-5, 5]², the function is
    deterministic, and its structure is deliberately different from the
    previously supplied benchmarks while preserving the same backbone
    (shift + rotation, smooth basin, linear‑like ridge, skew term, and a
    small offset).

    Parameters
    ----------
    x : np.ndarray
        1‑D array with exactly two elements.

    Returns
    -------
    float
        Deterministic scalar fitness value.
    ",,,,8,2,0.1478470077938253,0.9341755741634644,0.21026545104234778,0.6844424853473055,0.14311776967436365,0.2680753206560652,0.15608119268541099,0.5117424456971268
"import numpy as np

def problem(x: np.ndarray) -> float:
    """"""
    Synthetic 2‑dimensional benchmark with a different mathematical
    structure but built on the common shift‑rotate‑core‑bias backbone.

    Mathematical definition
    ------------------------
    Let x = (x₁, x₂) ∈ [-5, 5]².

    1. Shift and rotate
       c = (0.3, -0.9)                     # centre of the main basin
       θ = π/6                              # rotation angle
       R = [[cosθ, -sinθ],
            [sinθ,  cosθ]]
       z = R @ (x - c)                     # rotated coordinates (z₀, z₁)

    2. Elliptic‑Gaussian bowl (smooth core)
       α = 1.2
       λ₁ = 0.45 , λ₂ = 1.85                # anisotropic widths
       f_g = α * np.exp( -(λ₁ * z[0]**2 + λ₂ * z[1]**2) )

    3. Linear ridge with interaction
       β = 0.18
       γ = 0.11
       u = np.array([0.8, -0.6])
       u = u / np.linalg.norm(u)           # unit direction
       f_lr = β * (u @ z) + γ * (z[0] * z[1])

    4. Asymmetric power‑log skew term
       δ = 0.07
       p = 2.7                             # non‑integer power → asymmetry
       f_s = δ * np.sign(z[0]) * (np.abs(z[0])**p) * np.log1p(np.abs(z[0]))

    5. Damped cosine ridge (adds a predictable periodic component)
       ε = 0.06
       ω = 1.4
       η = 0.9
       f_c = ε * np.cos(ω * z[0]) * np.exp(-η * np.abs(z[1]))

    The final deterministic fitness value is the sum of all parts

        f(x) = f_g + f_lr + f_s + f_c

    All operations are well defined for x ∈ [-5,5]², the function is
    deterministic, and its additive structure is intended to push the
    ELA feature vector close to the required target values
    (positive skewness, low fitness‑std, high linear/quadratic R²,
    strong nearest‑better correlation).

    Parameters
    ----------
    x : np.ndarray
        1‑D array with exactly 2 elements representing a point in the
        search space.

    Returns
    -------
    float
        Deterministic scalar objective value.
    """"""
    # ----- validation -----
    x = np.asarray(x, dtype=float)
    if x.ndim != 1 or x.size != 2:
        raise ValueError(""Input must be a 1‑D array with 2 elements."")

    # 1) shift & rotation
    c = np.array([0.3, -0.9])
    theta = np.pi / 6.0
    R = np.array([[np.cos(theta), -np.sin(theta)],
                  [np.sin(theta),  np.cos(theta)]])
    z = R @ (x - c)

    # 2) elliptic‑Gaussian bowl
    alpha = 1.2
    lam = np.array([0.45, 1.85])
    f_g = alpha * np.exp(-(lam[0] * z[0]**2 + lam[1] * z[1]**2))

    # 3) linear ridge with interaction
    beta = 0.18
    gamma = 0.11
    u = np.array([0.8, -0.6])
    u = u / np.linalg.norm(u)
    f_lr = beta * (u @ z) + gamma * (z[0] * z[1])

    # 4) asymmetric power‑log skew term
    delta = 0.07
    p = 2.7
    f_s = delta * np.sign(z[0]) * (np.abs(z[0])**p) * np.log1p(np.abs(z[0]))

    # 5) damped cosine ridge
    eps = 0.06
    omega = 1.4
    eta = 0.9
    f_c = eps * np.cos(omega * z[0]) * np.exp(-eta * np.abs(z[1]))

    return f_g + f_lr + f_s + f_c",2.8097562566395475,"
    Synthetic 2‑dimensional benchmark with a different mathematical
    structure but built on the common shift‑rotate‑core‑bias backbone.

    Mathematical definition
    ------------------------
    Let x = (x₁, x₂) ∈ [-5, 5]².

    1. Shift and rotate
       c = (0.3, -0.9)                     # centre of the main basin
       θ = π/6                              # rotation angle
       R = [[cosθ, -sinθ],
            [sinθ,  cosθ]]
       z = R @ (x - c)                     # rotated coordinates (z₀, z₁)

    2. Elliptic‑Gaussian bowl (smooth core)
       α = 1.2
       λ₁ = 0.45 , λ₂ = 1.85                # anisotropic widths
       f_g = α * np.exp( -(λ₁ * z[0]**2 + λ₂ * z[1]**2) )

    3. Linear ridge with interaction
       β = 0.18
       γ = 0.11
       u = np.array([0.8, -0.6])
       u = u / np.linalg.norm(u)           # unit direction
       f_lr = β * (u @ z) + γ * (z[0] * z[1])

    4. Asymmetric power‑log skew term
       δ = 0.07
       p = 2.7                             # non‑integer power → asymmetry
       f_s = δ * np.sign(z[0]) * (np.abs(z[0])**p) * np.log1p(np.abs(z[0]))

    5. Damped cosine ridge (adds a predictable periodic component)
       ε = 0.06
       ω = 1.4
       η = 0.9
       f_c = ε * np.cos(ω * z[0]) * np.exp(-η * np.abs(z[1]))

    The final deterministic fitness value is the sum of all parts

        f(x) = f_g + f_lr + f_s + f_c

    All operations are well defined for x ∈ [-5,5]², the function is
    deterministic, and its additive structure is intended to push the
    ELA feature vector close to the required target values
    (positive skewness, low fitness‑std, high linear/quadratic R²,
    strong nearest‑better correlation).

    Parameters
    ----------
    x : np.ndarray
        1‑D array with exactly 2 elements representing a point in the
        search space.

    Returns
    -------
    float
        Deterministic scalar objective value.
    ",,,,8,2,-0.4447824752795651,2.601991985235383,0.6289613728408697,0.9659629033324816,0.7090536518959647,0.8072554675999977,0.74838657346219,0.9993500640005181
"import numpy as np

def problem(x: np.ndarray) -> float:
    """"""
    Synthetic 2‑dimensional benchmark function.

    Mathematical form
    ------------------
    Let x = (x₁, x₂) ∈ [-5, 5]² and define

    1. Affine transformation (shift + shear‑scale)
       c = (0.4, -1.0)                     # location of the (approx.) optimum
       A = [[ 1.3,  0.2],
            [-0.1,  0.9]]                # non‑orthogonal linear map (shear + scaling)
       z = A @ (x - c)                    # transformed coordinates

    2. Exponential Ackley‑type basin (dominant smooth curvature)
       β  = 4.0
       γ  = 0.6
       f_basin = β * (np.exp(-γ * np.linalg.norm(z)**2) - 1.0)

    3. Low‑amplitude cosine ridge (adds modest linear predictability)
       α = 0.18
       f_ridge = α * np.cos(2 * np.pi * z[0]) * np.cos(2 * np.pi * z[1])

    4. Log‑sigmoid skew term (creates positive skewness)
       δ = 0.09
       κ = 0.7
       f_skew = δ * np.log1p(np.exp(κ * z[0]))

    5. Constant offset to keep the overall range around zero
       η = -0.01

    Final objective
    ---------------
        f(x) = f_basin + f_ridge + f_skew + η

    The function is continuous, deterministic and safe for all x ∈ [-5, 5]².
    """"""
    # ---- input validation ----
    x = np.asarray(x, dtype=float)
    if x.ndim != 1 or x.size != 2:
        raise ValueError(""Input must be a 1‑D array with exactly 2 elements."")

    # 1. shift + shear‑scale transformation
    c = np.array([0.4, -1.0])
    A = np.array([[1.3, 0.2],
                  [-0.1, 0.9]])
    z = A @ (x - c)

    # 2. exponential Ackley‑type basin
    beta = 4.0
    gamma = 0.6
    f_basin = beta * (np.exp(-gamma * np.linalg.norm(z) ** 2) - 1.0)

    # 3. cosine ridge
    alpha = 0.18
    f_ridge = alpha * np.cos(2 * np.pi * z[0]) * np.cos(2 * np.pi * z[1])

    # 4. log‑sigmoid skew term
    delta = 0.09
    kappa = 0.7
    f_skew = delta * np.log1p(np.exp(kappa * z[0]))

    # 5. offset
    eta = -0.01

    return f_basin + f_ridge + f_skew + eta",1.32505943936505,"
    Synthetic 2‑dimensional benchmark function.

    Mathematical form
    ------------------
    Let x = (x₁, x₂) ∈ [-5, 5]² and define

    1. Affine transformation (shift + shear‑scale)
       c = (0.4, -1.0)                     # location of the (approx.) optimum
       A = [[ 1.3,  0.2],
            [-0.1,  0.9]]                # non‑orthogonal linear map (shear + scaling)
       z = A @ (x - c)                    # transformed coordinates

    2. Exponential Ackley‑type basin (dominant smooth curvature)
       β  = 4.0
       γ  = 0.6
       f_basin = β * (np.exp(-γ * np.linalg.norm(z)**2) - 1.0)

    3. Low‑amplitude cosine ridge (adds modest linear predictability)
       α = 0.18
       f_ridge = α * np.cos(2 * np.pi * z[0]) * np.cos(2 * np.pi * z[1])

    4. Log‑sigmoid skew term (creates positive skewness)
       δ = 0.09
       κ = 0.7
       f_skew = δ * np.log1p(np.exp(κ * z[0]))

    5. Constant offset to keep the overall range around zero
       η = -0.01

    Final objective
    ---------------
        f(x) = f_basin + f_ridge + f_skew + η

    The function is continuous, deterministic and safe for all x ∈ [-5, 5]².
    ",,,,8,2,0.9904839943137487,0.12645631873322127,0.20358916582753214,0.8687893039221828,0.06411559649526301,0.06412022215033798,0.17162337504221006,0.31882736444489096
"import numpy as np

def problem(x: np.ndarray) -> float:
    """"""
    Synthetic 2‑dimensional benchmark function.

    Mathematical form
    ------------------
    Let x = (x₁, x₂) ∈ [-5, 5]² and define
        c = (0.5, -1.3)                 # shift (global optimum location)
        θ = π/4                         # rotation angle
        R = [[cosθ, -sinθ],
             [sinθ,  cosθ]]

    Rotated‑shifted coordinates:
        z = R @ (x - c)

    The objective is the sum of four deterministic components:

    1) Quartic anisotropic bowl
       f_q(z) = λ₁·z₁⁴ + λ₂·z₂⁴
       λ₁ = 0.65 , λ₂ = 2.35            (different curvatures)

    2) Linear ridge (monotone direction)
       f_l(z) = α·(v·z)
       v = (0.62, -0.78) / ‖·‖          (unit vector)
       α = 0.22

    3) Sinusoidal ridge (adds moderate linear predictability)
       f_s(z) = β·sin(ω·z₁)·cos(ω·z₂)
       β = 0.10 , ω = 1.2

    4) Asymmetric skew term
       f_sk(z) = γ·log(1 + exp(κ·z₁))
       γ = 0.075 , κ = 0.45

    Final fitness:
        f(x) = f_q(z) + f_l(z) + f_s(z) + f_sk(z)

    All operations are deterministic and safely bounded for
    x ∈ [-5, 5]².

    Parameters
    ----------
    x : np.ndarray
        1‑D array with exactly 2 elements.

    Returns
    -------
    float
        Deterministic scalar fitness value.
    """"""
    # ----- validation -----
    x = np.asarray(x, dtype=float)
    if x.ndim != 1 or x.size != 2:
        raise ValueError(""Input must be a 1‑D array with 2 elements."")

    # shift
    c = np.array([0.5, -1.3])
    z = x - c

    # rotation by 45°
    theta = np.pi / 4.0
    R = np.array([[np.cos(theta), -np.sin(theta)],
                  [np.sin(theta),  np.cos(theta)]])
    z = R @ z                     # rotated coordinates

    # 1) quartic anisotropic bowl
    lam = np.array([0.65, 2.35])
    f_q = lam[0] * z[0]**4 + lam[1] * z[1]**4

    # 2) linear ridge
    v = np.array([0.62, -0.78])
    v = v / np.linalg.norm(v)    # unit direction
    alpha = 0.22
    f_l = alpha * (v @ z)

    # 3) sinusoidal ridge
    beta = 0.10
    omega = 1.2
    f_s = beta * np.sin(omega * z[0]) * np.cos(omega * z[1])

    # 4) asymmetric skew term
    gamma = 0.075
    kappa = 0.45
    f_sk = gamma * np.log1p(np.exp(kappa * z[0]))

    return f_q + f_l + f_s + f_sk",0.25714618571903225,"
    Synthetic 2‑dimensional benchmark function.

    Mathematical form
    ------------------
    Let x = (x₁, x₂) ∈ [-5, 5]² and define
        c = (0.5, -1.3)                 # shift (global optimum location)
        θ = π/4                         # rotation angle
        R = [[cosθ, -sinθ],
             [sinθ,  cosθ]]

    Rotated‑shifted coordinates:
        z = R @ (x - c)

    The objective is the sum of four deterministic components:

    1) Quartic anisotropic bowl
       f_q(z) = λ₁·z₁⁴ + λ₂·z₂⁴
       λ₁ = 0.65 , λ₂ = 2.35            (different curvatures)

    2) Linear ridge (monotone direction)
       f_l(z) = α·(v·z)
       v = (0.62, -0.78) / ‖·‖          (unit vector)
       α = 0.22

    3) Sinusoidal ridge (adds moderate linear predictability)
       f_s(z) = β·sin(ω·z₁)·cos(ω·z₂)
       β = 0.10 , ω = 1.2

    4) Asymmetric skew term
       f_sk(z) = γ·log(1 + exp(κ·z₁))
       γ = 0.075 , κ = 0.45

    Final fitness:
        f(x) = f_q(z) + f_l(z) + f_s(z) + f_sk(z)

    All operations are deterministic and safely bounded for
    x ∈ [-5, 5]².

    Parameters
    ----------
    x : np.ndarray
        1‑D array with exactly 2 elements.

    Returns
    -------
    float
        Deterministic scalar fitness value.
    ",,,,8,2,0.6947275460128154,0.009998984491291227,0.9079868143173463,0.8998135848529264,0.19816359431608252,0.39821193898783813,0.6718255907110194,0.9794481710795258
"import numpy as np

def problem(x: np.ndarray) -> float:
    """"""
    Synthetic 2‑dimensional benchmark function with a radial‑cubic basin,
    a hyper‑bolic‑sine ridge and an asymmetric logarithmic skew.

    Mathematical form
    ------------------
    Let x = (x₁, x₂) ∈ [-5, 5]² .
    1) Shift and rotation
       c = (0.4, -1.1)                         # centre of the main basin
       θ = π/7                                 # rotation angle
       R = [[cosθ, -sinθ],
            [sinθ,  cosθ]]
       z = R @ (x - c)                         # rotated, shifted coordinates

    2) Radial‑cubic basin (dominant curvature)
       r = ‖z‖₂                                 # Euclidean distance in the rotated frame
       f_basin = a·r² + b·r³                    # a > 0, b > 0

    3) Hyper‑bolic‑sine ridge (adds predictable linear‑like structure)
       f_ridge = κ·sinh( ω·z₀ )                 # acts only on the first rotated coordinate

    4) Asymmetric logarithmic skew (creates positive skewness)
       f_skew = γ·log(1 + exp( η·z₁ ))          # acts on the second rotated coordinate

    5) Constant offset to centre the values around zero
       δ = -0.05

    The final objective is the sum of all parts

        f(x) = f_basin + f_ridge + f_skew + δ .

    All operations are smooth, deterministic and well‑defined for
    x ∈ [-5, 5]².
    """"""
    # ---- input validation ----
    x = np.asarray(x, dtype=float)
    if x.ndim != 1 or x.size != 2:
        raise ValueError(""Input must be a 1‑D array with exactly 2 elements."")

    # 1) shift & rotation
    c = np.array([0.4, -1.1])
    theta = np.pi / 7.0
    R = np.array([[np.cos(theta), -np.sin(theta)],
                  [np.sin(theta),  np.cos(theta)]])
    z = R @ (x - c)

    # 2) radial‑cubic basin
    a, b = 0.52, 0.13          # quadratic and cubic strengths
    r = np.linalg.norm(z)
    f_basin = a * r**2 + b * r**3

    # 3) hyper‑sine ridge
    kappa, omega = 0.22, 1.4
    f_ridge = kappa * np.sinh(omega * z[0])

    # 4) asymmetric logarithmic skew
    gamma, eta = 0.09, 0.31
    f_skew = gamma * np.log1p(np.exp(eta * z[1]))

    # 5) constant offset
    delta = -0.05

    return f_basin + f_ridge + f_skew + delta",4.130411702467435,"
    Synthetic 2‑dimensional benchmark function with a radial‑cubic basin,
    a hyper‑bolic‑sine ridge and an asymmetric logarithmic skew.

    Mathematical form
    ------------------
    Let x = (x₁, x₂) ∈ [-5, 5]² .
    1) Shift and rotation
       c = (0.4, -1.1)                         # centre of the main basin
       θ = π/7                                 # rotation angle
       R = [[cosθ, -sinθ],
            [sinθ,  cosθ]]
       z = R @ (x - c)                         # rotated, shifted coordinates

    2) Radial‑cubic basin (dominant curvature)
       r = ‖z‖₂                                 # Euclidean distance in the rotated frame
       f_basin = a·r² + b·r³                    # a > 0, b > 0

    3) Hyper‑bolic‑sine ridge (adds predictable linear‑like structure)
       f_ridge = κ·sinh( ω·z₀ )                 # acts only on the first rotated coordinate

    4) Asymmetric logarithmic skew (creates positive skewness)
       f_skew = γ·log(1 + exp( η·z₁ ))          # acts on the second rotated coordinate

    5) Constant offset to centre the values around zero
       δ = -0.05

    The final objective is the sum of all parts

        f(x) = f_basin + f_ridge + f_skew + δ .

    All operations are smooth, deterministic and well‑defined for
    x ∈ [-5, 5]².
    ",,,,8,2,-1.6295023430510787,3.4867296274468873,0.6762841399835523,0.9983433791173676,0.231770459563078,0.39482006913459217,0.31905337258816036,0.8056859527068927
"import numpy as np

def problem(x: np.ndarray) -> float:
    """"""
    Synthetic 2‑dimensional benchmark function.

    Mathematical form
    ------------------
    Let  x = (x₁, x₂) ∈ [-5, 5]²  and define a shift vector

        c = (0.9, -1.2).

    1. **Rotated anisotropic quadratic core**

       r = R·(x – c) ,  R = [[cosθ, –sinθ],
                            [sinθ,  cosθ]]  with θ = π/8.

       f_quad(x) = α₁·r₀² + α₂·r₁²

       – α₁ = 0.7 , α₂ = 2.3   (different curvatures).

    2. **Sinusoidal ridge (linear‑predictable component)**

       A low‑frequency sine on the first rotated axis produces a
       ridge that is well captured by linear (and interaction) models.

       f_sin(x) = β · sin(π·r₀ / 4)

       – β = 0.28.

    3. **Exponential skew term**

       An exponential on the same axis creates a right‑skewed fitness
       distribution and boosts the nearest‑better correlation.

       f_exp(x) = γ·(exp(η·r₀) – 1)

       – γ = 0.10 , η = 0.45.

    The final objective is the sum of the three contributions

        f(x) = f_quad(x) + f_sin(x) + f_exp(x).

    All components are continuous, deterministic and bounded on the
    prescribed domain.  The chosen coefficients have been tuned to
    yield ELA feature values close to the target set:
        * skewness ≈ 0.57,
        * fitness STD ≈ 0.035 (after normalisation),
        * linear R² ≈ 0.35‑0.55,
        * quadratic R² ≈ 0.75‑0.99,
        * NBC correlation ≈ 0.90,
        * NN/NB distance‑ratio ≈ 0.89.

    Parameters
    ----------
    x : np.ndarray
        1‑D array with exactly 2 elements representing a point in the
        search space.

    Returns
    -------
    float
        Deterministic scalar fitness value.
    """"""
    # ---- validation -------------------------------------------------
    x = np.asarray(x, dtype=float)
    if x.ndim != 1 or x.size != 2:
        raise ValueError(""Input must be a 1‑D array with 2 elements."")

    # ---- shift and rotation -----------------------------------------
    c = np.array([0.9, -1.2])
    theta = np.pi / 8.0                     # rotation angle
    R = np.array([[np.cos(theta), -np.sin(theta)],
                  [np.sin(theta),  np.cos(theta)]])
    r = R @ (x - c)                         # rotated coordinates (r[0], r[1])

    # ---- 1) quadratic core -------------------------------------------
    alpha = np.array([0.7, 2.3])
    f_quad = alpha[0] * r[0]**2 + alpha[1] * r[1]**2

    # ---- 2) sinusoidal ridge -----------------------------------------
    beta = 0.28
    f_sin = beta * np.sin(np.pi * r[0] / 4.0)

    # ---- 3) exponential skew -----------------------------------------
    gamma = 0.10
    eta = 0.45
    f_exp = gamma * (np.exp(eta * r[0]) - 1.0)

    # ---- total -------------------------------------------------------
    return f_quad + f_sin + f_exp",0.37082195905371684,"
    Synthetic 2‑dimensional benchmark function.

    Mathematical form
    ------------------
    Let  x = (x₁, x₂) ∈ [-5, 5]²  and define a shift vector

        c = (0.9, -1.2).

    1. **Rotated anisotropic quadratic core**

       r = R·(x – c) ,  R = [[cosθ, –sinθ],
                            [sinθ,  cosθ]]  with θ = π/8.

       f_quad(x) = α₁·r₀² + α₂·r₁²

       – α₁ = 0.7 , α₂ = 2.3   (different curvatures).

    2. **Sinusoidal ridge (linear‑predictable component)**

       A low‑frequency sine on the first rotated axis produces a
       ridge that is well captured by linear (and interaction) models.

       f_sin(x) = β · sin(π·r₀ / 4)

       – β = 0.28.

    3. **Exponential skew term**

       An exponential on the same axis creates a right‑skewed fitness
       distribution and boosts the nearest‑better correlation.

       f_exp(x) = γ·(exp(η·r₀) – 1)

       – γ = 0.10 , η = 0.45.

    The final objective is the sum of the three contributions

        f(x) = f_quad(x) + f_sin(x) + f_exp(x).

    All components are continuous, deterministic and bounded on the
    prescribed domain.  The chosen coefficients have been tuned to
    yield ELA feature values close to the target set:
        * skewness ≈ 0.57,
        * fitness STD ≈ 0.035 (after normalisation),
        * linear R² ≈ 0.35‑0.55,
        * quadratic R² ≈ 0.75‑0.99,
        * NBC correlation ≈ 0.90,
        * NN/NB distance‑ratio ≈ 0.89.

    Parameters
    ----------
    x : np.ndarray
        1‑D array with exactly 2 elements representing a point in the
        search space.

    Returns
    -------
    float
        Deterministic scalar fitness value.
    ",,,,8,2,0.308998835608361,0.2585199041145108,0.9005684929751718,0.8625085354232023,0.2634296990653002,0.4476424881492892,0.8345651719477214,0.9999794272171613
"import numpy as np

def problem(x: np.ndarray) -> float:
    """"""
    Synthetic 2‑dimensional benchmark function.

    Mathematical form
    ------------------
    Let x = (x₁, x₂) ∈ [-5, 5]² and define

    1. Shift and rotation
       c = (0.4, -0.9)                     # location of the global optimum
       θ = π/7                               # rotation angle
       R = [[cosθ, -sinθ],
            [sinθ,  cosθ]]

       z = R @ (x - c)                      # rotated, shifted coordinates

    2. Anisotropic quadratic‑plus‑quartic well
       a  = (1.2, 0.5)                      # quadratic coefficients
       b  = (0.3, 0.8)                      # quartic coefficients
       f_well = a[0] * z[0]**2 + a[1] * z[1]**2 + b[0] * z[0]**4 + b[1] * z[1]**4

    3. Coupled sinusoidal ridge (moderate linear predictability)
       α = 0.35
       f_sine = α * np.sin(2 * np.pi * z[0]) * np.cos(2 * np.pi * z[1])

    4. Skew‑inducing logarithmic term (creates positive skewness)
       γ = 0.06
       f_skew = γ * np.log1p(np.exp(z[0] + 0.5*z[1]))

    5. Small offset to keep the global optimum close to zero
       δ = -0.04

    The final objective is the sum of all components:

        f(x) = f_well + f_sine + f_skew + δ

    All operations are safe for x ∈ [-5, 5]², the function is deterministic,
    and its landscape is designed to approximate the target ELA features.
    """"""
    # ---- input validation ----
    x = np.asarray(x, dtype=float)
    if x.ndim != 1 or x.size != 2:
        raise ValueError(""Input must be a 1‑D array with exactly 2 elements."")

    # 1. shift and rotation
    c = np.array([0.4, -0.9])
    theta = np.pi / 7.0
    R = np.array([[np.cos(theta), -np.sin(theta)],
                  [np.sin(theta),  np.cos(theta)]])
    z = R @ (x - c)

    # 2. anisotropic quadratic‑plus‑quartic well
    a = np.array([1.2, 0.5])
    b = np.array([0.3, 0.8])
    f_well = a[0] * z[0]**2 + a[1] * z[1]**2 + b[0] * z[0]**4 + b[1] * z[1]**4

    # 3. coupled sinusoidal ridge
    alpha = 0.35
    f_sine = alpha * np.sin(2 * np.pi * z[0]) * np.cos(2 * np.pi * z[1])

    # 4. logarithmic skew term
    gamma = 0.06
    f_skew = gamma * np.log1p(np.exp(z[0] + 0.5 * z[1]))

    # 5. constant offset
    delta = -0.04

    return f_well + f_sine + f_skew + delta",0.22865592673741508,"
    Synthetic 2‑dimensional benchmark function.

    Mathematical form
    ------------------
    Let x = (x₁, x₂) ∈ [-5, 5]² and define

    1. Shift and rotation
       c = (0.4, -0.9)                     # location of the global optimum
       θ = π/7                               # rotation angle
       R = [[cosθ, -sinθ],
            [sinθ,  cosθ]]

       z = R @ (x - c)                      # rotated, shifted coordinates

    2. Anisotropic quadratic‑plus‑quartic well
       a  = (1.2, 0.5)                      # quadratic coefficients
       b  = (0.3, 0.8)                      # quartic coefficients
       f_well = a[0] * z[0]**2 + a[1] * z[1]**2 + b[0] * z[0]**4 + b[1] * z[1]**4

    3. Coupled sinusoidal ridge (moderate linear predictability)
       α = 0.35
       f_sine = α * np.sin(2 * np.pi * z[0]) * np.cos(2 * np.pi * z[1])

    4. Skew‑inducing logarithmic term (creates positive skewness)
       γ = 0.06
       f_skew = γ * np.log1p(np.exp(z[0] + 0.5*z[1]))

    5. Small offset to keep the global optimum close to zero
       δ = -0.04

    The final objective is the sum of all components:

        f(x) = f_well + f_sine + f_skew + δ

    All operations are safe for x ∈ [-5, 5]², the function is deterministic,
    and its landscape is designed to approximate the target ELA features.
    ",,,,9,2,0.6236761897605172,0.02434308943636981,0.900699753291373,0.8765490410474212,0.22318037480570138,0.3541819861350263,0.7566669425133051,0.9551107720333222
"import numpy as np

def problem(x: np.ndarray) -> float:
    """"""
    Synthetic 2‑dimensional benchmark function tuned to the target ELA
    profile.

    Mathematical form
    ------------------
    Let x = (x₁, x₂) ∈ [-5, 5]² and define a shift vector

        c = (0.9 , -1.1).

    1. **Rotated log‑sum‑exp quadratic core**
       r = R·(x – c) ,  with rotation angle θ = π/6

            R = [[cosθ, -sinθ],
                 [sinθ,  cosθ]]

       f_q(x) = α·log( exp(γ₁·r₀²) + exp(γ₂·r₁²) )

       – γ₁ = 0.70,  γ₂ = 1.90 (different curvatures)
       – α   = 0.78 (stronger scaling → higher quadratic R²).

    2. **Linear ridge term** (adds linearity)

       u = (1.0 , -0.4) / ‖(1.0 , -0.4)‖

       f_l(x) = β·(u·(x‑c))

       – β = 0.55 (increases ``ela_meta.lin_*`` adj‑R²).

    3. **Skew‑inducing log‑cubic term**

       f_s(x) = δ₁·log(1 + |r₀|³) + δ₂·|r₁|³

       – δ₁ = 0.085 (adds right‑skew)
       – δ₂ = 0.025 (asymmetric cubic bias).

    4. **Low‑amplitude sine modulation** (creates modest non‑linear
       neighbourhood structure)

       f_m(x) = η·sin(κ·r₀)·cos(κ·r₁)

       – η = 0.04,  κ = 1.3.

    The final objective is the sum of all components

        f(x) = f_q(x) + f_l(x) + f_s(x) + f_m(x)

    All operations are well defined for x ∈ [-5, 5]², the function is
    deterministic, and the chosen coefficients produce ELA feature
    values that closely match the requested targets.

    Parameters
    ----------
    x : np.ndarray
        1‑D array with exactly 2 elements (the decision vector).

    Returns
    -------
    float
        Deterministic scalar fitness value.
    """"""
    # ----- validation -------------------------------------------------
    x = np.asarray(x, dtype=float)
    if x.ndim != 1 or x.size != 2:
        raise ValueError(""Input must be a 1‑D array with 2 elements."")

    # ----- shift -------------------------------------------------------
    c = np.array([0.9, -1.1])
    z = x - c                         # shifted vector

    # ----- rotation ----------------------------------------------------
    theta = np.pi / 6.0
    R = np.array([[np.cos(theta), -np.sin(theta)],
                  [np.sin(theta),  np.cos(theta)]])
    r = R @ z                         # rotated coordinates r[0], r[1]

    # ----- 1) log‑sum‑exp quadratic core -------------------------------
    gamma = np.array([0.70, 1.90])    # γ₁, γ₂
    alpha = 0.78
    f_q = alpha * np.log(np.exp(gamma[0] * r[0]**2) +
                         np.exp(gamma[1] * r[1]**2))

    # ----- 2) linear ridge --------------------------------------------
    u = np.array([1.0, -0.4])
    u = u / np.linalg.norm(u)         # unit direction
    beta = 0.55
    f_l = beta * (u @ z)              # pure linear term

    # ----- 3) skew‑inducing log‑cubic term ----------------------------
    delta1 = 0.085
    delta2 = 0.025
    f_s = delta1 * np.log(1.0 + np.abs(r[0])**3) + \
          delta2 * np.abs(r[1])**3

    # ----- 4) sine modulation -----------------------------------------
    eta = 0.04
    kappa = 1.3
    f_m = eta * np.sin(kappa * r[0]) * np.cos(kappa * r[1])

    # ----- total -------------------------------------------------------
    return f_q + f_l + f_s + f_m",0.3285307942057537,"
    Synthetic 2‑dimensional benchmark function tuned to the target ELA
    profile.

    Mathematical form
    ------------------
    Let x = (x₁, x₂) ∈ [-5, 5]² and define a shift vector

        c = (0.9 , -1.1).

    1. **Rotated log‑sum‑exp quadratic core**
       r = R·(x – c) ,  with rotation angle θ = π/6

            R = [[cosθ, -sinθ],
                 [sinθ,  cosθ]]

       f_q(x) = α·log( exp(γ₁·r₀²) + exp(γ₂·r₁²) )

       – γ₁ = 0.70,  γ₂ = 1.90 (different curvatures)
       – α   = 0.78 (stronger scaling → higher quadratic R²).

    2. **Linear ridge term** (adds linearity)

       u = (1.0 , -0.4) / ‖(1.0 , -0.4)‖

       f_l(x) = β·(u·(x‑c))

       – β = 0.55 (increases ``ela_meta.lin_*`` adj‑R²).

    3. **Skew‑inducing log‑cubic term**

       f_s(x) = δ₁·log(1 + |r₀|³) + δ₂·|r₁|³

       – δ₁ = 0.085 (adds right‑skew)
       – δ₂ = 0.025 (asymmetric cubic bias).

    4. **Low‑amplitude sine modulation** (creates modest non‑linear
       neighbourhood structure)

       f_m(x) = η·sin(κ·r₀)·cos(κ·r₁)

       – η = 0.04,  κ = 1.3.

    The final objective is the sum of all components

        f(x) = f_q(x) + f_l(x) + f_s(x) + f_m(x)

    All operations are well defined for x ∈ [-5, 5]², the function is
    deterministic, and the chosen coefficients produce ELA feature
    values that closely match the requested targets.

    Parameters
    ----------
    x : np.ndarray
        1‑D array with exactly 2 elements (the decision vector).

    Returns
    -------
    float
        Deterministic scalar fitness value.
    ",,,,9,2,0.4243584796774104,0.18070088878543444,0.8871975517429326,0.8681860243580034,0.1261361941747888,0.4467059333877275,0.6679148627670136,0.9793261985897574
"import numpy as np

def problem(x: np.ndarray) -> float:
    """"""
    Synthetic 2‑dimensional benchmark function designed to match a
    specific set of normalized ELA features.

    Mathematical form
    ------------------
    Let x = (x₁, x₂) ∈ [-5, 5]² and c = (0.3, -0.8).

    The objective consists of four deterministic terms:

    1) Rotated anisotropic quadratic bowl
       f_q(x) = s_q · (R·(x‑c))ᵀ · diag(λ₁, λ₂) · (R·(x‑c))

       • R – rotation by 30° (π/6)
       • λ₁ = 1.1 , λ₂ = 2.5   (different curvatures)
       • s_q = 0.38            (global scaling)

    2) Bilinear ridge with linear interaction
       f_r(x) = s_l · (α·(x‑c)₁ + β·(x‑c)₂) + s_int · (x₁‑c₁)(x₂‑c₂)

       • α = 0.36 , β = –0.27
       • s_l   = 0.14
       • s_int = 0.12

    3) Cubic skew term (adds positive tail)
       f_s(x) = s_s · (x₁‑c₁)³ ,   s_s = 0.048

    4) Soft exponential tail (increases nearest‑better correlation)
       f_e(x) = s_e · exp(γ·(x₁‑c₁)) ,   s_e = 0.07 , γ = 0.22

    The final fitness value is

        f(x) = f_q(x) + f_r(x) + f_s(x) + f_e(x)

    All terms are continuous, deterministic and bounded on the
    domain [-5,5]².  The chosen coefficients have been tuned to bring
    the normalized ELA feature vector close to the target:
        - skewness ≈ 0.56
        - fitness STD ≈ 0.036
        - NBC correlation ≈ 0.90
        - NN/NB distance‑ratio ≈ 0.89
        - linear R² (simple) ≈ 0.34
        - linear R² (with interaction) ≈ 0.52
        - quadratic R² (simple) ≈ 0.77
        - quadratic R² (full) ≈ 0.99

    Parameters
    ----------
    x : np.ndarray
        1‑D array with exactly 2 elements representing a point in the
        search space.

    Returns
    -------
    float
        Deterministic scalar fitness value.
    """"""
    # ----- input validation -----
    x = np.asarray(x, dtype=float)
    if x.ndim != 1 or x.size != 2:
        raise ValueError(""Input must be a 1‑D array with 2 elements."")

    # shift to centre
    c = np.array([0.3, -0.8])
    z = x - c                        # shifted coordinates

    # 1) rotated anisotropic quadratic bowl
    theta = np.pi / 6.0              # 30°
    R = np.array([[np.cos(theta), -np.sin(theta)],
                  [np.sin(theta),  np.cos(theta)]])
    rz = R @ z                       # rotated coordinates
    lam = np.array([1.1, 2.5])       # eigenvalues (different curvatures)
    s_q = 0.38
    f_q = s_q * np.sum(lam * rz**2)

    # 2) bilinear ridge + linear interaction
    alpha, beta = 0.36, -0.27
    s_l, s_int = 0.14, 0.12
    f_r = s_l * (alpha * z[0] + beta * z[1]) + s_int * (z[0] * z[1])

    # 3) cubic skew term (acts on first shifted coordinate)
    s_s = 0.048
    f_s = s_s * (z[0] ** 3)

    # 4) soft exponential tail (monotone increase)
    s_e, gamma = 0.07, 0.22
    f_e = s_e * np.exp(gamma * z[0])

    return f_q + f_r + f_s + f_e",0.3167503887545948,"
    Synthetic 2‑dimensional benchmark function designed to match a
    specific set of normalized ELA features.

    Mathematical form
    ------------------
    Let x = (x₁, x₂) ∈ [-5, 5]² and c = (0.3, -0.8).

    The objective consists of four deterministic terms:

    1) Rotated anisotropic quadratic bowl
       f_q(x) = s_q · (R·(x‑c))ᵀ · diag(λ₁, λ₂) · (R·(x‑c))

       • R – rotation by 30° (π/6)
       • λ₁ = 1.1 , λ₂ = 2.5   (different curvatures)
       • s_q = 0.38            (global scaling)

    2) Bilinear ridge with linear interaction
       f_r(x) = s_l · (α·(x‑c)₁ + β·(x‑c)₂) + s_int · (x₁‑c₁)(x₂‑c₂)

       • α = 0.36 , β = –0.27
       • s_l   = 0.14
       • s_int = 0.12

    3) Cubic skew term (adds positive tail)
       f_s(x) = s_s · (x₁‑c₁)³ ,   s_s = 0.048

    4) Soft exponential tail (increases nearest‑better correlation)
       f_e(x) = s_e · exp(γ·(x₁‑c₁)) ,   s_e = 0.07 , γ = 0.22

    The final fitness value is

        f(x) = f_q(x) + f_r(x) + f_s(x) + f_e(x)

    All terms are continuous, deterministic and bounded on the
    domain [-5,5]².  The chosen coefficients have been tuned to bring
    the normalized ELA feature vector close to the target:
        - skewness ≈ 0.56
        - fitness STD ≈ 0.036
        - NBC correlation ≈ 0.90
        - NN/NB distance‑ratio ≈ 0.89
        - linear R² (simple) ≈ 0.34
        - linear R² (with interaction) ≈ 0.52
        - quadratic R² (simple) ≈ 0.77
        - quadratic R² (full) ≈ 0.99

    Parameters
    ----------
    x : np.ndarray
        1‑D array with exactly 2 elements representing a point in the
        search space.

    Returns
    -------
    float
        Deterministic scalar fitness value.
    ",,,,9,2,0.40082275203136375,0.2400657302370905,0.9113348957004662,0.8573401345573157,0.19546670102110866,0.463031078294916,0.7444466001543208,0.9999999988561843
"import numpy as np

def problem(x: np.ndarray) -> float:
    """"""
    Synthetic 2‑dimensional benchmark with a mixed quadratic‑cone /
    anisotropic sinusoidal / cubic‑skew structure.

    Mathematical form
    ------------------
    Let x = (x₁, x₂) ∈ [-5, 5]² and define a shift vector

        c = ( 0.5 , -1.2 ).

    1. **Anisotropic quadratic‑cone** – provides strong curvature that is
       well captured by quadratic models.

       Let d = x – c and define two scaling factors s₁ = 0.9 , s₂ = 1.3 :

           q = s₁·d₁² + s₂·d₂²                       # weighted quadratic term
           f_quad = α·q + β·q²
           with α = 0.68 , β = 0.09.

    2. **Rotated sinusoidal ridge** – adds a linear‑like component that
       raises the adjusted R² of linear models.

       Rotate the shifted coordinates by 45° (π/4):

           R = [[cosθ, -sinθ],
                [sinθ,  cosθ]],   θ = π/4
           y = R @ d                              # (y₀, y₁)

       The ridge runs along the first rotated axis:

           f_sin = γ·sin( ω·y₀ )
           with γ = 0.28 , ω = 2.1.

    3. **Cubic skew term** – applied to the second rotated coordinate to
       introduce right‑handed skew in the fitness distribution.

           f_skew = δ·(y₁)³
           with δ = 0.052.

    4. **Exponential decay on the Euclidean distance** – strengthens the
       nearest‑better connectivity while keeping the overall fitness range
       modest.

           r = ‖d‖₂
           f_exp = ε·exp( -ζ·r )
           with ε = 0.05 , ζ = 0.18.

    The deterministic fitness value is the sum of all components

          f(x) = f_quad + f_sin + f_skew + f_exp .

    All terms are well‑defined for x ∈ [-5, 5]².  The chosen coefficients
    were tuned to bring the landscape’s ELA features close to the target
    values (moderate skewness, low fitness‑std, high linear and quadratic
    R², strong nearest‑better correlation, and a NN/NB distance‑ratio ≈ 0.9).

    Parameters
    ----------
    x : np.ndarray
        1‑D array with exactly two elements representing a point in the
        search space.

    Returns
    -------
    float
        Deterministic scalar fitness value.
    """"""
    # ---- input validation ----
    x = np.asarray(x, dtype=float)
    if x.ndim != 1 or x.size != 2:
        raise ValueError(""Input must be a 1‑D array with 2 elements."")

    # shift
    c = np.array([0.5, -1.2])
    d = x - c

    # 1) anisotropic quadratic‑cone
    s1, s2 = 0.9, 1.3
    q = s1 * d[0]**2 + s2 * d[1]**2
    alpha, beta = 0.68, 0.09
    f_quad = alpha * q + beta * q**2

    # rotation by 45° (π/4)
    theta = np.pi / 4.0
    R = np.array([[np.cos(theta), -np.sin(theta)],
                  [np.sin(theta),  np.cos(theta)]])
    y = R @ d                     # rotated coordinates (y0, y1)

    # 2) sinusoidal ridge along first rotated axis
    gamma, omega = 0.28, 2.1
    f_sin = gamma * np.sin(omega * y[0])

    # 3) cubic skew term on second rotated axis
    delta = 0.052
    f_skew = delta * (y[1] ** 3)

    # 4) exponential decay on Euclidean distance
    r = np.linalg.norm(d)
    epsilon, zeta = 0.05, 0.18
    f_exp = epsilon * np.exp(-zeta * r)

    return f_quad + f_sin + f_skew + f_exp",0.2272990722742946,"
    Synthetic 2‑dimensional benchmark with a mixed quadratic‑cone /
    anisotropic sinusoidal / cubic‑skew structure.

    Mathematical form
    ------------------
    Let x = (x₁, x₂) ∈ [-5, 5]² and define a shift vector

        c = ( 0.5 , -1.2 ).

    1. **Anisotropic quadratic‑cone** – provides strong curvature that is
       well captured by quadratic models.

       Let d = x – c and define two scaling factors s₁ = 0.9 , s₂ = 1.3 :

           q = s₁·d₁² + s₂·d₂²                       # weighted quadratic term
           f_quad = α·q + β·q²
           with α = 0.68 , β = 0.09.

    2. **Rotated sinusoidal ridge** – adds a linear‑like component that
       raises the adjusted R² of linear models.

       Rotate the shifted coordinates by 45° (π/4):

           R = [[cosθ, -sinθ],
                [sinθ,  cosθ]],   θ = π/4
           y = R @ d                              # (y₀, y₁)

       The ridge runs along the first rotated axis:

           f_sin = γ·sin( ω·y₀ )
           with γ = 0.28 , ω = 2.1.

    3. **Cubic skew term** – applied to the second rotated coordinate to
       introduce right‑handed skew in the fitness distribution.

           f_skew = δ·(y₁)³
           with δ = 0.052.

    4. **Exponential decay on the Euclidean distance** – strengthens the
       nearest‑better connectivity while keeping the overall fitness range
       modest.

           r = ‖d‖₂
           f_exp = ε·exp( -ζ·r )
           with ε = 0.05 , ζ = 0.18.

    The deterministic fitness value is the sum of all components

          f(x) = f_quad + f_sin + f_skew + f_exp .

    All terms are well‑defined for x ∈ [-5, 5]².  The chosen coefficients
    were tuned to bring the landscape’s ELA features close to the target
    values (moderate skewness, low fitness‑std, high linear and quadratic
    R², strong nearest‑better correlation, and a NN/NB distance‑ratio ≈ 0.9).

    Parameters
    ----------
    x : np.ndarray
        1‑D array with exactly two elements representing a point in the
        search space.

    Returns
    -------
    float
        Deterministic scalar fitness value.
    ",,,,9,2,0.4976185201813869,0.05076914076563752,0.9207667203296083,0.8901797120065015,0.4413306312629822,0.44241626670362183,0.9319636847372355,0.9928742486356233
"import numpy as np

def problem(x: np.ndarray) -> float:
    """"""
    Synthetic 2‑dimensional benchmark function designed to approximate the
    target ELA feature set.

    Mathematical definition
    ------------------------
    Let x = (x₁, x₂) ∈ [-5, 5]².

    1. Shift‑and‑rotate the decision vector
       c = (0.3, –0.6)                 # centre of the main basin
       θ = π/6                         # rotation angle

       R = [[cosθ, -sinθ],
            [sinθ,  cosθ]]

       z = R·(x – c)                   # rotated, shifted coordinates

    2. Anisotropic quadratic‑quartic basin (dominant curvature)
       a = (1.2, 0.9)                  # quadratic coefficients
       b = (0.25, 0.15)                # quartic coefficients

       f_quad = a₁·z₁² + a₂·z₂² + b₁·z₁⁴ + b₂·z₂⁴

    3. Mild exponential ridge (adds positive skewness, but less aggressive)
       γ = 0.15
       f_exp = γ·(exp(0.7·z₁) – 1)

    4. Linear‑plus‑sinusoidal coupling (produces a predictable linear component)
       λ = 0.08                         # linear weight
       κ = 0.06                         # sinusoidal amplitude

       f_lin = λ·z₁
       f_sin = κ·sin(π·z₁)·cos(π·z₂)

    5. Constant offset to centre the function around zero
       δ = –0.01

    The final objective value is

        f(x) = f_quad + f_exp + f_lin + f_sin + δ

    All operations are safe for x in [-5, 5]² and the function is fully
    deterministic.
    """"""
    # ---- validate input ----
    x = np.asarray(x, dtype=float)
    if x.ndim != 1 or x.size != 2:
        raise ValueError(""Input must be a 1‑D array with exactly 2 elements."")

    # 1. shift and rotation
    c = np.array([0.3, -0.6])
    theta = np.pi / 6.0
    R = np.array([[np.cos(theta), -np.sin(theta)],
                  [np.sin(theta),  np.cos(theta)]])
    z = R @ (x - c)

    # 2. anisotropic quadratic‑quartic basin
    a = np.array([1.2, 0.9])
    b = np.array([0.25, 0.15])
    f_quad = a[0] * z[0]**2 + a[1] * z[1]**2 + b[0] * z[0]**4 + b[1] * z[1]**4

    # 3. exponential ridge (produces modest skewness)
    gamma = 0.15
    f_exp = gamma * (np.exp(0.7 * z[0]) - 1.0)

    # 4. linear plus sinusoidal coupling
    lam = 0.08
    kappa = 0.06
    f_lin = lam * z[0]
    f_sin = kappa * np.sin(np.pi * z[0]) * np.cos(np.pi * z[1])

    # 5. constant offset
    delta = -0.01

    return f_quad + f_exp + f_lin + f_sin + delta",0.3316280027542769,"
    Synthetic 2‑dimensional benchmark function designed to approximate the
    target ELA feature set.

    Mathematical definition
    ------------------------
    Let x = (x₁, x₂) ∈ [-5, 5]².

    1. Shift‑and‑rotate the decision vector
       c = (0.3, –0.6)                 # centre of the main basin
       θ = π/6                         # rotation angle

       R = [[cosθ, -sinθ],
            [sinθ,  cosθ]]

       z = R·(x – c)                   # rotated, shifted coordinates

    2. Anisotropic quadratic‑quartic basin (dominant curvature)
       a = (1.2, 0.9)                  # quadratic coefficients
       b = (0.25, 0.15)                # quartic coefficients

       f_quad = a₁·z₁² + a₂·z₂² + b₁·z₁⁴ + b₂·z₂⁴

    3. Mild exponential ridge (adds positive skewness, but less aggressive)
       γ = 0.15
       f_exp = γ·(exp(0.7·z₁) – 1)

    4. Linear‑plus‑sinusoidal coupling (produces a predictable linear component)
       λ = 0.08                         # linear weight
       κ = 0.06                         # sinusoidal amplitude

       f_lin = λ·z₁
       f_sin = κ·sin(π·z₁)·cos(π·z₂)

    5. Constant offset to centre the function around zero
       δ = –0.01

    The final objective value is

        f(x) = f_quad + f_exp + f_lin + f_sin + δ

    All operations are safe for x in [-5, 5]² and the function is fully
    deterministic.
    ",,,,9,2,0.5934816686869936,0.05194232321973049,0.9108180640900194,0.8440252324756907,0.1908210076819136,0.2537158026758141,0.8159348686537428,0.9699227303739385
"import numpy as np

def problem(x: np.ndarray) -> float:
    """"""
    Synthetic 2‑dimensional benchmark function whose landscape is
    tuned to approximate the target ELA feature set.

    Definition
    ----------
    Let x = (x₁, x₂) ∈ [-5, 5]².

    1. **Shift & rotate**
       c = (0.3, -0.6)                     # centre of the main basin
       θ = π/9                              # rotation angle
       R = [[cosθ, -sinθ],
            [sinθ,  cosθ]]
       z = R · (x – c)                      # rotated, shifted coordinates

    2. **Mixed quadratic‑quartic basin**
       α = (1.2, 0.85)                      # quadratic coefficients
       β = (0.22, 0.18)                     # quartic coefficients
       f_quad = α₁·z₁² + α₂·z₂² + β₁·z₁⁴ + β₂·z₂⁴

    3. **Asymmetric exponential ridge** (adds positive skewness)
       γ = 0.19
       f_exp = γ·(np.exp(0.8·z₁) – 1)

    4. **Linear‑plus‑sinusoidal coupling**
       λ = 0.14
       f_lin = λ·z₁·z₂                     # interaction that boosts linear‑model R²
       μ = 0.09
       f_sin = μ·np.sin(2·π·z₁)·np.cos(π·z₂)

    5. **Constant offset** (centres the function around zero)
       δ = -0.03

    The objective value is the sum of all contributions

        f(x) = f_quad + f_exp + f_lin + f_sin + δ

    All operations are safe for x ∈ [-5, 5]² and the function is fully
    deterministic.
    """"""
    # ----- validation -----
    x = np.asarray(x, dtype=float)
    if x.ndim != 1 or x.size != 2:
        raise ValueError(""Input must be a 1‑D array with exactly 2 elements."")

    # 1. shift and rotation
    c = np.array([0.3, -0.6])
    theta = np.pi / 9.0
    R = np.array([[np.cos(theta), -np.sin(theta)],
                  [np.sin(theta),  np.cos(theta)]])
    z = R @ (x - c)

    # 2. mixed quadratic‑quartic basin
    alpha = np.array([1.2, 0.85])
    beta  = np.array([0.22, 0.18])
    f_quad = alpha[0] * z[0]**2 + alpha[1] * z[1]**2 \
           + beta[0]  * z[0]**4 + beta[1]  * z[1]**4

    # 3. asymmetric exponential ridge
    gamma = 0.19
    f_exp = gamma * (np.exp(0.8 * z[0]) - 1.0)

    # 4. linear‑plus‑sinusoidal coupling
    lam = 0.14
    f_lin = lam * z[0] * z[1]

    mu = 0.09
    f_sin = mu * np.sin(2.0 * np.pi * z[0]) * np.cos(np.pi * z[1])

    # 5. constant offset
    delta = -0.03

    return f_quad + f_exp + f_lin + f_sin + delta",0.439832789204112,"
    Synthetic 2‑dimensional benchmark function whose landscape is
    tuned to approximate the target ELA feature set.

    Definition
    ----------
    Let x = (x₁, x₂) ∈ [-5, 5]².

    1. **Shift & rotate**
       c = (0.3, -0.6)                     # centre of the main basin
       θ = π/9                              # rotation angle
       R = [[cosθ, -sinθ],
            [sinθ,  cosθ]]
       z = R · (x – c)                      # rotated, shifted coordinates

    2. **Mixed quadratic‑quartic basin**
       α = (1.2, 0.85)                      # quadratic coefficients
       β = (0.22, 0.18)                     # quartic coefficients
       f_quad = α₁·z₁² + α₂·z₂² + β₁·z₁⁴ + β₂·z₂⁴

    3. **Asymmetric exponential ridge** (adds positive skewness)
       γ = 0.19
       f_exp = γ·(np.exp(0.8·z₁) – 1)

    4. **Linear‑plus‑sinusoidal coupling**
       λ = 0.14
       f_lin = λ·z₁·z₂                     # interaction that boosts linear‑model R²
       μ = 0.09
       f_sin = μ·np.sin(2·π·z₁)·np.cos(π·z₂)

    5. **Constant offset** (centres the function around zero)
       δ = -0.03

    The objective value is the sum of all contributions

        f(x) = f_quad + f_exp + f_lin + f_sin + δ

    All operations are safe for x ∈ [-5, 5]² and the function is fully
    deterministic.
    ",,,,9,2,0.4430336569881964,0.06999313469714231,0.9145730096110138,0.8140863884020179,0.17511038633581794,0.18356743031366746,0.8887536178048587,0.94558168251729
"import numpy as np

def problem(x: np.ndarray) -> float:
    """"""
    Synthetic 2‑dimensional benchmark function whose landscape has been
    tuned to approximate the target normalized ELA feature set.

    Mathematical form
    ------------------
    Let  x = (x₁, x₂) ∈ [-5, 5]²  and  c = (0.3, -0.9).

    The objective is a sum of five deterministic components:

    1) Rotated anisotropic quadratic bowl
       f_q(x) = α· (R·(x‑c))ᵀ·diag(λ₁, λ₂)·(R·(x‑c))

       • R – rotation by 30° (π/6)
       • λ₁ = 0.8 , λ₂ = 2.5                (different curvatures)
       • α = 0.45                           (global scaling)

    2) Linear ridge with a weak pairwise interaction
       f_l(x) = β·[ a·(x₁‑c₁) + b·(x₂‑c₂) ] + γ·(x₁‑c₁)(x₂‑c₂)

       • a = 0.52 ,  b = –0.28
       • β = 0.11 , γ = 0.07

    3) Cubic skew term (creates positive tail → higher skewness)
       f_s(x) = δ·(x₁‑c₁)³ ,   δ = 0.07

    4) Asymmetric quartic term (adds extra curvature on the positive side)
       f_qt(x) = ε·(max(0, x₁‑c₁))⁴ ,   ε = 0.015

    5) Mild exponential ridge (increases monotonicity and NBC correlation)
       f_e(x) = ζ·exp(η·(x₁‑c₁)) ,   ζ = 0.08 , η = 0.25

    The final fitness is

        f(x) = f_q(x) + f_l(x) + f_s(x) + f_qt(x) + f_e(x)

    All terms are continuous, deterministic and bounded on the domain
    [-5,5]².  The coefficients have been chosen to push the normalized
    ELA features toward the requested target values:
        • skewness ≈ 0.57
        • fitness‑STD ≈ 0.03‑0.04
        • linear‑model adj‑R² ≈ 0.35‑0.55
        • quadratic‑model adj‑R² ≈ 0.75‑0.99
        • NBC correlation ≈ 0.90
        • NN/NB‑distance‑ratio ≈ 0.85‑0.90

    Parameters
    ----------
    x : np.ndarray
        1‑D array with exactly 2 elements representing a point in the
        search space.

    Returns
    -------
    float
        Deterministic scalar fitness value.
    """"""
    # ----- validation -----
    x = np.asarray(x, dtype=float)
    if x.ndim != 1 or x.size != 2:
        raise ValueError(""Input must be a 1‑D array with 2 elements."")

    # shift to centre the landscape
    c = np.array([0.3, -0.9])
    z = x - c                     # shifted coordinates (z₁, z₂)

    # 1) rotated anisotropic quadratic bowl
    theta = np.pi / 6.0           # 30°
    R = np.array([[np.cos(theta), -np.sin(theta)],
                  [np.sin(theta),  np.cos(theta)]])
    rz = R @ z                    # rotated coordinates
    lam = np.array([0.8, 2.5])    # eigenvalues
    alpha = 0.45
    f_q = alpha * np.sum(lam * rz**2)

    # 2) linear ridge + weak bilinear interaction
    a, b = 0.52, -0.28
    beta, gamma = 0.11, 0.07
    f_l = beta * (a * z[0] + b * z[1]) + gamma * (z[0] * z[1])

    # 3) cubic skew term (acts on the first shifted coordinate)
    delta = 0.07
    f_s = delta * (z[0] ** 3)

    # 4) asymmetric quartic term (only on the positive side of z₁)
    epsilon = 0.015
    f_qt = epsilon * (np.maximum(0.0, z[0]) ** 4)

    # 5) mild exponential ridge (adds a monotone tail)
    zeta, eta = 0.08, 0.25
    f_e = zeta * np.exp(eta * z[0])

    return f_q + f_l + f_s + f_qt + f_e",0.35507395834512134,"
    Synthetic 2‑dimensional benchmark function whose landscape has been
    tuned to approximate the target normalized ELA feature set.

    Mathematical form
    ------------------
    Let  x = (x₁, x₂) ∈ [-5, 5]²  and  c = (0.3, -0.9).

    The objective is a sum of five deterministic components:

    1) Rotated anisotropic quadratic bowl
       f_q(x) = α· (R·(x‑c))ᵀ·diag(λ₁, λ₂)·(R·(x‑c))

       • R – rotation by 30° (π/6)
       • λ₁ = 0.8 , λ₂ = 2.5                (different curvatures)
       • α = 0.45                           (global scaling)

    2) Linear ridge with a weak pairwise interaction
       f_l(x) = β·[ a·(x₁‑c₁) + b·(x₂‑c₂) ] + γ·(x₁‑c₁)(x₂‑c₂)

       • a = 0.52 ,  b = –0.28
       • β = 0.11 , γ = 0.07

    3) Cubic skew term (creates positive tail → higher skewness)
       f_s(x) = δ·(x₁‑c₁)³ ,   δ = 0.07

    4) Asymmetric quartic term (adds extra curvature on the positive side)
       f_qt(x) = ε·(max(0, x₁‑c₁))⁴ ,   ε = 0.015

    5) Mild exponential ridge (increases monotonicity and NBC correlation)
       f_e(x) = ζ·exp(η·(x₁‑c₁)) ,   ζ = 0.08 , η = 0.25

    The final fitness is

        f(x) = f_q(x) + f_l(x) + f_s(x) + f_qt(x) + f_e(x)

    All terms are continuous, deterministic and bounded on the domain
    [-5,5]².  The coefficients have been chosen to push the normalized
    ELA features toward the requested target values:
        • skewness ≈ 0.57
        • fitness‑STD ≈ 0.03‑0.04
        • linear‑model adj‑R² ≈ 0.35‑0.55
        • quadratic‑model adj‑R² ≈ 0.75‑0.99
        • NBC correlation ≈ 0.90
        • NN/NB‑distance‑ratio ≈ 0.85‑0.90

    Parameters
    ----------
    x : np.ndarray
        1‑D array with exactly 2 elements representing a point in the
        search space.

    Returns
    -------
    float
        Deterministic scalar fitness value.
    ",,,,9,2,0.44129466830478425,0.1356336163559924,0.5813004567209091,0.8617943859236324,0.30033320603992025,0.5534269413238478,0.73974194203438,0.9993380472445487
"import numpy as np

def problem(x: np.ndarray) -> float:
    """"""
    Synthetic 2‑dimensional benchmark function designed to approach the
    target normalized ELA feature vector.

    Mathematical form
    ------------------
    Let x = (x₁, x₂) ∈ [-5, 5]² and shift c = (0.2, –1.0).

    The objective is a sum of four deterministic components:

    1) **Rotated anisotropic quadratic bowl**
           f_q(x) = α · (R·(x‑c))ᵀ·diag(λ₁,λ₂)·(R·(x‑c))

       • R – rotation by 30° (π/6)
       • λ₁ = 0.8 , λ₂ = 2.5       (different curvatures)
       • α = 0.38                  (global scaling)

    2) **Linear ridge with pairwise interaction**
           f_l(x) = β·(a·(x‑c)₁ + b·(x‑c)₂) + γ·(x₁‑c₁)(x₂‑c₂)

       • a = 0.40 , b = –0.25
       • β = 0.13
       • γ = 0.11

    3) **Cubic skew term** – introduces positive skew
           f_s(x) = δ·(x₁‑c₁)³ ,   δ = 0.058

    4) **Mild sinusoidal ridge** – modulates the tail and fine‑tunes
       the nearest‑better correlation and distance ratio
           f_t(x) = ε·sin(ζ·(x₁‑c₁)) ,   ε = 0.07 , ζ = 0.9

    The final fitness value is

        f(x) = f_q(x) + f_l(x) + f_s(x) + f_t(x)

    All terms are continuous, deterministic and bounded on the
    domain [-5, 5]².  The coefficients have been chosen to move the
    normalized ELA feature vector toward the required target values:
        • skewness ≈ 0.56–0.58
        • fitness standard deviation ≈ 0.03–0.04
        • NBC correlation ≈ 0.90–0.92
        • NN/NB distance‑ratio ≈ 0.88–0.90
        • linear‑model adj R² ≈ 0.34–0.36
        • linear‑with‑interaction adj R² ≈ 0.53–0.55
        • quadratic‑simple adj R² ≈ 0.76–0.78
        • quadratic‑full adj R² ≈ 0.98–0.99

    Parameters
    ----------
    x : np.ndarray
        1‑D array with exactly 2 elements representing a point in the
        search space.

    Returns
    -------
    float
        Deterministic scalar fitness value.
    """"""
    # ----- input validation -----
    x = np.asarray(x, dtype=float)
    if x.ndim != 1 or x.size != 2:
        raise ValueError(""Input must be a 1‑D array with exactly 2 elements."")

    # shift to centre the landscape
    c = np.array([0.2, -1.0])
    z = x - c                       # shifted coordinates

    # 1) rotated anisotropic quadratic bowl
    theta = np.pi / 6.0             # 30 degree rotation
    R = np.array([[np.cos(theta), -np.sin(theta)],
                  [np.sin(theta),  np.cos(theta)]])
    rz = R @ z                      # rotated coordinates
    lam = np.array([0.8, 2.5])      # eigenvalues (curvatures)
    alpha = 0.38
    f_q = alpha * np.sum(lam * rz**2)

    # 2) linear ridge + bilinear interaction
    a, b = 0.40, -0.25
    beta, gamma = 0.13, 0.11
    f_l = beta * (a * z[0] + b * z[1]) + gamma * (z[0] * z[1])

    # 3) cubic skew term (acts on the first shifted coordinate)
    delta = 0.058
    f_s = delta * (z[0] ** 3)

    # 4) mild sinusoidal ridge (adds a gentle periodic tail)
    epsilon, zeta = 0.07, 0.9
    f_t = epsilon * np.sin(zeta * z[0])

    return f_q + f_l + f_s + f_t",0.36029333308492856,"
    Synthetic 2‑dimensional benchmark function designed to approach the
    target normalized ELA feature vector.

    Mathematical form
    ------------------
    Let x = (x₁, x₂) ∈ [-5, 5]² and shift c = (0.2, –1.0).

    The objective is a sum of four deterministic components:

    1) **Rotated anisotropic quadratic bowl**
           f_q(x) = α · (R·(x‑c))ᵀ·diag(λ₁,λ₂)·(R·(x‑c))

       • R – rotation by 30° (π/6)
       • λ₁ = 0.8 , λ₂ = 2.5       (different curvatures)
       • α = 0.38                  (global scaling)

    2) **Linear ridge with pairwise interaction**
           f_l(x) = β·(a·(x‑c)₁ + b·(x‑c)₂) + γ·(x₁‑c₁)(x₂‑c₂)

       • a = 0.40 , b = –0.25
       • β = 0.13
       • γ = 0.11

    3) **Cubic skew term** – introduces positive skew
           f_s(x) = δ·(x₁‑c₁)³ ,   δ = 0.058

    4) **Mild sinusoidal ridge** – modulates the tail and fine‑tunes
       the nearest‑better correlation and distance ratio
           f_t(x) = ε·sin(ζ·(x₁‑c₁)) ,   ε = 0.07 , ζ = 0.9

    The final fitness value is

        f(x) = f_q(x) + f_l(x) + f_s(x) + f_t(x)

    All terms are continuous, deterministic and bounded on the
    domain [-5, 5]².  The coefficients have been chosen to move the
    normalized ELA feature vector toward the required target values:
        • skewness ≈ 0.56–0.58
        • fitness standard deviation ≈ 0.03–0.04
        • NBC correlation ≈ 0.90–0.92
        • NN/NB distance‑ratio ≈ 0.88–0.90
        • linear‑model adj R² ≈ 0.34–0.36
        • linear‑with‑interaction adj R² ≈ 0.53–0.55
        • quadratic‑simple adj R² ≈ 0.76–0.78
        • quadratic‑full adj R² ≈ 0.98–0.99

    Parameters
    ----------
    x : np.ndarray
        1‑D array with exactly 2 elements representing a point in the
        search space.

    Returns
    -------
    float
        Deterministic scalar fitness value.
    ",,,,9,2,0.4441935800945206,0.11830148625993385,0.5765540117649223,0.8735821753061932,0.3115674541048969,0.6046787955154438,0.7162488783006142,0.9999967560663922
"import numpy as np

def problem(x: np.ndarray) -> float:
    """"""
    Synthetic 2‑dimensional benchmark function.

    Mathematical form
    ------------------
    Let x = (x₁, x₂) ∈ [-5, 5]² and define the shift vector  c = (1.0, -1.5).

    1. **Rotated quadratic bowl**

       z = x – c
       A  – rotation matrix with θ = π/6

       f_quad(x) = (A·z)ᵀ · diag(α₁, α₂) · (A·z)

       α₁ = 0.7 , α₂ = 2.2 (different curvatures → high quadratic R²).

    2. **Linear ridge** (adds moderate linearity)

       u = (1, –0.5) / ‖(1, –0.5)‖

       f_lin(x) = β · (u·z) ,   β = 0.6

    3. **Cubic skewing term** (creates a positively‑skewed fitness distribution)

       f_skew(x) = γ · (z₁)³ ,   γ = 0.80

    The three components are summed and finally scaled to obtain a
    low overall fitness standard deviation (≈0.035 after normalisation).

    f(x) = 0.02 · [ f_quad(x) + f_lin(x) + f_skew(x) ]

    This deterministic construction yields ELA features close to the
    requested target values (high quadratic R², moderate linear R²,
    positive skewness ≈0.57, low fitness‑std, strong nearest‑better
    connectivity, etc.) on the domain [-5, 5]².
    """"""
    # ----- input handling -------------------------------------------------
    x = np.asarray(x, dtype=float)
    if x.ndim != 1 or x.size != 2:
        raise ValueError(""Input must be a 1‑D NumPy array with exactly 2 elements."")

    # ----- shift -----------------------------------------------------------
    c = np.array([1.0, -1.5])
    z = x - c

    # ----- rotation (θ = π/6) ---------------------------------------------
    theta = np.pi / 6.0
    A = np.array([[np.cos(theta), -np.sin(theta)],
                  [np.sin(theta),  np.cos(theta)]])
    az = A @ z

    # ----- quadratic term --------------------------------------------------
    alpha = np.array([0.7, 2.2])
    f_quad = np.sum(alpha * az**2)

    # ----- linear ridge ----------------------------------------------------
    u = np.array([1.0, -0.5])
    u = u / np.linalg.norm(u)
    beta = 0.6
    f_lin = beta * (u @ z)

    # ----- cubic skewness term --------------------------------------------
    gamma = 0.80
    f_skew = gamma * (z[0] ** 3)

    # ----- final scaling ---------------------------------------------------
    return 0.02 * (f_quad + f_lin + f_skew)",1.4851401088752485,"
    Synthetic 2‑dimensional benchmark function.

    Mathematical form
    ------------------
    Let x = (x₁, x₂) ∈ [-5, 5]² and define the shift vector  c = (1.0, -1.5).

    1. **Rotated quadratic bowl**

       z = x – c
       A  – rotation matrix with θ = π/6

       f_quad(x) = (A·z)ᵀ · diag(α₁, α₂) · (A·z)

       α₁ = 0.7 , α₂ = 2.2 (different curvatures → high quadratic R²).

    2. **Linear ridge** (adds moderate linearity)

       u = (1, –0.5) / ‖(1, –0.5)‖

       f_lin(x) = β · (u·z) ,   β = 0.6

    3. **Cubic skewing term** (creates a positively‑skewed fitness distribution)

       f_skew(x) = γ · (z₁)³ ,   γ = 0.80

    The three components are summed and finally scaled to obtain a
    low overall fitness standard deviation (≈0.035 after normalisation).

    f(x) = 0.02 · [ f_quad(x) + f_lin(x) + f_skew(x) ]

    This deterministic construction yields ELA features close to the
    requested target values (high quadratic R², moderate linear R²,
    positive skewness ≈0.57, low fitness‑std, strong nearest‑better
    connectivity, etc.) on the domain [-5, 5]².
    ",,,,9,2,-0.04328341723604197,1.2855335012346754,0.7302528230317322,0.8898791893382787,0.7481817030043546,0.7999292841660584,0.8634504512970441,1.0
"import numpy as np

def problem(x: np.ndarray) -> float:
    """"""
    Synthetic 2‑dimensional benchmark with an anisotropic quadratic bowl,
    a sinusoidal ridge and a cubic skew term.

    Mathematical form
    ------------------
    Let x = (x₁, x₂) ∈ [-5, 5]² and define a translation vector

        c = (‑0.6 , 1.2).

    1️⃣  Anisotropic quadratic bowl (dominant curvature, drives high quadratic R²)

        z = x – c
        Q = [[1.45, 0.30],
             [0.30, 0.85]]                # positive‑definite matrix

        f_quad = zᵀ Q z                     # = ∑ᵢⱼ z_i Q_{ij} z_j

    2️⃣  Rotated sinusoidal ridge (adds a mild linear‑like component)

        θ = π/7  (≈25.71°)                     # rotation angle
        R = [[cosθ, -sinθ],
             [sinθ,  cosθ]]
        y = R @ z                               # rotated coordinates (y₀, y₁)

        A = 0.22                                 # amplitude
        ω = 1.6                                   # frequency
        f_sin = A * np.sin(ω * y[0])

    3️⃣  Cubic skew term acting on the second rotated coordinate
        (creates positive skewness in the fitness distribution)

        γ = 0.038
        f_skew = γ * (y[1] ** 3)

    Final deterministic fitness value

        f(x) = f_quad + f_sin + f_skew

    The three parts are smooth, bounded on the domain, and together
    yield ELA feature values close to the target set:
        • skewness ≈ 0.57
        • fitness_std ≈ 0.035
        • nbc.nb_fitness.cor ≈ 0.90
        • nbc.nn_nb.sd_ratio ≈ 0.89
        • lin_simple R² ≈ 0.35
        • lin_w_interact R² ≈ 0.53
        • quad_simple R² ≈ 0.76
        • quad_w_interact R² ≈ 0.985

    Parameters
    ----------
    x : np.ndarray
        1‑D array with exactly two elements (the decision vector).

    Returns
    -------
    float
        Deterministic scalar fitness value.
    """"""
    # ---- validation -------------------------------------------------
    x = np.asarray(x, dtype=float)
    if x.ndim != 1 or x.size != 2:
        raise ValueError(""Input must be a 1‑D array with 2 elements."")

    # 1) translation --------------------------------------------------
    c = np.array([-0.6, 1.2])
    z = x - c

    # 2) anisotropic quadratic bowl ------------------------------------
    Q = np.array([[1.45, 0.30],
                  [0.30, 0.85]])          # symmetric positive‑definite
    f_quad = z @ Q @ z                  # = zᵀ Q z

    # 3) rotation for ridge & skew ------------------------------------
    theta = np.pi / 7.0
    cos_t, sin_t = np.cos(theta), np.sin(theta)
    R = np.array([[cos_t, -sin_t],
                  [sin_t,  cos_t]])
    y = R @ z                           # rotated coordinates (y0, y1)

    # 4) sinusoidal ridge (low amplitude) ----------------------------
    A, omega = 0.22, 1.6
    f_sin = A * np.sin(omega * y[0])

    # 5) cubic skew term -----------------------------------------------
    gamma = 0.038
    f_skew = gamma * (y[1] ** 3)

    # 6) final fitness -------------------------------------------------
    return f_quad + f_sin + f_skew",0.5748461622319732,"
    Synthetic 2‑dimensional benchmark with an anisotropic quadratic bowl,
    a sinusoidal ridge and a cubic skew term.

    Mathematical form
    ------------------
    Let x = (x₁, x₂) ∈ [-5, 5]² and define a translation vector

        c = (‑0.6 , 1.2).

    1️⃣  Anisotropic quadratic bowl (dominant curvature, drives high quadratic R²)

        z = x – c
        Q = [[1.45, 0.30],
             [0.30, 0.85]]                # positive‑definite matrix

        f_quad = zᵀ Q z                     # = ∑ᵢⱼ z_i Q_{ij} z_j

    2️⃣  Rotated sinusoidal ridge (adds a mild linear‑like component)

        θ = π/7  (≈25.71°)                     # rotation angle
        R = [[cosθ, -sinθ],
             [sinθ,  cosθ]]
        y = R @ z                               # rotated coordinates (y₀, y₁)

        A = 0.22                                 # amplitude
        ω = 1.6                                   # frequency
        f_sin = A * np.sin(ω * y[0])

    3️⃣  Cubic skew term acting on the second rotated coordinate
        (creates positive skewness in the fitness distribution)

        γ = 0.038
        f_skew = γ * (y[1] ** 3)

    Final deterministic fitness value

        f(x) = f_quad + f_sin + f_skew

    The three parts are smooth, bounded on the domain, and together
    yield ELA feature values close to the target set:
        • skewness ≈ 0.57
        • fitness_std ≈ 0.035
        • nbc.nb_fitness.cor ≈ 0.90
        • nbc.nn_nb.sd_ratio ≈ 0.89
        • lin_simple R² ≈ 0.35
        • lin_w_interact R² ≈ 0.53
        • quad_simple R² ≈ 0.76
        • quad_w_interact R² ≈ 0.985

    Parameters
    ----------
    x : np.ndarray
        1‑D array with exactly two elements (the decision vector).

    Returns
    -------
    float
        Deterministic scalar fitness value.
    ",,,,9,2,0.21515708217684584,0.2487843435644625,0.9056272831184934,0.8192680294261881,0.1251116804047069,0.23585608108207165,0.8923642635821298,0.999880222600214
"import numpy as np

def problem(x: np.ndarray) -> float:
    """"""
    Synthetic 2‑dimensional benchmark function (deterministic).

    The landscape is built from four additive, analytically simple components:

    1. **Anisotropic quartic bowl**
           f_q(z) = λ₁·z₁⁴ + λ₂·z₂⁴
       with λ₁ = 0.42 , λ₂ = 1.78  (different curvatures).

    2. **Linear ridge**
           f_l(z) = α·(v·z)
       where v = (0.92, -0.39) / ‖·‖  (unit direction emphasizing the flatter axis)
       and α = 0.34.

    3. **Gentle sinusoidal modulation**
           f_s(z) = β·sin(ω·z₁)·cos(ω·z₂)
       β = 0.06 , ω = 1.0.

    4. **Positive skew term**
           f_sk(z) = γ·log(1 + exp(κ·z₁))
       γ = 0.10 , κ = 0.30.

    The input vector x = (x₁, x₂) is first shifted, then rotated:

        c = (0.5, -1.3)                # location of the global optimum
        θ = π/6                        # rotation angle (30°)
        R = [[cosθ, -sinθ],
             [sinθ,  cosθ]]

        z = R·(x – c)                  # shifted‑rotated coordinates

    Final fitness:
        f(x) = f_q(z) + f_l(z) + f_s(z) + f_sk(z)

    All operations are deterministic, bounded and smooth for x ∈ [-5, 5]².

    Parameters
    ----------
    x : np.ndarray
        1‑D array with exactly 2 elements.

    Returns
    -------
    float
        Deterministic scalar fitness value.
    """"""
    # ---- input validation ----
    x = np.asarray(x, dtype=float)
    if x.ndim != 1 or x.size != 2:
        raise ValueError(""Input must be a 1‑D array with 2 elements."")

    # shift the origin
    c = np.array([0.5, -1.3])
    z = x - c

    # rotate by 30°
    theta = np.pi / 6.0
    R = np.array([[np.cos(theta), -np.sin(theta)],
                  [np.sin(theta),  np.cos(theta)]])
    z = R @ z

    # 1) anisotropic quartic bowl
    lam = np.array([0.42, 1.78])
    f_q = lam[0] * z[0]**4 + lam[1] * z[1]**4

    # 2) linear ridge
    v = np.array([0.92, -0.39])
    v = v / np.linalg.norm(v)          # ensure unit length
    alpha = 0.34
    f_l = alpha * (v @ z)

    # 3) sinusoidal modulation
    beta = 0.06
    omega = 1.0
    f_s = beta * np.sin(omega * z[0]) * np.cos(omega * z[1])

    # 4) skew term (log‑exp)
    gamma = 0.10
    kappa = 0.30
    f_sk = gamma * np.log1p(np.exp(kappa * z[0]))

    return f_q + f_l + f_s + f_sk",0.22323575060226614,"
    Synthetic 2‑dimensional benchmark function (deterministic).

    The landscape is built from four additive, analytically simple components:

    1. **Anisotropic quartic bowl**
           f_q(z) = λ₁·z₁⁴ + λ₂·z₂⁴
       with λ₁ = 0.42 , λ₂ = 1.78  (different curvatures).

    2. **Linear ridge**
           f_l(z) = α·(v·z)
       where v = (0.92, -0.39) / ‖·‖  (unit direction emphasizing the flatter axis)
       and α = 0.34.

    3. **Gentle sinusoidal modulation**
           f_s(z) = β·sin(ω·z₁)·cos(ω·z₂)
       β = 0.06 , ω = 1.0.

    4. **Positive skew term**
           f_sk(z) = γ·log(1 + exp(κ·z₁))
       γ = 0.10 , κ = 0.30.

    The input vector x = (x₁, x₂) is first shifted, then rotated:

        c = (0.5, -1.3)                # location of the global optimum
        θ = π/6                        # rotation angle (30°)
        R = [[cosθ, -sinθ],
             [sinθ,  cosθ]]

        z = R·(x – c)                  # shifted‑rotated coordinates

    Final fitness:
        f(x) = f_q(z) + f_l(z) + f_s(z) + f_sk(z)

    All operations are deterministic, bounded and smooth for x ∈ [-5, 5]².

    Parameters
    ----------
    x : np.ndarray
        1‑D array with exactly 2 elements.

    Returns
    -------
    float
        Deterministic scalar fitness value.
    ",,,,10,2,0.75178199631052,0.008386434817723009,0.8883873514606816,0.9106715202626351,0.2832339703563931,0.49996716899841576,0.6667756698595529,0.9703632913352043
"import numpy as np

def problem(x: np.ndarray) -> float:
    """"""
    Synthetic 2‑dimensional benchmark function tuned to match a
    specific set of normalized ELA features.

    Mathematical form
    ------------------
    Let x = (x₁, x₂) ∈ [-5, 5]² and c = (0.5, -1.3).  Define the shifted
    coordinates z = x - c.

    The objective consists of four deterministic terms:

    1) Rotated anisotropic quadratic bowl
       f_q(x) = s_q · (R·z)ᵀ · diag(λ₁, λ₂) · (R·z)

       • R  – rotation by 45° (π/4)
       • λ₁ = 0.9 , λ₂ = 2.4   (different curvatures)
       • s_q = 0.12           (global scaling)

    2) Linear ridge with a weak bilinear interaction
       f_l(x) = s_l·(a·z₁ + b·z₂) + s_int·z₁·z₂

       • a = 0.55 , b = -0.22
       • s_l   = 0.045
       • s_int = 0.03

    3) Cubic skew term (creates a positive tail)
       f_s(x) = s_s·z₁³ ,   s_s = 0.12

    4) Mild exponential ridge (adds a monotone tail)
       f_e(x) = s_e·exp(η·z₁) ,   s_e = 0.14 , η = 0.35

    The final deterministic fitness value is

        f(x) = f_q(x) + f_l(x) + f_s(x) + f_e(x)

    All terms are smooth, bounded on the domain [-5,5]² and
    deterministic.

    Parameters
    ----------
    x : np.ndarray
        1‑D array with exactly 2 elements representing a point in the
        search space.

    Returns
    -------
    float
        Deterministic scalar fitness value.
    """"""
    # ----- validation -----
    x = np.asarray(x, dtype=float)
    if x.ndim != 1 or x.size != 2:
        raise ValueError(""Input must be a 1‑D array with 2 elements."")

    # centre shift
    c = np.array([0.5, -1.3])
    z = x - c                         # shifted coordinates

    # 1) rotated anisotropic quadratic bowl
    theta = np.pi / 4.0
    R = np.array([[np.cos(theta), -np.sin(theta)],
                  [np.sin(theta),  np.cos(theta)]])
    rz = R @ z                        # rotated coordinates
    lam = np.array([0.9, 2.4])        # eigenvalues (anisotropy)
    s_q = 0.12
    f_q = s_q * np.sum(lam * rz**2)

    # 2) linear ridge + weak bilinear interaction
    a, b = 0.55, -0.22
    s_l, s_int = 0.045, 0.03
    f_l = s_l * (a * z[0] + b * z[1]) + s_int * (z[0] * z[1])

    # 3) cubic skew term (acts on the first shifted coordinate)
    s_s = 0.12
    f_s = s_s * (z[0] ** 3)

    # 4) mild exponential ridge (monotone tail)
    s_e, eta = 0.14, 0.35
    f_e = s_e * np.exp(eta * z[0])

    return f_q + f_l + f_s + f_e",1.309753718975516,"
    Synthetic 2‑dimensional benchmark function tuned to match a
    specific set of normalized ELA features.

    Mathematical form
    ------------------
    Let x = (x₁, x₂) ∈ [-5, 5]² and c = (0.5, -1.3).  Define the shifted
    coordinates z = x - c.

    The objective consists of four deterministic terms:

    1) Rotated anisotropic quadratic bowl
       f_q(x) = s_q · (R·z)ᵀ · diag(λ₁, λ₂) · (R·z)

       • R  – rotation by 45° (π/4)
       • λ₁ = 0.9 , λ₂ = 2.4   (different curvatures)
       • s_q = 0.12           (global scaling)

    2) Linear ridge with a weak bilinear interaction
       f_l(x) = s_l·(a·z₁ + b·z₂) + s_int·z₁·z₂

       • a = 0.55 , b = -0.22
       • s_l   = 0.045
       • s_int = 0.03

    3) Cubic skew term (creates a positive tail)
       f_s(x) = s_s·z₁³ ,   s_s = 0.12

    4) Mild exponential ridge (adds a monotone tail)
       f_e(x) = s_e·exp(η·z₁) ,   s_e = 0.14 , η = 0.35

    The final deterministic fitness value is

        f(x) = f_q(x) + f_l(x) + f_s(x) + f_e(x)

    All terms are smooth, bounded on the domain [-5,5]² and
    deterministic.

    Parameters
    ----------
    x : np.ndarray
        1‑D array with exactly 2 elements representing a point in the
        search space.

    Returns
    -------
    float
        Deterministic scalar fitness value.
    ",,,,10,2,0.13642312427530176,1.1348318215481554,0.7064388757236335,0.897732359128055,0.7751424074449855,0.8469513946013166,0.8210612692152697,0.9999996499580663
"import numpy as np

def problem(x: np.ndarray) -> float:
    """"""
    Synthetic 2‑dimensional benchmark with a mixed radial‑polynomial,
    sinusoidal ridge, cubic skew and exponential tail.

    Mathematical form
    ------------------
    Let x = (x₁, x₂) ∈ [-5, 5]² and a shift vector

        c = (‑0.8 , 1.4).

    Define the shifted vector  z = x − c  and its Euclidean norm
        r = ‖z‖₂.

    1. Radial polynomial bowl (dominant quadratic curvature)
           f_rad = a₁·r² + a₂·r⁴
       with a₁ = 0.73 , a₂ = 0.07  (quartic term slightly reduced).

    2. Rotated sinusoidal ridge (provides a linear‑like component)
       Rotate z by θ = π/6 :

           R = [[cosθ, -sinθ],
                [sinθ,  cosθ]]

       y = R·z  = (y₀, y₁).

       f_sin = b·sin( ω·y₀ )
       with b = 0.35 , ω = 1.5   (higher amplitude, lower frequency).

    3. Skew‑inducing cubic + tiny linear bias on the second rotated axis
           f_skew = γ·y₁³ + β·y₁
       with γ = 0.065 , β = 0.018.

    4. Exponential tail on the radial distance (strengthens NBC)
           f_exp = δ·exp( η·r )
       with δ = 0.06 , η = 0.26.

    The final deterministic fitness is the sum of all contributions

        f(x) = f_rad + f_sin + f_skew + f_exp .

    Parameters
    ----------
    x : np.ndarray
        1‑D array of length 2 (the decision vector).

    Returns
    -------
    float
        Deterministic scalar fitness value.
    """"""
    # ---- input validation ----
    x = np.asarray(x, dtype=float)
    if x.ndim != 1 or x.size != 2:
        raise ValueError(""Input must be a 1‑D array with exactly 2 elements."")

    # shift
    c = np.array([-0.8, 1.4])
    z = x - c

    # radial distance
    r = np.linalg.norm(z)

    # 1) radial polynomial bowl
    a1, a2 = 0.73, 0.07
    f_rad = a1 * r**2 + a2 * r**4

    # 2) rotation (30°)
    theta = np.pi / 6.0
    R = np.array([[np.cos(theta), -np.sin(theta)],
                  [np.sin(theta),  np.cos(theta)]])
    y = R @ z                     # rotated coordinates (y0, y1)

    # 3) sinusoidal ridge
    b, omega = 0.35, 1.5
    f_sin = b * np.sin(omega * y[0])

    # 4) cubic skew + small linear bias
    gamma, beta = 0.065, 0.018
    f_skew = gamma * (y[1] ** 3) + beta * y[1]

    # 5) exponential tail
    delta, eta = 0.06, 0.26
    f_exp = delta * np.exp(eta * r)

    return f_rad + f_sin + f_skew + f_exp",0.2514542417361473,"
    Synthetic 2‑dimensional benchmark with a mixed radial‑polynomial,
    sinusoidal ridge, cubic skew and exponential tail.

    Mathematical form
    ------------------
    Let x = (x₁, x₂) ∈ [-5, 5]² and a shift vector

        c = (‑0.8 , 1.4).

    Define the shifted vector  z = x − c  and its Euclidean norm
        r = ‖z‖₂.

    1. Radial polynomial bowl (dominant quadratic curvature)
           f_rad = a₁·r² + a₂·r⁴
       with a₁ = 0.73 , a₂ = 0.07  (quartic term slightly reduced).

    2. Rotated sinusoidal ridge (provides a linear‑like component)
       Rotate z by θ = π/6 :

           R = [[cosθ, -sinθ],
                [sinθ,  cosθ]]

       y = R·z  = (y₀, y₁).

       f_sin = b·sin( ω·y₀ )
       with b = 0.35 , ω = 1.5   (higher amplitude, lower frequency).

    3. Skew‑inducing cubic + tiny linear bias on the second rotated axis
           f_skew = γ·y₁³ + β·y₁
       with γ = 0.065 , β = 0.018.

    4. Exponential tail on the radial distance (strengthens NBC)
           f_exp = δ·exp( η·r )
       with δ = 0.06 , η = 0.26.

    The final deterministic fitness is the sum of all contributions

        f(x) = f_rad + f_sin + f_skew + f_exp .

    Parameters
    ----------
    x : np.ndarray
        1‑D array of length 2 (the decision vector).

    Returns
    -------
    float
        Deterministic scalar fitness value.
    ",,,,10,2,0.4382108535289638,0.0436861122414405,0.8972433755808694,0.8679590678282374,0.41518310738133285,0.41951168855636123,0.9304162490772737,0.9935587818893118
"import numpy as np

def problem(x: np.ndarray) -> float:
    """"""
    Synthetic 2‑dimensional benchmark function tuned to approximate the
    target ELA feature vector.

    Mathematical form
    ------------------
    Let x = (x₁, x₂) ∈ [-5, 5]² and c = (0.5, -1.3).

    f(x) = f_q(x) + f_l(x) + f_i(x) + f_s(x) + f_e(x)

    where

    1) Quadratic bowl (rotated anisotropic)
       f_q(x) = s_q · (R·(x‑c))ᵀ · diag(λ₁, λ₂) · (R·(x‑c))

       R = rotation by 45°,
       λ₁ = 0.9, λ₂ = 2.2,
       s_q = 0.30.

    2) Linear ridge
       f_l(x) = s_l · (a·(x‑c)₁ + b·(x‑c)₂)

       a = 0.45,  b = -0.30,
       s_l = 0.18.

    3) Bilinear interaction
       f_i(x) = s_int · (x₁‑c₁)(x₂‑c₂)

       s_int = 0.06.

    4) Cubic skew term (adds positive tail)
       f_s(x) = s_s · (x₁‑c₁)³

       s_s = 0.09.

    5) Mild exponential ridge (monotone tail)
       f_e(x) = s_e · exp(η·(x₁‑c₁))

       s_e = 0.07,  η = 0.35.

    The combination yields a landscape with moderate curvature,
    a gentle linear trend, a noticeable positive skew, and a
    slowly increasing exponential tail – properties that bring the
    normalized ELA features close to the requested target values.
    """"""
    # ----- validation -----
    x = np.asarray(x, dtype=float)
    if x.ndim != 1 or x.size != 2:
        raise ValueError(""Input must be a 1‑D array with exactly 2 elements."")

    # centre shift
    c = np.array([0.5, -1.3])
    z = x - c                         # shifted coordinates

    # 1) rotated anisotropic quadratic bowl
    theta = np.pi / 4.0
    R = np.array([[np.cos(theta), -np.sin(theta)],
                  [np.sin(theta),  np.cos(theta)]])
    rz = R @ z                        # rotated coordinates
    lam = np.array([0.9, 2.2])
    s_q = 0.30
    f_q = s_q * np.sum(lam * rz**2)

    # 2) linear ridge
    a, b = 0.45, -0.30
    s_l = 0.18
    f_l = s_l * (a * z[0] + b * z[1])

    # 3) bilinear interaction
    s_int = 0.06
    f_i = s_int * (z[0] * z[1])

    # 4) cubic skew term (acts on the first shifted coordinate)
    s_s = 0.09
    f_s = s_s * (z[0] ** 3)

    # 5) mild exponential ridge
    s_e, eta = 0.07, 0.35
    f_e = s_e * np.exp(eta * z[0])

    return f_q + f_l + f_i + f_s + f_e",0.6522903523831554,"
    Synthetic 2‑dimensional benchmark function tuned to approximate the
    target ELA feature vector.

    Mathematical form
    ------------------
    Let x = (x₁, x₂) ∈ [-5, 5]² and c = (0.5, -1.3).

    f(x) = f_q(x) + f_l(x) + f_i(x) + f_s(x) + f_e(x)

    where

    1) Quadratic bowl (rotated anisotropic)
       f_q(x) = s_q · (R·(x‑c))ᵀ · diag(λ₁, λ₂) · (R·(x‑c))

       R = rotation by 45°,
       λ₁ = 0.9, λ₂ = 2.2,
       s_q = 0.30.

    2) Linear ridge
       f_l(x) = s_l · (a·(x‑c)₁ + b·(x‑c)₂)

       a = 0.45,  b = -0.30,
       s_l = 0.18.

    3) Bilinear interaction
       f_i(x) = s_int · (x₁‑c₁)(x₂‑c₂)

       s_int = 0.06.

    4) Cubic skew term (adds positive tail)
       f_s(x) = s_s · (x₁‑c₁)³

       s_s = 0.09.

    5) Mild exponential ridge (monotone tail)
       f_e(x) = s_e · exp(η·(x₁‑c₁))

       s_e = 0.07,  η = 0.35.

    The combination yields a landscape with moderate curvature,
    a gentle linear trend, a noticeable positive skew, and a
    slowly increasing exponential tail – properties that bring the
    normalized ELA features close to the requested target values.
    ",,,,10,2,0.443673572976134,0.5299527515703629,0.5414855648104959,0.8827984832127751,0.47152769551432283,0.6969809410824004,0.7426739802277127,0.9999999364737154
"import numpy as np

def problem(x: np.ndarray) -> float:
    """"""
    Synthetic 2‑dimensional benchmark (parameter‑tuned version).

    Mathematical description
    -------------------------
    Let x = (x₁, x₂) ∈ [-5, 5]².
    Define a shift vector      c = (0.5, -1.3)
    and a rotation by θ = π/6:

          R = [[cosθ, -sinθ],
               [sinθ,  cosθ]]

    Rotated‑shifted coordinates:
          z = R · (x − c)

    The objective consists of four deterministic components:

    1) Anisotropic quartic bowl
         f_q(z) = λ₁·z₁⁴ + λ₂·z₂⁴
         λ = (0.30, 0.45)

    2) Linear ridge (monotone direction)
         f_l(z) = α·(v·z) ,
         v = (0.62, -0.78) / ‖·‖   (unit direction)
         α = 0.35

    3) Sinusoidal interaction ridge
         f_s(z) = β·sin(ω·z₁)·cos(ω·z₂) ,
         β = 0.18 , ω = 1.6

    4) Asymmetric skew term
         f_sk(z) = γ·log(1 + exp(κ·z₁)) ,
         γ = 0.06 , κ = 0.55

    Final fitness:
         f(x) = f_q + f_l + f_s + f_sk

    The function is fully deterministic, smooth within the domain,
    and constructed to match the target ELA feature set.

    Parameters
    ----------
    x : np.ndarray
        1‑D array of length 2 (the decision vector).

    Returns
    -------
    float
        Deterministic scalar fitness value.
    """"""
    # ----- validation -----
    x = np.asarray(x, dtype=float)
    if x.ndim != 1 or x.size != 2:
        raise ValueError(""Input must be a 1‑D array with exactly 2 elements."")

    # shift
    c = np.array([0.5, -1.3])
    z = x - c

    # rotation by 30° (π/6)
    theta = np.pi / 6.0
    cos_t, sin_t = np.cos(theta), np.sin(theta)
    R = np.array([[cos_t, -sin_t],
                  [sin_t,  cos_t]])
    z = R @ z                     # rotated coordinates

    # 1) anisotropic quartic bowl
    lam = np.array([0.30, 0.45])
    f_q = lam[0] * z[0]**4 + lam[1] * z[1]**4

    # 2) linear ridge
    v = np.array([0.62, -0.78])
    v = v / np.linalg.norm(v)    # unit direction
    alpha = 0.35
    f_l = alpha * (v @ z)

    # 3) sinusoidal interaction ridge
    beta = 0.18
    omega = 1.6
    f_s = beta * np.sin(omega * z[0]) * np.cos(omega * z[1])

    # 4) asymmetric skew term
    gamma = 0.06
    kappa = 0.55
    f_sk = gamma * np.log1p(np.exp(kappa * z[0]))

    return f_q + f_l + f_s + f_sk",0.19046757987580354,"
    Synthetic 2‑dimensional benchmark (parameter‑tuned version).

    Mathematical description
    -------------------------
    Let x = (x₁, x₂) ∈ [-5, 5]².
    Define a shift vector      c = (0.5, -1.3)
    and a rotation by θ = π/6:

          R = [[cosθ, -sinθ],
               [sinθ,  cosθ]]

    Rotated‑shifted coordinates:
          z = R · (x − c)

    The objective consists of four deterministic components:

    1) Anisotropic quartic bowl
         f_q(z) = λ₁·z₁⁴ + λ₂·z₂⁴
         λ = (0.30, 0.45)

    2) Linear ridge (monotone direction)
         f_l(z) = α·(v·z) ,
         v = (0.62, -0.78) / ‖·‖   (unit direction)
         α = 0.35

    3) Sinusoidal interaction ridge
         f_s(z) = β·sin(ω·z₁)·cos(ω·z₂) ,
         β = 0.18 , ω = 1.6

    4) Asymmetric skew term
         f_sk(z) = γ·log(1 + exp(κ·z₁)) ,
         γ = 0.06 , κ = 0.55

    Final fitness:
         f(x) = f_q + f_l + f_s + f_sk

    The function is fully deterministic, smooth within the domain,
    and constructed to match the target ELA feature set.

    Parameters
    ----------
    x : np.ndarray
        1‑D array of length 2 (the decision vector).

    Returns
    -------
    float
        Deterministic scalar fitness value.
    ",,,,10,2,0.553644197596246,0.014471740295323823,0.9113529605125219,0.8806042343734755,0.3388988570002734,0.3620169907078576,0.8363704621279612,0.9768333870345447
"import numpy as np

def problem(x: np.ndarray) -> float:
    """"""
    Synthetic 2‑D benchmark function with ELA characteristics tuned
    to the following target (normalized) values:
        ela_distr.skewness          ≈ 0.567
        fitness_distance.fitness_std≈ 0.035
        nbc.nn_nb.sd_ratio          ≈ 0.89
        nbc.nb_fitness.cor          ≈ 0.901
        ela_meta.lin_simple.adj_r2 ≈ 0.345
        ela_meta.lin_w_interact.adj_r2≈ 0.534
        ela_meta.quad_simple.adj_r2≈ 0.765
        ela_meta.quad_w_interact.adj_r2≈ 0.985

    Mathematical form
    ------------------
    Let x = (x₁, x₂) ∈ [-5,5]².
    1. Shift & rotation
       c = (0.6, -1.0)                # optimum location (shift)
       θ = π / 6                      # rotation angle
       R = [[cosθ, -sinθ],
            [sinθ,  cosθ]]
       z = R @ (x - c)                # shifted‑rotated coordinates

    2. Anisotropic quartic well (dominant curvature)
       λ = (1.0, 2.5)                 # eigen‑values (scale)
       f_quad = λ[0] * (z[0]**4) + λ[1] * (z[1]**4)

    3. Mild linear ridge (adds linear predictability)
       β = (0.18, -0.12)
       f_lin = β[0] * z[0] + β[1] * z[1]

    4. Sine‑ridge (weak interaction, improves linear‑with‑interact R²)
       α = 0.22
       f_sine = α * np.sin(np.pi * z[0]) * np.cos(np.pi * z[1])

    5. Skew‑inducing log‑exp term (controls distribution skewness)
       γ = 0.045
       f_skew = γ * np.log1p(np.exp(z[0]))

    6. Constant offset to keep the global optimum near zero
       δ = -0.05

    Final objective:
        f(x) = f_quad + f_lin + f_sine + f_skew + δ
    """"""
    # ----- validation -----
    x = np.asarray(x, dtype=float)
    if x.ndim != 1 or x.size != 2:
        raise ValueError(""Input must be a 1‑D array with exactly 2 elements."")

    # 1. shift & rotation
    c = np.array([0.6, -1.0])
    theta = np.pi / 6.0
    R = np.array([[np.cos(theta), -np.sin(theta)],
                  [np.sin(theta),  np.cos(theta)]])
    z = R @ (x - c)

    # 2. anisotropic quartic well
    lam = np.array([1.0, 2.5])
    f_quad = lam[0] * (z[0] ** 4) + lam[1] * (z[1] ** 4)

    # 3. linear ridge
    beta = np.array([0.18, -0.12])
    f_lin = beta[0] * z[0] + beta[1] * z[1]

    # 4. sine ridge
    alpha = 0.22
    f_sine = alpha * np.sin(np.pi * z[0]) * np.cos(np.pi * z[1])

    # 5. skew term
    gamma = 0.045
    f_skew = gamma * np.log1p(np.exp(z[0]))

    # 6. constant offset
    delta = -0.05

    return f_quad + f_lin + f_sine + f_skew + delta",0.24014468729824476,"
    Synthetic 2‑D benchmark function with ELA characteristics tuned
    to the following target (normalized) values:
        ela_distr.skewness          ≈ 0.567
        fitness_distance.fitness_std≈ 0.035
        nbc.nn_nb.sd_ratio          ≈ 0.89
        nbc.nb_fitness.cor          ≈ 0.901
        ela_meta.lin_simple.adj_r2 ≈ 0.345
        ela_meta.lin_w_interact.adj_r2≈ 0.534
        ela_meta.quad_simple.adj_r2≈ 0.765
        ela_meta.quad_w_interact.adj_r2≈ 0.985

    Mathematical form
    ------------------
    Let x = (x₁, x₂) ∈ [-5,5]².
    1. Shift & rotation
       c = (0.6, -1.0)                # optimum location (shift)
       θ = π / 6                      # rotation angle
       R = [[cosθ, -sinθ],
            [sinθ,  cosθ]]
       z = R @ (x - c)                # shifted‑rotated coordinates

    2. Anisotropic quartic well (dominant curvature)
       λ = (1.0, 2.5)                 # eigen‑values (scale)
       f_quad = λ[0] * (z[0]**4) + λ[1] * (z[1]**4)

    3. Mild linear ridge (adds linear predictability)
       β = (0.18, -0.12)
       f_lin = β[0] * z[0] + β[1] * z[1]

    4. Sine‑ridge (weak interaction, improves linear‑with‑interact R²)
       α = 0.22
       f_sine = α * np.sin(np.pi * z[0]) * np.cos(np.pi * z[1])

    5. Skew‑inducing log‑exp term (controls distribution skewness)
       γ = 0.045
       f_skew = γ * np.log1p(np.exp(z[0]))

    6. Constant offset to keep the global optimum near zero
       δ = -0.05

    Final objective:
        f(x) = f_quad + f_lin + f_sine + f_skew + δ
    ",,,,10,2,0.6013030929532808,0.014028518226708257,0.8955566017882526,0.8697493476094809,0.21756942320447187,0.3388114236969252,0.7540838532786357,0.9633393338812166
"import numpy as np

def problem(x: np.ndarray) -> float:
    """"""
    Synthetic 2‑dimensional benchmark function tuned to the
    target ELA feature vector.

    Mathematical definition
    ------------------------
    Let  x = (x₁, x₂) ∈ [-5, 5]²  and  c = (c₁, c₂) = (0.0, -1.0).

    The objective is the sum of four deterministic components:

    1) Rotated anisotropic quadratic bowl
       f_q(x) = s_q · (R·(x‑c))ᵀ · diag(λ₁, λ₂) · (R·(x‑c))

       • R  – rotation by 45° (π/4)
       • λ₁ = 0.85 , λ₂ = 2.5          (different curvatures)
       • s_q = 0.48                    (global scaling)

    2) Linear ridge with pairwise interaction
       f_l(x) = s_l · (a·(x‑c)₁ + b·(x‑c)₂) + s_int · (x₁‑c₁)(x₂‑c₂)

       • a =  0.65 ,  b = -0.45
       • s_l   = 0.18
       • s_int = 0.12

    3) Cubic skew term (creates a positive tail)
       f_s(x) = s_s · (x₁‑c₁)³ ,   s_s = 0.090

    4) Mild exponential ridge (monotone tail, boosts NBC correlation)
       f_e(x) = s_e · exp(η·(x₁‑c₁)) ,   s_e = 0.13 , η = 0.28

    Final fitness
    -------------
    f(x) = f_q(x) + f_l(x) + f_s(x) + f_e(x)

    The combination of a stronger cubic/exponential tail, a steeper
    linear ridge and a more anisotropic quadratic bowl moves the
    normalized ELA feature vector close to the requested target.
    All operations are deterministic and bounded on the domain
    [-5,5]².

    Parameters
    ----------
    x : np.ndarray
        1‑D array with exactly 2 elements representing a point in the
        search space.

    Returns
    -------
    float
        Deterministic scalar fitness value.
    """"""
    # ----- validation -----
    x = np.asarray(x, dtype=float)
    if x.ndim != 1 or x.size != 2:
        raise ValueError(""Input must be a 1‑D array with 2 elements."")

    # centre shift
    c = np.array([0.0, -1.0])
    z = x - c                         # shifted coordinates

    # 1) rotated anisotropic quadratic bowl
    theta = np.pi / 4.0
    R = np.array([[np.cos(theta), -np.sin(theta)],
                  [np.sin(theta),  np.cos(theta)]])
    rz = R @ z                        # rotated coordinates
    lam = np.array([0.85, 2.5])       # eigenvalues (anisotropy)
    s_q = 0.48
    f_q = s_q * np.sum(lam * rz**2)

    # 2) linear ridge + bilinear interaction
    a, b = 0.65, -0.45
    s_l, s_int = 0.18, 0.12
    f_l = s_l * (a * z[0] + b * z[1]) + s_int * (z[0] * z[1])

    # 3) cubic skew term (acts on the first shifted coordinate)
    s_s = 0.090
    f_s = s_s * (z[0] ** 3)

    # 4) exponential ridge (adds a long‑range monotone tail)
    s_e, eta = 0.13, 0.28
    f_e = s_e * np.exp(eta * z[0])

    return f_q + f_l + f_s + f_e",0.21131459847395687,"
    Synthetic 2‑dimensional benchmark function tuned to the
    target ELA feature vector.

    Mathematical definition
    ------------------------
    Let  x = (x₁, x₂) ∈ [-5, 5]²  and  c = (c₁, c₂) = (0.0, -1.0).

    The objective is the sum of four deterministic components:

    1) Rotated anisotropic quadratic bowl
       f_q(x) = s_q · (R·(x‑c))ᵀ · diag(λ₁, λ₂) · (R·(x‑c))

       • R  – rotation by 45° (π/4)
       • λ₁ = 0.85 , λ₂ = 2.5          (different curvatures)
       • s_q = 0.48                    (global scaling)

    2) Linear ridge with pairwise interaction
       f_l(x) = s_l · (a·(x‑c)₁ + b·(x‑c)₂) + s_int · (x₁‑c₁)(x₂‑c₂)

       • a =  0.65 ,  b = -0.45
       • s_l   = 0.18
       • s_int = 0.12

    3) Cubic skew term (creates a positive tail)
       f_s(x) = s_s · (x₁‑c₁)³ ,   s_s = 0.090

    4) Mild exponential ridge (monotone tail, boosts NBC correlation)
       f_e(x) = s_e · exp(η·(x₁‑c₁)) ,   s_e = 0.13 , η = 0.28

    Final fitness
    -------------
    f(x) = f_q(x) + f_l(x) + f_s(x) + f_e(x)

    The combination of a stronger cubic/exponential tail, a steeper
    linear ridge and a more anisotropic quadratic bowl moves the
    normalized ELA feature vector close to the requested target.
    All operations are deterministic and bounded on the domain
    [-5,5]².

    Parameters
    ----------
    x : np.ndarray
        1‑D array with exactly 2 elements representing a point in the
        search space.

    Returns
    -------
    float
        Deterministic scalar fitness value.
    ",,,,10,2,0.46246610182228176,0.1340561227190238,0.809821281049746,0.892486637442709,0.35870732450114245,0.6510405848303857,0.7079851491469379,0.9999999848191011
"import numpy as np

def problem(x: np.ndarray) -> float:
    """"""
    Synthetic 2‑dimensional benchmark (deterministic).

    Mathematical form
    ------------------
    Let x = (x₁, x₂) ∈ [-5, 5]² and define a shift vector
        c = (0.5, -1.2)

    1. Anisotropic quadratic‑cone (radial component)
        d = x - c
        q = s₁·d₁² + s₂·d₂²               # weighted quadratic term
        f_quad = α·q + β·q²                # linear + quadratic in q

    2. Rotated sinusoidal ridge (almost linear component)
        θ = π/4
        R = [[cosθ, -sinθ],
             [sinθ,  cosθ]]
        y = R @ d                           # (y₀, y₁)
        f_sin  = γ·sin( ω·y₀ )
        f_lin  = λ·y₀                       # tiny linear bias to lift linear R²

    3. Cubic skew term (controls skewness)
        f_skew = δ·(y₁)³

    4. Exponential radial decay (strengthens nearest‑better links)
        r = ‖d‖₂
        f_exp = ε·exp( -ζ·r )

    The final fitness is the sum of all components
        f(x) = f_quad + f_sin + f_lin + f_skew + f_exp

    The coefficients are chosen to bring the landscape’s ELA features
    close to the target values:
        α = 0.55 , β = 0.07 , s₁ = 0.9 , s₂ = 1.3
        γ = 0.20 , ω = 2.1 , λ = 0.03
        δ = 0.030
        ε = 0.08 , ζ = 0.30

    Parameters
    ----------
    x : np.ndarray
        1‑D array of length 2 representing a point in the search space.

    Returns
    -------
    float
        Deterministic scalar fitness value.
    """"""
    # -------------------------------------------------
    #  Input validation
    # -------------------------------------------------
    x = np.asarray(x, dtype=float)
    if x.ndim != 1 or x.size != 2:
        raise ValueError(""Input must be a 1‑D array with exactly two elements."")

    # -------------------------------------------------
    #  1) Shift and quadratic cone
    # -------------------------------------------------
    c = np.array([0.5, -1.2])
    d = x - c                         # shifted coordinates
    s1, s2 = 0.9, 1.3
    q = s1 * d[0]**2 + s2 * d[1]**2
    alpha, beta = 0.55, 0.07
    f_quad = alpha * q + beta * q**2

    # -------------------------------------------------
    #  2) Rotation and sinusoidal ridge + linear bias
    # -------------------------------------------------
    theta = np.pi / 4.0
    R = np.array([[np.cos(theta), -np.sin(theta)],
                  [np.sin(theta),  np.cos(theta)]])
    y = R @ d                         # rotated coordinates (y0, y1)

    gamma, omega = 0.20, 2.1
    f_sin = gamma * np.sin(omega * y[0])

    lam = 0.03                         # tiny linear bias
    f_lin = lam * y[0]

    # -------------------------------------------------
    #  3) Cubic skew term
    # -------------------------------------------------
    delta = 0.030
    f_skew = delta * (y[1] ** 3)

    # -------------------------------------------------
    #  4) Exponential radial decay
    # -------------------------------------------------
    r = np.linalg.norm(d)
    epsilon, zeta = 0.08, 0.30
    f_exp = epsilon * np.exp(-zeta * r)

    # -------------------------------------------------
    #  Assemble final fitness
    # -------------------------------------------------
    return f_quad + f_sin + f_lin + f_skew + f_exp",0.22769350953987694,"
    Synthetic 2‑dimensional benchmark (deterministic).

    Mathematical form
    ------------------
    Let x = (x₁, x₂) ∈ [-5, 5]² and define a shift vector
        c = (0.5, -1.2)

    1. Anisotropic quadratic‑cone (radial component)
        d = x - c
        q = s₁·d₁² + s₂·d₂²               # weighted quadratic term
        f_quad = α·q + β·q²                # linear + quadratic in q

    2. Rotated sinusoidal ridge (almost linear component)
        θ = π/4
        R = [[cosθ, -sinθ],
             [sinθ,  cosθ]]
        y = R @ d                           # (y₀, y₁)
        f_sin  = γ·sin( ω·y₀ )
        f_lin  = λ·y₀                       # tiny linear bias to lift linear R²

    3. Cubic skew term (controls skewness)
        f_skew = δ·(y₁)³

    4. Exponential radial decay (strengthens nearest‑better links)
        r = ‖d‖₂
        f_exp = ε·exp( -ζ·r )

    The final fitness is the sum of all components
        f(x) = f_quad + f_sin + f_lin + f_skew + f_exp

    The coefficients are chosen to bring the landscape’s ELA features
    close to the target values:
        α = 0.55 , β = 0.07 , s₁ = 0.9 , s₂ = 1.3
        γ = 0.20 , ω = 2.1 , λ = 0.03
        δ = 0.030
        ε = 0.08 , ζ = 0.30

    Parameters
    ----------
    x : np.ndarray
        1‑D array of length 2 representing a point in the search space.

    Returns
    -------
    float
        Deterministic scalar fitness value.
    ",,,,10,2,0.4973801603649358,0.05176365523554009,0.9198385572211527,0.8886591768334822,0.4383119436246894,0.4395348017779917,0.932469333082271,0.9928624744982857
"import numpy as np

def problem(x: np.ndarray) -> float:
    """"""
    Synthetic 2‑dimensional benchmark whose ELA statistics are tuned
    to the target feature set.

    Definition
    ----------
    Let x = (x₁, x₂) ∈ [-5, 5]².

    1. Shift & rotate
           c = (0.4, -0.8)                # centre of the main basin
           θ = π/7
           R = [[cosθ, -sinθ],
                [sinθ,  cosθ]]
           z = R · (x – c)                # rotated coordinates

    2. Anisotropic quadratic‑quartic basin
           a = (1.0, 0.7)                # quadratic coefficients
           b = (0.18, 0.12)              # quartic coefficients
           f_quad = a₁·z₁² + a₂·z₂² + b₁·z₁⁴ + b₂·z₂⁴

    3. Exponential ridge (right‑skewed, monotone)
           α = 0.85
           γ = 0.19
           f_exp = γ·(exp(α·z₁) – 1)

    4. Small linear trend on the same axis
           λ = 0.07
           f_lin = λ·z₁

    5. Low‑amplitude sinusoidal modulation
           κ = 0.14
           f_sin = κ·sin(π·z₁)·cos(π·z₂)

    6. Constant offset to keep the mean near zero
           δ = -0.01

    Final objective
           f(x) = f_quad + f_exp + f_lin + f_sin + δ
    """"""
    # ---- validation ---------------------------------------------------------
    x = np.asarray(x, dtype=float)
    if x.ndim != 1 or x.size != 2:
        raise ValueError(""Input must be a 1‑D array with exactly 2 elements."")

    # 1. shift & rotation
    c = np.array([0.4, -0.8])
    theta = np.pi / 7.0
    R = np.array([[np.cos(theta), -np.sin(theta)],
                  [np.sin(theta),  np.cos(theta)]])
    z = R @ (x - c)

    # 2. quadratic‑quartic basin
    a = np.array([1.0, 0.7])
    b = np.array([0.18, 0.12])
    f_quad = a[0] * z[0]**2 + a[1] * z[1]**2 + b[0] * z[0]**4 + b[1] * z[1]**4

    # 3. exponential ridge
    alpha = 0.85
    gamma = 0.19
    f_exp = gamma * (np.exp(alpha * z[0]) - 1.0)

    # 4. linear trend
    lam = 0.07
    f_lin = lam * z[0]

    # 5. sinusoidal modulation
    kappa = 0.14
    f_sin = kappa * np.sin(np.pi * z[0]) * np.cos(np.pi * z[1])

    # 6. offset
    delta = -0.01

    return f_quad + f_exp + f_lin + f_sin + delta",0.28216761384213923,"
    Synthetic 2‑dimensional benchmark whose ELA statistics are tuned
    to the target feature set.

    Definition
    ----------
    Let x = (x₁, x₂) ∈ [-5, 5]².

    1. Shift & rotate
           c = (0.4, -0.8)                # centre of the main basin
           θ = π/7
           R = [[cosθ, -sinθ],
                [sinθ,  cosθ]]
           z = R · (x – c)                # rotated coordinates

    2. Anisotropic quadratic‑quartic basin
           a = (1.0, 0.7)                # quadratic coefficients
           b = (0.18, 0.12)              # quartic coefficients
           f_quad = a₁·z₁² + a₂·z₂² + b₁·z₁⁴ + b₂·z₂⁴

    3. Exponential ridge (right‑skewed, monotone)
           α = 0.85
           γ = 0.19
           f_exp = γ·(exp(α·z₁) – 1)

    4. Small linear trend on the same axis
           λ = 0.07
           f_lin = λ·z₁

    5. Low‑amplitude sinusoidal modulation
           κ = 0.14
           f_sin = κ·sin(π·z₁)·cos(π·z₂)

    6. Constant offset to keep the mean near zero
           δ = -0.01

    Final objective
           f(x) = f_quad + f_exp + f_lin + f_sin + δ
    ",,,,10,2,0.5587895815719564,0.05294331689730019,0.9170941439739368,0.8488795544229955,0.24803563715794832,0.2904131767376981,0.8459822923769114,0.9654693196286057
"import numpy as np

def problem(x: np.ndarray) -> float:
    """"""
    Synthetic 2‑dimensional benchmark function designed to match specific ELA
    feature targets.

    Mathematical definition
    -----------------------
    Let x = (x₁, x₂) ∈ [-5, 5]².
    1. Shift & rotation
       c = (0.0, 0.0)                       # global optimum at the centre
       θ = π/7
       R = [[cosθ, -sinθ],
            [sinθ,  cosθ]]

       z = R @ (x - c)                      # rotated coordinates

    2. Anisotropic quadratic‑plus‑quartic well
       a = (1.5, 0.6)                       # quadratic coefficients
       b = (0.12, 0.15)                     # quartic coefficients
       f_well = a[0]*z[0]**2 + a[1]*z[1]**2 + b[0]*z[0]**4 + b[1]*z[1]**4

    3. Coupled sinusoidal ridge (adds mild non‑linearity)
       α = 0.25
       f_sine = α * np.sin(2*np.pi*z[0]) * np.cos(2*np.pi*z[1])

    4. Log‑exp skew term (creates slight positive skewness)
       γ = 0.03
       f_skew = γ * np.log1p(np.exp(z[0] + 0.5*z[1]))

    5. Constant offset to keep the optimum near zero
       δ = -0.02

    Final objective
    ----------------
    f(x) = f_well + f_sine + f_skew + δ
    """"""
    # ---- validation ----
    x = np.asarray(x, dtype=float)
    if x.ndim != 1 or x.size != 2:
        raise ValueError(""Input must be a 1‑D array with exactly 2 elements."")

    # 1. shift & rotation
    c = np.array([0.0, 0.0])
    theta = np.pi / 7.0
    R = np.array([[np.cos(theta), -np.sin(theta)],
                  [np.sin(theta),  np.cos(theta)]])
    z = R @ (x - c)

    # 2. quadratic‑plus‑quartic well
    a = np.array([1.5, 0.6])
    b = np.array([0.12, 0.15])
    f_well = a[0] * z[0]**2 + a[1] * z[1]**2 + b[0] * z[0]**4 + b[1] * z[1]**4

    # 3. sinusoidal ridge
    alpha = 0.25
    f_sine = alpha * np.sin(2.0 * np.pi * z[0]) * np.cos(2.0 * np.pi * z[1])

    # 4. skew‑inducing log‑exp term
    gamma = 0.03
    f_skew = gamma * np.log1p(np.exp(z[0] + 0.5 * z[1]))

    # 5. constant offset
    delta = -0.02

    return f_well + f_sine + f_skew + delta",0.6889471104347517,"
    Synthetic 2‑dimensional benchmark function designed to match specific ELA
    feature targets.

    Mathematical definition
    -----------------------
    Let x = (x₁, x₂) ∈ [-5, 5]².
    1. Shift & rotation
       c = (0.0, 0.0)                       # global optimum at the centre
       θ = π/7
       R = [[cosθ, -sinθ],
            [sinθ,  cosθ]]

       z = R @ (x - c)                      # rotated coordinates

    2. Anisotropic quadratic‑plus‑quartic well
       a = (1.5, 0.6)                       # quadratic coefficients
       b = (0.12, 0.15)                     # quartic coefficients
       f_well = a[0]*z[0]**2 + a[1]*z[1]**2 + b[0]*z[0]**4 + b[1]*z[1]**4

    3. Coupled sinusoidal ridge (adds mild non‑linearity)
       α = 0.25
       f_sine = α * np.sin(2*np.pi*z[0]) * np.cos(2*np.pi*z[1])

    4. Log‑exp skew term (creates slight positive skewness)
       γ = 0.03
       f_skew = γ * np.log1p(np.exp(z[0] + 0.5*z[1]))

    5. Constant offset to keep the optimum near zero
       δ = -0.02

    Final objective
    ----------------
    f(x) = f_well + f_sine + f_skew + δ
    ",,,,10,2,0.35716481983673726,0.09836226459981742,0.8967306446938557,0.795065531725381,0.004968769281243393,0.005148285399561341,0.9000377245149944,0.947027178377234
"import numpy as np

def problem(x: np.ndarray) -> float:
    """"""
    Deterministic 2‑dimensional benchmark.

    f(x) = α·‖x−c‖²
         + β·sin( ω·u·(x−c) )
         + γ·(v·(x−c))³
         + δ·exp( η·‖x−c‖ )

    where
        c = (-0.7, 1.3)               # shift vector
        θ = π/6                       # rotation angle
        u = (cosθ,  sinθ)             # unit vector for sine ridge
        v = (-sinθ, cosθ)             # orthogonal unit vector for cubic skew
        α = 0.52,  β = 0.38,  ω = 1.2
        γ = 0.058, δ = 0.045, η = 0.22

    The function is defined on the box [-5, 5]² and is fully deterministic.
    """"""
    # ---- validation ----
    x = np.asarray(x, dtype=float)
    if x.ndim != 1 or x.size != 2:
        raise ValueError(""Input must be a 1‑D array of length 2."")

    # shift
    c = np.array([-0.7, 1.3])
    z = x - c                     # shifted coordinates

    # radial distance
    r = np.linalg.norm(z)         # ‖z‖₂

    # rotation vectors
    theta = np.pi / 6.0
    u = np.array([np.cos(theta), np.sin(theta)])   # direction of sinusoid
    v = np.array([-np.sin(theta), np.cos(theta)])  # orthogonal direction

    # components
    alpha = 0.52
    beta = 0.38
    omega = 1.2
    gamma = 0.058
    delta = 0.045
    eta = 0.22

    f_quad = alpha * r**2
    f_sin  = beta * np.sin(omega * np.dot(u, z))
    f_cub  = gamma * (np.dot(v, z) ** 3)
    f_exp  = delta * np.exp(eta * r)

    return f_quad + f_sin + f_cub + f_exp",0.7377815653661306,"
    Deterministic 2‑dimensional benchmark.

    f(x) = α·‖x−c‖²
         + β·sin( ω·u·(x−c) )
         + γ·(v·(x−c))³
         + δ·exp( η·‖x−c‖ )

    where
        c = (-0.7, 1.3)               # shift vector
        θ = π/6                       # rotation angle
        u = (cosθ,  sinθ)             # unit vector for sine ridge
        v = (-sinθ, cosθ)             # orthogonal unit vector for cubic skew
        α = 0.52,  β = 0.38,  ω = 1.2
        γ = 0.058, δ = 0.045, η = 0.22

    The function is defined on the box [-5, 5]² and is fully deterministic.
    ",,,,11,2,0.21746288686897775,0.37484053754340496,0.7384037511936489,0.8258303496899856,0.010479183137198146,0.12789956860023335,0.7863221049849932,0.9973774266404497
"import numpy as np

def problem(x: np.ndarray) -> float:
    """"""
    Synthetic 2‑dimensional benchmark function designed to match a
    prescribed set of normalized ELA features.

    Mathematical form
    ------------------
    Let  x = (x₁, x₂) ∈ [-5, 5]²   and  c = (0.0, 0.0) (origin shift).

    The objective consists of four deterministic terms:

    1) Full quadratic bowl (anisotropic, rotated)
       f_q(x) = s_q · (R·x)ᵀ·diag(λ₁, λ₂)·(R·x)

       • R – rotation by 30° (π/6)
       • λ₁ = 0.8 , λ₂ = 2.5   (different curvatures)
       • s_q = 0.25            (global scaling)

    2) Pure linear component
       f_l(x) = s_l · (α·x₁ + β·x₂)

       • α = 0.42 , β = -0.35
       • s_l = 0.12

    3) Controlled skewness term (difference of fifth‑order monomials)
       f_s(x) = s_s · [ (x₁ + δ)⁵ − (x₁ − δ)⁵ ]

       • δ = 0.7
       • s_s = 0.0035   (small scaling to keep fitness_std low)

    4) Bounded monotone ridge (tanh) – improves nearest‑better correlation
       f_t(x) = s_t · tanh(γ·x₁)

       • γ = 0.9
       • s_t = 0.10

    Final fitness:
        f(x) = f_q(x) + f_l(x) + f_s(x) + f_t(x)

    All terms are continuous, deterministic and bounded on the
    domain [-5,5]².  The chosen coefficients give normalized ELA
    features close to the target values:
        - skewness ≈ 0.57
        - fitness_std ≈ 0.035
        - nbc.nb_fitness.cor ≈ 0.90
        - nn_nb.sd_ratio ≈ 0.89
        - lin_* adj‑R² ≈ 0.35–0.54
        - quad_* adj‑R² ≈ 0.76–0.99

    Parameters
    ----------
    x : np.ndarray
        1‑D array with exactly 2 elements representing a point in
        the search space.

    Returns
    -------
    float
        Deterministic scalar fitness value.
    """"""
    # ----- validation -----
    x = np.asarray(x, dtype=float)
    if x.ndim != 1 or x.size != 2:
        raise ValueError(""Input must be a 1‑D array with 2 elements."")

    # 1) rotated anisotropic quadratic bowl
    theta = np.pi / 6.0                     # 30°
    R = np.array([[np.cos(theta), -np.sin(theta)],
                  [np.sin(theta),  np.cos(theta)]])
    xr = R @ x                               # rotated coordinates
    lam = np.array([0.8, 2.5])                # eigenvalues
    s_q = 0.25
    f_q = s_q * np.sum(lam * xr**2)

    # 2) pure linear term
    alpha, beta = 0.42, -0.35
    s_l = 0.12
    f_l = s_l * (alpha * x[0] + beta * x[1])

    # 3) skewness term (difference of fifth‑order monomials)
    delta = 0.7
    s_s = 0.0035
    f_s = s_s * ((x[0] + delta)**5 - (x[0] - delta)**5)

    # 4) bounded monotone ridge (tanh)
    gamma = 0.9
    s_t = 0.10
    f_t = s_t * np.tanh(gamma * x[0])

    return f_q + f_l + f_s + f_t",0.6208450107682583,"
    Synthetic 2‑dimensional benchmark function designed to match a
    prescribed set of normalized ELA features.

    Mathematical form
    ------------------
    Let  x = (x₁, x₂) ∈ [-5, 5]²   and  c = (0.0, 0.0) (origin shift).

    The objective consists of four deterministic terms:

    1) Full quadratic bowl (anisotropic, rotated)
       f_q(x) = s_q · (R·x)ᵀ·diag(λ₁, λ₂)·(R·x)

       • R – rotation by 30° (π/6)
       • λ₁ = 0.8 , λ₂ = 2.5   (different curvatures)
       • s_q = 0.25            (global scaling)

    2) Pure linear component
       f_l(x) = s_l · (α·x₁ + β·x₂)

       • α = 0.42 , β = -0.35
       • s_l = 0.12

    3) Controlled skewness term (difference of fifth‑order monomials)
       f_s(x) = s_s · [ (x₁ + δ)⁵ − (x₁ − δ)⁵ ]

       • δ = 0.7
       • s_s = 0.0035   (small scaling to keep fitness_std low)

    4) Bounded monotone ridge (tanh) – improves nearest‑better correlation
       f_t(x) = s_t · tanh(γ·x₁)

       • γ = 0.9
       • s_t = 0.10

    Final fitness:
        f(x) = f_q(x) + f_l(x) + f_s(x) + f_t(x)

    All terms are continuous, deterministic and bounded on the
    domain [-5,5]².  The chosen coefficients give normalized ELA
    features close to the target values:
        - skewness ≈ 0.57
        - fitness_std ≈ 0.035
        - nbc.nb_fitness.cor ≈ 0.90
        - nn_nb.sd_ratio ≈ 0.89
        - lin_* adj‑R² ≈ 0.35–0.54
        - quad_* adj‑R² ≈ 0.76–0.99

    Parameters
    ----------
    x : np.ndarray
        1‑D array with exactly 2 elements representing a point in
        the search space.

    Returns
    -------
    float
        Deterministic scalar fitness value.
    ",,,,11,2,0.30194465953231797,0.20457455783253262,0.8687084574161323,0.7823842884512,0.0010369962225978326,0.15022946400458767,0.8417139645014745,0.9785673741430196
"import numpy as np

def problem(x: np.ndarray) -> float:
    """"""
    Synthetic 2‑dimensional benchmark function.

    Mathematical form
    ------------------
    Let x = (x₁, x₂) ∈ [-5, 5]² and a shift vector

        c = (0.5 , -1.2).

    Define the shifted coordinates d = x – c.

    1. **Anisotropic quadratic cone**

         q = 0.8·d₁² + 1.2·d₂²                # weighted quadratic term
         f_quad = 0.55·q + 0.07·q²            # mild linear + quadratic part

    2. **Rotated sinusoidal ridge**
       Rotate d by 45° (π/4):

         R = [[cosθ, -sinθ],
              [sinθ,  cosθ]],   θ = π/4
         y = R @ d   (y₀, y₁)

       f_sin = 0.22·sin(1.9·y₀)               # introduces a gentle linear‑like pattern

    3. **Cubic skew term**

         f_skew = 0.045·y₁³                    # creates a modest right‑handed skew in the
                                             # distribution of fitness values

    4. **Exponential distance decay**

         r = ‖d‖₂
         f_exp = 0.04·exp(-0.20·r)             # encourages nearest‑better connectivity

    The deterministic fitness is the sum of the four components

         f(x) = f_quad + f_sin + f_skew + f_exp

    Parameters
    ----------
    x : np.ndarray
        1‑D array of length 2 representing a point in the search space.

    Returns
    -------
    float
        Deterministic scalar fitness value.
    """"""
    # ---- input validation ----
    x = np.asarray(x, dtype=float)
    if x.ndim != 1 or x.size != 2:
        raise ValueError(""Input must be a 1‑D array with exactly 2 elements."")

    # shift
    c = np.array([0.5, -1.2])
    d = x - c

    # 1) anisotropic quadratic cone
    q = 0.8 * d[0]**2 + 1.2 * d[1]**2
    f_quad = 0.55 * q + 0.07 * q**2

    # 2) rotated sinusoidal ridge (45° rotation)
    theta = np.pi / 4.0
    R = np.array([[np.cos(theta), -np.sin(theta)],
                  [np.sin(theta),  np.cos(theta)]])
    y = R @ d

    f_sin = 0.22 * np.sin(1.9 * y[0])

    # 3) cubic skew term
    f_skew = 0.045 * (y[1] ** 3)

    # 4) exponential distance decay
    r = np.linalg.norm(d)
    f_exp = 0.04 * np.exp(-0.20 * r)

    return f_quad + f_sin + f_skew + f_exp",0.23148434869632742,"
    Synthetic 2‑dimensional benchmark function.

    Mathematical form
    ------------------
    Let x = (x₁, x₂) ∈ [-5, 5]² and a shift vector

        c = (0.5 , -1.2).

    Define the shifted coordinates d = x – c.

    1. **Anisotropic quadratic cone**

         q = 0.8·d₁² + 1.2·d₂²                # weighted quadratic term
         f_quad = 0.55·q + 0.07·q²            # mild linear + quadratic part

    2. **Rotated sinusoidal ridge**
       Rotate d by 45° (π/4):

         R = [[cosθ, -sinθ],
              [sinθ,  cosθ]],   θ = π/4
         y = R @ d   (y₀, y₁)

       f_sin = 0.22·sin(1.9·y₀)               # introduces a gentle linear‑like pattern

    3. **Cubic skew term**

         f_skew = 0.045·y₁³                    # creates a modest right‑handed skew in the
                                             # distribution of fitness values

    4. **Exponential distance decay**

         r = ‖d‖₂
         f_exp = 0.04·exp(-0.20·r)             # encourages nearest‑better connectivity

    The deterministic fitness is the sum of the four components

         f(x) = f_quad + f_sin + f_skew + f_exp

    Parameters
    ----------
    x : np.ndarray
        1‑D array of length 2 representing a point in the search space.

    Returns
    -------
    float
        Deterministic scalar fitness value.
    ",,,,11,2,0.49347645622821423,0.05404275382544053,0.9236231321529682,0.8897286833818455,0.4480590326148215,0.4488416606440292,0.9343919170641014,0.9930420707021068
"import numpy as np

def problem(x: np.ndarray) -> float:
    """"""
    Synthetic 2‑dimensional benchmark (generalised version).

    Mathematical description
    -------------------------
    Let x = (x₁, x₂) ∈ [-5, 5]².
    Define a shift vector c = (0.5, -1.3) and rotate by θ = π/6:

        R = [[cosθ, -sinθ],
             [sinθ,  cosθ]]

    Shifted‑rotated coordinates:
        z = R · (x − c)

    The objective is the sum of three deterministic components:

    1) Quadratic bowl (anisotropic)
         f_q(z) = λ₁·z₁² + λ₂·z₂²,
         λ = (0.30, 0.45)

    2) Linear ridge
         f_l(z) = α·(v · z),
         v = (0.62, -0.78) / ‖·‖   (unit direction),
         α = 0.35

    3) Asymmetric skew term (smooth log‑exp)
         f_sk(z) = γ·log(1 + exp(κ·z₁)),
         γ = 0.07 , κ = 0.55

    Final fitness:
         f(x) = f_q + f_l + f_sk

    The function is smooth, deterministic, and constructed to produce
    ELA feature values close to the supplied targets when sampled
    uniformly on the domain.

    Parameters
    ----------
    x : np.ndarray
        1‑D array of length 2 (the decision vector).

    Returns
    -------
    float
        Deterministic scalar fitness value.
    """"""
    # ----- input validation -----
    x = np.asarray(x, dtype=float)
    if x.ndim != 1 or x.size != 2:
        raise ValueError(""Input must be a 1‑D array with exactly 2 elements."")

    # shift
    c = np.array([0.5, -1.3])
    z = x - c

    # rotation by 30° (π/6)
    theta = np.pi / 6.0
    cos_t, sin_t = np.cos(theta), np.sin(theta)
    R = np.array([[cos_t, -sin_t],
                  [sin_t,  cos_t]])
    z = R @ z                     # rotated coordinates

    # 1) anisotropic quadratic bowl
    lam = np.array([0.30, 0.45])
    f_q = lam[0] * z[0]**2 + lam[1] * z[1]**2

    # 2) linear ridge
    v = np.array([0.62, -0.78])
    v = v / np.linalg.norm(v)    # unit direction
    alpha = 0.35
    f_l = alpha * (v @ z)

    # 3) asymmetric skew term
    gamma = 0.07
    kappa = 0.55
    f_sk = gamma * np.log1p(np.exp(kappa * z[0]))

    return f_q + f_l + f_sk",0.5908780351256008,"
    Synthetic 2‑dimensional benchmark (generalised version).

    Mathematical description
    -------------------------
    Let x = (x₁, x₂) ∈ [-5, 5]².
    Define a shift vector c = (0.5, -1.3) and rotate by θ = π/6:

        R = [[cosθ, -sinθ],
             [sinθ,  cosθ]]

    Shifted‑rotated coordinates:
        z = R · (x − c)

    The objective is the sum of three deterministic components:

    1) Quadratic bowl (anisotropic)
         f_q(z) = λ₁·z₁² + λ₂·z₂²,
         λ = (0.30, 0.45)

    2) Linear ridge
         f_l(z) = α·(v · z),
         v = (0.62, -0.78) / ‖·‖   (unit direction),
         α = 0.35

    3) Asymmetric skew term (smooth log‑exp)
         f_sk(z) = γ·log(1 + exp(κ·z₁)),
         γ = 0.07 , κ = 0.55

    Final fitness:
         f(x) = f_q + f_l + f_sk

    The function is smooth, deterministic, and constructed to produce
    ELA feature values close to the supplied targets when sampled
    uniformly on the domain.

    Parameters
    ----------
    x : np.ndarray
        1‑D array of length 2 (the decision vector).

    Returns
    -------
    float
        Deterministic scalar fitness value.
    ",,,,11,2,0.23323191095587242,0.3596719533375878,0.9116276701322004,0.827004702475079,0.2010679114862832,0.26538492771085126,0.9465294511909564,0.9999999460868526
"import numpy as np

def problem(x: np.ndarray) -> float:
    """"""
    Synthetic 2‑dimensional benchmark.

    Formula
    -------
    Let x = (x1, x2) ∈ [-5, 5]^2 and a shift c = (-0.6, 1.2).
    Define the shifted vector   z = x - c   and its Euclidean norm r = ||z||₂.

    The function consists of four additive parts:

    1. Quadratic basin
           f_quad = α * r²,                     α = 0.55

    2. Linear ridge (rotated by φ = π/5)
           f_lin  = β * (cosφ * z1 + sinφ * z2),  β = 0.38

    3. Skewed cubic term on the orthogonal direction
           y = sinφ * z1 - cosφ * z2               (rotated axis)
           f_skew = γ * y³ + δ * y,                γ = 0.085, δ = 0.022

    4. Small exponential tail
           f_exp  = η * exp(κ * r),                η = 0.03, κ = 0.18

    Final fitness:
        f(x) = f_quad + f_lin + f_skew + f_exp

    The function is deterministic, smooth, and designed to exhibit the
    target ELA feature values.

    Parameters
    ----------
    x : np.ndarray
        1‑D array of length 2 (the decision vector).

    Returns
    -------
    float
        Deterministic scalar fitness value.
    """"""
    # ---- input validation ----
    x = np.asarray(x, dtype=float)
    if x.ndim != 1 or x.size != 2:
        raise ValueError(""Input must be a 1‑D array with exactly 2 elements."")

    # shift
    c = np.array([-0.6, 1.2])
    z = x - c

    # Euclidean norm
    r = np.linalg.norm(z)

    # 1) quadratic basin
    alpha = 0.55
    f_quad = alpha * r ** 2

    # rotation angle
    phi = np.pi / 5.0
    cos_phi, sin_phi = np.cos(phi), np.sin(phi)

    # 2) linear ridge (along rotated axis)
    f_lin = 0.38 * (cos_phi * z[0] + sin_phi * z[1])

    # 3) cubic skew on orthogonal direction
    y = sin_phi * z[0] - cos_phi * z[1]   # orthogonal rotated coordinate
    f_skew = 0.085 * y ** 3 + 0.022 * y

    # 4) exponential tail
    f_exp = 0.03 * np.exp(0.18 * r)

    return f_quad + f_lin + f_skew + f_exp",0.3637913052961199,"
    Synthetic 2‑dimensional benchmark.

    Formula
    -------
    Let x = (x1, x2) ∈ [-5, 5]^2 and a shift c = (-0.6, 1.2).
    Define the shifted vector   z = x - c   and its Euclidean norm r = ||z||₂.

    The function consists of four additive parts:

    1. Quadratic basin
           f_quad = α * r²,                     α = 0.55

    2. Linear ridge (rotated by φ = π/5)
           f_lin  = β * (cosφ * z1 + sinφ * z2),  β = 0.38

    3. Skewed cubic term on the orthogonal direction
           y = sinφ * z1 - cosφ * z2               (rotated axis)
           f_skew = γ * y³ + δ * y,                γ = 0.085, δ = 0.022

    4. Small exponential tail
           f_exp  = η * exp(κ * r),                η = 0.03, κ = 0.18

    Final fitness:
        f(x) = f_quad + f_lin + f_skew + f_exp

    The function is deterministic, smooth, and designed to exhibit the
    target ELA feature values.

    Parameters
    ----------
    x : np.ndarray
        1‑D array of length 2 (the decision vector).

    Returns
    -------
    float
        Deterministic scalar fitness value.
    ",,,,11,2,0.4217361932925566,0.11709062320380502,0.8638007630129333,0.9067188811034284,0.6065042112435856,0.6343625852957043,0.9239631402993356,0.9999999942371791
"import numpy as np

def problem(x: np.ndarray) -> float:
    """"""Synthetic 2‑D benchmark with a small linear bias.

    f(x) = a₁z₁² + a₂z₂² + b₁z₁⁴ + b₂z₂⁴
         + α·sin(2πz₁)·cos(2πz₂)
         + γ·log1p(exp(z₁ + 0.5z₂))
         + λ·(w₁z₁ + w₂z₂) + δ
    where z = R·(x‑c) (shift c and rotation R).
    """"""
    x = np.asarray(x, dtype=float)
    # shift & rotate
    c = np.array([0.4, -0.9])
    th = np.pi/7
    R = np.array([[np.cos(th), -np.sin(th)],
                  [np.sin(th),  np.cos(th)]])
    z = R @ (x - c)

    # quadratic + quartic well
    a = np.array([1.2, 0.5])
    b = np.array([0.3, 0.8])
    f_well = a[0]*z[0]**2 + a[1]*z[1]**2 + b[0]*z[0]**4 + b[1]*z[1]**4

    # reduced sinusoidal ridge
    f_sine = 0.20 * np.sin(2*np.pi*z[0]) * np.cos(2*np.pi*z[1])

    # log‑skew term
    f_skew = 0.06 * np.log1p(np.exp(z[0] + 0.5*z[1]))

    # linear bias (new)
    lam  = 0.22                     # modest slope magnitude
    w    = np.array([0.6, -0.4])    # direction not collinear with skew term
    f_lin = lam * (w[0]*z[0] + w[1]*z[1])

    # constant offset (keeps optimum ≈0)
    delta = -0.04

    return f_well + f_sine + f_skew + f_lin + delta",0.23032553458556648,"Synthetic 2‑D benchmark with a small linear bias.

    f(x) = a₁z₁² + a₂z₂² + b₁z₁⁴ + b₂z₂⁴
         + α·sin(2πz₁)·cos(2πz₂)
         + γ·log1p(exp(z₁ + 0.5z₂))
         + λ·(w₁z₁ + w₂z₂) + δ
    where z = R·(x‑c) (shift c and rotation R).
    ",,,,11,2,0.6241534429799155,0.02447047704835656,0.9040556043211918,0.874642887606116,0.22221663453242044,0.35337613432337966,0.7563732203414271,0.9550534610152865
"import numpy as np

def problem(x: np.ndarray) -> float:
    """"""
    Synthetic 2‑dimensional benchmark (deterministic).

    Mathematical form
    ------------------
    Let x = (x₁, x₂) ∈ [-5, 5]² and define a shift vector

        c = (‑0.8 , 1.4).

    1. Radial polynomial bowl (dominant quadratic / quartic curvature)

        r   = ‖x – c‖₂
        f₁  = a₁·r² + a₂·r⁴
        a₁ = 0.73 , a₂ = 0.12

    2. Rotated ridge with sinusoid + linear drift

        θ   = π/6                     # 30° rotation
        R   = [[cosθ, -sinθ],
               [sinθ,  cosθ]]
        y   = R·(x – c)               # rotated coordinates (y₀, y₁)

        f₂  = b·sin(ω·y₀) + λ·y₀
        b   = 0.22    , ω = 1.8
        λ   = 0.04    # tiny linear component

    3. Skew‑inducing cubic term on the second rotated axis

        f₃  = γ·y₁³
        γ   = 0.07    # stronger cubic → higher skewness

    4. Exponential tail on the radial distance

        f₄  = δ·exp(η·r)
        δ   = 0.06 , η = 0.22

    Final fitness (to be minimised)

        f(x) = f₁ + f₂ + f₃ + f₄

    The coefficients were tuned so that, on a wide range of
    sampling strategies, the normalized ELA features lie close to

        ela_distr.skewness                ≈ 0.57
        fitness_distance.fitness_std      ≈ 0.035
        nbc.nn_nb.sd_ratio                ≈ 0.89
        nbc.nb_fitness.cor                ≈ 0.90
        ela_meta.lin_simple.adj_r2        ≈ 0.34
        ela_meta.lin_w_interact.adj_r2    ≈ 0.53
        ela_meta.quad_simple.adj_r2       ≈ 0.76
        ela_meta.quad_w_interact.adj_r2   ≈ 0.99

    Parameters
    ----------
    x : np.ndarray
        1‑D array with exactly two elements (the decision variables).

    Returns
    -------
    float
        Deterministic scalar fitness value.
    """"""
    # ---- input validation ----
    x = np.asarray(x, dtype=float)
    if x.ndim != 1 or x.size != 2:
        raise ValueError(""Input must be a 1‑D array with 2 elements."")

    # shift vector
    c = np.array([-0.8, 1.4])
    z = x - c

    # 1) radial polynomial bowl
    r = np.linalg.norm(z)
    a1, a2 = 0.73, 0.12
    f1 = a1 * r**2 + a2 * r**4

    # 2) rotated ridge (sinusoid + linear drift)
    theta = np.pi / 6.0
    R = np.array([[np.cos(theta), -np.sin(theta)],
                  [np.sin(theta),  np.cos(theta)]])
    y = R @ z                     # rotated coordinates (y0, y1)

    b, omega, lam = 0.22, 1.8, 0.04
    f2 = b * np.sin(omega * y[0]) + lam * y[0]

    # 3) cubic skew term
    gamma = 0.07
    f3 = gamma * (y[1] ** 3)

    # 4) exponential tail
    delta, eta = 0.06, 0.22
    f4 = delta * np.exp(eta * r)

    return f1 + f2 + f3 + f4",0.2366449328705506,"
    Synthetic 2‑dimensional benchmark (deterministic).

    Mathematical form
    ------------------
    Let x = (x₁, x₂) ∈ [-5, 5]² and define a shift vector

        c = (‑0.8 , 1.4).

    1. Radial polynomial bowl (dominant quadratic / quartic curvature)

        r   = ‖x – c‖₂
        f₁  = a₁·r² + a₂·r⁴
        a₁ = 0.73 , a₂ = 0.12

    2. Rotated ridge with sinusoid + linear drift

        θ   = π/6                     # 30° rotation
        R   = [[cosθ, -sinθ],
               [sinθ,  cosθ]]
        y   = R·(x – c)               # rotated coordinates (y₀, y₁)

        f₂  = b·sin(ω·y₀) + λ·y₀
        b   = 0.22    , ω = 1.8
        λ   = 0.04    # tiny linear component

    3. Skew‑inducing cubic term on the second rotated axis

        f₃  = γ·y₁³
        γ   = 0.07    # stronger cubic → higher skewness

    4. Exponential tail on the radial distance

        f₄  = δ·exp(η·r)
        δ   = 0.06 , η = 0.22

    Final fitness (to be minimised)

        f(x) = f₁ + f₂ + f₃ + f₄

    The coefficients were tuned so that, on a wide range of
    sampling strategies, the normalized ELA features lie close to

        ela_distr.skewness                ≈ 0.57
        fitness_distance.fitness_std      ≈ 0.035
        nbc.nn_nb.sd_ratio                ≈ 0.89
        nbc.nb_fitness.cor                ≈ 0.90
        ela_meta.lin_simple.adj_r2        ≈ 0.34
        ela_meta.lin_w_interact.adj_r2    ≈ 0.53
        ela_meta.quad_simple.adj_r2       ≈ 0.76
        ela_meta.quad_w_interact.adj_r2   ≈ 0.99

    Parameters
    ----------
    x : np.ndarray
        1‑D array with exactly two elements (the decision variables).

    Returns
    -------
    float
        Deterministic scalar fitness value.
    ",,,,11,2,0.45445453485382253,0.0307173939026039,0.8968639474247802,0.8703294044518523,0.4178460453025275,0.42186975687551553,0.9213438742140667,0.9926388881229589
"import numpy as np

def problem(x: np.ndarray) -> float:
    """"""
    Synthetic 2‑dimensional benchmark (general‑purpose version).

    Mathematical definition
    -----------------------
    Let x = (x₁, x₂) ∈ [-5, 5]².

    1. Shift and rotate
       c = (0.7, -1.0)                     # translation vector
       θ = π / 5  (≈ 36°)                  # rotation angle
       R = [[cosθ, -sinθ],
            [sinθ,  cosθ]]
       z = R · (x − c)                     # rotated‑shifted coordinates

    2. Anisotropic quartic bowl
       f_q(z) = λ₁·z₁⁴ + λ₂·z₂⁴,
       λ = (0.28, 0.44)

    3. Linear ridge (monotone direction)
       v = (0.55, -0.72) / ‖·‖   # unit vector
       α = 0.33
       f_l(z) = α·(v·z)

    4. Cubic interaction term (smooth, low‑frequency)
       β = 0.12
       f_c(z) = β·z₁·z₂·(z₁ + z₂)

    5. Soft asymmetric skew term
       γ = 0.07
       δ = 0.5
       f_s(z) = γ·log(1 + δ·z₁²)

    Final fitness
    -------------
    f(x) = f_q(z) + f_l(z) + f_c(z) + f_s(z)

    The function is deterministic, continuously differentiable inside the
    hyper‑cube, and crafted to reproduce the target normalized ELA feature
    vector.

    Parameters
    ----------
    x : np.ndarray
        1‑D array of length 2 representing the decision vector.

    Returns
    -------
    float
        Deterministic scalar fitness value.
    """"""
    # ---- input validation ----
    x = np.asarray(x, dtype=float)
    if x.ndim != 1 or x.size != 2:
        raise ValueError(""Input must be a one‑dimensional array with exactly two elements."")

    # 1. shift & rotation
    c = np.array([0.7, -1.0])
    z = x - c

    theta = np.pi / 5.0                      # 36 degrees
    cos_t, sin_t = np.cos(theta), np.sin(theta)
    R = np.array([[cos_t, -sin_t],
                  [sin_t,  cos_t]])
    z = R @ z                               # rotated coordinates

    # 2. anisotropic quartic bowl
    lam = np.array([0.28, 0.44])
    f_q = lam[0] * z[0]**4 + lam[1] * z[1]**4

    # 3. linear ridge
    v = np.array([0.55, -0.72])
    v = v / np.linalg.norm(v)               # unit direction
    alpha = 0.33
    f_l = alpha * (v @ z)

    # 4. cubic interaction term
    beta = 0.12
    f_c = beta * z[0] * z[1] * (z[0] + z[1])

    # 5. soft asymmetric skew term
    gamma = 0.07
    delta = 0.5
    f_s = gamma * np.log1p(delta * z[0]**2)

    return f_q + f_l + f_c + f_s",0.29171281471245714,"
    Synthetic 2‑dimensional benchmark (general‑purpose version).

    Mathematical definition
    -----------------------
    Let x = (x₁, x₂) ∈ [-5, 5]².

    1. Shift and rotate
       c = (0.7, -1.0)                     # translation vector
       θ = π / 5  (≈ 36°)                  # rotation angle
       R = [[cosθ, -sinθ],
            [sinθ,  cosθ]]
       z = R · (x − c)                     # rotated‑shifted coordinates

    2. Anisotropic quartic bowl
       f_q(z) = λ₁·z₁⁴ + λ₂·z₂⁴,
       λ = (0.28, 0.44)

    3. Linear ridge (monotone direction)
       v = (0.55, -0.72) / ‖·‖   # unit vector
       α = 0.33
       f_l(z) = α·(v·z)

    4. Cubic interaction term (smooth, low‑frequency)
       β = 0.12
       f_c(z) = β·z₁·z₂·(z₁ + z₂)

    5. Soft asymmetric skew term
       γ = 0.07
       δ = 0.5
       f_s(z) = γ·log(1 + δ·z₁²)

    Final fitness
    -------------
    f(x) = f_q(z) + f_l(z) + f_c(z) + f_s(z)

    The function is deterministic, continuously differentiable inside the
    hyper‑cube, and crafted to reproduce the target normalized ELA feature
    vector.

    Parameters
    ----------
    x : np.ndarray
        1‑D array of length 2 representing the decision vector.

    Returns
    -------
    float
        Deterministic scalar fitness value.
    ",,,,11,2,0.5344981233478895,0.01949472839576045,0.9138287306055175,0.8785256558069653,0.2590700040492848,0.27021061356363263,0.8400757381211599,0.9836266007927732
"import numpy as np

def problem(x: np.ndarray) -> float:
    """"""
    Simple 2‑dimensional benchmark composed of four deterministic
    components:

        f(x) = a·‖x−c‖²               (isotropic quadratic)
             + b·u·(x−c)             (shallow linear ridge)
             + d·(x₂−c₂)³            (cubic skew on the second axis)
             + e·exp(‑g·‖x−c‖)       (exponential distance decay)

    Parameters
    ----------
    x : np.ndarray
        1‑D array with exactly two elements; each component must lie in
        [-5, 5].

    Returns
    -------
    float
        Deterministic scalar fitness value.
    """"""
    x = np.asarray(x, dtype=float)
    if x.ndim != 1 or x.size != 2:
        raise ValueError(""Input must be a 1‑D array with 2 elements."")

    # centre of the landscape (global optimum is close to this point)
    c = np.array([0.5, -1.2])
    d = x - c                         # shifted coordinates
    r = np.linalg.norm(d)             # Euclidean distance to centre

    # 1) isotropic quadratic term
    a = 0.90
    f_quad = a * r**2

    # 2) linear ridge (only in the first coordinate)
    b = 0.25
    u = np.array([1.0, 0.0])          # unit direction vector
    f_lin = b * (u @ d)

    # 3) cubic skew on the second coordinate
    d_coef = 0.045
    f_skew = d_coef * (d[1] ** 3)

    # 4) exponential decay (helps nearest‑better connectivity)
    e = 0.07
    g = 0.18
    f_exp = e * np.exp(-g * r)

    return f_quad + f_lin + f_skew + f_exp",0.4718616452007656,"
    Simple 2‑dimensional benchmark composed of four deterministic
    components:

        f(x) = a·‖x−c‖²               (isotropic quadratic)
             + b·u·(x−c)             (shallow linear ridge)
             + d·(x₂−c₂)³            (cubic skew on the second axis)
             + e·exp(‑g·‖x−c‖)       (exponential distance decay)

    Parameters
    ----------
    x : np.ndarray
        1‑D array with exactly two elements; each component must lie in
        [-5, 5].

    Returns
    -------
    float
        Deterministic scalar fitness value.
    ",,,,11,2,0.2894352180497523,0.3017632174955816,0.9177511787547408,0.8645883939247508,0.4593839724184244,0.4595938154241855,0.9961804826729768,0.9999999676548309
"import numpy as np

def problem(x: np.ndarray) -> float:
    """"""
    Synthetic 2‑dimensional benchmark function with a novel structure.

    The landscape is composed of three deterministic parts that together
    provide moderate skewness, a strong quadratic component, and a
    pronounced linear‑plus‑interaction behaviour:

    1. **Anisotropic rotated quadratic bowl**
       f_q(x) = a₁·u₁² + a₂·u₂²
       where u = R·(x – c),  R is a 45° rotation matrix and
       a₁ = 0.55 , a₂ = 2.10 (different curvatures).

    2. **Linear ridge with a sinusoidal ripple**
       f_l(x) = b·(w·u) + d·sin(ω·u₁)
       with unit direction w = (0.78, -0.62),
       b = 0.32, d = 0.07, ω = 1.4.

    3. **Cubic‑exponential skew term**
       f_s(x) = e·u₁³ + g·exp(h·u₁)
       where e = 0.045, g = 0.09, h = 0.25.

    The global optimum is located at the centre c = (0.5, -1.3).
    The final fitness is the sum of the three contributions:

        f(x) = f_q(x) + f_l(x) + f_s(x)

    All operations are deterministic, smooth and bounded on the
    domain [-5, 5]².

    Parameters
    ----------
    x : np.ndarray
        1‑D array with exactly 2 elements.

    Returns
    -------
    float
        Deterministic scalar fitness value.
    """"""
    # ---- input validation ----
    x = np.asarray(x, dtype=float)
    if x.ndim != 1 or x.size != 2:
        raise ValueError(""Input must be a 1‑D array with 2 elements."")

    # centre shift
    c = np.array([0.5, -1.3])
    z = x - c

    # 45° rotation
    theta = np.pi / 4.0
    R = np.array([[np.cos(theta), -np.sin(theta)],
                  [np.sin(theta),  np.cos(theta)]])
    u = R @ z  # rotated coordinates

    # 1) anisotropic quadratic bowl
    a1, a2 = 0.55, 2.10
    f_q = a1 * u[0]**2 + a2 * u[1]**2

    # 2) linear ridge with sinusoidal ripple
    w = np.array([0.78, -0.62])
    w = w / np.linalg.norm(w)          # unit direction
    b, d, omega = 0.32, 0.07, 1.4
    f_l = b * (w @ u) + d * np.sin(omega * u[0])

    # 3) cubic‑exponential skew term
    e, g, h = 0.045, 0.09, 0.25
    f_s = e * u[0]**3 + g * np.exp(h * u[0])

    return f_q + f_l + f_s",0.42055800448832664,"
    Synthetic 2‑dimensional benchmark function with a novel structure.

    The landscape is composed of three deterministic parts that together
    provide moderate skewness, a strong quadratic component, and a
    pronounced linear‑plus‑interaction behaviour:

    1. **Anisotropic rotated quadratic bowl**
       f_q(x) = a₁·u₁² + a₂·u₂²
       where u = R·(x – c),  R is a 45° rotation matrix and
       a₁ = 0.55 , a₂ = 2.10 (different curvatures).

    2. **Linear ridge with a sinusoidal ripple**
       f_l(x) = b·(w·u) + d·sin(ω·u₁)
       with unit direction w = (0.78, -0.62),
       b = 0.32, d = 0.07, ω = 1.4.

    3. **Cubic‑exponential skew term**
       f_s(x) = e·u₁³ + g·exp(h·u₁)
       where e = 0.045, g = 0.09, h = 0.25.

    The global optimum is located at the centre c = (0.5, -1.3).
    The final fitness is the sum of the three contributions:

        f(x) = f_q(x) + f_l(x) + f_s(x)

    All operations are deterministic, smooth and bounded on the
    domain [-5, 5]².

    Parameters
    ----------
    x : np.ndarray
        1‑D array with exactly 2 elements.

    Returns
    -------
    float
        Deterministic scalar fitness value.
    ",,,,12,2,0.4234863807486776,0.1941636218062283,0.8882864595215014,0.8773417851282501,0.10751865517751807,0.6167537572728105,0.5069759286894463,0.9999942635644582
"import numpy as np

def problem(x: np.ndarray) -> float:
    """"""
    Synthetic 2‑dimensional benchmark (deterministic, novel form).

    Mathematical definition
    ------------------------
    Let x = (x₁, x₂) ∈ [-5, 5]² and define a shift vector

        c = (0.3, -0.9).

    1. **Radial power‑law bowl**
       r   = ‖x‑c‖₂
       f₁ = α·r² + β·r³               # quadratic + cubic radial term

    2. **Rotated sinusoidal ridge with a linear drift**
       θ   = π/5                      # 36° rotation
       R   = [[cosθ, -sinθ],
              [sinθ,  cosθ]]
       y   = R·(x‑c)                  # rotated coordinates (y₀, y₁)

       f₂ = γ·sin(ω·y₀) + λ·y₀        # sinusoid on the first axis + tiny linear bias

    3. **Asymmetric cubic skew on the second rotated axis**
       f₃ = δ·y₁³                    # controls distribution skewness

    4. **Exponentially decaying tail along the first original axis**
       f₄ = ε·exp( -η·(x₁‑c₁)² )      # smooth monotone decay, improves nearest‑better links

    Final fitness (to be minimised)

        f(x) = f₁ + f₂ + f₃ + f₄

    Coefficients (chosen to steer the ELA feature vector towards the target):
        α = 0.62 , β = 0.045
        γ = 0.21 , ω = 1.7 , λ = 0.03
        δ = 0.095
        ε = 0.12 , η = 0.28

    The function is deterministic, smooth, and bounded on the domain
    [-5, 5]².

    Parameters
    ----------
    x : np.ndarray
        1‑D array with exactly two elements.

    Returns
    -------
    float
        Deterministic scalar fitness value.
    """"""
    # ----- input validation -----
    x = np.asarray(x, dtype=float)
    if x.ndim != 1 or x.size != 2:
        raise ValueError(""Input must be a 1‑D array with 2 elements."")

    # shift vector
    c = np.array([0.3, -0.9])
    d = x - c                     # shifted coordinates

    # 1) radial power‑law bowl
    r = np.linalg.norm(d)
    f1 = 0.62 * r**2 + 0.045 * r**3

    # 2) rotated sinusoidal ridge with linear drift
    theta = np.pi / 5.0           # 36°
    R = np.array([[np.cos(theta), -np.sin(theta)],
                  [np.sin(theta),  np.cos(theta)]])
    y = R @ d                     # rotated coordinates
    f2 = 0.21 * np.sin(1.7 * y[0]) + 0.03 * y[0]

    # 3) asymmetric cubic skew on the second rotated axis
    f3 = 0.095 * y[1]**3

    # 4) exponentially decaying tail along the first original axis
    f4 = 0.12 * np.exp(-0.28 * (d[0]**2))

    return f1 + f2 + f3 + f4",0.2976639979091092,"
    Synthetic 2‑dimensional benchmark (deterministic, novel form).

    Mathematical definition
    ------------------------
    Let x = (x₁, x₂) ∈ [-5, 5]² and define a shift vector

        c = (0.3, -0.9).

    1. **Radial power‑law bowl**
       r   = ‖x‑c‖₂
       f₁ = α·r² + β·r³               # quadratic + cubic radial term

    2. **Rotated sinusoidal ridge with a linear drift**
       θ   = π/5                      # 36° rotation
       R   = [[cosθ, -sinθ],
              [sinθ,  cosθ]]
       y   = R·(x‑c)                  # rotated coordinates (y₀, y₁)

       f₂ = γ·sin(ω·y₀) + λ·y₀        # sinusoid on the first axis + tiny linear bias

    3. **Asymmetric cubic skew on the second rotated axis**
       f₃ = δ·y₁³                    # controls distribution skewness

    4. **Exponentially decaying tail along the first original axis**
       f₄ = ε·exp( -η·(x₁‑c₁)² )      # smooth monotone decay, improves nearest‑better links

    Final fitness (to be minimised)

        f(x) = f₁ + f₂ + f₃ + f₄

    Coefficients (chosen to steer the ELA feature vector towards the target):
        α = 0.62 , β = 0.045
        γ = 0.21 , ω = 1.7 , λ = 0.03
        δ = 0.095
        ε = 0.12 , η = 0.28

    The function is deterministic, smooth, and bounded on the domain
    [-5, 5]².

    Parameters
    ----------
    x : np.ndarray
        1‑D array with exactly two elements.

    Returns
    -------
    float
        Deterministic scalar fitness value.
    ",,,,12,2,0.4097505505049686,0.15749921601040248,0.8981585615150889,0.8748931076400509,0.4439198082198859,0.4547357668216124,0.9434547610569514,0.9995202043378701
"import numpy as np

def problem(x: np.ndarray) -> float:
    """"""
    Synthetic 2‑dimensional benchmark with a mixed radial‑logarithmic and
    trigonometric structure.

    Mathematical definition
    ------------------------
    Let x = (x₁, x₂) ∈ [-5, 5]² and define a shift vector

        c = (−0.8 , 1.4).

    Define shifted coordinates s = x − c and their polar representation

        r = √(s₁² + s₂²)          (radial distance)
        φ = arctan2(s₂, s₁)       (angle in radians).

    The objective consists of four deterministic components:

    1) **Radial logarithmic bowl**
          f₁(s) = α·log(1 + r²) ,   α = 0.42

       This creates a smooth, softly convex basin whose curvature grows
       slowly with distance, giving a moderate quadratic‑model fit.

    2) **Angular sinusoidal ridge**
          f₂(s) = β·sin(ω·φ) ,      β = 0.27 , ω = 3.1

       The sine term introduces a periodic ridge that depends only on the
       angle, raising the adjusted R² of linear models with interaction
       terms.

    3) **Cubic skew along the x‑axis**
          f₃(s) = γ·(s₁)³ ,        γ = 0.095

       A pure cubic in the first shifted coordinate adds right‑handed
       skew to the distribution of fitness values.

    4) **Exponential tail in the radial direction**
          f₄(s) = δ·exp(η·r) ,      δ = 0.13 , η = 0.18

       This monotone exponential term creates a long tail, increasing the
       correlation between fitness and nearest‑better connectivity and
       slightly inflating the NN/NB distance ratio.

    Final fitness
    -------------
    f(x) = f₁(s) + f₂(s) + f₃(s) + f₄(s)

    The combination of a slowly varying logarithmic bowl, an angular ridge,
    a cubic skew, and a radial exponential tail yields a landscape whose
    normalized ELA features are close to the requested target values while
    being qualitatively different from the previously offered functions.

    Parameters
    ----------
    x : np.ndarray
        1‑D array with exactly 2 elements representing a point in the search space.

    Returns
    -------
    float
        Deterministic scalar fitness value.
    """"""
    # ----- validation -----
    x = np.asarray(x, dtype=float)
    if x.ndim != 1 or x.size != 2:
        raise ValueError(""Input must be a 1‑D array with 2 elements."")

    # shift
    c = np.array([-0.8, 1.4])
    s = x - c                       # shifted coordinates

    # polar coordinates
    r = np.hypot(s[0], s[1])        # sqrt(s₁² + s₂²)
    phi = np.arctan2(s[1], s[0])    # angle

    # 1) radial logarithmic bowl
    alpha = 0.42
    f1 = alpha * np.log1p(r**2)

    # 2) angular sinusoidal ridge
    beta, omega = 0.27, 3.1
    f2 = beta * np.sin(omega * phi)

    # 3) cubic skew along x‑axis
    gamma = 0.095
    f3 = gamma * s[0]**3

    # 4) exponential tail in radial direction
    delta, eta = 0.13, 0.18
    f4 = delta * np.exp(eta * r)

    return f1 + f2 + f3 + f4",1.046381513578502,"
    Synthetic 2‑dimensional benchmark with a mixed radial‑logarithmic and
    trigonometric structure.

    Mathematical definition
    ------------------------
    Let x = (x₁, x₂) ∈ [-5, 5]² and define a shift vector

        c = (−0.8 , 1.4).

    Define shifted coordinates s = x − c and their polar representation

        r = √(s₁² + s₂²)          (radial distance)
        φ = arctan2(s₂, s₁)       (angle in radians).

    The objective consists of four deterministic components:

    1) **Radial logarithmic bowl**
          f₁(s) = α·log(1 + r²) ,   α = 0.42

       This creates a smooth, softly convex basin whose curvature grows
       slowly with distance, giving a moderate quadratic‑model fit.

    2) **Angular sinusoidal ridge**
          f₂(s) = β·sin(ω·φ) ,      β = 0.27 , ω = 3.1

       The sine term introduces a periodic ridge that depends only on the
       angle, raising the adjusted R² of linear models with interaction
       terms.

    3) **Cubic skew along the x‑axis**
          f₃(s) = γ·(s₁)³ ,        γ = 0.095

       A pure cubic in the first shifted coordinate adds right‑handed
       skew to the distribution of fitness values.

    4) **Exponential tail in the radial direction**
          f₄(s) = δ·exp(η·r) ,      δ = 0.13 , η = 0.18

       This monotone exponential term creates a long tail, increasing the
       correlation between fitness and nearest‑better connectivity and
       slightly inflating the NN/NB distance ratio.

    Final fitness
    -------------
    f(x) = f₁(s) + f₂(s) + f₃(s) + f₄(s)

    The combination of a slowly varying logarithmic bowl, an angular ridge,
    a cubic skew, and a radial exponential tail yields a landscape whose
    normalized ELA features are close to the requested target values while
    being qualitatively different from the previously offered functions.

    Parameters
    ----------
    x : np.ndarray
        1‑D array with exactly 2 elements representing a point in the search space.

    Returns
    -------
    float
        Deterministic scalar fitness value.
    ",,,,12,2,0.358102667717532,0.8216234602248815,0.4661693009108982,0.916453738667733,0.769244084067323,0.7697439599646815,0.8942511240051241,0.9990652496720416
"import numpy as np

def problem(x: np.ndarray) -> float:
    """"""
    Synthetic 2‑dimensional benchmark function.

    The landscape consists of four additive deterministic parts:

    1. Rotated anisotropic quadratic bowl
           f_q(x) = s_q * (R·(x‑c))ᵀ·diag(λ₁, λ₂)·(R·(x‑c))
       • c = (0.3, -0.8)                – shift (global optimum location)
       • R = rotation by 20° (π/9)
       • λ₁ = 0.9 , λ₂ = 2.7            – different curvatures
       • s_q = 0.52                     – overall scale

    2. Linear ridge with a small interaction term
           f_l(x) = s_l * (u·(R·(x‑c))) + s_int * (x₁‑c₁)*(x₂‑c₂)
       • u = (0.71, -0.71) / ‖·‖       – unit direction of the ridge
       • s_l = 0.22
       • s_int = 0.07

    3. Asymmetric exponential tail (creates positive skewness)
           f_e(x) = s_e * exp( η * (x₁‑c₁) )
       • s_e = 0.14 , η = 0.34

    4. Low‑amplitude sinusoidal modulation
           f_s(x) = s_s * sin( ω * (R·(x‑c))₀ ) * cos( ω * (R·(x‑c))₁ )
       • s_s = 0.04 , ω = 1.8

    Final objective:
        f(x) = f_q + f_l + f_e + f_s

    The function is smooth, bounded on the domain [-5, 5]² and
    deterministic (no random numbers).

    Parameters
    ----------
    x : np.ndarray
        1‑D array with exactly 2 elements.

    Returns
    -------
    float
        Deterministic scalar fitness value.
    """"""
    # ----- validation -----
    x = np.asarray(x, dtype=float)
    if x.ndim != 1 or x.size != 2:
        raise ValueError(""Input must be a 1‑D array with 2 elements."")

    # ----- shift -----
    c = np.array([0.3, -0.8])
    z = x - c                     # shifted coordinates

    # ----- rotation (20°) -----
    theta = np.pi / 9.0           # ≈ 20°
    cos_t, sin_t = np.cos(theta), np.sin(theta)
    R = np.array([[cos_t, -sin_t],
                  [sin_t,  cos_t]])
    rz = R @ z                    # rotated coordinates

    # 1) anisotropic quadratic bowl
    lam = np.array([0.9, 2.7])
    s_q = 0.52
    f_q = s_q * np.sum(lam * rz**2)

    # 2) linear ridge + interaction
    u = np.array([0.71, -0.71])
    u = u / np.linalg.norm(u)     # unit direction
    s_l = 0.22
    s_int = 0.07
    f_l = s_l * (u @ rz) + s_int * (z[0] * z[1])

    # 3) asymmetric exponential tail (skew)
    s_e = 0.14
    eta = 0.34
    f_e = s_e * np.exp(eta * z[0])

    # 4) sinusoidal modulation
    s_s = 0.04
    omega = 1.8
    f_s = s_s * np.sin(omega * rz[0]) * np.cos(omega * rz[1])

    return f_q + f_l + f_e + f_s",0.4347809262070345,"
    Synthetic 2‑dimensional benchmark function.

    The landscape consists of four additive deterministic parts:

    1. Rotated anisotropic quadratic bowl
           f_q(x) = s_q * (R·(x‑c))ᵀ·diag(λ₁, λ₂)·(R·(x‑c))
       • c = (0.3, -0.8)                – shift (global optimum location)
       • R = rotation by 20° (π/9)
       • λ₁ = 0.9 , λ₂ = 2.7            – different curvatures
       • s_q = 0.52                     – overall scale

    2. Linear ridge with a small interaction term
           f_l(x) = s_l * (u·(R·(x‑c))) + s_int * (x₁‑c₁)*(x₂‑c₂)
       • u = (0.71, -0.71) / ‖·‖       – unit direction of the ridge
       • s_l = 0.22
       • s_int = 0.07

    3. Asymmetric exponential tail (creates positive skewness)
           f_e(x) = s_e * exp( η * (x₁‑c₁) )
       • s_e = 0.14 , η = 0.34

    4. Low‑amplitude sinusoidal modulation
           f_s(x) = s_s * sin( ω * (R·(x‑c))₀ ) * cos( ω * (R·(x‑c))₁ )
       • s_s = 0.04 , ω = 1.8

    Final objective:
        f(x) = f_q + f_l + f_e + f_s

    The function is smooth, bounded on the domain [-5, 5]² and
    deterministic (no random numbers).

    Parameters
    ----------
    x : np.ndarray
        1‑D array with exactly 2 elements.

    Returns
    -------
    float
        Deterministic scalar fitness value.
    ",,,,12,2,0.32486177457975574,0.26432101472731684,0.9007450192626574,0.8443605407958595,0.15062157748650318,0.3519435246736568,0.8200055655569709,0.9999975050902816
"import numpy as np

def problem(x: np.ndarray) -> float:
    """"""
    Synthetic 2‑dimensional benchmark function.

    Mathematical form
    ------------------
    Let x = (x₁, x₂) ∈ [-5, 5]² and define a shift vector

        c = (0.3 , -1.0).

    1. Shift and rotation
       z = x – c                               # shifted coordinates
       θ = π/6                                   # rotation angle
       R = [[cosθ, -sinθ],
            [sinθ,  cosθ]]
       y = R @ z                               # rotated coordinates (y₀, y₁)

    2. Anisotropic quadratic bowl
       q = λ₁·y₀² + λ₂·y₁²                     # λ₁ = 0.9 , λ₂ = 2.3
       f_q = α·q                               # α = 0.48

    3. Low‑frequency sinusoidal ridge (adds modest linear‑like predictability)
       f_sin = β·sin(ω·y₀)                     # β = 0.19 , ω = 1.6

    4. Cubic skew term (creates positive right‑handed skew)
       f_skew = γ·y₁³                          # γ = 0.052

    5. Mild exponential tail (increases fitness STD and NBC correlation)
       f_exp = δ·exp(η·y₀)                     # δ = 0.07 , η = 0.22

    The final deterministic fitness is the sum of all components

        f(x) = f_q + f_sin + f_skew + f_exp

    Parameters
    ----------
    x : np.ndarray
        1‑D array of length 2 representing a point in the search space.

    Returns
    -------
    float
        Deterministic scalar fitness value.
    """"""
    # ---- input validation ----
    x = np.asarray(x, dtype=float)
    if x.ndim != 1 or x.size != 2:
        raise ValueError(""Input must be a 1‑D array with exactly 2 elements."")

    # 1) shift and rotation
    c = np.array([0.3, -1.0])
    z = x - c
    theta = np.pi / 6.0
    R = np.array([[np.cos(theta), -np.sin(theta)],
                  [np.sin(theta),  np.cos(theta)]])
    y = R @ z   # rotated coordinates

    # 2) anisotropic quadratic bowl
    lam1, lam2 = 0.9, 2.3
    q = lam1 * y[0]**2 + lam2 * y[1]**2
    f_q = 0.48 * q

    # 3) low‑frequency sinusoidal ridge
    f_sin = 0.19 * np.sin(1.6 * y[0])

    # 4) cubic skew term
    f_skew = 0.052 * y[1]**3

    # 5) mild exponential tail
    f_exp = 0.07 * np.exp(0.22 * y[0])

    return f_q + f_sin + f_skew + f_exp",0.20326862271412824,"
    Synthetic 2‑dimensional benchmark function.

    Mathematical form
    ------------------
    Let x = (x₁, x₂) ∈ [-5, 5]² and define a shift vector

        c = (0.3 , -1.0).

    1. Shift and rotation
       z = x – c                               # shifted coordinates
       θ = π/6                                   # rotation angle
       R = [[cosθ, -sinθ],
            [sinθ,  cosθ]]
       y = R @ z                               # rotated coordinates (y₀, y₁)

    2. Anisotropic quadratic bowl
       q = λ₁·y₀² + λ₂·y₁²                     # λ₁ = 0.9 , λ₂ = 2.3
       f_q = α·q                               # α = 0.48

    3. Low‑frequency sinusoidal ridge (adds modest linear‑like predictability)
       f_sin = β·sin(ω·y₀)                     # β = 0.19 , ω = 1.6

    4. Cubic skew term (creates positive right‑handed skew)
       f_skew = γ·y₁³                          # γ = 0.052

    5. Mild exponential tail (increases fitness STD and NBC correlation)
       f_exp = δ·exp(η·y₀)                     # δ = 0.07 , η = 0.22

    The final deterministic fitness is the sum of all components

        f(x) = f_q + f_sin + f_skew + f_exp

    Parameters
    ----------
    x : np.ndarray
        1‑D array of length 2 representing a point in the search space.

    Returns
    -------
    float
        Deterministic scalar fitness value.
    ",,,,12,2,0.46672706039736683,0.20187883933403397,0.9096699725371221,0.8762532794673358,0.3541399263254267,0.5492489516348934,0.8073709807433942,0.9999004455577588
"import numpy as np

def problem(x: np.ndarray) -> float:
    """"""
    Synthetic 2‑dimensional benchmark with a mixed radial‑polynomial,
    rotated exponential ridge, asymmetric logistic skew and a gentle
    cosine bias.

    Mathematical definition
    -----------------------
    Let x = (x₁, x₂) ∈ [-5, 5]².

    1. Shift and rotation
        c = (0.3, -1.1)                       # location of the global optimum
        θ = π/5                               # rotation angle (36°)
        R = [[cosθ, -sinθ],
             [sinθ,  cosθ]]
        z = R · (x – c)                       # shifted‑rotated coordinates (z₀, z₁)

    2. Radial polynomial bowl (dominant curvature)
        r = √(z₀² + z₁²)
        f₁ = α·r² + β·r⁴
        α = 0.64 , β = 0.09

    3. Rotated exponential ridge (adds strong linear/quadratic fit)
        f₂ = γ·exp(δ·z₀)·(1 + ε·z₁²)
        γ = 0.22 , δ = 0.45 , ε = 0.12

    4. Asymmetric logistic skew (creates right‑handed skewness)
        f₃ = η·log1p( exp( κ·(z₀ + λ·z₁) ) )
        η = 0.11 , κ = 0.35 , λ = 0.28

    5. Cosine bias (smooth periodic modulation, low impact on R²)
        f₄ = μ·cos(π·z₀)·cos(π·z₁)
        μ = 0.04

    Final fitness (to be minimised)
        f(x) = f₁ + f₂ + f₃ + f₄

    The function is fully deterministic, smooth on the whole domain,
    and its landscape combines a strong quadratic/quartic core,
    an exponential ridge, a skew‑inducing logistic term and a mild
    periodic bias – a structure that is markedly different from the
    previously proposed benchmarks.

    Parameters
    ----------
    x : np.ndarray
        1‑D array with exactly two elements.

    Returns
    -------
    float
        Deterministic scalar fitness value.
    """"""
    # ---- input validation ----
    x = np.asarray(x, dtype=float)
    if x.ndim != 1 or x.size != 2:
        raise ValueError(""Input must be a 1‑D array with 2 elements."")

    # shift & rotate
    c = np.array([0.3, -1.1])
    theta = np.pi / 5.0                     # 36°
    R = np.array([[np.cos(theta), -np.sin(theta)],
                  [np.sin(theta),  np.cos(theta)]])
    z = R @ (x - c)                         # rotated coordinates (z0, z1)

    # 1) radial polynomial bowl
    r = np.linalg.norm(z)
    alpha, beta = 0.64, 0.09
    f1 = alpha * r**2 + beta * r**4

    # 2) rotated exponential ridge
    gamma, delta, eps = 0.22, 0.45, 0.12
    f2 = gamma * np.exp(delta * z[0]) * (1.0 + eps * z[1]**2)

    # 3) asymmetric logistic skew
    eta, kappa, lam = 0.11, 0.35, 0.28
    f3 = eta * np.log1p(np.exp(kappa * (z[0] + lam * z[1])))

    # 4) cosine bias
    mu = 0.04
    f4 = mu * np.cos(np.pi * z[0]) * np.cos(np.pi * z[1])

    return f1 + f2 + f3 + f4",0.2762802120075346,"
    Synthetic 2‑dimensional benchmark with a mixed radial‑polynomial,
    rotated exponential ridge, asymmetric logistic skew and a gentle
    cosine bias.

    Mathematical definition
    -----------------------
    Let x = (x₁, x₂) ∈ [-5, 5]².

    1. Shift and rotation
        c = (0.3, -1.1)                       # location of the global optimum
        θ = π/5                               # rotation angle (36°)
        R = [[cosθ, -sinθ],
             [sinθ,  cosθ]]
        z = R · (x – c)                       # shifted‑rotated coordinates (z₀, z₁)

    2. Radial polynomial bowl (dominant curvature)
        r = √(z₀² + z₁²)
        f₁ = α·r² + β·r⁴
        α = 0.64 , β = 0.09

    3. Rotated exponential ridge (adds strong linear/quadratic fit)
        f₂ = γ·exp(δ·z₀)·(1 + ε·z₁²)
        γ = 0.22 , δ = 0.45 , ε = 0.12

    4. Asymmetric logistic skew (creates right‑handed skewness)
        f₃ = η·log1p( exp( κ·(z₀ + λ·z₁) ) )
        η = 0.11 , κ = 0.35 , λ = 0.28

    5. Cosine bias (smooth periodic modulation, low impact on R²)
        f₄ = μ·cos(π·z₀)·cos(π·z₁)
        μ = 0.04

    Final fitness (to be minimised)
        f(x) = f₁ + f₂ + f₃ + f₄

    The function is fully deterministic, smooth on the whole domain,
    and its landscape combines a strong quadratic/quartic core,
    an exponential ridge, a skew‑inducing logistic term and a mild
    periodic bias – a structure that is markedly different from the
    previously proposed benchmarks.

    Parameters
    ----------
    x : np.ndarray
        1‑D array with exactly two elements.

    Returns
    -------
    float
        Deterministic scalar fitness value.
    ",,,,12,2,0.47920961189058187,0.06075685833515558,0.9194325629976687,0.8613702018210497,0.3388809620175884,0.3395674275084711,0.9311712409095759,0.9915126707507415
"import numpy as np

def problem(x: np.ndarray) -> float:
    """"""
    Synthetic 2‑dimensional benchmark with a mixed radial‑polynomial,
    rotated asymmetric sinusoid, and a logarithmic skew term.

    Mathematical form
    ------------------
    Let x = (x₁, x₂) ∈ [-5, 5]².
    Define a shift vector c = (‑0.4, 1.1) and rotate the shifted coordinates
    by θ = π/5 (≈36°):

        R = [[cosθ, -sinθ],
             [sinθ,  cosθ]]

    Shifted and rotated coordinates:
        z = R @ (x - c) = (z₁, z₂).

    The fitness is the sum of three deterministic components

    1) Radial polynomial bowl (quadratic + quartic):
        r   = √(z₁² + z₂²)
        f₁  = a₁·r² + a₂·r⁴
        a₁ = 0.71 , a₂ = 0.13

    2) Asymmetric sinusoidal ridge on the first rotated axis:
        f₂  = b·sin(ω·z₁) + λ·z₁
        b  = 0.24 , ω = 1.9 , λ = 0.03   (tiny linear drift)

    3) Log‑skew term acting on the second rotated axis:
        f₃  = γ·log(1 + exp(κ·z₂))
        γ = 0.07 , κ = 0.58

    Final objective (to be minimised):
        f(x) = f₁ + f₂ + f₃

    The combination of a strong radial curvature, a nearly‑linear sinusoid,
    and an exponential‑log skew produces the target ELA profile:
    moderate skewness, low fitness standard deviation, high quadratic R²,
    low linear R², and strong nearest‑better connectivity.

    Parameters
    ----------
    x : np.ndarray
        1‑D array of length 2 representing a point in the search space.

    Returns
    -------
    float
        Deterministic scalar fitness value.
    """"""
    # -------------------------------------------------
    # Input validation
    # -------------------------------------------------
    x = np.asarray(x, dtype=float)
    if x.ndim != 1 or x.size != 2:
        raise ValueError(""Input must be a 1‑D array with exactly two elements."")

    # -------------------------------------------------
    # Shift and rotation
    # -------------------------------------------------
    c = np.array([-0.4, 1.1])
    theta = np.pi / 5.0                     # 36°
    cos_t, sin_t = np.cos(theta), np.sin(theta)
    R = np.array([[cos_t, -sin_t],
                  [sin_t,  cos_t]])
    z = R @ (x - c)                         # rotated coordinates (z1, z2)

    # -------------------------------------------------
    # 1) Radial polynomial bowl
    # -------------------------------------------------
    r = np.linalg.norm(z)
    a1, a2 = 0.71, 0.13
    f1 = a1 * r**2 + a2 * r**4

    # -------------------------------------------------
    # 2) Asymmetric sinusoidal ridge + tiny linear drift
    # -------------------------------------------------
    b, omega, lam = 0.24, 1.9, 0.03
    f2 = b * np.sin(omega * z[0]) + lam * z[0]

    # -------------------------------------------------
    # 3) Log‑skew term on the second rotated axis
    # -------------------------------------------------
    gamma, kappa = 0.07, 0.58
    f3 = gamma * np.log1p(np.exp(kappa * z[1]))

    # -------------------------------------------------
    # Assemble final fitness
    # -------------------------------------------------
    return f1 + f2 + f3",0.32874608521141363,"
    Synthetic 2‑dimensional benchmark with a mixed radial‑polynomial,
    rotated asymmetric sinusoid, and a logarithmic skew term.

    Mathematical form
    ------------------
    Let x = (x₁, x₂) ∈ [-5, 5]².
    Define a shift vector c = (‑0.4, 1.1) and rotate the shifted coordinates
    by θ = π/5 (≈36°):

        R = [[cosθ, -sinθ],
             [sinθ,  cosθ]]

    Shifted and rotated coordinates:
        z = R @ (x - c) = (z₁, z₂).

    The fitness is the sum of three deterministic components

    1) Radial polynomial bowl (quadratic + quartic):
        r   = √(z₁² + z₂²)
        f₁  = a₁·r² + a₂·r⁴
        a₁ = 0.71 , a₂ = 0.13

    2) Asymmetric sinusoidal ridge on the first rotated axis:
        f₂  = b·sin(ω·z₁) + λ·z₁
        b  = 0.24 , ω = 1.9 , λ = 0.03   (tiny linear drift)

    3) Log‑skew term acting on the second rotated axis:
        f₃  = γ·log(1 + exp(κ·z₂))
        γ = 0.07 , κ = 0.58

    Final objective (to be minimised):
        f(x) = f₁ + f₂ + f₃

    The combination of a strong radial curvature, a nearly‑linear sinusoid,
    and an exponential‑log skew produces the target ELA profile:
    moderate skewness, low fitness standard deviation, high quadratic R²,
    low linear R², and strong nearest‑better connectivity.

    Parameters
    ----------
    x : np.ndarray
        1‑D array of length 2 representing a point in the search space.

    Returns
    -------
    float
        Deterministic scalar fitness value.
    ",,,,12,2,0.4252337270465988,0.04745413537303457,0.9066052512980627,0.8452565980691084,0.29720977275230837,0.29712863535495593,0.926141619986693,0.989096623976845
"import numpy as np

def problem(x: np.ndarray) -> float:
    """"""
    Synthetic 2‑dimensional benchmark with a mixed radial‑polynomial,
    logarithmic, and sinusoidal structure.

    Mathematical form
    ------------------
    Let x = (x₁, x₂) ∈ [-5, 5]² and define a shift vector

        c = (0.3 , -0.8).

    1. **Shifted polar coordinates**
       d = x - c,
       r = √(d₁² + d₂²)          (radius)
       φ = atan2(d₂, d₁)          (angle)

    2. **Radial polynomial bowl**
           f_r = a·r² + b·r⁴
       with a = 0.62 , b = 0.04.

    3. **Angular sinusoidal ridge**
           f_a = γ·sin(ω·φ)
       with γ = 0.27 , ω = 3.0.

    4. **Log‑exponential skew term**
           f_s = δ·log(1 + exp(κ·d₁))
       with δ = 0.09 , κ = 0.35.

    5. **Mild exponential decay**
           f_e = ε·exp( -ζ·r )
       with ε = 0.05 , ζ = 0.22.

    The deterministic fitness value is the sum of the four components

           f(x) = f_r + f_a + f_s + f_e .

    All operations are well‑defined for x ∈ [-5, 5]² and the combination of
    a strong quadratic bowl, an angular sinusoid, a positive‑skew log‑exp
    term and a distance‑dependent decay yields a landscape whose ELA
    features are expected to be close to the requested target values
    (moderate skewness, low fitness standard deviation, high linear and
    quadratic model fits, and strong nearest‑better connectivity).

    Parameters
    ----------
    x : np.ndarray
        1‑D array with exactly two elements representing a point in the
        search space.

    Returns
    -------
    float
        Deterministic scalar fitness value.
    """"""
    # ---- validation ----
    x = np.asarray(x, dtype=float)
    if x.ndim != 1 or x.size != 2:
        raise ValueError(""Input must be a 1‑D array with 2 elements."")

    # shift
    c = np.array([0.3, -0.8])
    d = x - c

    # polar coordinates
    r = np.linalg.norm(d)
    phi = np.arctan2(d[1], d[0])

    # 1) radial polynomial bowl
    a, b = 0.62, 0.04
    f_r = a * r**2 + b * r**4

    # 2) angular sinusoidal ridge
    gamma, omega = 0.27, 3.0
    f_a = gamma * np.sin(omega * phi)

    # 3) log‑exponential skew term
    delta, kappa = 0.09, 0.35
    f_s = delta * np.log1p(np.exp(kappa * d[0]))

    # 4) mild exponential decay
    epsilon, zeta = 0.05, 0.22
    f_e = epsilon * np.exp(-zeta * r)

    return f_r + f_a + f_s + f_e",0.3881508591176365,"
    Synthetic 2‑dimensional benchmark with a mixed radial‑polynomial,
    logarithmic, and sinusoidal structure.

    Mathematical form
    ------------------
    Let x = (x₁, x₂) ∈ [-5, 5]² and define a shift vector

        c = (0.3 , -0.8).

    1. **Shifted polar coordinates**
       d = x - c,
       r = √(d₁² + d₂²)          (radius)
       φ = atan2(d₂, d₁)          (angle)

    2. **Radial polynomial bowl**
           f_r = a·r² + b·r⁴
       with a = 0.62 , b = 0.04.

    3. **Angular sinusoidal ridge**
           f_a = γ·sin(ω·φ)
       with γ = 0.27 , ω = 3.0.

    4. **Log‑exponential skew term**
           f_s = δ·log(1 + exp(κ·d₁))
       with δ = 0.09 , κ = 0.35.

    5. **Mild exponential decay**
           f_e = ε·exp( -ζ·r )
       with ε = 0.05 , ζ = 0.22.

    The deterministic fitness value is the sum of the four components

           f(x) = f_r + f_a + f_s + f_e .

    All operations are well‑defined for x ∈ [-5, 5]² and the combination of
    a strong quadratic bowl, an angular sinusoid, a positive‑skew log‑exp
    term and a distance‑dependent decay yields a landscape whose ELA
    features are expected to be close to the requested target values
    (moderate skewness, low fitness standard deviation, high linear and
    quadratic model fits, and strong nearest‑better connectivity).

    Parameters
    ----------
    x : np.ndarray
        1‑D array with exactly two elements representing a point in the
        search space.

    Returns
    -------
    float
        Deterministic scalar fitness value.
    ",,,,12,2,0.42934256844567537,0.11145133353570173,0.8820064166326907,0.8424110588895068,0.251588908336808,0.2517028345467808,0.9487822986240967,0.9917746700052051
"import numpy as np

def problem(x: np.ndarray) -> float:
    """"""
    Synthetic 2‑dimensional benchmark function.

    The landscape is the sum of three deterministic components that
    interact in a non‑trivial way:

    1. **Rotated anisotropic sextic bowl**
           f₁(z) = a₁·z₁⁶ + a₂·z₂⁶
       with a₁ = 0.02 , a₂ = 0.15  (different curvature along the axes).

    2. **Asymmetric ridge with a sinusoidal wiggle**
           f₂(z) = b·|v·z|·(1 + γ·sin(ω·(v⊥·z)))
       – v = (cosφ, sinφ) is a unit direction,
       – v⊥ = (-sinφ, cosφ) the orthogonal direction,
       – b = 0.8,   φ = π/7,
       – γ = 0.25, ω = 2.3.

       The absolute value creates a one‑sided ridge, the sinusoidal term
       adds a moderate oscillation that increases skewness and reduces
       linearity.

    3. **Exponential tail acting on the first rotated coordinate**
           f₃(z) = c·exp(η·z₁)
       with c = 0.12, η = 0.35.

    The input vector `x = (x₁, x₂)` is first shifted to place the global
    optimum at `c₀ = (0.3, -0.7)`, then rotated by 25° (θ = π/7.2).

        z = R·(x – c₀) ,   R = [[cosθ, -sinθ],
                               [sinθ,  cosθ]]

    Final fitness (to be minimised):
        f(x) = f₁(z) + f₂(z) + f₃(z)

    All terms are smooth, bounded on the domain [-5, 5]² and completely
    deterministic.

    Parameters
    ----------
    x : np.ndarray
        1‑D array with exactly 2 elements.

    Returns
    -------
    float
        Deterministic scalar fitness value.
    """"""
    # ----- validation -----
    x = np.asarray(x, dtype=float)
    if x.ndim != 1 or x.size != 2:
        raise ValueError(""Input must be a 1‑D array with 2 elements."")

    # shift to put the optimum near the centre
    c0 = np.array([0.3, -0.7])
    z = x - c0

    # rotate by 25°
    theta = np.pi / 7.2          # ≈ 25°
    R = np.array([[np.cos(theta), -np.sin(theta)],
                  [np.sin(theta),  np.cos(theta)]])
    z = R @ z

    # 1) rotated anisotropic sextic bowl
    a1, a2 = 0.02, 0.15
    f1 = a1 * z[0]**6 + a2 * z[1]**6

    # 2) asymmetric ridge with sinusoidal wiggle
    phi = np.pi / 7.0            # direction of the ridge
    v  = np.array([np.cos(phi), np.sin(phi)])          # unit vector
    v_perp = np.array([-np.sin(phi), np.cos(phi)])     # orthogonal
    b   = 0.8
    gamma = 0.25
    omega = 2.3
    proj_v   = np.dot(v, z)
    proj_vp  = np.dot(v_perp, z)
    f2 = b * np.abs(proj_v) * (1.0 + gamma * np.sin(omega * proj_vp))

    # 3) exponential tail on the first rotated coordinate
    c = 0.12
    eta = 0.35
    f3 = c * np.exp(eta * z[0])

    return f1 + f2 + f3",0.6630213848637219,"
    Synthetic 2‑dimensional benchmark function.

    The landscape is the sum of three deterministic components that
    interact in a non‑trivial way:

    1. **Rotated anisotropic sextic bowl**
           f₁(z) = a₁·z₁⁶ + a₂·z₂⁶
       with a₁ = 0.02 , a₂ = 0.15  (different curvature along the axes).

    2. **Asymmetric ridge with a sinusoidal wiggle**
           f₂(z) = b·|v·z|·(1 + γ·sin(ω·(v⊥·z)))
       – v = (cosφ, sinφ) is a unit direction,
       – v⊥ = (-sinφ, cosφ) the orthogonal direction,
       – b = 0.8,   φ = π/7,
       – γ = 0.25, ω = 2.3.

       The absolute value creates a one‑sided ridge, the sinusoidal term
       adds a moderate oscillation that increases skewness and reduces
       linearity.

    3. **Exponential tail acting on the first rotated coordinate**
           f₃(z) = c·exp(η·z₁)
       with c = 0.12, η = 0.35.

    The input vector `x = (x₁, x₂)` is first shifted to place the global
    optimum at `c₀ = (0.3, -0.7)`, then rotated by 25° (θ = π/7.2).

        z = R·(x – c₀) ,   R = [[cosθ, -sinθ],
                               [sinθ,  cosθ]]

    Final fitness (to be minimised):
        f(x) = f₁(z) + f₂(z) + f₃(z)

    All terms are smooth, bounded on the domain [-5, 5]² and completely
    deterministic.

    Parameters
    ----------
    x : np.ndarray
        1‑D array with exactly 2 elements.

    Returns
    -------
    float
        Deterministic scalar fitness value.
    ",,,,12,2,1.1051559574717844,0.0008585394017904181,0.8875886854930818,0.9141713463219171,0.14766734215683136,0.39777342819546785,0.4853012687833829,0.8720222508052817
"import numpy as np

def problem(x: np.ndarray) -> float:
    """"""
    Synthetic 2‑dimensional benchmark (deterministic).

    Mathematical definition
    ------------------------
    Let  x = (x1, x2) ∈ [-5, 5]^2   and   c = (0.2, -0.8)  (shift of the optimum).

    Define the rotated coordinates
        θ = π / 3                         # 60° rotation
        R = [[cosθ, -sinθ],
             [sinθ,  cosθ]]
        z = R @ (x - c)                  # z = (z1, z2)

    The objective is the sum of four components:

    1) Anisotropic quadratic bowl
           f_q = α_q · ( λ1·z1² + λ2·z2² )
       with  α_q = 0.48 , λ1 = 0.9 , λ2 = 2.3 .

    2) Sinusoidal ripple ridge
           f_r = α_r · sin( ω1·z1 ) · cos( ω2·z2 )
       with  α_r = 0.12 , ω1 = 1.4 , ω2 = 0.9 .

    3) Cubic‑exponential tail (positive skew)
           f_t = α_t · ( z1³ ) · exp( η·z1 )
       with  α_t = 0.07 , η = 0.25 .

    4) Bounded tanh‑well
           f_w = α_w · ( 1 - tanh( β·(z1² + z2²) ) )
       with  α_w = 0.18 , β = 0.6 .

    Final fitness
    -------------
    f(x) = f_q + f_r + f_t + f_w

    All terms are smooth, deterministic and bounded for x ∈ [-5,5]².

    Parameters
    ----------
    x : np.ndarray
        1‑D array with exactly 2 elements.

    Returns
    -------
    float
        Deterministic scalar fitness value.
    """"""
    # ----- validation -----
    x = np.asarray(x, dtype=float)
    if x.ndim != 1 or x.size != 2:
        raise ValueError(""Input must be a 1‑D array with 2 elements."")

    # shift and rotate
    c = np.array([0.2, -0.8])
    theta = np.pi / 3.0                     # 60°
    R = np.array([[np.cos(theta), -np.sin(theta)],
                  [np.sin(theta),  np.cos(theta)]])
    z = R @ (x - c)                         # rotated coordinates (z1, z2)

    # 1) anisotropic quadratic bowl
    alpha_q = 0.48
    lam1, lam2 = 0.9, 2.3
    f_q = alpha_q * (lam1 * z[0]**2 + lam2 * z[1]**2)

    # 2) sinusoidal ripple ridge
    alpha_r = 0.12
    omega1, omega2 = 1.4, 0.9
    f_r = alpha_r * np.sin(omega1 * z[0]) * np.cos(omega2 * z[1])

    # 3) cubic‑exponential tail (adds skew)
    alpha_t = 0.07
    eta = 0.25
    f_t = alpha_t * (z[0]**3) * np.exp(eta * z[0])

    # 4) bounded tanh‑well
    alpha_w = 0.18
    beta = 0.6
    f_w = alpha_w * (1.0 - np.tanh(beta * (z[0]**2 + z[1]**2)))

    return f_q + f_r + f_t + f_w",0.6032511082267286,"
    Synthetic 2‑dimensional benchmark (deterministic).

    Mathematical definition
    ------------------------
    Let  x = (x1, x2) ∈ [-5, 5]^2   and   c = (0.2, -0.8)  (shift of the optimum).

    Define the rotated coordinates
        θ = π / 3                         # 60° rotation
        R = [[cosθ, -sinθ],
             [sinθ,  cosθ]]
        z = R @ (x - c)                  # z = (z1, z2)

    The objective is the sum of four components:

    1) Anisotropic quadratic bowl
           f_q = α_q · ( λ1·z1² + λ2·z2² )
       with  α_q = 0.48 , λ1 = 0.9 , λ2 = 2.3 .

    2) Sinusoidal ripple ridge
           f_r = α_r · sin( ω1·z1 ) · cos( ω2·z2 )
       with  α_r = 0.12 , ω1 = 1.4 , ω2 = 0.9 .

    3) Cubic‑exponential tail (positive skew)
           f_t = α_t · ( z1³ ) · exp( η·z1 )
       with  α_t = 0.07 , η = 0.25 .

    4) Bounded tanh‑well
           f_w = α_w · ( 1 - tanh( β·(z1² + z2²) ) )
       with  α_w = 0.18 , β = 0.6 .

    Final fitness
    -------------
    f(x) = f_q + f_r + f_t + f_w

    All terms are smooth, deterministic and bounded for x ∈ [-5,5]².

    Parameters
    ----------
    x : np.ndarray
        1‑D array with exactly 2 elements.

    Returns
    -------
    float
        Deterministic scalar fitness value.
    ",,,,12,2,0.3078665240164137,0.23756386463053966,0.8891814712135997,0.8085214784091284,0.048794478675191905,0.14280505251695935,0.8423775987944999,0.9848914308712414
"import numpy as np

def problem(x: np.ndarray) -> float:
    """"""
    Synthetic 2‑dimensional benchmark function.

    The landscape is composed of a shifted‑rotated coordinate system
    and four deterministic components that are multiplicatively coupled:

    1. Shift & rotation
           c = (0.6, -1.1)                     # global optimum location
           θ = π / 5                           # rotation angle
           R = [[cosθ, -sinθ],
                [sinθ,  cosθ]]
           z = R @ (x - c)

    2. Anisotropic quadratic‑quartic well
           g(z) = (α₁·z₁² + α₂·z₂²)·(β₁·z₁⁴ + β₂·z₂⁴)
           α = (0.9, 0.4) ,  β = (0.25, 0.55)

    3. Coupled sinusoidal ridge (modulation factor)
           h(z) = 1 + γ·sin(ω·z₁)·cos(ω·z₂)
           γ = 0.15 , ω = 1.3

    4. Asymmetric skew term (adds monotone offset)
           s(z) = δ·log1p(exp(κ·(z₁ + 0.3·z₂)))
           δ = 0.12 , κ = 0.45

    5. Linear bias (small global tilt)
           b(z) = λ·(w·z)   with w = (0.7, -0.5) / ‖·‖ , λ = 0.05

    Final fitness (deterministic):
           f(x) = g(z) * h(z) + s(z) + b(z)

    The function is smooth, bounded on the domain  x ∈ [-5, 5]²,
    and its ELA feature set can be tuned toward the target values
    (moderate linear/quadratic R², positive skewness, etc.).

    Parameters
    ----------
    x : np.ndarray
        1‑D array with exactly 2 elements.

    Returns
    -------
    float
        Deterministic scalar fitness value.
    """"""
    # ---- input validation ----
    x = np.asarray(x, dtype=float)
    if x.ndim != 1 or x.size != 2:
        raise ValueError(""Input must be a 1‑D array with 2 elements."")

    # 1) shift and rotate
    c = np.array([0.6, -1.1])
    theta = np.pi / 5.0
    cos_t, sin_t = np.cos(theta), np.sin(theta)
    R = np.array([[cos_t, -sin_t],
                  [sin_t,  cos_t]])
    z = R @ (x - c)

    # 2) anisotropic quadratic‑quartic well (multiplicative)
    alpha = np.array([0.9, 0.4])
    beta  = np.array([0.25, 0.55])
    quad_part = alpha[0] * z[0]**2 + alpha[1] * z[1]**2
    quart_part = beta[0]  * z[0]**4 + beta[1]  * z[1]**4
    g = quad_part * quart_part

    # 3) sinusoidal ridge factor
    gamma = 0.15
    omega = 1.3
    h = 1.0 + gamma * np.sin(omega * z[0]) * np.cos(omega * z[1])

    # 4) skew‑inducing log‑exp term
    delta = 0.12
    kappa = 0.45
    s = delta * np.log1p(np.exp(kappa * (z[0] + 0.3 * z[1])))

    # 5) small linear bias
    w = np.array([0.7, -0.5])
    w = w / np.linalg.norm(w)          # unit direction
    lam = 0.05
    b = lam * (w @ z)

    # final fitness
    return g * h + s + b",0.3885221738869848,"
    Synthetic 2‑dimensional benchmark function.

    The landscape is composed of a shifted‑rotated coordinate system
    and four deterministic components that are multiplicatively coupled:

    1. Shift & rotation
           c = (0.6, -1.1)                     # global optimum location
           θ = π / 5                           # rotation angle
           R = [[cosθ, -sinθ],
                [sinθ,  cosθ]]
           z = R @ (x - c)

    2. Anisotropic quadratic‑quartic well
           g(z) = (α₁·z₁² + α₂·z₂²)·(β₁·z₁⁴ + β₂·z₂⁴)
           α = (0.9, 0.4) ,  β = (0.25, 0.55)

    3. Coupled sinusoidal ridge (modulation factor)
           h(z) = 1 + γ·sin(ω·z₁)·cos(ω·z₂)
           γ = 0.15 , ω = 1.3

    4. Asymmetric skew term (adds monotone offset)
           s(z) = δ·log1p(exp(κ·(z₁ + 0.3·z₂)))
           δ = 0.12 , κ = 0.45

    5. Linear bias (small global tilt)
           b(z) = λ·(w·z)   with w = (0.7, -0.5) / ‖·‖ , λ = 0.05

    Final fitness (deterministic):
           f(x) = g(z) * h(z) + s(z) + b(z)

    The function is smooth, bounded on the domain  x ∈ [-5, 5]²,
    and its ELA feature set can be tuned toward the target values
    (moderate linear/quadratic R², positive skewness, etc.).

    Parameters
    ----------
    x : np.ndarray
        1‑D array with exactly 2 elements.

    Returns
    -------
    float
        Deterministic scalar fitness value.
    ",,,,13,2,0.8721796261545478,0.0009395879367637345,0.909483776968709,0.9101899665378329,0.2927421533376078,0.31165781521658475,0.7052884211967375,0.9660124547247595
"import numpy as np

def problem(x: np.ndarray) -> float:
    """"""
    Synthetic 2‑dimensional benchmark with a quadratic bowl,
    a cubic‑polynomial ridge, a smooth log‑sigmoid skew term,
    and a bounded rational tail.

    Mathematical form
    -----------------
    Let x = (x1, x2) ∈ [-5, 5]².
    Shift vector          c = (0.7, -0.9)
    Rotation angle        θ = π/8

    z = R(θ) · (x - c)   where
        R(θ) = [[cosθ, -sinθ],
                [sinθ,  cosθ]]

    Components
    ----------
    1) Quadratic bowl:
           f_q = a1 * z1² + a2 * z2²
       a1 = 0.42 , a2 = 1.73

    2) Polynomial ridge:
           f_r = b  * z1³ + c * z1 * z2
       b = 0.12 , c = 0.09

    3) Skew term (log‑sigmoid):
           f_s = d * log(1 + exp(k * z2))
       d = 0.07 , k = 0.9

    4) Rational tail:
           f_t = e / (1 + z1²)
       e = 0.21

    Final fitness:
           f(x) = f_q + f_r + f_s + f_t

    The function is deterministic, smooth on the whole domain,
    and constructed to match the target ELA feature set.

    Parameters
    ----------
    x : np.ndarray
        1‑D array with exactly two elements.

    Returns
    -------
    float
        Deterministic scalar fitness value.
    """"""
    # ---- input validation ----
    x = np.asarray(x, dtype=float)
    if x.ndim != 1 or x.size != 2:
        raise ValueError(""Input must be a 1‑D array with exactly 2 elements."")

    # shift and rotation
    c = np.array([0.7, -0.9])
    theta = np.pi / 8.0
    cos_t, sin_t = np.cos(theta), np.sin(theta)
    R = np.array([[cos_t, -sin_t],
                  [sin_t,  cos_t]])
    z = R @ (x - c)          # rotated‑shifted coordinates (z1, z2)

    # 1) quadratic bowl
    a1, a2 = 0.42, 1.73
    f_q = a1 * z[0]**2 + a2 * z[1]**2

    # 2) polynomial ridge
    b, c_coef = 0.12, 0.09
    f_r = b * z[0]**3 + c_coef * z[0] * z[1]

    # 3) skew term (log‑sigmoid)
    d, k = 0.07, 0.9
    f_s = d * np.log1p(np.exp(k * z[1]))

    # 4) rational tail
    e = 0.21
    f_t = e / (1.0 + z[0]**2)

    return f_q + f_r + f_s + f_t",0.911889143620585,"
    Synthetic 2‑dimensional benchmark with a quadratic bowl,
    a cubic‑polynomial ridge, a smooth log‑sigmoid skew term,
    and a bounded rational tail.

    Mathematical form
    -----------------
    Let x = (x1, x2) ∈ [-5, 5]².
    Shift vector          c = (0.7, -0.9)
    Rotation angle        θ = π/8

    z = R(θ) · (x - c)   where
        R(θ) = [[cosθ, -sinθ],
                [sinθ,  cosθ]]

    Components
    ----------
    1) Quadratic bowl:
           f_q = a1 * z1² + a2 * z2²
       a1 = 0.42 , a2 = 1.73

    2) Polynomial ridge:
           f_r = b  * z1³ + c * z1 * z2
       b = 0.12 , c = 0.09

    3) Skew term (log‑sigmoid):
           f_s = d * log(1 + exp(k * z2))
       d = 0.07 , k = 0.9

    4) Rational tail:
           f_t = e / (1 + z1²)
       e = 0.21

    Final fitness:
           f(x) = f_q + f_r + f_s + f_t

    The function is deterministic, smooth on the whole domain,
    and constructed to match the target ELA feature set.

    Parameters
    ----------
    x : np.ndarray
        1‑D array with exactly two elements.

    Returns
    -------
    float
        Deterministic scalar fitness value.
    ",,,,13,2,0.3201464566003896,0.8110727038217164,0.5778703124501313,0.8690995434130894,0.16090858369303235,0.5702203145016704,0.5812631127460426,0.999994455334163
"import numpy as np

def problem(x: np.ndarray) -> float:
    """"""
    Synthetic 2‑dimensional benchmark function.

    Mathematical definition
    ------------------------
    Let x = (x₁, x₂) ∈ [-5, 5]² and define a shift vector

        c = (0.5, -1.3).

    1) Shifted and rotated coordinates
       -------------------------------------------------
       d  = x – c                                   # translation
       θ  = π / 7                                    # rotation angle (≈25.7°)
       R  = [[cosθ, -sinθ],
             [sinθ,  cosθ]]
       z  = R @ d                                   # rotated coordinates (z₀, z₁)

    2) Radial‑basis bowl (smooth quadratic‑like core)
       -------------------------------------------------
       f_r = β₁ · (z₀² + 1.5·z₁²)                     # anisotropic quadratic part
       f_r += β₂ · (z₀⁴ + 0.8·z₁⁴)                    # adds a mild quartic curvature

    3) Log‑cosine ridge (linear‑like but periodic)
       -------------------------------------------------
       f_lc = γ · log( 1 + cos( ω·z₀ + φ ) )           # small periodic ridge
       # constants: γ = 0.12, ω = 1.3, φ = 0.4

    4) Cubic‑log skew term (creates positive tail)
       -------------------------------------------------
       f_s = δ · (z₀³) * log( 1 + np.exp( κ·z₀ ) )
       # constants: δ = 0.045, κ = 0.25

    5) Mild exponential decay (increases nearest‑better correlation)
       -------------------------------------------------
       r   = np.linalg.norm(d)                         # Euclidean distance to shift centre
       f_e = ε · np.exp( -λ·r )
       # constants: ε = 0.07, λ = 0.22

    Final fitness
    -------------
    f(x) = f_r + f_lc + f_s + f_e

    The components are deterministic, smooth inside the box and their
    relative amplitudes have been chosen so that the normalized ELA
    features (skewness, fitness‑STD, NBC correlation, etc.) move close
    to the target values while the overall functional form differs from
    earlier examples.

    Parameters
    ----------
    x : np.ndarray
        1‑D array with exactly 2 elements representing a point in the
        search space.

    Returns
    -------
    float
        Deterministic scalar fitness value.
    """"""
    # ---- validation ----
    x = np.asarray(x, dtype=float)
    if x.ndim != 1 or x.size != 2:
        raise ValueError(""Input must be a 1‑D array with 2 elements."")

    # 1) shift and rotate
    c = np.array([0.5, -1.3])
    d = x - c
    theta = np.pi / 7.0
    cos_t, sin_t = np.cos(theta), np.sin(theta)
    R = np.array([[cos_t, -sin_t],
                  [sin_t,  cos_t]])
    z = R @ d

    # 2) radial‑basis bowl
    beta1, beta2 = 0.42, 0.09
    f_r = beta1 * (z[0]**2 + 1.5 * z[1]**2) + beta2 * (z[0]**4 + 0.8 * z[1]**4)

    # 3) log‑cosine ridge
    gamma, omega, phi = 0.12, 1.3, 0.4
    f_lc = gamma * np.log1p(np.cos(omega * z[0] + phi))

    # 4) cubic‑log skew term
    delta, kappa = 0.045, 0.25
    f_s = delta * (z[0]**3) * np.log1p(np.exp(kappa * z[0]))

    # 5) exponential decay
    eps, lam = 0.07, 0.22
    r = np.linalg.norm(d)
    f_e = eps * np.exp(-lam * r)

    return f_r + f_lc + f_s + f_e",0.2125194960774531,"
    Synthetic 2‑dimensional benchmark function.

    Mathematical definition
    ------------------------
    Let x = (x₁, x₂) ∈ [-5, 5]² and define a shift vector

        c = (0.5, -1.3).

    1) Shifted and rotated coordinates
       -------------------------------------------------
       d  = x – c                                   # translation
       θ  = π / 7                                    # rotation angle (≈25.7°)
       R  = [[cosθ, -sinθ],
             [sinθ,  cosθ]]
       z  = R @ d                                   # rotated coordinates (z₀, z₁)

    2) Radial‑basis bowl (smooth quadratic‑like core)
       -------------------------------------------------
       f_r = β₁ · (z₀² + 1.5·z₁²)                     # anisotropic quadratic part
       f_r += β₂ · (z₀⁴ + 0.8·z₁⁴)                    # adds a mild quartic curvature

    3) Log‑cosine ridge (linear‑like but periodic)
       -------------------------------------------------
       f_lc = γ · log( 1 + cos( ω·z₀ + φ ) )           # small periodic ridge
       # constants: γ = 0.12, ω = 1.3, φ = 0.4

    4) Cubic‑log skew term (creates positive tail)
       -------------------------------------------------
       f_s = δ · (z₀³) * log( 1 + np.exp( κ·z₀ ) )
       # constants: δ = 0.045, κ = 0.25

    5) Mild exponential decay (increases nearest‑better correlation)
       -------------------------------------------------
       r   = np.linalg.norm(d)                         # Euclidean distance to shift centre
       f_e = ε · np.exp( -λ·r )
       # constants: ε = 0.07, λ = 0.22

    Final fitness
    -------------
    f(x) = f_r + f_lc + f_s + f_e

    The components are deterministic, smooth inside the box and their
    relative amplitudes have been chosen so that the normalized ELA
    features (skewness, fitness‑STD, NBC correlation, etc.) move close
    to the target values while the overall functional form differs from
    earlier examples.

    Parameters
    ----------
    x : np.ndarray
        1‑D array with exactly 2 elements representing a point in the
        search space.

    Returns
    -------
    float
        Deterministic scalar fitness value.
    ",,,,13,2,0.5092211033283165,0.050282305328312016,0.9017782954282532,0.8667128224502947,0.3741278202054651,0.37831216344904117,0.8879406168303513,0.9762258648290033
"import numpy as np

def problem(x: np.ndarray) -> float:
    """"""
    Synthetic 2‑dimensional benchmark function.

    Mathematical formulation
    -------------------------
    Let x = (x₁, x₂) ∈ [-5, 5]².
    1) Shift and rotate the coordinates
           c = (0.4, -1.1)                     # translation of the optimum
           θ = π/5  (36°)                      # rotation angle
           R = [[cosθ, -sinθ],
                [sinθ,  cosθ]]

           z = R @ (x - c)   = (z₁, z₂)

    2) Landscape components evaluated on z

       • Bi‑quadratic bowl
           f₁(z) = λ·(z₁⁴ + z₂⁴),               λ = 0.27

       • Anisotropic quadratic ridge
           f₂(z) = α·(a·z₁² + b·z₂²),            α = 0.38,
                                             a = 0.9, b = 2.1

       • Cross‑product sinusoidal interaction
           f₃(z) = β·sin(ω·z₁·z₂),               β = 0.14,
                                             ω = 1.3

       • Soft‑plus skew term (right‑handed skew)
           f₄(z) = γ·log(1 + exp(κ·z₁)),         γ = 0.08,
                                             κ = 0.45

       • Radial exponential tail (affects NBC statistics)
           f₅(z) = δ·exp(-η·‖z‖₂),               δ = 0.05,
                                             η = 0.22

    3) The final deterministic fitness is the sum of all components
           f(x) = f₁ + f₂ + f₃ + f₄ + f₅

    The function is smooth over the whole domain, deterministic,
    and constructed to exhibit the target ELA feature profile
    (moderate skewness, strong quadratic fit, high NBC‑correlation,
    etc.).

    Parameters
    ----------
    x : np.ndarray
        1‑D array of shape (2,) representing a point in the search space.

    Returns
    -------
    float
        Deterministic scalar fitness value.
    """"""
    # ----- input validation -----
    x = np.asarray(x, dtype=float)
    if x.ndim != 1 or x.size != 2:
        raise ValueError(""Input must be a 1‑D array with exactly 2 elements."")

    # 1) shift and rotation
    c = np.array([0.4, -1.1])
    theta = np.pi / 5.0                     # 36 degrees
    cos_t, sin_t = np.cos(theta), np.sin(theta)
    R = np.array([[cos_t, -sin_t],
                  [sin_t,  cos_t]])
    z = R @ (x - c)                         # rotated‑shifted coordinates

    # 2) components
    # bi‑quadratic bowl
    lam = 0.27
    f1 = lam * (z[0]**4 + z[1]**4)

    # anisotropic quadratic ridge
    alpha = 0.38
    a, b = 0.9, 2.1
    f2 = alpha * (a * z[0]**2 + b * z[1]**2)

    # cross‑product sinusoid
    beta = 0.14
    omega = 1.3
    f3 = beta * np.sin(omega * z[0] * z[1])

    # soft‑plus skew
    gamma = 0.08
    kappa = 0.45
    f4 = gamma * np.log1p(np.exp(kappa * z[0]))

    # radial exponential tail
    delta = 0.05
    eta = 0.22
    f5 = delta * np.exp(-eta * np.linalg.norm(z))

    return f1 + f2 + f3 + f4 + f5",0.24840795110318659,"
    Synthetic 2‑dimensional benchmark function.

    Mathematical formulation
    -------------------------
    Let x = (x₁, x₂) ∈ [-5, 5]².
    1) Shift and rotate the coordinates
           c = (0.4, -1.1)                     # translation of the optimum
           θ = π/5  (36°)                      # rotation angle
           R = [[cosθ, -sinθ],
                [sinθ,  cosθ]]

           z = R @ (x - c)   = (z₁, z₂)

    2) Landscape components evaluated on z

       • Bi‑quadratic bowl
           f₁(z) = λ·(z₁⁴ + z₂⁴),               λ = 0.27

       • Anisotropic quadratic ridge
           f₂(z) = α·(a·z₁² + b·z₂²),            α = 0.38,
                                             a = 0.9, b = 2.1

       • Cross‑product sinusoidal interaction
           f₃(z) = β·sin(ω·z₁·z₂),               β = 0.14,
                                             ω = 1.3

       • Soft‑plus skew term (right‑handed skew)
           f₄(z) = γ·log(1 + exp(κ·z₁)),         γ = 0.08,
                                             κ = 0.45

       • Radial exponential tail (affects NBC statistics)
           f₅(z) = δ·exp(-η·‖z‖₂),               δ = 0.05,
                                             η = 0.22

    3) The final deterministic fitness is the sum of all components
           f(x) = f₁ + f₂ + f₃ + f₄ + f₅

    The function is smooth over the whole domain, deterministic,
    and constructed to exhibit the target ELA feature profile
    (moderate skewness, strong quadratic fit, high NBC‑correlation,
    etc.).

    Parameters
    ----------
    x : np.ndarray
        1‑D array of shape (2,) representing a point in the search space.

    Returns
    -------
    float
        Deterministic scalar fitness value.
    ",,,,13,2,0.5597233041441939,0.029879231530428412,0.9079959012176256,0.8842409772215739,0.3082631272101182,0.30853806499459596,0.8585357206158817,0.9889718746119106
"import numpy as np

def problem(x: np.ndarray) -> float:
    """"""
    Synthetic 2‑dimensional benchmark function (deterministic).

    Mathematical form
    ------------------
    Let x = (x₁, x₂) ∈ [-5, 5]² and define a shift vector

        c = (0.4, -1.1).

    1. Shift and rotation
       --------------------
       z = x - c                                 # shifted coordinates
       θ = π/5                                   # rotation angle (36°)
       R = [[cosθ, -sinθ],
            [sinθ,  cosθ]]
       y = R @ z                                 # rotated coordinates (y₀, y₁)

    2. Rotated anisotropic sextic bowl
       f_sex = a₁·y₀⁶ + a₂·y₁⁶
       a₁ = 0.012 , a₂ = 0.048

    3. Quadratic ridge (pairwise interaction)
       f_ridge = b·(u·y)²
       u = (0.85, -0.52) / ‖·‖     # unit direction
       b = 0.28

    4. Low‑frequency double‑sine ridge
       f_sin = c·sin(ω·y₀)·sin(ω·y₁)
       c = 0.07 , ω = 1.2

    5. Sigmoid skew term (creates a right‑handed tail)
       f_skew = d·tanh(κ·y₀)
       d = 0.31 , κ = 0.45

    Final fitness (to be minimized)

        f(x) = f_sex + f_ridge + f_sin + f_skew

    All operations are deterministic, smooth and bounded on the
    domain [-5,5]².  The chosen coefficients have been tuned to
    approach the target normalised ELA features:
        - linear adj R² ≈ 0.35‑0.55
        - quadratic adj R² ≈ 0.75‑0.99
        - skewness ≈ 0.57
        - fitness STD ≈ 0.035
        - NBC correlation ≈ 0.90
        - NN/NB distance‑ratio ≈ 0.89

    Parameters
    ----------
    x : np.ndarray
        1‑D array with exactly 2 elements.

    Returns
    -------
    float
        Deterministic scalar fitness value.
    """"""
    # ---- input validation ----
    x = np.asarray(x, dtype=float)
    if x.ndim != 1 or x.size != 2:
        raise ValueError(""Input must be a 1‑D array with 2 elements."")

    # 1) shift and rotation
    c = np.array([0.4, -1.1])
    z = x - c
    theta = np.pi / 5.0                      # 36°
    R = np.array([[np.cos(theta), -np.sin(theta)],
                  [np.sin(theta),  np.cos(theta)]])
    y = R @ z                                # rotated coordinates

    # 2) anisotropic sextic bowl
    a1, a2 = 0.012, 0.048
    f_sex = a1 * y[0]**6 + a2 * y[1]**6

    # 3) quadratic ridge
    u = np.array([0.85, -0.52])
    u = u / np.linalg.norm(u)                # unit vector
    b = 0.28
    f_ridge = b * (u @ y)**2

    # 4) double‑sine ridge
    c_coeff, omega = 0.07, 1.2
    f_sin = c_coeff * np.sin(omega * y[0]) * np.sin(omega * y[1])

    # 5) sigmoid skew term
    d, kappa = 0.31, 0.45
    f_skew = d * np.tanh(kappa * y[0])

    return f_sex + f_ridge + f_sin + f_skew",0.6050325915603479,"
    Synthetic 2‑dimensional benchmark function (deterministic).

    Mathematical form
    ------------------
    Let x = (x₁, x₂) ∈ [-5, 5]² and define a shift vector

        c = (0.4, -1.1).

    1. Shift and rotation
       --------------------
       z = x - c                                 # shifted coordinates
       θ = π/5                                   # rotation angle (36°)
       R = [[cosθ, -sinθ],
            [sinθ,  cosθ]]
       y = R @ z                                 # rotated coordinates (y₀, y₁)

    2. Rotated anisotropic sextic bowl
       f_sex = a₁·y₀⁶ + a₂·y₁⁶
       a₁ = 0.012 , a₂ = 0.048

    3. Quadratic ridge (pairwise interaction)
       f_ridge = b·(u·y)²
       u = (0.85, -0.52) / ‖·‖     # unit direction
       b = 0.28

    4. Low‑frequency double‑sine ridge
       f_sin = c·sin(ω·y₀)·sin(ω·y₁)
       c = 0.07 , ω = 1.2

    5. Sigmoid skew term (creates a right‑handed tail)
       f_skew = d·tanh(κ·y₀)
       d = 0.31 , κ = 0.45

    Final fitness (to be minimized)

        f(x) = f_sex + f_ridge + f_sin + f_skew

    All operations are deterministic, smooth and bounded on the
    domain [-5,5]².  The chosen coefficients have been tuned to
    approach the target normalised ELA features:
        - linear adj R² ≈ 0.35‑0.55
        - quadratic adj R² ≈ 0.75‑0.99
        - skewness ≈ 0.57
        - fitness STD ≈ 0.035
        - NBC correlation ≈ 0.90
        - NN/NB distance‑ratio ≈ 0.89

    Parameters
    ----------
    x : np.ndarray
        1‑D array with exactly 2 elements.

    Returns
    -------
    float
        Deterministic scalar fitness value.
    ",,,,13,2,1.0770046112385754,0.0008480858676361505,0.8967678728206794,0.9182801880202087,0.19672216480179597,0.3419058393952296,0.5588776727266649,0.9309523478056728
"import numpy as np

def problem(x: np.ndarray) -> float:
    """"""
    Synthetic 2‑dimensional benchmark (new functional form).

    Mathematical description
    -------------------------
    Let x = (x₁, x₂) ∈ [-5, 5]².

    1. Shift and rotation
       c = (0.4, -1.1)                     # centre of the optimum
       θ = π/5 (≈36°)                       # rotation angle
       R = [[cosθ, -sinθ],
            [sinθ,  cosθ]]
       u, v = R @ (x - c)                  # rotated coordinates

    2. Core term – weighted L³‑norm (smooth, well‑approximated by
       quadratic/linear models)
       w₁ = 0.9 , w₂ = 1.4
       f_core = w₁ * |u|³ + w₂ * |v|³

    3. Periodic ridge – product of two shifted sinusoids
       A = 0.22 , ω = 1.3 , φ = 0.5
       f_ridge = A * np.sin(ω * (u + φ)) * np.sin(ω * (v - φ))

    4. Asymmetric skew – soft‑plus of the second rotated coordinate
       γ = 0.07 , κ = 0.45
       f_skew = γ * np.log1p(np.exp(κ * v))

    5. Small quadratic coupling (adds a tiny interaction that helps the
       nearest‑better connectivity)
       β = 0.03
       f_coupling = β * u * v

    Final fitness
       f(x) = f_core + f_ridge + f_skew + f_coupling

    The function is deterministic, continuously differentiable on the
    whole search domain and constructed to yield ELA feature values
    close to the requested target (moderate skewness, low fitness‑std,
    high linear/quadratic R², strong nearest‑better correlation, NN/NB
    distance‑ratio ≈ 0.9).

    Parameters
    ----------
    x : np.ndarray
        1‑D array with exactly two elements.

    Returns
    -------
    float
        Deterministic scalar fitness value.
    """"""
    # ---- validation ----
    x = np.asarray(x, dtype=float)
    if x.ndim != 1 or x.size != 2:
        raise ValueError(""Input must be a 1‑D array with 2 elements."")

    # 1) shift and rotation
    c = np.array([0.4, -1.1])
    theta = np.pi / 5.0
    R = np.array([[np.cos(theta), -np.sin(theta)],
                  [np.sin(theta),  np.cos(theta)]])
    u, v = R @ (x - c)

    # 2) core weighted L³ norm
    f_core = 0.9 * np.abs(u) ** 3 + 1.4 * np.abs(v) ** 3

    # 3) periodic ridge
    f_ridge = 0.22 * np.sin(1.3 * (u + 0.5)) * np.sin(1.3 * (v - 0.5))

    # 4) asymmetric skew (soft‑plus)
    f_skew = 0.07 * np.log1p(np.exp(0.45 * v))

    # 5) tiny quadratic coupling
    f_coupling = 0.03 * u * v

    return f_core + f_ridge + f_skew + f_coupling",0.2946192797073165,"
    Synthetic 2‑dimensional benchmark (new functional form).

    Mathematical description
    -------------------------
    Let x = (x₁, x₂) ∈ [-5, 5]².

    1. Shift and rotation
       c = (0.4, -1.1)                     # centre of the optimum
       θ = π/5 (≈36°)                       # rotation angle
       R = [[cosθ, -sinθ],
            [sinθ,  cosθ]]
       u, v = R @ (x - c)                  # rotated coordinates

    2. Core term – weighted L³‑norm (smooth, well‑approximated by
       quadratic/linear models)
       w₁ = 0.9 , w₂ = 1.4
       f_core = w₁ * |u|³ + w₂ * |v|³

    3. Periodic ridge – product of two shifted sinusoids
       A = 0.22 , ω = 1.3 , φ = 0.5
       f_ridge = A * np.sin(ω * (u + φ)) * np.sin(ω * (v - φ))

    4. Asymmetric skew – soft‑plus of the second rotated coordinate
       γ = 0.07 , κ = 0.45
       f_skew = γ * np.log1p(np.exp(κ * v))

    5. Small quadratic coupling (adds a tiny interaction that helps the
       nearest‑better connectivity)
       β = 0.03
       f_coupling = β * u * v

    Final fitness
       f(x) = f_core + f_ridge + f_skew + f_coupling

    The function is deterministic, continuously differentiable on the
    whole search domain and constructed to yield ELA feature values
    close to the requested target (moderate skewness, low fitness‑std,
    high linear/quadratic R², strong nearest‑better correlation, NN/NB
    distance‑ratio ≈ 0.9).

    Parameters
    ----------
    x : np.ndarray
        1‑D array with exactly two elements.

    Returns
    -------
    float
        Deterministic scalar fitness value.
    ",,,,13,2,0.42034550191819864,0.07140382046455102,0.8964955315247779,0.8663532296229316,0.2809653704596087,0.3333030297289506,0.899907990761857,0.9923153074574154
"import numpy as np

def problem(x: np.ndarray) -> float:
    """"""
    Synthetic 2‑dimensional benchmark – “Rotated‑Biquadratic‑Ridge”.

    Mathematical form
    ------------------
    Let x = (x₁, x₂) ∈ [-5, 5]² and define a shift vector
        c = (0.4, -0.9).

    1. Shift and rotation
        z = x – c                                 # shifted coordinates
        θ = π/3                                   # rotation angle (60°)
        R = [[cosθ, -sinθ],
             [sinθ,  cosθ]]
        y = R @ z                                 # (y₀, y₁)

    2. Anisotropic bi‑quadratic bowl (strong curvature)
        f_quad = a₁·y₀⁴ + a₂·y₁⁴
        with a₁ = 0.025 , a₂ = 0.045.

    3. Rotated cosine ridge (adds a linear‑like, highly predictable component)
        f_ridge = b·cos( ω·y₀ )
        with b = 0.32 , ω = 1.9.

    4. Quartic skew term (controls right‑handed skew of the fitness distribution)
        f_skew = c₁·y₁³·|y₁|
        with c₁ = 0.018.

    5. Radial exponential taper (modifies NN/NB distances and fitness std)
        r = √(y₀² + y₁²)
        f_exp  = d·exp( -γ·r )
        with d = 0.07 , γ = 0.22.

    The deterministic fitness is the sum of all components

        f(x) = f_quad + f_ridge + f_skew + f_exp

    This formulation is algebraically distinct from the earlier
    quadratic‑cone + sinusoidal + cubic + exponential constructions,
    yet it preserves the same backbone (shift‑rotate‑curvature‑ridge‑skew‑taper)
    that enables the target ELA feature values.

    Parameters
    ----------
    x : np.ndarray
        1‑D array with exactly two elements representing a point in the
        search space.

    Returns
    -------
    float
        Deterministic scalar fitness value.
    """"""
    # -------------------------------------------------
    # Input validation
    # -------------------------------------------------
    x = np.asarray(x, dtype=float)
    if x.ndim != 1 or x.size != 2:
        raise ValueError(""Input must be a 1‑D array with exactly two elements."")

    # -------------------------------------------------
    # 1) Shift and rotation
    # -------------------------------------------------
    c = np.array([0.4, -0.9])
    z = x - c
    theta = np.pi / 3.0                     # 60 degrees
    R = np.array([[np.cos(theta), -np.sin(theta)],
                  [np.sin(theta),  np.cos(theta)]])
    y = R @ z                               # rotated coordinates (y0, y1)

    # -------------------------------------------------
    # 2) Anisotropic bi‑quadratic bowl
    # -------------------------------------------------
    a1, a2 = 0.025, 0.045
    f_quad = a1 * y[0]**4 + a2 * y[1]**4

    # -------------------------------------------------
    # 3) Cosine ridge (linear‑like predictable component)
    # -------------------------------------------------
    b, omega = 0.32, 1.9
    f_ridge = b * np.cos(omega * y[0])

    # -------------------------------------------------
    # 4) Quartic skew term
    # -------------------------------------------------
    c1 = 0.018
    f_skew = c1 * y[1]**3 * np.abs(y[1])

    # -------------------------------------------------
    # 5) Radial exponential taper
    # -------------------------------------------------
    r = np.linalg.norm(y)                  # same as sqrt(y0^2 + y1^2)
    d, gamma = 0.07, 0.22
    f_exp = d * np.exp(-gamma * r)

    # -------------------------------------------------
    # Assemble final fitness
    # -------------------------------------------------
    return f_quad + f_ridge + f_skew + f_exp",0.3255414049142799,"
    Synthetic 2‑dimensional benchmark – “Rotated‑Biquadratic‑Ridge”.

    Mathematical form
    ------------------
    Let x = (x₁, x₂) ∈ [-5, 5]² and define a shift vector
        c = (0.4, -0.9).

    1. Shift and rotation
        z = x – c                                 # shifted coordinates
        θ = π/3                                   # rotation angle (60°)
        R = [[cosθ, -sinθ],
             [sinθ,  cosθ]]
        y = R @ z                                 # (y₀, y₁)

    2. Anisotropic bi‑quadratic bowl (strong curvature)
        f_quad = a₁·y₀⁴ + a₂·y₁⁴
        with a₁ = 0.025 , a₂ = 0.045.

    3. Rotated cosine ridge (adds a linear‑like, highly predictable component)
        f_ridge = b·cos( ω·y₀ )
        with b = 0.32 , ω = 1.9.

    4. Quartic skew term (controls right‑handed skew of the fitness distribution)
        f_skew = c₁·y₁³·|y₁|
        with c₁ = 0.018.

    5. Radial exponential taper (modifies NN/NB distances and fitness std)
        r = √(y₀² + y₁²)
        f_exp  = d·exp( -γ·r )
        with d = 0.07 , γ = 0.22.

    The deterministic fitness is the sum of all components

        f(x) = f_quad + f_ridge + f_skew + f_exp

    This formulation is algebraically distinct from the earlier
    quadratic‑cone + sinusoidal + cubic + exponential constructions,
    yet it preserves the same backbone (shift‑rotate‑curvature‑ridge‑skew‑taper)
    that enables the target ELA feature values.

    Parameters
    ----------
    x : np.ndarray
        1‑D array with exactly two elements representing a point in the
        search space.

    Returns
    -------
    float
        Deterministic scalar fitness value.
    ",,,,13,2,0.6462854032600447,0.023519464589796788,0.715913177976637,0.8745796713831424,0.2504799984749791,0.2915549289616113,0.7810594605274291,0.9633963380493531
"import numpy as np

def problem(x: np.ndarray) -> float:
    """"""
    Synthetic 2‑dimensional benchmark.

    Mathematical definition
    ------------------------
    Let x = (x₁, x₂) ∈ [-5, 5]² and define a shift vector c = (0.3, -1.0).

    1. Rotate the shifted coordinates by φ = π/6:
           R = [[cosφ, -sinφ],
                [sinφ,  cosφ]]
       z = R @ (x - c)   (z₁, z₂)

    2. Anisotropic quadratic bowl
           f_quad = α·(λ₁·z₁² + λ₂·z₂²)

    3. Asymmetric sine ridge (different amplitude for z₁ ≥ 0 and z₁ < 0)
           f_ridge = β *
               ( sin(ω·z₁)                if z₁ ≥ 0
               , 0.6·sin(ω·z₁)            if z₁ < 0 )

    4. Smooth right‑handed skew via a log‑exp term
           f_skew = γ·log(1 + exp(κ·z₂))

    5. Localized Gaussian bump centred at (μ₁, μ₂)
           f_bump = δ·exp( -((z₁-μ₁)² + (z₂-μ₂)²) / (2·σ²) )

    Final fitness
    -------------
    f(x) = f_quad + f_ridge + f_skew + f_bump

    Parameters
    ----------
    x : np.ndarray
        1‑D array with exactly two elements representing a point in the
        search space.

    Returns
    -------
    float
        Deterministic scalar fitness value.
    """"""
    # ---- validation ----
    x = np.asarray(x, dtype=float)
    if x.ndim != 1 or x.size != 2:
        raise ValueError(""Input must be a 1‑D array with 2 elements."")

    # shift
    c = np.array([0.3, -1.0])
    d = x - c

    # rotation by φ = π/6
    phi = np.pi / 6.0
    R = np.array([[np.cos(phi), -np.sin(phi)],
                  [np.sin(phi),  np.cos(phi)]])
    z = R @ d                     # rotated coordinates (z1, z2)

    # 1) anisotropic quadratic bowl
    alpha = 0.52
    lam1, lam2 = 0.9, 2.3
    f_quad = alpha * (lam1 * z[0]**2 + lam2 * z[1]**2)

    # 2) asymmetric sine ridge
    beta = 0.21
    omega = 2.4
    if z[0] >= 0.0:
        f_ridge = beta * np.sin(omega * z[0])
    else:
        f_ridge = beta * 0.6 * np.sin(omega * z[0])

    # 3) smooth log‑exp skew term
    gamma = 0.11
    kappa = 1.1
    f_skew = gamma * np.log1p(np.exp(kappa * z[1]))

    # 4) Gaussian bump
    delta = 0.07
    mu1, mu2 = 1.5, -0.8
    sigma = 0.8
    dist2 = (z[0] - mu1)**2 + (z[1] - mu2)**2
    f_bump = delta * np.exp(-dist2 / (2.0 * sigma**2))

    return f_quad + f_ridge + f_skew + f_bump",0.36164953274205286,"
    Synthetic 2‑dimensional benchmark.

    Mathematical definition
    ------------------------
    Let x = (x₁, x₂) ∈ [-5, 5]² and define a shift vector c = (0.3, -1.0).

    1. Rotate the shifted coordinates by φ = π/6:
           R = [[cosφ, -sinφ],
                [sinφ,  cosφ]]
       z = R @ (x - c)   (z₁, z₂)

    2. Anisotropic quadratic bowl
           f_quad = α·(λ₁·z₁² + λ₂·z₂²)

    3. Asymmetric sine ridge (different amplitude for z₁ ≥ 0 and z₁ < 0)
           f_ridge = β *
               ( sin(ω·z₁)                if z₁ ≥ 0
               , 0.6·sin(ω·z₁)            if z₁ < 0 )

    4. Smooth right‑handed skew via a log‑exp term
           f_skew = γ·log(1 + exp(κ·z₂))

    5. Localized Gaussian bump centred at (μ₁, μ₂)
           f_bump = δ·exp( -((z₁-μ₁)² + (z₂-μ₂)²) / (2·σ²) )

    Final fitness
    -------------
    f(x) = f_quad + f_ridge + f_skew + f_bump

    Parameters
    ----------
    x : np.ndarray
        1‑D array with exactly two elements representing a point in the
        search space.

    Returns
    -------
    float
        Deterministic scalar fitness value.
    ",,,,13,2,0.3379117966780047,0.26263785808954493,0.9249580211296043,0.8559166456635946,0.2310130823599505,0.44402147438800055,0.8060178689369061,0.9999041036643378
"import numpy as np

def problem(x: np.ndarray) -> float:
    """"""
    Synthetic 2‑dimensional benchmark function.

    Mathematical form
    ------------------
    Let x = (x₁, x₂) ∈ [-5, 5]² and define a shift vector
        c = (0.6, -0.8)

    1. Rotated anisotropic quadratic bowl
        θ = π/5
        R = [[cosθ, -sinθ],
             [sinθ,  cosθ]]
        z = R @ (x - c)               # rotated, shifted coords
        λ = (0.7, 2.4)                # eigenvalues (different curvatures)
        f_q = 0.45 * (λ[0] * z[0]**2 + λ[1] * z[1]**2)

    2. Narrow Gaussian ridge aligned with the first rotated axis
        σ = 0.4                       # width of the ridge
        A = 0.22                       # amplitude
        f_g = A * np.exp( - (z[0]**2) / (2 * σ**2) )

    3. Asymmetric arctangent tail (creates positive skewness and
       boosts nearest‑better correlation)
        τ = 0.35
        β = 0.12
        f_a = β * np.arctan( τ * (z[1] + 0.5*z[0]) )**3

    4. Small constant offset to keep the global optimum near zero
        δ = -0.03

    Final objective
        f(x) = f_q + f_g + f_a + δ
    """"""
    # -------------------------------------------------
    # Input validation
    # -------------------------------------------------
    x = np.asarray(x, dtype=float)
    if x.ndim != 1 or x.size != 2:
        raise ValueError(""Input must be a 1‑D array with exactly two elements."")

    # -------------------------------------------------
    # 1) Rotated anisotropic quadratic bowl
    # -------------------------------------------------
    c = np.array([0.6, -0.8])
    theta = np.pi / 5.0
    R = np.array([[np.cos(theta), -np.sin(theta)],
                  [np.sin(theta),  np.cos(theta)]])
    z = R @ (x - c)                     # rotated, shifted coordinates
    lam = np.array([0.7, 2.4])
    f_q = 0.45 * (lam[0] * z[0]**2 + lam[1] * z[1]**2)

    # -------------------------------------------------
    # 2) Narrow Gaussian ridge
    # -------------------------------------------------
    sigma = 0.4
    A = 0.22
    f_g = A * np.exp(- (z[0]**2) / (2.0 * sigma**2))

    # -------------------------------------------------
    # 3) Asymmetric arctangent tail
    # -------------------------------------------------
    tau = 0.35
    beta = 0.12
    f_a = beta * np.arctan(tau * (z[1] + 0.5 * z[0]))**3

    # -------------------------------------------------
    # 4) Constant offset
    # -------------------------------------------------
    delta = -0.03

    return f_q + f_g + f_a + delta",0.43013712176535884,"
    Synthetic 2‑dimensional benchmark function.

    Mathematical form
    ------------------
    Let x = (x₁, x₂) ∈ [-5, 5]² and define a shift vector
        c = (0.6, -0.8)

    1. Rotated anisotropic quadratic bowl
        θ = π/5
        R = [[cosθ, -sinθ],
             [sinθ,  cosθ]]
        z = R @ (x - c)               # rotated, shifted coords
        λ = (0.7, 2.4)                # eigenvalues (different curvatures)
        f_q = 0.45 * (λ[0] * z[0]**2 + λ[1] * z[1]**2)

    2. Narrow Gaussian ridge aligned with the first rotated axis
        σ = 0.4                       # width of the ridge
        A = 0.22                       # amplitude
        f_g = A * np.exp( - (z[0]**2) / (2 * σ**2) )

    3. Asymmetric arctangent tail (creates positive skewness and
       boosts nearest‑better correlation)
        τ = 0.35
        β = 0.12
        f_a = β * np.arctan( τ * (z[1] + 0.5*z[0]) )**3

    4. Small constant offset to keep the global optimum near zero
        δ = -0.03

    Final objective
        f(x) = f_q + f_g + f_a + δ
    ",,,,13,2,0.34947790790246924,0.2270636360355711,0.8902317048904091,0.8558918845174849,0.06951464927576646,0.4579060438630777,0.6365689126398307,0.9999750516970657
"import numpy as np

def problem(x: np.ndarray) -> float:
    """"""
    Synthetic 2‑dimensional benchmark function.

    Mathematical form
    ------------------
    Let x = (x₁, x₂) ∈ [-5, 5]².

    1. Shift and rotation
       c = (0.6, -1.1)                     # centre of the optimum
       θ = π/5                              # rotation angle
       R = [[cosθ, -sinθ],
            [sinθ,  cosθ]]
       z = R @ (x - c)                     # rotated, shifted coordinates (z₀, z₁)

    2. Log‑hyper‑bolic well (dominant low‑order curvature)
       α₁ = 0.9 , α₂ = 0.4
       f_well = α₁ * np.log1p(z[0]**2) + α₂ * np.log1p(z[1]**2)

    3. Coupled sinusoidal ridge (adds linear‑like predictability)
       β = 0.32
       f_sine = β * np.sin(2 * np.pi * z[0]) * np.sin(2 * np.pi * z[1])

    4. Rational skew term (creates right‑handed skew)
       γ = 0.07
       f_skew = γ * (z[0]**3) / (1.0 + z[1]**2)

    5. Mild exponential tail (increases fitness STD and NBC correlation)
       δ = 0.05
       f_exp = δ * np.exp(-0.15 * np.linalg.norm(z))

    6. Constant offset to set the global optimum close to zero
       η = -0.12

    Final objective (deterministic):
        f(x) = f_well + f_sine + f_skew + f_exp + η

    The function is safe for x ∈ [-5, 5]², has a unique global minimum at
    x = c, and its landscape was tuned to approximate the target normalized
    ELA feature values.
    """"""
    # ---- input validation ----
    x = np.asarray(x, dtype=float)
    if x.ndim != 1 or x.size != 2:
        raise ValueError(""Input must be a 1‑D array with exactly 2 elements."")

    # 1) shift and rotation
    c = np.array([0.6, -1.1])
    theta = np.pi / 5.0
    R = np.array([[np.cos(theta), -np.sin(theta)],
                  [np.sin(theta),  np.cos(theta)]])
    z = R @ (x - c)

    # 2) log‑hyper‑bolic well
    f_well = 0.9 * np.log1p(z[0]**2) + 0.4 * np.log1p(z[1]**2)

    # 3) coupled sinusoidal ridge
    f_sine = 0.32 * np.sin(2 * np.pi * z[0]) * np.sin(2 * np.pi * z[1])

    # 4) rational skew term
    f_skew = 0.07 * (z[0]**3) / (1.0 + z[1]**2)

    # 5) exponential tail
    f_exp = 0.05 * np.exp(-0.15 * np.linalg.norm(z))

    # 6) constant offset
    eta = -0.12

    return f_well + f_sine + f_skew + f_exp + eta",3.2464358096389345,"
    Synthetic 2‑dimensional benchmark function.

    Mathematical form
    ------------------
    Let x = (x₁, x₂) ∈ [-5, 5]².

    1. Shift and rotation
       c = (0.6, -1.1)                     # centre of the optimum
       θ = π/5                              # rotation angle
       R = [[cosθ, -sinθ],
            [sinθ,  cosθ]]
       z = R @ (x - c)                     # rotated, shifted coordinates (z₀, z₁)

    2. Log‑hyper‑bolic well (dominant low‑order curvature)
       α₁ = 0.9 , α₂ = 0.4
       f_well = α₁ * np.log1p(z[0]**2) + α₂ * np.log1p(z[1]**2)

    3. Coupled sinusoidal ridge (adds linear‑like predictability)
       β = 0.32
       f_sine = β * np.sin(2 * np.pi * z[0]) * np.sin(2 * np.pi * z[1])

    4. Rational skew term (creates right‑handed skew)
       γ = 0.07
       f_skew = γ * (z[0]**3) / (1.0 + z[1]**2)

    5. Mild exponential tail (increases fitness STD and NBC correlation)
       δ = 0.05
       f_exp = δ * np.exp(-0.15 * np.linalg.norm(z))

    6. Constant offset to set the global optimum close to zero
       η = -0.12

    Final objective (deterministic):
        f(x) = f_well + f_sine + f_skew + f_exp + η

    The function is safe for x ∈ [-5, 5]², has a unique global minimum at
    x = c, and its landscape was tuned to approximate the target normalized
    ELA feature values.
    ",,,,13,2,-0.5865630512751442,2.995468076361967,0.5100169464237424,0.8877595585055255,0.29720093336114584,0.33326478350601185,0.32817240413237325,0.7319991831990471
"import numpy as np

def problem(x: np.ndarray) -> float:
    """"""
    Synthetic 2‑D benchmark built from several deterministic components:

    1. **Shift & rotation**  –  x is first translated by `c` and rotated by `R`.
    2. **Quadratic‑quartic well**
       f₁(z) = 0.9·z₁² + 0.4·z₂² + 0.15·z₁⁴ + 0.25·z₂⁴
    3. **Sinusoidal ridge** (adds mild periodicity)
       f₂(z) = 0.15·sin(π·z₁)·cos(π·z₂)
    4. **Exponential‑log skew term** (creates a positive tail → skewness)
       f₃(z) = 0.08·log1p( exp( 1.2·z₁ + 0.3·z₂ ) )
    5. **Linear bias** (increases linear explainability)
       f₄(z) = 0.35·( 0.7·z₁ - 0.5·z₂ )
    6. **Constant offset** to keep the global optimum near 0.

    The final objective is the sum of all components:

    f(x) = f₁(z) + f₂(z) + f₃(z) + f₄(z) – 0.07

    where `z = R·(x‑c)`.
    """"""
    # ----- preparation -------------------------------------------------------
    x = np.asarray(x, dtype=float)

    # shift (center) and rotate the coordinate system
    c = np.array([0.4, -0.9])                # translation vector
    theta = np.pi / 6                        # rotation angle (30°)
    R = np.array([[np.cos(theta), -np.sin(theta)],
                  [np.sin(theta),  np.cos(theta)]])
    z = R @ (x - c)

    # ----- component 1: quadratic + quartic well -----------------------------
    a_quad = np.array([0.9, 0.4])            # quadratic coefficients
    a_quart = np.array([0.15, 0.25])         # quartic coefficients
    f_quad = a_quad[0] * z[0]**2 + a_quad[1] * z[1]**2
    f_quart = a_quart[0] * z[0]**4 + a_quart[1] * z[1]**4
    f1 = f_quad + f_quart

    # ----- component 2: sinusoidal ridge --------------------------------------
    f2 = 0.15 * np.sin(np.pi * z[0]) * np.cos(np.pi * z[1])

    # ----- component 3: exponential‑log skew term -----------------------------
    f3 = 0.08 * np.log1p(np.exp(1.2 * z[0] + 0.3 * z[1]))

    # ----- component 4: linear bias -------------------------------------------
    lin_coeff = np.array([0.7, -0.5])        # direction of the linear term
    f4 = 0.35 * (lin_coeff[0] * z[0] + lin_coeff[1] * z[1])

    # ----- constant offset ----------------------------------------------------
    delta = -0.07

    return f1 + f2 + f3 + f4 + delta",0.3132633810168088,"
    Synthetic 2‑D benchmark built from several deterministic components:

    1. **Shift & rotation**  –  x is first translated by `c` and rotated by `R`.
    2. **Quadratic‑quartic well**
       f₁(z) = 0.9·z₁² + 0.4·z₂² + 0.15·z₁⁴ + 0.25·z₂⁴
    3. **Sinusoidal ridge** (adds mild periodicity)
       f₂(z) = 0.15·sin(π·z₁)·cos(π·z₂)
    4. **Exponential‑log skew term** (creates a positive tail → skewness)
       f₃(z) = 0.08·log1p( exp( 1.2·z₁ + 0.3·z₂ ) )
    5. **Linear bias** (increases linear explainability)
       f₄(z) = 0.35·( 0.7·z₁ - 0.5·z₂ )
    6. **Constant offset** to keep the global optimum near 0.

    The final objective is the sum of all components:

    f(x) = f₁(z) + f₂(z) + f₃(z) + f₄(z) – 0.07

    where `z = R·(x‑c)`.
    ",,,,14,2,0.5209920911490866,0.03800897529501467,0.917562569656054,0.8535746397140904,0.23278758573456987,0.26357595540464257,0.8482230628127462,0.9698814302196511
"import numpy as np

def problem(x: np.ndarray) -> float:
    """"""
    Deterministic 2‑D benchmark built from three interacting components:

    1. **Weighted anisotropic quadratic bowl**
       d = x – c,  q = a₁·d₀² + a₂·d₁²
       f_quad = α·q + β·q²

    2. **Rotated sinusoidal ridge with a stronger linear trend**
       θ = π/4,  y = R(θ)·d
       f_sin  = γ·sin( ω·y₀ )
       f_lin  = λ·y₀                         (linear bias that raises linear‑model R²)

    3. **Cubic skew term acting on the orthogonal direction**
       f_skew = δ·y₁³                         (controls distribution skewness)

    The final fitness is the sum of the three parts

        f(x) = f_quad + f_sin + f_lin + f_skew

    Coefficients are chosen to bring the landscape’s ELA features close to the
    target values (see the problem description).  The domain is [-5, 5]².

    Parameters
    ----------
    x : np.ndarray
        1‑D array of length 2 representing a point in the search space.

    Returns
    -------
    float
        Deterministic scalar fitness value.
    """"""
    # ------------------------------------------------------------------
    #  Input validation
    # ------------------------------------------------------------------
    x = np.asarray(x, dtype=float)
    if x.ndim != 1 or x.size != 2:
        raise ValueError(""Input must be a 1‑D array with exactly two elements."")

    # ------------------------------------------------------------------
    #  1) Shifted anisotropic quadratic bowl
    # ------------------------------------------------------------------
    c = np.array([0.3, -0.8])            # centre shift
    d = x - c                           # shifted coordinates

    a1, a2 = 0.85, 1.15                  # anisotropy
    q = a1 * d[0]**2 + a2 * d[1]**2

    alpha, beta = 0.42, 0.04            # linear + weak quadratic term
    f_quad = alpha * q + beta * q**2

    # ------------------------------------------------------------------
    #  2) Rotated sinusoidal ridge + linear trend
    # ------------------------------------------------------------------
    theta = np.pi / 4.0
    R = np.array([[np.cos(theta), -np.sin(theta)],
                  [np.sin(theta),  np.cos(theta)]])
    y = R @ d                           # rotated coordinates (y0, y1)

    gamma, omega = 0.27, 2.4            # sinusoid amplitude & frequency
    f_sin = gamma * np.sin(omega * y[0])

    lam = 0.07                          # stronger linear bias → higher lin‑R²
    f_lin = lam * y[0]

    # ------------------------------------------------------------------
    #  3) Cubic skew term (controls distribution skewness)
    # ------------------------------------------------------------------
    delta = 0.045                       # magnitude tuned for target skewness
    f_skew = delta * (y[1] ** 3)

    # ------------------------------------------------------------------
    #  Assemble final fitness
    # ------------------------------------------------------------------
    return f_quad + f_sin + f_lin + f_skew",0.30410282967203717,"
    Deterministic 2‑D benchmark built from three interacting components:

    1. **Weighted anisotropic quadratic bowl**
       d = x – c,  q = a₁·d₀² + a₂·d₁²
       f_quad = α·q + β·q²

    2. **Rotated sinusoidal ridge with a stronger linear trend**
       θ = π/4,  y = R(θ)·d
       f_sin  = γ·sin( ω·y₀ )
       f_lin  = λ·y₀                         (linear bias that raises linear‑model R²)

    3. **Cubic skew term acting on the orthogonal direction**
       f_skew = δ·y₁³                         (controls distribution skewness)

    The final fitness is the sum of the three parts

        f(x) = f_quad + f_sin + f_lin + f_skew

    Coefficients are chosen to bring the landscape’s ELA features close to the
    target values (see the problem description).  The domain is [-5, 5]².

    Parameters
    ----------
    x : np.ndarray
        1‑D array of length 2 representing a point in the search space.

    Returns
    -------
    float
        Deterministic scalar fitness value.
    ",,,,14,2,0.46920702432050676,0.07961032478935649,0.9060586521419245,0.85514450763781,0.31546449659638826,0.31540568772954447,0.9376838054412635,0.9907717706148225
"import numpy as np

def problem(x: np.ndarray) -> float:
    """"""
    Synthetic 2‑dimensional benchmark function whose ELA characteristics are
    tuned towards the supplied target values.

    Mathematical definition
    ------------------------
    Let **x** = (x₁, x₂) ∈ [‑5, 5]² and define a constant shift **c** = (‑0.8, 0.9).

    1) Shifted & rotated coordinates
       -------------------------------------------------
       d  = x – c                                      # translation
       θ  = π / 6.3                                    # rotation angle ≈ 28.6°
       R  = [[cosθ, –sinθ],
             [sinθ,  cosθ]]
       z  = R @ d                                      # rotated vector (z₀, z₁)

    2) Anisotropic quadratic core (dominant, gives high quadratic R²)
       -------------------------------------------------
       f_q = a₁·z₀² + a₂·z₁² + a₃·z₀·z₁

    3) Weak linear ridge (raises linear‑model R² without destroying curvature)
       -------------------------------------------------
       f_l = b·(z₀ + 0.6·z₁)

    4) Skew‑inducing cubic‑log term (creates a positive tail → target skewness)
       -------------------------------------------------
       f_s = c₁·z₀³·log(1 + np.exp(c₂·z₀))

    5) Small periodic modulation (adds slight non‑linearity & controls fitness‑STD)
       -------------------------------------------------
       f_p = d₁·np.cos(d₂·z₁ + d₃)

    6) Exponential basin (increases nearest‑better correlation)
       -------------------------------------------------
       r   = np.linalg.norm(d)            # distance to the shift centre
       f_e = e·np.exp(-λ·r)

    Final fitness
    -------------
    f(x) = f_q + f_l + f_s + f_p + f_e

    All constants are deterministic; they were selected empirically to move the
    normalized ELA feature vector close to the target values while keeping the
    function smooth inside the box.

    Parameters
    ----------
    x : np.ndarray
        1‑D array with exactly 2 elements representing a point in the search space.

    Returns
    -------
    float
        Deterministic scalar fitness value.
    """"""
    # ---- validation ---------------------------------------------------------
    x = np.asarray(x, dtype=float)
    if x.ndim != 1 or x.size != 2:
        raise ValueError(""Input must be a 1‑D array with 2 elements."")

    # 1) shift & rotate
    c = np.array([-0.8, 0.9])
    d = x - c
    theta = np.pi / 6.3
    ct, st = np.cos(theta), np.sin(theta)
    R = np.array([[ct, -st],
                  [st,  ct]])
    z = R @ d

    # 2) anisotropic quadratic core
    a1, a2, a3 = 0.48, 0.33, 0.12
    f_q = a1 * z[0]**2 + a2 * z[1]**2 + a3 * z[0] * z[1]

    # 3) weak linear ridge
    b = 0.14
    f_l = b * (z[0] + 0.6 * z[1])

    # 4) skew‑inducing cubic‑log term
    c1, c2 = 0.042, 0.28
    f_s = c1 * z[0]**3 * np.log1p(np.exp(c2 * z[0]))

    # 5) small periodic modulation
    d1, d2, d3 = 0.036, 1.9, 0.7
    f_p = d1 * np.cos(d2 * z[1] + d3)

    # 6) exponential basin
    e, lam = 0.065, 0.21
    r = np.linalg.norm(d)
    f_e = e * np.exp(-lam * r)

    return f_q + f_l + f_s + f_p + f_e",0.18742544025668945,"
    Synthetic 2‑dimensional benchmark function whose ELA characteristics are
    tuned towards the supplied target values.

    Mathematical definition
    ------------------------
    Let **x** = (x₁, x₂) ∈ [‑5, 5]² and define a constant shift **c** = (‑0.8, 0.9).

    1) Shifted & rotated coordinates
       -------------------------------------------------
       d  = x – c                                      # translation
       θ  = π / 6.3                                    # rotation angle ≈ 28.6°
       R  = [[cosθ, –sinθ],
             [sinθ,  cosθ]]
       z  = R @ d                                      # rotated vector (z₀, z₁)

    2) Anisotropic quadratic core (dominant, gives high quadratic R²)
       -------------------------------------------------
       f_q = a₁·z₀² + a₂·z₁² + a₃·z₀·z₁

    3) Weak linear ridge (raises linear‑model R² without destroying curvature)
       -------------------------------------------------
       f_l = b·(z₀ + 0.6·z₁)

    4) Skew‑inducing cubic‑log term (creates a positive tail → target skewness)
       -------------------------------------------------
       f_s = c₁·z₀³·log(1 + np.exp(c₂·z₀))

    5) Small periodic modulation (adds slight non‑linearity & controls fitness‑STD)
       -------------------------------------------------
       f_p = d₁·np.cos(d₂·z₁ + d₃)

    6) Exponential basin (increases nearest‑better correlation)
       -------------------------------------------------
       r   = np.linalg.norm(d)            # distance to the shift centre
       f_e = e·np.exp(-λ·r)

    Final fitness
    -------------
    f(x) = f_q + f_l + f_s + f_p + f_e

    All constants are deterministic; they were selected empirically to move the
    normalized ELA feature vector close to the target values while keeping the
    function smooth inside the box.

    Parameters
    ----------
    x : np.ndarray
        1‑D array with exactly 2 elements representing a point in the search space.

    Returns
    -------
    float
        Deterministic scalar fitness value.
    ",,,,14,2,0.5504945479048546,0.09948450964834789,0.9057448155712048,0.9100272339259069,0.4828122476392309,0.5594507209210985,0.8682962294714048,0.9966503232045277
"import numpy as np

def problem(x: np.ndarray) -> float:
    """"""
    Synthetic 2‑dimensional benchmark function with a richer landscape.

    The fitness is built from three additive components that together
    yield the target ELA characteristics:

    1. **Anisotropic sextic bowl**
           f₁(z) = a₁·z₁⁶ + a₂·z₂⁶
       with a₁ = 0.18, a₂ = 0.95  (different curvatures → moderate quadratic
       fit, strong higher‑order contribution).

    2. **Skewed exponential ridge**
           f₂(z) = b·log(1 + exp(c·(u·z)))
       u = (0.67, 0.74)/‖·‖  (unit direction),  b = 0.28,  c = 0.45.
       This term introduces asymmetry (positive skew) and a moderate
       correlation between nearest‑better and fitness values.

    3. **Low‑amplitude sinusoidal modulation**
           f₃(z) = d·sin(ω·z₁)·cos(ω·z₂)
       d = 0.04, ω = 1.2.
       The oscillation creates local minima while keeping the overall
       landscape smooth, influencing the dispersion (fitness_std) and
       the linear‑model adjusted R².

    The input vector `x = (x₁, x₂)` is first shifted to place the global
    optimum at `c = (0.7, -1.1)` and then rotated by `θ = π/5` (36°):

        R = [[cosθ, -sinθ],
             [sinθ,  cosθ]]

        z = R · (x – c)

    Final fitness:
        f(x) = f₁(z) + f₂(z) + f₃(z)

    All operations are deterministic, smooth, and bounded for
    `x ∈ [-5, 5]²`.

    Parameters
    ----------
    x : np.ndarray
        1‑D array with exactly 2 elements.

    Returns
    -------
    float
        Deterministic scalar fitness value.
    """"""
    # ---- input validation ----
    x = np.asarray(x, dtype=float)
    if x.ndim != 1 or x.size != 2:
        raise ValueError(""Input must be a 1‑D array with 2 elements."")

    # shift to place optimum
    c = np.array([0.7, -1.1])
    z = x - c

    # rotate by 36°
    theta = np.pi / 5.0
    cos_t, sin_t = np.cos(theta), np.sin(theta)
    R = np.array([[cos_t, -sin_t],
                  [sin_t,  cos_t]])
    z = R @ z

    # 1) anisotropic sextic bowl
    a = np.array([0.18, 0.95])
    f1 = a[0] * z[0]**6 + a[1] * z[1]**6

    # 2) skewed exponential ridge
    u = np.array([0.67, 0.74])
    u = u / np.linalg.norm(u)          # unit direction
    b, c_param = 0.28, 0.45
    f2 = b * np.log1p(np.exp(c_param * (u @ z)))

    # 3) low‑amplitude sinusoidal modulation
    d, omega = 0.04, 1.2
    f3 = d * np.sin(omega * z[0]) * np.cos(omega * z[1])

    return f1 + f2 + f3",0.595303084824699,"
    Synthetic 2‑dimensional benchmark function with a richer landscape.

    The fitness is built from three additive components that together
    yield the target ELA characteristics:

    1. **Anisotropic sextic bowl**
           f₁(z) = a₁·z₁⁶ + a₂·z₂⁶
       with a₁ = 0.18, a₂ = 0.95  (different curvatures → moderate quadratic
       fit, strong higher‑order contribution).

    2. **Skewed exponential ridge**
           f₂(z) = b·log(1 + exp(c·(u·z)))
       u = (0.67, 0.74)/‖·‖  (unit direction),  b = 0.28,  c = 0.45.
       This term introduces asymmetry (positive skew) and a moderate
       correlation between nearest‑better and fitness values.

    3. **Low‑amplitude sinusoidal modulation**
           f₃(z) = d·sin(ω·z₁)·cos(ω·z₂)
       d = 0.04, ω = 1.2.
       The oscillation creates local minima while keeping the overall
       landscape smooth, influencing the dispersion (fitness_std) and
       the linear‑model adjusted R².

    The input vector `x = (x₁, x₂)` is first shifted to place the global
    optimum at `c = (0.7, -1.1)` and then rotated by `θ = π/5` (36°):

        R = [[cosθ, -sinθ],
             [sinθ,  cosθ]]

        z = R · (x – c)

    Final fitness:
        f(x) = f₁(z) + f₂(z) + f₃(z)

    All operations are deterministic, smooth, and bounded for
    `x ∈ [-5, 5]²`.

    Parameters
    ----------
    x : np.ndarray
        1‑D array with exactly 2 elements.

    Returns
    -------
    float
        Deterministic scalar fitness value.
    ",,,,14,2,1.0323960248320934,0.0003535526308537034,0.9083161570456427,0.9029820021770936,0.15313573773617237,0.3141233462009518,0.5492462414188719,0.9189876402690801
"import numpy as np

def problem(x: np.ndarray) -> float:
    """"""
    Synthetic 2‑D benchmark whose landscape is tuned to match the target
    ELA feature set.

    The function consists of:
    1. A rotated and shifted quadratic‑quartic well.
    2. A moderate sinusoidal ridge that adds mild non‑linearity.
    3. A smooth exponential‑log term that creates positive skewness.
    4. A stronger linear bias (direction not aligned with the ridge)
       to raise the linear‑model adjusted R² and the nearest‑better
       correlation.
    5. A constant offset that keeps the global minimum close to zero.

    Mathematically

    f(x) = a₁ z₁² + a₂ z₂² + b₁ z₁⁴ + b₂ z₂⁴
           + α·sin(π z₁)·cos(π z₂)
           + γ·log(1 + exp(δ₁·z₁ + δ₂·z₂))
           + λ·(w₁ z₁ + w₂ z₂) + κ

    where
        z = R·(x – c)                # rotation R (angle θ) and shift c
        a = (1.0, 0.8)                # quadratic coefficients
        b = (0.4, 0.6)                # quartic coefficients
        α = 0.18                      # sinusoid amplitude
        γ = 0.07                      # skewness‑inducing log‑exp amplitude
        δ = (1.0, 0.5)                # exponent weights
        λ = 0.30                      # linear‑bias magnitude (larger than before)
        w = (0.7, –0.3)               # linear direction
        κ = –0.05                     # constant offset
        θ = π/9                       # rotation angle
        c = (0.3, –0.7)               # shift vector

    The domain is x ∈ [−5, 5]².
    """"""
    # ensure a 1‑D NumPy array
    x = np.asarray(x, dtype=float).ravel()
    if x.shape[0] != 2:
        raise ValueError(""This benchmark is defined for a 2‑dimensional input."")

    # --- shift and rotate -------------------------------------------------
    c = np.array([0.3, -0.7])
    theta = np.pi / 9.0
    R = np.array([[np.cos(theta), -np.sin(theta)],
                  [np.sin(theta),  np.cos(theta)]])
    z = R @ (x - c)                     # rotated, shifted coordinates

    # --- quadratic + quartic well -----------------------------------------
    a = np.array([1.0, 0.8])
    b = np.array([0.4, 0.6])
    f_well = a[0] * z[0]**2 + a[1] * z[1]**2 \
           + b[0] * z[0]**4 + b[1] * z[1]**4

    # --- sinusoidal ridge (moderate non‑linearity) ------------------------
    f_sine = 0.18 * np.sin(np.pi * z[0]) * np.cos(np.pi * z[1])

    # --- log‑exp term (adds positive skew) ---------------------------------
    delta = np.array([1.0, 0.5])
    f_skew = 0.07 * np.log1p(np.exp(delta[0] * z[0] + delta[1] * z[1]))

    # --- linear bias (strengthened) ---------------------------------------
    lam = 0.30
    w = np.array([0.7, -0.3])
    f_lin = lam * (w[0] * z[0] + w[1] * z[1])

    # --- constant offset ---------------------------------------------------
    kappa = -0.05

    return f_well + f_sine + f_skew + f_lin + kappa",0.3640272102939318,"
    Synthetic 2‑D benchmark whose landscape is tuned to match the target
    ELA feature set.

    The function consists of:
    1. A rotated and shifted quadratic‑quartic well.
    2. A moderate sinusoidal ridge that adds mild non‑linearity.
    3. A smooth exponential‑log term that creates positive skewness.
    4. A stronger linear bias (direction not aligned with the ridge)
       to raise the linear‑model adjusted R² and the nearest‑better
       correlation.
    5. A constant offset that keeps the global minimum close to zero.

    Mathematically

    f(x) = a₁ z₁² + a₂ z₂² + b₁ z₁⁴ + b₂ z₂⁴
           + α·sin(π z₁)·cos(π z₂)
           + γ·log(1 + exp(δ₁·z₁ + δ₂·z₂))
           + λ·(w₁ z₁ + w₂ z₂) + κ

    where
        z = R·(x – c)                # rotation R (angle θ) and shift c
        a = (1.0, 0.8)                # quadratic coefficients
        b = (0.4, 0.6)                # quartic coefficients
        α = 0.18                      # sinusoid amplitude
        γ = 0.07                      # skewness‑inducing log‑exp amplitude
        δ = (1.0, 0.5)                # exponent weights
        λ = 0.30                      # linear‑bias magnitude (larger than before)
        w = (0.7, –0.3)               # linear direction
        κ = –0.05                     # constant offset
        θ = π/9                       # rotation angle
        c = (0.3, –0.7)               # shift vector

    The domain is x ∈ [−5, 5]².
    ",,,,14,2,0.483844407002524,0.04014123050482568,0.906154155765583,0.8354980409209554,0.20308744858761543,0.2335598891919048,0.856625138070581,0.9392279793409776
"import numpy as np

def problem(x: np.ndarray) -> float:
    """"""
    Synthetic 2‑dimensional benchmark function crafted to approximate a
    prescribed set of normalized ELA features.

    Mathematical form
    ------------------
    Let  x = (x₁, x₂) ∈ [-5, 5]²  and  c = (0.5, -1.3)  (translation).

    The objective is the sum of five deterministic components, later
    scaled by a constant `scale = 0.05` (i.e. divided by 20) to keep the
    overall variance small:

        f(x) = scale · ( f_q + f_l + f_i + f_c + f_t )

    where

    1) **Rotated anisotropic quadratic bowl**
       f_q = s_q · (R·(x‑c))ᵀ · diag(λ₁, λ₂) · (R·(x‑c))

       • R – rotation by 45° (π/4)
       • λ₁ = 0.8 , λ₂ = 2.0                (different curvatures)
       • s_q = 0.06                         (quadratic scaling)

    2) **Linear ridge**
       f_l = s_l · ( a·(x‑c)₁ + b·(x‑c)₂ )

       • a = 0.70 , b = –0.50
       • s_l = 0.15

    3) **Bilinear interaction term**
       f_i = s_i · (x₁‑c₁)·(x₂‑c₂)

       • s_i = 0.07

    4) **Cubic skew term** – introduces a positive tail (controls skewness)
       f_c = s_c · (x₁‑c₁)³

       • s_c = 0.04

    5) **Monotone bounded tail** – improves nearest‑better correlation
       f_t = s_t · tanh( η·(x₁‑c₁) )

       • s_t = 0.02 , η = 0.60

    The final fitness value is

        f(x) = 0.05·(f_q + f_l + f_i + f_c + f_t)

    All terms are continuous, deterministic and bounded on the domain
    `[-5, 5]²`.  The chosen coefficients were tuned so that the normalized
    ELA feature vector of the function is close to the target values:
        • skewness ≈ 0.57
        • fitness STD ≈ 0.035
        • linear‑model adj R² ≈ 0.35‑0.53
        • quadratic‑model adj R² ≈ 0.76‑0.99
        • NBC correlation ≈ 0.90
        • NN/NB distance‑ratio ≈ 0.89

    Parameters
    ----------
    x : np.ndarray
        1‑D array with exactly 2 elements representing a point in the
        search space.

    Returns
    -------
    float
        Deterministic scalar fitness value.
    """"""
    # ----- input validation -----
    x = np.asarray(x, dtype=float)
    if x.ndim != 1 or x.size != 2:
        raise ValueError(""Input must be a 1‑D array with 2 elements."")

    # translation
    c = np.array([0.5, -1.3])
    z = x - c                                 # shifted coordinates

    # 1) rotated anisotropic quadratic bowl
    theta = np.pi / 4.0
    R = np.array([[np.cos(theta), -np.sin(theta)],
                  [np.sin(theta),  np.cos(theta)]])
    rz = R @ z                                 # rotated coordinates
    lam = np.array([0.8, 2.0])                 # eigenvalues
    s_q = 0.06
    f_q = s_q * np.sum(lam * rz**2)

    # 2) linear ridge
    a, b = 0.70, -0.50
    s_l = 0.15
    f_l = s_l * (a * z[0] + b * z[1])

    # 3) bilinear interaction
    s_i = 0.07
    f_i = s_i * (z[0] * z[1])

    # 4) cubic skew term
    s_c = 0.04
    f_c = s_c * (z[0] ** 3)

    # 5) bounded monotone tail (tanh)
    s_t, eta = 0.02, 0.60
    f_t = s_t * np.tanh(eta * z[0])

    # overall scaling to obtain a small variance
    scale = 0.05
    return scale * (f_q + f_l + f_i + f_c + f_t)",1.2775666861878965,"
    Synthetic 2‑dimensional benchmark function crafted to approximate a
    prescribed set of normalized ELA features.

    Mathematical form
    ------------------
    Let  x = (x₁, x₂) ∈ [-5, 5]²  and  c = (0.5, -1.3)  (translation).

    The objective is the sum of five deterministic components, later
    scaled by a constant `scale = 0.05` (i.e. divided by 20) to keep the
    overall variance small:

        f(x) = scale · ( f_q + f_l + f_i + f_c + f_t )

    where

    1) **Rotated anisotropic quadratic bowl**
       f_q = s_q · (R·(x‑c))ᵀ · diag(λ₁, λ₂) · (R·(x‑c))

       • R – rotation by 45° (π/4)
       • λ₁ = 0.8 , λ₂ = 2.0                (different curvatures)
       • s_q = 0.06                         (quadratic scaling)

    2) **Linear ridge**
       f_l = s_l · ( a·(x‑c)₁ + b·(x‑c)₂ )

       • a = 0.70 , b = –0.50
       • s_l = 0.15

    3) **Bilinear interaction term**
       f_i = s_i · (x₁‑c₁)·(x₂‑c₂)

       • s_i = 0.07

    4) **Cubic skew term** – introduces a positive tail (controls skewness)
       f_c = s_c · (x₁‑c₁)³

       • s_c = 0.04

    5) **Monotone bounded tail** – improves nearest‑better correlation
       f_t = s_t · tanh( η·(x₁‑c₁) )

       • s_t = 0.02 , η = 0.60

    The final fitness value is

        f(x) = 0.05·(f_q + f_l + f_i + f_c + f_t)

    All terms are continuous, deterministic and bounded on the domain
    `[-5, 5]²`.  The chosen coefficients were tuned so that the normalized
    ELA feature vector of the function is close to the target values:
        • skewness ≈ 0.57
        • fitness STD ≈ 0.035
        • linear‑model adj R² ≈ 0.35‑0.53
        • quadratic‑model adj R² ≈ 0.76‑0.99
        • NBC correlation ≈ 0.90
        • NN/NB distance‑ratio ≈ 0.89

    Parameters
    ----------
    x : np.ndarray
        1‑D array with exactly 2 elements representing a point in the
        search space.

    Returns
    -------
    float
        Deterministic scalar fitness value.
    ",,,,14,2,0.15072237892777415,1.114817931568859,0.7250833499008327,0.9096282764987046,0.7184588065988733,0.8882326838726691,0.7692967413609214,0.9999996712247671
"import numpy as np

def problem(x: np.ndarray) -> float:
    """"""
    Synthetic 2‑dimensional benchmark function tuned to match the target ELA
    statistics.

    Mathematical form
    ------------------
    Let x = (x₁, x₂) ∈ [-5, 5]² and define a shift vector

        c = (0.4 , -0.8).

    1. Shift and rotation
       z = x – c                                       # translation
       θ = π/5                                         # rotation angle
       R = [[cosθ, -sinθ],
            [sinθ,  cosθ]]
       y = R @ z                                       # rotated coordinates (y₀, y₁)

    2. Anisotropic quadratic bowl (dominant smooth component)
       q = λ₁·y₀² + λ₂·y₁²                             # λ₁ = 0.85 , λ₂ = 2.15
       f_q = α·q                                       # α = 0.46

    3. Low‑frequency sinusoidal ridge (adds linear‑like predictability)
       f_sin = β·sin(ω·y₀)                             # β = 0.22 , ω = 1.4

    4. Skew‑inducing cubic term (creates moderate positive skew)
       f_skew = γ·y₁³                                  # γ = 0.045

    5. Gentle exponential tail (increases fitness STD & NBC correlation)
       f_exp = δ·exp(η·y₀)                             # δ = 0.06 , η = 0.25

    The deterministic fitness is the sum of all components

        f(x) = f_q + f_sin + f_skew + f_exp
    """"""
    # ---- input validation ----
    x = np.asarray(x, dtype=float)
    if x.ndim != 1 or x.size != 2:
        raise ValueError(""Input must be a 1‑D array with exactly 2 elements."")

    # 1) shift and rotation
    c = np.array([0.4, -0.8])
    z = x - c
    theta = np.pi / 5.0          # 36°
    R = np.array([[np.cos(theta), -np.sin(theta)],
                  [np.sin(theta),  np.cos(theta)]])
    y = R @ z                    # rotated coordinates

    # 2) anisotropic quadratic bowl
    lam1, lam2 = 0.85, 2.15
    q = lam1 * y[0]**2 + lam2 * y[1]**2
    f_q = 0.46 * q

    # 3) low‑frequency sinusoidal ridge
    f_sin = 0.22 * np.sin(1.4 * y[0])

    # 4) cubic skew term
    f_skew = 0.045 * y[1]**3

    # 5) gentle exponential tail
    f_exp = 0.06 * np.exp(0.25 * y[0])

    return f_q + f_sin + f_skew + f_exp",0.2391820351982172,"
    Synthetic 2‑dimensional benchmark function tuned to match the target ELA
    statistics.

    Mathematical form
    ------------------
    Let x = (x₁, x₂) ∈ [-5, 5]² and define a shift vector

        c = (0.4 , -0.8).

    1. Shift and rotation
       z = x – c                                       # translation
       θ = π/5                                         # rotation angle
       R = [[cosθ, -sinθ],
            [sinθ,  cosθ]]
       y = R @ z                                       # rotated coordinates (y₀, y₁)

    2. Anisotropic quadratic bowl (dominant smooth component)
       q = λ₁·y₀² + λ₂·y₁²                             # λ₁ = 0.85 , λ₂ = 2.15
       f_q = α·q                                       # α = 0.46

    3. Low‑frequency sinusoidal ridge (adds linear‑like predictability)
       f_sin = β·sin(ω·y₀)                             # β = 0.22 , ω = 1.4

    4. Skew‑inducing cubic term (creates moderate positive skew)
       f_skew = γ·y₁³                                  # γ = 0.045

    5. Gentle exponential tail (increases fitness STD & NBC correlation)
       f_exp = δ·exp(η·y₀)                             # δ = 0.06 , η = 0.25

    The deterministic fitness is the sum of all components

        f(x) = f_q + f_sin + f_skew + f_exp
    ",,,,14,2,0.4647971166310402,0.2176934612074828,0.9066307726605769,0.8675477424445588,0.2457835705673793,0.49457066946243783,0.7516924765945313,0.9997930522206457
"import numpy as np

def problem(x: np.ndarray) -> float:
    """"""
    Deterministic 2‑dimensional synthetic benchmark.

    Mathematical form
    ------------------
    Let x = (x₁, x₂) ∈ [-5, 5]² and define a translation
        t = (‑0.8, 1.4)

    1. **Asymmetric quadratic basin**
        u = x - t
        q₁ = a₁·u₁² + a₂·u₂²                # weighted sum of squares
        q₂ = b·u₁·u₂                         # cross‑term (introduces mild interaction)
        f_quad = α·(q₁ + q₂) + β·(q₁ + q₂)²

    2. **Rotated sinusoidal ridge**
        θ = π/3
        R = [[cosθ, -sinθ],
             [sinθ,  cosθ]]
        v = R @ u                              # rotated coordinates (v₀, v₁)
        f_sin = γ·sin( ω·v₀ + φ )               # single sinusoid along v₀
        f_lin = λ·v₁                            # linear tilt in the orthogonal direction

    3. **Cubic skew component**
        f_skew = δ·v₁³                           # controls distribution skewness

    4. **Exponential well**
        r = np.linalg.norm(u)                    # radial distance from the shifted centre
        f_exp = ε·exp(‑ζ·r)                       # smooth decay towards the centre

    The total fitness is the sum of the four contributions
        f(x) = f_quad + f_sin + f_lin + f_skew + f_exp

    Coefficients are chosen to steer the landscape towards the
    target ELA feature vector (linear / quadratic R², skewness, etc.).

    Parameters
    ----------
    x : np.ndarray
        1‑D array of length 2 representing a point in the search space.

    Returns
    -------
    float
        Deterministic scalar fitness value.
    """"""
    # -----------------------------------------------------------------
    # Validate input
    # -----------------------------------------------------------------
    x = np.asarray(x, dtype=float)
    if x.ndim != 1 or x.size != 2:
        raise ValueError(""Input must be a 1‑D array with exactly two elements."")

    # -----------------------------------------------------------------
    # 1) Asymmetric quadratic basin
    # -----------------------------------------------------------------
    t = np.array([-0.8, 1.4])
    u = x - t                                 # shifted coordinates

    a1, a2 = 1.1, 0.7                         # anisotropy
    b = 0.25                                 # mild interaction term
    q1 = a1 * u[0]**2 + a2 * u[1]**2
    q2 = b * u[0] * u[1]
    alpha, beta = 0.48, 0.06
    f_quad = alpha * (q1 + q2) + beta * (q1 + q2)**2

    # -----------------------------------------------------------------
    # 2) Rotated sinusoidal ridge + linear tilt
    # -----------------------------------------------------------------
    theta = np.pi / 3.0
    R = np.array([[np.cos(theta), -np.sin(theta)],
                  [np.sin(theta),  np.cos(theta)]])
    v = R @ u                                 # rotated coordinates (v0, v1)

    gamma, omega, phi = 0.22, 1.9, np.pi / 6   # sinusoid parameters
    f_sin = gamma * np.sin(omega * v[0] + phi)

    lam = 0.04                                 # linear tilt strength
    f_lin = lam * v[1]

    # -----------------------------------------------------------------
    # 3) Cubic skew component
    # -----------------------------------------------------------------
    delta = 0.032
    f_skew = delta * v[1]**3

    # -----------------------------------------------------------------
    # 4) Exponential well
    # -----------------------------------------------------------------
    r = np.linalg.norm(u)
    eps, zeta = 0.07, 0.28
    f_exp = eps * np.exp(-zeta * r)

    # -----------------------------------------------------------------
    # Assemble final fitness
    # -----------------------------------------------------------------
    return f_quad + f_sin + f_lin + f_skew + f_exp",0.33911903667691473,"
    Deterministic 2‑dimensional synthetic benchmark.

    Mathematical form
    ------------------
    Let x = (x₁, x₂) ∈ [-5, 5]² and define a translation
        t = (‑0.8, 1.4)

    1. **Asymmetric quadratic basin**
        u = x - t
        q₁ = a₁·u₁² + a₂·u₂²                # weighted sum of squares
        q₂ = b·u₁·u₂                         # cross‑term (introduces mild interaction)
        f_quad = α·(q₁ + q₂) + β·(q₁ + q₂)²

    2. **Rotated sinusoidal ridge**
        θ = π/3
        R = [[cosθ, -sinθ],
             [sinθ,  cosθ]]
        v = R @ u                              # rotated coordinates (v₀, v₁)
        f_sin = γ·sin( ω·v₀ + φ )               # single sinusoid along v₀
        f_lin = λ·v₁                            # linear tilt in the orthogonal direction

    3. **Cubic skew component**
        f_skew = δ·v₁³                           # controls distribution skewness

    4. **Exponential well**
        r = np.linalg.norm(u)                    # radial distance from the shifted centre
        f_exp = ε·exp(‑ζ·r)                       # smooth decay towards the centre

    The total fitness is the sum of the four contributions
        f(x) = f_quad + f_sin + f_lin + f_skew + f_exp

    Coefficients are chosen to steer the landscape towards the
    target ELA feature vector (linear / quadratic R², skewness, etc.).

    Parameters
    ----------
    x : np.ndarray
        1‑D array of length 2 representing a point in the search space.

    Returns
    -------
    float
        Deterministic scalar fitness value.
    ",,,,14,2,0.3813447666589995,0.049722970247395845,0.9031606732819591,0.848863076601684,0.2685373452086023,0.3058928042475119,0.9044823953722457,0.9847836297753046
"import numpy as np

def problem(x: np.ndarray) -> float:
    """"""
    Synthetic 2‑D benchmark with mixed linear, quadratic and skewed
    components.

    The function is built from three parts (all evaluated on a shifted and
    rotated coordinate system `z = R·(x‑c)`):

    1. **Quadratic well** – isotropic paraboloid with a mild anisotropy:
           f_quad = 0.9·z₁² + 0.4·z₂²

    2. **Skewed exponential ridge** – creates a right‑skewed distribution
       of fitness values:
           f_exp  = 0.07·log1p( exp( 1.3·z₁ + 0.6·z₂ ) )

    3. **Linear bias** – a relatively strong linear term that raises the
       adjusted R² of linear models:
           f_lin  = 0.32·( 0.8·z₁ - 0.5·z₂ )

    A small constant offset is added so that the global minimum is close
    to zero.

    Parameters
    ----------
    x : np.ndarray
        1‑D array of length 2 representing a point in the domain
        [-5, 5]².

    Returns
    -------
    float
        The scalar objective value f(x).
    """"""
    x = np.asarray(x, dtype=float)

    # ----- shift & rotation -------------------------------------------------
    # centre the landscape away from the origin and rotate to break axis symmetry
    c = np.array([0.3, -0.7])                 # translation
    theta = np.pi / 9                         # rotation angle
    R = np.array([[np.cos(theta), -np.sin(theta)],
                  [np.sin(theta),  np.cos(theta)]])
    z = R @ (x - c)                           # rotated, centered coordinates

    # ----- quadratic well ---------------------------------------------------
    f_quad = 0.9 * z[0]**2 + 0.4 * z[1]**2

    # ----- skewed exponential ridge -----------------------------------------
    f_exp = 0.07 * np.log1p(np.exp(1.3 * z[0] + 0.6 * z[1]))

    # ----- linear bias -------------------------------------------------------
    f_lin = 0.32 * (0.8 * z[0] - 0.5 * z[1])

    # ----- constant offset ---------------------------------------------------
    offset = -0.03

    return f_quad + f_exp + f_lin + offset",0.5854733201984709,"
    Synthetic 2‑D benchmark with mixed linear, quadratic and skewed
    components.

    The function is built from three parts (all evaluated on a shifted and
    rotated coordinate system `z = R·(x‑c)`):

    1. **Quadratic well** – isotropic paraboloid with a mild anisotropy:
           f_quad = 0.9·z₁² + 0.4·z₂²

    2. **Skewed exponential ridge** – creates a right‑skewed distribution
       of fitness values:
           f_exp  = 0.07·log1p( exp( 1.3·z₁ + 0.6·z₂ ) )

    3. **Linear bias** – a relatively strong linear term that raises the
       adjusted R² of linear models:
           f_lin  = 0.32·( 0.8·z₁ - 0.5·z₂ )

    A small constant offset is added so that the global minimum is close
    to zero.

    Parameters
    ----------
    x : np.ndarray
        1‑D array of length 2 representing a point in the domain
        [-5, 5]².

    Returns
    -------
    float
        The scalar objective value f(x).
    ",,,,14,2,0.28551849489403447,0.30311264650734365,0.9017021070204176,0.8186843243329817,0.1027602146279055,0.2027427801719555,0.8903857149546771,0.9999983000847128
"import numpy as np

def problem(x: np.ndarray) -> float:
    """"""
    Synthetic 2‑dimensional benchmark function tuned to the target ELA
    feature vector.

    Mathematical definition
    ------------------------
    Let  x = (x₁, x₂) ∈ [-5, 5]²  and  c = (c₁, c₂) = (0.0, -1.0).

    The objective consists of four deterministic components:

    1) **Rotated anisotropic quadratic bowl**
       f_q(x) = α · (R·(x‑c))ᵀ · diag(λ₁, λ₂) · (R·(x‑c))

       • R  – rotation by 30° (π/6)
       • λ₁ = 0.7 , λ₂ = 3.2                (different curvatures)
       • α = 0.45                           (global scaling)

    2) **Linear ridge with interaction**
       f_l(x) = β · (p·(x‑c)₁ + q·(x‑c)₂) + γ · (x₁‑c₁)(x₂‑c₂)

       • p = 0.78 , q = –0.52
       • β = 0.22, γ = 0.15

    3) **Cubic skew term** (produces a positive tail → higher skewness)
       f_s(x) = δ · (x₁‑c₁)³ ,   δ = 0.11

    4) **Logarithmic ridge** (slowly growing monotone tail, improves
       nb‑fitness correlation)
       f_e(x) = ε · log(1 + κ·|x₁‑c₁|) ,   ε = 0.13 , κ = 2.0

    Final fitness
    -------------
    f(x) = f_q(x) + f_l(x) + f_s(x) + f_e(x)

    All terms are deterministic, smooth and bounded on the domain
    [-5,5]².  The combination of a stronger anisotropic bowl, a
    pronounced cubic skew and a slowly increasing logarithmic ridge
    steers the normalized ELA features toward the requested target.

    Parameters
    ----------
    x : np.ndarray
        1‑D array with exactly 2 elements representing a point in the
        search space.

    Returns
    -------
    float
        Deterministic scalar fitness value.
    """"""
    # ----- input validation -----
    x = np.asarray(x, dtype=float)
    if x.ndim != 1 or x.size != 2:
        raise ValueError(""Input must be a 1‑D array with 2 elements."")

    # centre shift
    c = np.array([0.0, -1.0])
    z = x - c                      # shifted coordinates

    # 1) rotated anisotropic quadratic bowl
    theta = np.pi / 6.0            # 30° rotation
    R = np.array([[np.cos(theta), -np.sin(theta)],
                  [np.sin(theta),  np.cos(theta)]])
    rz = R @ z                     # rotated coordinates
    lam = np.array([0.7, 3.2])     # eigenvalues (anisotropy)
    alpha = 0.45
    f_q = alpha * np.sum(lam * rz**2)

    # 2) linear ridge + bilinear interaction
    p, q = 0.78, -0.52
    beta, gamma = 0.22, 0.15
    f_l = beta * (p * z[0] + q * z[1]) + gamma * (z[0] * z[1])

    # 3) cubic skew term (acts on the first shifted coordinate)
    delta = 0.11
    f_s = delta * (z[0] ** 3)

    # 4) logarithmic ridge (monotone tail)
    epsilon, kappa = 0.13, 2.0
    f_e = epsilon * np.log(1.0 + kappa * np.abs(z[0]))

    return f_q + f_l + f_s + f_e",0.40990943013257086,"
    Synthetic 2‑dimensional benchmark function tuned to the target ELA
    feature vector.

    Mathematical definition
    ------------------------
    Let  x = (x₁, x₂) ∈ [-5, 5]²  and  c = (c₁, c₂) = (0.0, -1.0).

    The objective consists of four deterministic components:

    1) **Rotated anisotropic quadratic bowl**
       f_q(x) = α · (R·(x‑c))ᵀ · diag(λ₁, λ₂) · (R·(x‑c))

       • R  – rotation by 30° (π/6)
       • λ₁ = 0.7 , λ₂ = 3.2                (different curvatures)
       • α = 0.45                           (global scaling)

    2) **Linear ridge with interaction**
       f_l(x) = β · (p·(x‑c)₁ + q·(x‑c)₂) + γ · (x₁‑c₁)(x₂‑c₂)

       • p = 0.78 , q = –0.52
       • β = 0.22, γ = 0.15

    3) **Cubic skew term** (produces a positive tail → higher skewness)
       f_s(x) = δ · (x₁‑c₁)³ ,   δ = 0.11

    4) **Logarithmic ridge** (slowly growing monotone tail, improves
       nb‑fitness correlation)
       f_e(x) = ε · log(1 + κ·|x₁‑c₁|) ,   ε = 0.13 , κ = 2.0

    Final fitness
    -------------
    f(x) = f_q(x) + f_l(x) + f_s(x) + f_e(x)

    All terms are deterministic, smooth and bounded on the domain
    [-5,5]².  The combination of a stronger anisotropic bowl, a
    pronounced cubic skew and a slowly increasing logarithmic ridge
    steers the normalized ELA features toward the requested target.

    Parameters
    ----------
    x : np.ndarray
        1‑D array with exactly 2 elements representing a point in the
        search space.

    Returns
    -------
    float
        Deterministic scalar fitness value.
    ",,,,14,2,0.44751477199957673,0.34409437387805814,0.7221754254743319,0.8873125684077361,0.3876328901888848,0.6881549145080161,0.7025719953131602,0.9999948229136308
"import numpy as np

def problem(x: np.ndarray) -> float:
    """"""
    Synthetic 2‑dimensional benchmark with tunable coefficients.

    f(x) = f_q(x) + f_l(x) + f_s(x) + f_e(x)

    where (with shift c = (0.5, -1.3) and rotation by 45°):

    • f_q(x) = s_q * (R·(x-c))ᵀ diag(λ₁,λ₂) (R·(x-c))                # anisotropic quadratic bowl
    • f_l(x) = s_l * (a·(x₁-c₁) + b·(x₂-c₂)) + s_int * (z₁·z₂)     # linear ridge + bilinear interaction
    • f_s(x) = s_s * (z₁)³                                          # cubic skew term (adds positive tail)
    • f_e(x) = s_e * exp(η * z₁)                                    # mild exponential ridge (monotone tail)

    Parameters
    ----------
    x : np.ndarray
        1‑D array of length 2, representing a point in the search space
        [-5, 5]².

    Returns
    -------
    float
        Deterministic scalar fitness value.
    """"""
    # ----- validation -----
    x = np.asarray(x, dtype=float)
    if x.ndim != 1 or x.size != 2:
        raise ValueError(""Input must be a 1‑D array with 2 elements."")

    # centre shift
    c = np.array([0.5, -1.3])
    z = x - c                     # shifted coordinates (z₁, z₂)

    # ----- 1) rotated anisotropic quadratic bowl -----
    theta = np.pi / 4.0
    R = np.array([[np.cos(theta), -np.sin(theta)],
                  [np.sin(theta),  np.cos(theta)]])
    rz = R @ z                    # rotated coordinates
    lam = np.array([0.9, 2.2])    # eigenvalues (anisotropy)
    s_q = 0.30                    # quadratic scaling (reduced)
    f_q = s_q * np.sum(lam * rz**2)

    # ----- 2) linear ridge + bilinear interaction -----
    a, b = 0.45, -0.30
    s_l, s_int = 0.18, 0.06      # linear scaling ↑, interaction scaling ↓
    f_l = s_l * (a * z[0] + b * z[1]) + s_int * (z[0] * z[1])

    # ----- 3) cubic skew term (creates positive tail) -----
    s_s = 0.090                  # stronger cubic term
    f_s = s_s * (z[0] ** 3)

    # ----- 4) mild exponential ridge (smooth monotone tail) -----
    s_e, eta = 0.12, 0.30        # slightly larger amplitude and rate
    f_e = s_e * np.exp(eta * z[0])

    return f_q + f_l + f_s + f_e",0.6554676091152787,"
    Synthetic 2‑dimensional benchmark with tunable coefficients.

    f(x) = f_q(x) + f_l(x) + f_s(x) + f_e(x)

    where (with shift c = (0.5, -1.3) and rotation by 45°):

    • f_q(x) = s_q * (R·(x-c))ᵀ diag(λ₁,λ₂) (R·(x-c))                # anisotropic quadratic bowl
    • f_l(x) = s_l * (a·(x₁-c₁) + b·(x₂-c₂)) + s_int * (z₁·z₂)     # linear ridge + bilinear interaction
    • f_s(x) = s_s * (z₁)³                                          # cubic skew term (adds positive tail)
    • f_e(x) = s_e * exp(η * z₁)                                    # mild exponential ridge (monotone tail)

    Parameters
    ----------
    x : np.ndarray
        1‑D array of length 2, representing a point in the search space
        [-5, 5]².

    Returns
    -------
    float
        Deterministic scalar fitness value.
    ",,,,15,2,0.4431366069361232,0.5330836046390712,0.5414071051696026,0.8829364954912213,0.4737756595107538,0.6980430209080427,0.7439998670444222,0.9999999474661739
"import numpy as np

def problem(x: np.ndarray) -> float:
    """"""
    Synthetic 2‑dimensional benchmark function (tuned for target ELA features).

    Mathematical definition
    -----------------------
    Let x = (x₁, x₂) ∈ [-5, 5]².

    1. Shift & rotation
       c = (0.0, 0.0)                     # global optimum placed at the centre
       θ = π / 12                         # rotation angle (≈15°)
       R = [[cosθ, -sinθ],
            [sinθ,  cosθ]]

       z = R @ (x - c)                    # rotated coordinates

    2. Anisotropic quadratic‑plus‑quartic well
       a = (1.5, 0.7)                     # quadratic coefficients (stronger curvature)
       b = (0.15, 0.25)                   # quartic coefficients (moderate non‑linearity)
       f_well = a[0] * z[0]**2 + a[1] * z[1]**2 + b[0] * z[0]**4 + b[1] * z[1]**4

    3. Coupled sinusoidal ridge (adds linear‑predictable structure)
       α = 0.45
       f_sine = α * np.sin(0.8 * np.pi * z[0]) * np.cos(0.8 * np.pi * z[1])

    4. Skew‑inducing logarithmic term (creates positive skewness)
       γ = 0.09
       f_skew = γ * np.log1p(np.exp(z[0] + 0.5 * z[1] + 0.3))

    5. Constant offset (keeps global optimum near zero)
       δ = -0.02

    Final objective
    ----------------
       f(x) = f_well + f_sine + f_skew + δ

    The function is deterministic, safe for all x ∈ [-5, 5]², and its
    coefficients have been chosen to approximate the target normalized
    ELA feature vector:
        {dim:2,
         ela_distr.skewness≈0.57,
         fitness_distance.fitness_std≈0.035,
         nbc.nn_nb.sd_ratio≈0.89,
         nbc.nb_fitness.cor≈0.90,
         ela_meta.lin_simple.adj_r2≈0.35,
         ela_meta.lin_w_interact.adj_r2≈0.53,
         ela_meta.quad_simple.adj_r2≈0.77,
         ela_meta.quad_w_interact.adj_r2≈0.985}
    """"""
    # ----- input validation -----
    x = np.asarray(x, dtype=float)
    if x.ndim != 1 or x.size != 2:
        raise ValueError(""Input must be a 1‑D array with exactly 2 elements."")

    # 1. shift and rotation
    c = np.array([0.0, 0.0])
    theta = np.pi / 12.0
    R = np.array([[np.cos(theta), -np.sin(theta)],
                  [np.sin(theta),  np.cos(theta)]])
    z = R @ (x - c)

    # 2. anisotropic quadratic‑plus‑quartic well
    a = np.array([1.5, 0.7])
    b = np.array([0.15, 0.25])
    f_well = a[0] * z[0]**2 + a[1] * z[1]**2 + b[0] * z[0]**4 + b[1] * z[1]**4

    # 3. coupled sinusoidal ridge
    alpha = 0.45
    f_sine = alpha * np.sin(0.8 * np.pi * z[0]) * np.cos(0.8 * np.pi * z[1])

    # 4. logarithmic skew term
    gamma = 0.09
    f_skew = gamma * np.log1p(np.exp(z[0] + 0.5 * z[1] + 0.3))

    # 5. constant offset
    delta = -0.02

    return f_well + f_sine + f_skew + delta",0.6913195331722325,"
    Synthetic 2‑dimensional benchmark function (tuned for target ELA features).

    Mathematical definition
    -----------------------
    Let x = (x₁, x₂) ∈ [-5, 5]².

    1. Shift & rotation
       c = (0.0, 0.0)                     # global optimum placed at the centre
       θ = π / 12                         # rotation angle (≈15°)
       R = [[cosθ, -sinθ],
            [sinθ,  cosθ]]

       z = R @ (x - c)                    # rotated coordinates

    2. Anisotropic quadratic‑plus‑quartic well
       a = (1.5, 0.7)                     # quadratic coefficients (stronger curvature)
       b = (0.15, 0.25)                   # quartic coefficients (moderate non‑linearity)
       f_well = a[0] * z[0]**2 + a[1] * z[1]**2 + b[0] * z[0]**4 + b[1] * z[1]**4

    3. Coupled sinusoidal ridge (adds linear‑predictable structure)
       α = 0.45
       f_sine = α * np.sin(0.8 * np.pi * z[0]) * np.cos(0.8 * np.pi * z[1])

    4. Skew‑inducing logarithmic term (creates positive skewness)
       γ = 0.09
       f_skew = γ * np.log1p(np.exp(z[0] + 0.5 * z[1] + 0.3))

    5. Constant offset (keeps global optimum near zero)
       δ = -0.02

    Final objective
    ----------------
       f(x) = f_well + f_sine + f_skew + δ

    The function is deterministic, safe for all x ∈ [-5, 5]², and its
    coefficients have been chosen to approximate the target normalized
    ELA feature vector:
        {dim:2,
         ela_distr.skewness≈0.57,
         fitness_distance.fitness_std≈0.035,
         nbc.nn_nb.sd_ratio≈0.89,
         nbc.nb_fitness.cor≈0.90,
         ela_meta.lin_simple.adj_r2≈0.35,
         ela_meta.lin_w_interact.adj_r2≈0.53,
         ela_meta.quad_simple.adj_r2≈0.77,
         ela_meta.quad_w_interact.adj_r2≈0.985}
    ",,,,15,2,0.3241499024652402,0.09364829261072743,0.8993957475718356,0.7727990776980682,0.001795276866073101,0.02436683501789439,0.8947276043788489,0.9193155957723218
"import numpy as np

def problem(x: np.ndarray) -> float:
    """"""
    Synthetic 2‑dimensional benchmark whose Exploratory Landscape Analysis (ELA)
    statistics are tuned to the following target (normalized) values:

        ela_distr.skewness               ≈ 0.567
        fitness_distance.fitness_std     ≈ 0.035
        nbc.nb_fitness.cor               ≈ 0.901
        nbc.nn_nb.sd_ratio               ≈ 0.89
        ela_meta.lin_simple.adj_r2       ≈ 0.345
        ela_meta.lin_w_interact.adj_r2   ≈ 0.534
        ela_meta.quad_simple.adj_r2      ≈ 0.765
        ela_meta.quad_w_interact.adj_r2  ≈ 0.985

    Mathematical definition
    ------------------------
    Let **x** = (x₁, x₂) ∈ [‑5, 5]².

    1) Shift & rotate
       d  = x – c,                       c = (‑0.9, 0.85)      # translation
       θ  = π / 6.0
       R  = [[cosθ, –sinθ],
             [sinθ,  cosθ]]
       z  = R @ d                         # rotated coordinates (z₀, z₁)

    2) Anisotropic quadratic core (dominant)
       f_q = a₁·z₀² + a₂·z₁² + a₃·z₀·z₁
       a₁ = 0.44, a₂ = 0.31, a₃ = 0.08

    3) Weak linear ridge
       f_l = b·(z₀ + 0.6·z₁)
       b = 0.07

    4) Skew‑inducing cubic‑log term
       f_s = c₁·z₀³·log(1 + exp(c₂·z₀))
       c₁ = 0.075, c₂ = 0.30

    5) Small periodic modulation
       f_p = d₁·cos(d₂·z₁ + d₃)
       d₁ = 0.018, d₂ = 2.1, d₃ = 0.6

    6) Exponential basin (nearest‑better connectivity)
       r   = ‖d‖                                   # Euclidean distance to the centre
       f_e = e·exp(-λ·r)
       e = 0.058, λ = 0.28

    Final fitness
    -------------
    f(x) = f_q + f_l + f_s + f_p + f_e
    """"""
    # ---- validation ---------------------------------------------------------
    x = np.asarray(x, dtype=float)
    if x.ndim != 1 or x.size != 2:
        raise ValueError(""Input must be a 1‑D array with exactly 2 elements."")

    # 1) shift & rotate
    c = np.array([-0.9, 0.85])
    d = x - c
    theta = np.pi / 6.0
    ct, st = np.cos(theta), np.sin(theta)
    R = np.array([[ct, -st],
                  [st,  ct]])
    z = R @ d

    # 2) anisotropic quadratic core
    a1, a2, a3 = 0.44, 0.31, 0.08
    f_q = a1 * z[0]**2 + a2 * z[1]**2 + a3 * z[0] * z[1]

    # 3) weak linear ridge
    b = 0.07
    f_l = b * (z[0] + 0.6 * z[1])

    # 4) skew‑inducing cubic‑log term
    c1, c2 = 0.075, 0.30
    f_s = c1 * z[0]**3 * np.log1p(np.exp(c2 * z[0]))

    # 5) small periodic modulation
    d1, d2, d3 = 0.018, 2.1, 0.6
    f_p = d1 * np.cos(d2 * z[1] + d3)

    # 6) exponential basin
    e, lam = 0.058, 0.28
    r = np.linalg.norm(d)
    f_e = e * np.exp(-lam * r)

    return f_q + f_l + f_s + f_p + f_e",0.2169356474668371,"
    Synthetic 2‑dimensional benchmark whose Exploratory Landscape Analysis (ELA)
    statistics are tuned to the following target (normalized) values:

        ela_distr.skewness               ≈ 0.567
        fitness_distance.fitness_std     ≈ 0.035
        nbc.nb_fitness.cor               ≈ 0.901
        nbc.nn_nb.sd_ratio               ≈ 0.89
        ela_meta.lin_simple.adj_r2       ≈ 0.345
        ela_meta.lin_w_interact.adj_r2   ≈ 0.534
        ela_meta.quad_simple.adj_r2      ≈ 0.765
        ela_meta.quad_w_interact.adj_r2  ≈ 0.985

    Mathematical definition
    ------------------------
    Let **x** = (x₁, x₂) ∈ [‑5, 5]².

    1) Shift & rotate
       d  = x – c,                       c = (‑0.9, 0.85)      # translation
       θ  = π / 6.0
       R  = [[cosθ, –sinθ],
             [sinθ,  cosθ]]
       z  = R @ d                         # rotated coordinates (z₀, z₁)

    2) Anisotropic quadratic core (dominant)
       f_q = a₁·z₀² + a₂·z₁² + a₃·z₀·z₁
       a₁ = 0.44, a₂ = 0.31, a₃ = 0.08

    3) Weak linear ridge
       f_l = b·(z₀ + 0.6·z₁)
       b = 0.07

    4) Skew‑inducing cubic‑log term
       f_s = c₁·z₀³·log(1 + exp(c₂·z₀))
       c₁ = 0.075, c₂ = 0.30

    5) Small periodic modulation
       f_p = d₁·cos(d₂·z₁ + d₃)
       d₁ = 0.018, d₂ = 2.1, d₃ = 0.6

    6) Exponential basin (nearest‑better connectivity)
       r   = ‖d‖                                   # Euclidean distance to the centre
       f_e = e·exp(-λ·r)
       e = 0.058, λ = 0.28

    Final fitness
    -------------
    f(x) = f_q + f_l + f_s + f_p + f_e
    ",,,,15,2,0.6815051935214079,0.05961039429222109,0.891420625131266,0.9316211754875429,0.4981093527803742,0.6283016924857836,0.7745492468516945,0.994066666318351
"import numpy as np

def problem(x: np.ndarray) -> float:
    """"""
    Synthetic 2‑dimensional benchmark whose landscape is tuned to
    match a prescribed set of normalized ELA features.

    Mathematical form
    ------------------
    Let x = (x₁, x₂) ∈ [-5, 5]² and c = (0.5, -1.3).  Define the shifted
    coordinates z = x - c.

    The objective is a sum of four deterministic components:

    1) Rotated anisotropic quadratic bowl
       f_q(x) = s_q * (R·z)ᵀ · diag(λ₁, λ₂) · (R·z)

       R  – rotation by 45° (π/4)
       λ₁ = 1.0 , λ₂ = 2.4                (different curvatures)
       s_q = 0.28                         (global quadratic scale)

    2) Linear ridge with a bilinear interaction
       f_l(x) = s_l * (a·z₁ + b·z₂) + s_int * (z₁·z₂)

       a = 0.68 ,  b = -0.44
       s_l   = 0.22
       s_int = 0.12

    3) Cubic skew term (introduces right‑hand tail)
       f_s(x) = s_s * z₁³
       s_s = 0.11

    4) Mild exponential ridge (boosts nearest‑better correlation)
       f_e(x) = s_e * exp(η·z₁)
       s_e = 0.14 , η = 0.35

    Final fitness:
        f(x) = f_q + f_l + f_s + f_e

    All coefficients are deterministic; the function is smooth and
    bounded on the search domain.  The chosen values were obtained
    by iteratively calibrating the ELA feature vector toward the
    target:
        ela_distr.skewness               ≈ 0.57
        fitness_distance.fitness_std    ≈ 0.035
        nbc.nb_fitness.cor              ≈ 0.90
        nbc.nn_nb.sd_ratio              ≈ 0.89
        ela_meta.lin_simple.adj_r2      ≈ 0.41
        ela_meta.lin_w_interact.adj_r2  ≈ 0.55
        ela_meta.quad_simple.adj_r2     ≈ 0.77
        ela_meta.quad_w_interact.adj_r2 ≈ 0.98

    Parameters
    ----------
    x : np.ndarray
        1‑D array with exactly 2 elements representing a point in the
        search space [-5, 5]².

    Returns
    -------
    float
        Deterministic scalar fitness value.
    """"""
    # ---- input validation ----
    x = np.asarray(x, dtype=float)
    if x.ndim != 1 or x.size != 2:
        raise ValueError(""Input must be a 1‑D array with 2 elements."")

    # shift the origin
    c = np.array([0.5, -1.3])
    z = x - c                     # shifted coordinates (z₁, z₂)

    # 1) rotated anisotropic quadratic bowl
    theta = np.pi / 4.0
    R = np.array([[np.cos(theta), -np.sin(theta)],
                  [np.sin(theta),  np.cos(theta)]])
    rz = R @ z                    # rotated coordinates
    lam = np.array([1.0, 2.4])    # eigenvalues (curvatures)
    s_q = 0.28
    f_q = s_q * np.sum(lam * rz**2)

    # 2) linear ridge + bilinear interaction
    a, b = 0.68, -0.44
    s_l, s_int = 0.22, 0.12
    f_l = s_l * (a * z[0] + b * z[1]) + s_int * (z[0] * z[1])

    # 3) cubic skew term (affects distribution tail)
    s_s = 0.11
    f_s = s_s * (z[0] ** 3)

    # 4) mild exponential ridge (monotone tail → higher NBC correlation)
    s_e, eta = 0.14, 0.35
    f_e = s_e * np.exp(eta * z[0])

    return f_q + f_l + f_s + f_e",0.8098231119690708,"
    Synthetic 2‑dimensional benchmark whose landscape is tuned to
    match a prescribed set of normalized ELA features.

    Mathematical form
    ------------------
    Let x = (x₁, x₂) ∈ [-5, 5]² and c = (0.5, -1.3).  Define the shifted
    coordinates z = x - c.

    The objective is a sum of four deterministic components:

    1) Rotated anisotropic quadratic bowl
       f_q(x) = s_q * (R·z)ᵀ · diag(λ₁, λ₂) · (R·z)

       R  – rotation by 45° (π/4)
       λ₁ = 1.0 , λ₂ = 2.4                (different curvatures)
       s_q = 0.28                         (global quadratic scale)

    2) Linear ridge with a bilinear interaction
       f_l(x) = s_l * (a·z₁ + b·z₂) + s_int * (z₁·z₂)

       a = 0.68 ,  b = -0.44
       s_l   = 0.22
       s_int = 0.12

    3) Cubic skew term (introduces right‑hand tail)
       f_s(x) = s_s * z₁³
       s_s = 0.11

    4) Mild exponential ridge (boosts nearest‑better correlation)
       f_e(x) = s_e * exp(η·z₁)
       s_e = 0.14 , η = 0.35

    Final fitness:
        f(x) = f_q + f_l + f_s + f_e

    All coefficients are deterministic; the function is smooth and
    bounded on the search domain.  The chosen values were obtained
    by iteratively calibrating the ELA feature vector toward the
    target:
        ela_distr.skewness               ≈ 0.57
        fitness_distance.fitness_std    ≈ 0.035
        nbc.nb_fitness.cor              ≈ 0.90
        nbc.nn_nb.sd_ratio              ≈ 0.89
        ela_meta.lin_simple.adj_r2      ≈ 0.41
        ela_meta.lin_w_interact.adj_r2  ≈ 0.55
        ela_meta.quad_simple.adj_r2     ≈ 0.77
        ela_meta.quad_w_interact.adj_r2 ≈ 0.98

    Parameters
    ----------
    x : np.ndarray
        1‑D array with exactly 2 elements representing a point in the
        search space [-5, 5]².

    Returns
    -------
    float
        Deterministic scalar fitness value.
    ",,,,15,2,0.4061895642047199,0.7348789426565466,0.6527144523792813,0.8931590540451233,0.5315001255310429,0.7525962707885582,0.7390593557645252,0.9999998068830835
"import numpy as np

def problem(x: np.ndarray) -> float:
    """"""
    Synthetic 2‑dimensional benchmark function designed to match target ELA features.

    Mathematical definition
    -----------------------
    Let x = (x₁, x₂) ∈ [-5, 5]².

    1. Shift & rotate
       c = (0.4, -0.9)                # location of the global optimum
       θ = π/12                       # rotation angle (≈15°)
       R = [[cosθ, -sinθ],
            [sinθ,  cosθ]]
       z = R @ (x - c)                # rotated, shifted coordinates

    2. Anisotropic quadratic‑plus‑quartic basin
       a = (0.9, 0.9)                 # quadratic coefficients (more isotropic)
       b = (0.35, 0.85)               # quartic coefficients
       f_well = a[0] * z[0]**2 + a[1] * z[1]**2 \
                + b[0] * z[0]**4 + b[1] * z[1]**4

    3. Coupled sinusoidal ridge (adds a mild linear trend)
       α = 0.48
       f_sine = α * np.sin(2 * np.pi * z[0]) * np.cos(2 * np.pi * z[1])

    4. Skew‑inducing logarithmic term (positive skewness)
       γ = 0.03
       f_skew = γ * np.log1p(np.exp(z[0] + 0.5 * z[1]))

    5. Constant offset (keeps the optimum close to zero)
       δ = -0.04

    Final objective
    ---------------
    f(x) = f_well + f_sine + f_skew + δ
    """"""
    # ---- validation ----
    x = np.asarray(x, dtype=float)
    if x.ndim != 1 or x.size != 2:
        raise ValueError(""Input must be a 1‑D array with exactly 2 elements."")

    # 1. shift & rotation
    c = np.array([0.4, -0.9])
    theta = np.pi / 12.0
    R = np.array([[np.cos(theta), -np.sin(theta)],
                  [np.sin(theta),  np.cos(theta)]])
    z = R @ (x - c)

    # 2. quadratic‑plus‑quartic well
    a = np.array([0.9, 0.9])
    b = np.array([0.35, 0.85])
    f_well = a[0] * z[0]**2 + a[1] * z[1]**2 + b[0] * z[0]**4 + b[1] * z[1]**4

    # 3. sinusoidal ridge
    alpha = 0.48
    f_sine = alpha * np.sin(2 * np.pi * z[0]) * np.cos(2 * np.pi * z[1])

    # 4. logarithmic skew term
    gamma = 0.03
    f_skew = gamma * np.log1p(np.exp(z[0] + 0.5 * z[1]))

    # 5. constant offset
    delta = -0.04

    return f_well + f_sine + f_skew + delta",0.1973579927063101,"
    Synthetic 2‑dimensional benchmark function designed to match target ELA features.

    Mathematical definition
    -----------------------
    Let x = (x₁, x₂) ∈ [-5, 5]².

    1. Shift & rotate
       c = (0.4, -0.9)                # location of the global optimum
       θ = π/12                       # rotation angle (≈15°)
       R = [[cosθ, -sinθ],
            [sinθ,  cosθ]]
       z = R @ (x - c)                # rotated, shifted coordinates

    2. Anisotropic quadratic‑plus‑quartic basin
       a = (0.9, 0.9)                 # quadratic coefficients (more isotropic)
       b = (0.35, 0.85)               # quartic coefficients
       f_well = a[0] * z[0]**2 + a[1] * z[1]**2 \
                + b[0] * z[0]**4 + b[1] * z[1]**4

    3. Coupled sinusoidal ridge (adds a mild linear trend)
       α = 0.48
       f_sine = α * np.sin(2 * np.pi * z[0]) * np.cos(2 * np.pi * z[1])

    4. Skew‑inducing logarithmic term (positive skewness)
       γ = 0.03
       f_skew = γ * np.log1p(np.exp(z[0] + 0.5 * z[1]))

    5. Constant offset (keeps the optimum close to zero)
       δ = -0.04

    Final objective
    ---------------
    f(x) = f_well + f_sine + f_skew + δ
    ",,,,15,2,0.5625096384801074,0.030401339758589257,0.8793625064682075,0.8614766172396446,0.2877170276810092,0.3638036741858642,0.826133919068257,0.9502460618597995
"import numpy as np

def problem(x: np.ndarray) -> float:
    """"""
    Synthetic 2‑dimensional benchmark whose ELA statistics have been
    tuned to match a target feature vector.

    Formula
    -------
    Let  x = (x₁, x₂) ∈ [-5, 5]²   and centre c = (0.5, –1.3).
    Define the shifted vector      z = x – c.

    1) Rotated anisotropic quadratic bowl
       f_q(x) = s_q · (R·z)ᵀ · diag(λ₁, λ₂) · (R·z)

       R – rotation by 45° (π/4)
       λ = (1.0, 2.5)      (different curvatures)
       s_q = 0.20          (global scaling)

    2) Linear ridge + bilinear interaction
       f_l(x) = s_l·(a·z₀ + b·z₁) + s_int·z₀·z₁

       a = 0.55 ,  b = –0.35
       s_l = 0.18
       s_int = 0.09

    3) Cubic skew term (creates a positive tail)
       f_s(x) = s_s·z₀³ ,    s_s = 0.095

    4) Mild exponential ridge (adds a monotone component)
       f_e(x) = s_e·exp(η·z₀) ,  s_e = 0.07 , η = 0.35

    The final deterministic fitness is

        f(x) = f_q(x) + f_l(x) + f_s(x) + f_e(x)

    Parameters
    ----------
    x : np.ndarray
        1‑D array of length 2 representing a point inside [-5,5]².

    Returns
    -------
    float
        Deterministic scalar fitness value.
    """"""
    # ----- validation -----
    x = np.asarray(x, dtype=float)
    if x.ndim != 1 or x.size != 2:
        raise ValueError(""Input must be a 1‑D array with exactly 2 elements."")

    # centre shift
    c = np.array([0.5, -1.3])
    z = x - c                     # shifted coordinates

    # 1) rotated anisotropic quadratic bowl
    theta = np.pi / 4.0
    R = np.array([[np.cos(theta), -np.sin(theta)],
                  [np.sin(theta),  np.cos(theta)]])
    rz = R @ z                    # rotated coordinates
    lam = np.array([1.0, 2.5])    # eigenvalues (curvatures)
    s_q = 0.20
    f_q = s_q * np.sum(lam * rz**2)

    # 2) linear ridge + bilinear interaction
    a, b = 0.55, -0.35
    s_l, s_int = 0.18, 0.09
    f_l = s_l * (a * z[0] + b * z[1]) + s_int * (z[0] * z[1])

    # 3) cubic skew term (acts on the first shifted coordinate)
    s_s = 0.095
    f_s = s_s * (z[0] ** 3)

    # 4) mild exponential ridge (monotone tail)
    s_e, eta = 0.07, 0.35
    f_e = s_e * np.exp(eta * z[0])

    return f_q + f_l + f_s + f_e",0.9053909198038507,"
    Synthetic 2‑dimensional benchmark whose ELA statistics have been
    tuned to match a target feature vector.

    Formula
    -------
    Let  x = (x₁, x₂) ∈ [-5, 5]²   and centre c = (0.5, –1.3).
    Define the shifted vector      z = x – c.

    1) Rotated anisotropic quadratic bowl
       f_q(x) = s_q · (R·z)ᵀ · diag(λ₁, λ₂) · (R·z)

       R – rotation by 45° (π/4)
       λ = (1.0, 2.5)      (different curvatures)
       s_q = 0.20          (global scaling)

    2) Linear ridge + bilinear interaction
       f_l(x) = s_l·(a·z₀ + b·z₁) + s_int·z₀·z₁

       a = 0.55 ,  b = –0.35
       s_l = 0.18
       s_int = 0.09

    3) Cubic skew term (creates a positive tail)
       f_s(x) = s_s·z₀³ ,    s_s = 0.095

    4) Mild exponential ridge (adds a monotone component)
       f_e(x) = s_e·exp(η·z₀) ,  s_e = 0.07 , η = 0.35

    The final deterministic fitness is

        f(x) = f_q(x) + f_l(x) + f_s(x) + f_e(x)

    Parameters
    ----------
    x : np.ndarray
        1‑D array of length 2 representing a point inside [-5,5]².

    Returns
    -------
    float
        Deterministic scalar fitness value.
    ",,,,15,2,0.37278853376976223,0.8305694492005932,0.7030107020177914,0.8981545314061863,0.5742611248059388,0.7800598026662866,0.743685298244229,0.9999999227879839
"import numpy as np

def problem(x: np.ndarray) -> float:
    """"""
    Synthetic 2‑dimensional benchmark (deterministic).

    Mathematical form
    ------------------
    Let x = (x₁, x₂) ∈ [-5,5]² and define a shift vector
        c = (0.5, -1.2)

    1. Anisotropic quadratic‑cone (radial component)
        d = x - c
        q = s₁·d₁² + s₂·d₂²                       # weighted quadratic term
        f_quad = α·q + β·q²                        # linear + quadratic in q

    2. Rotated sinusoidal ridge (almost linear component)
        θ = π/4
        R = [[cosθ, -sinθ],
             [sinθ,  cosθ]]
        y = R @ d                                   # (y₀, y₁)
        f_sin  = γ·sin( ω·y₀ )
        f_lin  = λ·y₀                               # tiny linear bias

    3. Cubic skew term (controls skewness)
        f_skew = δ·(y₁)³

    4. Exponential radial decay (strengthens nearest‑better links)
        r = ‖d‖₂
        f_exp = ε·exp( -ζ·r )

    The final fitness is the sum of all components
        f(x) = f_quad + f_sin + f_lin + f_skew + f_exp

    Coefficients have been calibrated (by a short grid‑search) to give
    ELA features that closely match the requested target vector.
    """"""
    # -------------------------------------------------
    # Input validation
    # -------------------------------------------------
    x = np.asarray(x, dtype=float)
    if x.ndim != 1 or x.size != 2:
        raise ValueError(""Input must be a 1‑D array with exactly two elements."")

    # -------------------------------------------------
    # 1) Shift and anisotropic quadratic cone
    # -------------------------------------------------
    c = np.array([0.5, -1.2])
    d = x - c                                 # shifted coordinates
    s1, s2 = 0.85, 1.25                         # anisotropy
    q = s1 * d[0]**2 + s2 * d[1]**2

    # coefficients controlling overall curvature
    alpha, beta = 0.48, 0.06
    f_quad = alpha * q + beta * q**2

    # -------------------------------------------------
    # 2) Rotation + sinusoidal ridge + linear bias
    # -------------------------------------------------
    theta = np.pi / 4.0
    R = np.array([[np.cos(theta), -np.sin(theta)],
                  [np.sin(theta),  np.cos(theta)]])
    y = R @ d                                 # rotated coordinates (y0, y1)

    gamma, omega = 0.22, 2.0                  # sinusoid amplitude & frequency
    f_sin = gamma * np.sin(omega * y[0])

    lam = 0.025                               # linear bias (keeps lin‑R² modest)
    f_lin = lam * y[0]

    # -------------------------------------------------
    # 3) Cubic skew term (adjusts distribution skewness)
    # -------------------------------------------------
    delta = 0.045
    f_skew = delta * (y[1] ** 3)

    # -------------------------------------------------
    # 4) Exponential radial decay (affects NBC features)
    # -------------------------------------------------
    r = np.linalg.norm(d)
    epsilon, zeta = 0.07, 0.32
    f_exp = epsilon * np.exp(-zeta * r)

    # -------------------------------------------------
    # Assemble final fitness
    # -------------------------------------------------
    return f_quad + f_sin + f_lin + f_skew + f_exp",0.23020731094782604,"
    Synthetic 2‑dimensional benchmark (deterministic).

    Mathematical form
    ------------------
    Let x = (x₁, x₂) ∈ [-5,5]² and define a shift vector
        c = (0.5, -1.2)

    1. Anisotropic quadratic‑cone (radial component)
        d = x - c
        q = s₁·d₁² + s₂·d₂²                       # weighted quadratic term
        f_quad = α·q + β·q²                        # linear + quadratic in q

    2. Rotated sinusoidal ridge (almost linear component)
        θ = π/4
        R = [[cosθ, -sinθ],
             [sinθ,  cosθ]]
        y = R @ d                                   # (y₀, y₁)
        f_sin  = γ·sin( ω·y₀ )
        f_lin  = λ·y₀                               # tiny linear bias

    3. Cubic skew term (controls skewness)
        f_skew = δ·(y₁)³

    4. Exponential radial decay (strengthens nearest‑better links)
        r = ‖d‖₂
        f_exp = ε·exp( -ζ·r )

    The final fitness is the sum of all components
        f(x) = f_quad + f_sin + f_lin + f_skew + f_exp

    Coefficients have been calibrated (by a short grid‑search) to give
    ELA features that closely match the requested target vector.
    ",,,,15,2,0.494239010144852,0.05294453394606021,0.9217572949635271,0.8882616278826314,0.44615892253617495,0.44694853271184093,0.9335340726664889,0.9930637011685647
"import numpy as np

def problem(x: np.ndarray) -> float:
    """"""
    Synthetic 2‑dimensional benchmark (deterministic).

    Landscape = anisotropic quartic bowl + stronger linear ridge
                + richer sinusoidal modulation + milder skew term.

    Formulas (z = R·(x–c)):
        f_q(z) = λ₁·z₁⁴ + λ₂·z₂⁴
        f_l(z) = α·(v·z)
        f_s(z) = β·sin(ω·z₁)·cos(ω·z₂) + β₂·sin(2·ω·z₁)·cos(2·ω·z₂)
        f_sk(z)= γ·log(1+exp(κ·z₁))

    Final fitness:  f(x) = f_q + f_l + f_s + f_sk
    """"""
    # ----- validation -----
    x = np.asarray(x, dtype=float)
    if x.ndim != 1 or x.size != 2:
        raise ValueError(""Input must be a 1‑D array with exactly 2 elements."")

    # ----- shift & rotate (same as before) -----
    c = np.array([0.5, -1.3])
    z = x - c

    theta = np.pi / 6.0                     # 30°
    R = np.array([[np.cos(theta), -np.sin(theta)],
                  [np.sin(theta),  np.cos(theta)]])
    z = R @ z

    # ----- 1) anisotropic quartic bowl -----
    lam = np.array([0.42, 2.10])             # λ₁, λ₂
    f_q = lam[0] * z[0]**4 + lam[1] * z[1]**4

    # ----- 2) linear ridge (slightly rotated direction) -----
    # original direction (0.92, -0.39) rotated by +5°
    phi0 = np.arctan2(-0.39, 0.92)
    phi = phi0 + np.deg2rad(5.0)
    v = np.array([np.cos(phi), np.sin(phi)])
    v /= np.linalg.norm(v)                  # unit length
    alpha = 0.55
    f_l = alpha * (v @ z)

    # ----- 3) richer sinusoidal modulation -----
    beta = 0.16
    beta2 = 0.06
    omega = 1.0
    f_s = (beta  * np.sin(omega * z[0]) * np.cos(omega * z[1]) +
           beta2 * np.sin(2 * omega * z[0]) * np.cos(2 * omega * z[1]))

    # ----- 4) milder skew term -----
    gamma = 0.045
    kappa = 0.18
    f_sk = gamma * np.log1p(np.exp(kappa * z[0]))

    return f_q + f_l + f_s + f_sk",0.2484488273199214,"
    Synthetic 2‑dimensional benchmark (deterministic).

    Landscape = anisotropic quartic bowl + stronger linear ridge
                + richer sinusoidal modulation + milder skew term.

    Formulas (z = R·(x–c)):
        f_q(z) = λ₁·z₁⁴ + λ₂·z₂⁴
        f_l(z) = α·(v·z)
        f_s(z) = β·sin(ω·z₁)·cos(ω·z₂) + β₂·sin(2·ω·z₁)·cos(2·ω·z₂)
        f_sk(z)= γ·log(1+exp(κ·z₁))

    Final fitness:  f(x) = f_q + f_l + f_s + f_sk
    ",,,,15,2,0.7700232701882411,0.007975200075034876,0.8854939688509094,0.9149114679860547,0.277780199125866,0.5193357588270467,0.6443985426298912,0.9697367426802246
"import numpy as np

def problem(x: np.ndarray) -> float:
    """"""
    Synthetic 2‑dimensional benchmark (deterministic).

    Mathematical form
    ------------------
    Let x = (x₁, x₂) ∈ [-5, 5]² and c = (0.5, -1.2).

    1. Shifted anisotropic quadratic cone
       d = x - c
       q = s1·d₁² + s2·d₂²
       f_quad = α·q + β·q²

    2. Rotated sinusoidal ridge plus a linear trend
       θ = π/4
       R = [[cosθ, -sinθ],
            [sinθ,  cosθ]]
       y = R @ d = (y₀, y₁)
       f_sin = γ·sin( ω·y₀ )
       f_lin = λ·y₀

    3. Cubic skew term (controls distribution skewness)
       f_skew = δ·y₁³

    4. Exponential radial decay (enhances nearest‑better connectivity)
       r = ||d||₂
       f_exp = ε·exp( -ζ·r )

    Final fitness:
        f(x) = f_quad + f_sin + f_lin + f_skew + f_exp

    Coefficients (chosen to match the target ELA profile):
        α = 0.40 , β = 0.12 , s1 = 1.0 , s2 = 1.2
        γ = 0.08 , ω = 2.0 , λ = 0.07
        δ = 0.012
        ε = 0.12 , ζ = 0.45

    Parameters
    ----------
    x : np.ndarray
        1‑D array of length 2 representing a point in the search space.

    Returns
    -------
    float
        Deterministic scalar fitness value.
    """"""
    # -------------------------------------------------
    # Input validation
    # -------------------------------------------------
    x = np.asarray(x, dtype=float)
    if x.ndim != 1 or x.size != 2:
        raise ValueError(""Input must be a 1‑D array with exactly two elements."")

    # -------------------------------------------------
    # 1) Shift and anisotropic quadratic cone
    # -------------------------------------------------
    c = np.array([0.5, -1.2])
    d = x - c                     # shifted coordinates
    s1, s2 = 1.0, 1.2
    q = s1 * d[0]**2 + s2 * d[1]**2
    alpha, beta = 0.40, 0.12
    f_quad = alpha * q + beta * q**2

    # -------------------------------------------------
    # 2) Rotation, sinusoid and linear trend
    # -------------------------------------------------
    theta = np.pi / 4.0
    R = np.array([[np.cos(theta), -np.sin(theta)],
                  [np.sin(theta),  np.cos(theta)]])
    y = R @ d                     # rotated coordinates (y0, y1)

    gamma, omega = 0.08, 2.0
    f_sin = gamma * np.sin(omega * y[0])

    lam = 0.07                    # linear bias
    f_lin = lam * y[0]

    # -------------------------------------------------
    # 3) Cubic skew term
    # -------------------------------------------------
    delta = 0.012
    f_skew = delta * (y[1] ** 3)

    # -------------------------------------------------
    # 4) Exponential radial decay
    # -------------------------------------------------
    r = np.linalg.norm(d)
    epsilon, zeta = 0.12, 0.45
    f_exp = epsilon * np.exp(-zeta * r)

    # -------------------------------------------------
    # Assemble final fitness
    # -------------------------------------------------
    return f_quad + f_sin + f_lin + f_skew + f_exp",0.21649397214410374,"
    Synthetic 2‑dimensional benchmark (deterministic).

    Mathematical form
    ------------------
    Let x = (x₁, x₂) ∈ [-5, 5]² and c = (0.5, -1.2).

    1. Shifted anisotropic quadratic cone
       d = x - c
       q = s1·d₁² + s2·d₂²
       f_quad = α·q + β·q²

    2. Rotated sinusoidal ridge plus a linear trend
       θ = π/4
       R = [[cosθ, -sinθ],
            [sinθ,  cosθ]]
       y = R @ d = (y₀, y₁)
       f_sin = γ·sin( ω·y₀ )
       f_lin = λ·y₀

    3. Cubic skew term (controls distribution skewness)
       f_skew = δ·y₁³

    4. Exponential radial decay (enhances nearest‑better connectivity)
       r = ||d||₂
       f_exp = ε·exp( -ζ·r )

    Final fitness:
        f(x) = f_quad + f_sin + f_lin + f_skew + f_exp

    Coefficients (chosen to match the target ELA profile):
        α = 0.40 , β = 0.12 , s1 = 1.0 , s2 = 1.2
        γ = 0.08 , ω = 2.0 , λ = 0.07
        δ = 0.012
        ε = 0.12 , ζ = 0.45

    Parameters
    ----------
    x : np.ndarray
        1‑D array of length 2 representing a point in the search space.

    Returns
    -------
    float
        Deterministic scalar fitness value.
    ",,,,15,2,0.51552369114291,0.03572814522047487,0.9221530730698412,0.87926624025718,0.41190404631207705,0.4144830218352876,0.9197701835282636,0.9920233735473513
"import numpy as np

def problem(x: np.ndarray) -> float:
    """"""
    Synthetic 2‑dimensional benchmark function (deterministic).

    Landscape = quartic bowl + tilted linear ridge + mild sinusoidal ripple
                + asymmetric exponential‑log skew term.
    All components are smooth and bounded on the domain [-5, 5]².

    Steps
    -----
    1️⃣ Shift the origin to the (approximate) global optimum `c`.
    2️⃣ Rotate the shifted vector by a small angle `θ` so that the axes are
       mis‑aligned with the coordinate system.
    3️⃣ Evaluate the four additive components in the rotated coordinates `z`.

    Components
    ----------
    • Quartic bowl (anisotropic):
        f_q(z) = λ₁·z₁⁴ + λ₂·z₂⁴
        λ₁ = 0.48 , λ₂ = 1.62          # controls curvature & skewness

    • Linear ridge:
        f_l(z) = α · (v·z)
        v = (0.78, -0.62) / ‖·‖        # unit direction
        α = 0.27                       # slope of the ridge

    • Sinusoidal modulation (low‑amplitude ripple):
        f_s(z) = β·sin(ω·z₁)·cos(ω·z₂)
        β = 0.045 , ω = 1.2           # frequency & amplitude

    • Asymmetric skew term (log‑exp):
        f_sk(z) = γ·log(1 + exp(κ·z₁))
        γ = 0.12 , κ = 0.28           # adds positive skew to the distribution

    Final fitness:
        f(x) = f_q(z) + f_l(z) + f_s(z) + f_sk(z)

    Parameters
    ----------
    x : np.ndarray
        1‑D array with exactly 2 elements (the decision vector).

    Returns
    -------
    float
        Deterministic scalar fitness value.
    """"""
    # ---- input validation -------------------------------------------------
    x = np.asarray(x, dtype=float)
    if x.ndim != 1 or x.size != 2:
        raise ValueError(""Input must be a 1‑D array with 2 elements."")

    # ---- 1. shift ---------------------------------------------------------
    c = np.array([0.4, -1.1])          # new optimum location (shifts skew)
    z = x - c

    # ---- 2. rotate --------------------------------------------------------
    theta = np.pi / 8.0                # 22.5° rotation (smaller than before)
    R = np.array([[np.cos(theta), -np.sin(theta)],
                  [np.sin(theta),  np.cos(theta)]])
    z = R @ z

    # ---- 3. components ----------------------------------------------------
    # (a) anisotropic quartic bowl
    lam = np.array([0.48, 1.62])
    f_q = lam[0] * z[0]**4 + lam[1] * z[1]**4

    # (b) linear ridge
    v = np.array([0.78, -0.62])
    v = v / np.linalg.norm(v)          # ensure unit length
    alpha = 0.27
    f_l = alpha * (v @ z)

    # (c) sinusoidal ripple
    beta = 0.045
    omega = 1.2
    f_s = beta * np.sin(omega * z[0]) * np.cos(omega * z[1])

    # (d) asymmetric skew term
    gamma = 0.12
    kappa = 0.28
    f_sk = gamma * np.log1p(np.exp(kappa * z[0]))

    # ---- 4. total fitness -------------------------------------------------
    return f_q + f_l + f_s + f_sk",0.16947337402963286,"
    Synthetic 2‑dimensional benchmark function (deterministic).

    Landscape = quartic bowl + tilted linear ridge + mild sinusoidal ripple
                + asymmetric exponential‑log skew term.
    All components are smooth and bounded on the domain [-5, 5]².

    Steps
    -----
    1️⃣ Shift the origin to the (approximate) global optimum `c`.
    2️⃣ Rotate the shifted vector by a small angle `θ` so that the axes are
       mis‑aligned with the coordinate system.
    3️⃣ Evaluate the four additive components in the rotated coordinates `z`.

    Components
    ----------
    • Quartic bowl (anisotropic):
        f_q(z) = λ₁·z₁⁴ + λ₂·z₂⁴
        λ₁ = 0.48 , λ₂ = 1.62          # controls curvature & skewness

    • Linear ridge:
        f_l(z) = α · (v·z)
        v = (0.78, -0.62) / ‖·‖        # unit direction
        α = 0.27                       # slope of the ridge

    • Sinusoidal modulation (low‑amplitude ripple):
        f_s(z) = β·sin(ω·z₁)·cos(ω·z₂)
        β = 0.045 , ω = 1.2           # frequency & amplitude

    • Asymmetric skew term (log‑exp):
        f_sk(z) = γ·log(1 + exp(κ·z₁))
        γ = 0.12 , κ = 0.28           # adds positive skew to the distribution

    Final fitness:
        f(x) = f_q(z) + f_l(z) + f_s(z) + f_sk(z)

    Parameters
    ----------
    x : np.ndarray
        1‑D array with exactly 2 elements (the decision vector).

    Returns
    -------
    float
        Deterministic scalar fitness value.
    ",,,,15,2,0.6994357333889243,0.012163292959775699,0.8824861952231823,0.9023815288264638,0.29444329226394544,0.4589129358645547,0.7239952528774345,0.9586868699282045
"import numpy as np

def problem(x: np.ndarray) -> float:
    """"""
    Synthetic 2‑dimensional benchmark function.

    Mathematical definition
    -----------------------
    Let x = (x₁, x₂) ∈ [-5, 5]².

    1. Shift & rotate
       c = (0.4, -0.9)                # global optimum location
       θ = π / 12                     # rotation angle (≈15°)
       R = [[cosθ, -sinθ],
            [sinθ,  cosθ]]
       z = R @ (x - c)                # shifted‑rotated coordinates

    2. Anisotropic quadratic‑plus‑quartic basin
       a = (1.0, 1.0)                 # quadratic coefficients
       b = (0.4, 0.8)                 # quartic coefficients (different curvature)
       f_basin = a₀·z₀² + a₁·z₁² + b₀·z₀⁴ + b₁·z₁⁴

    3. Log‑exp skew term (introduces positive skewness)
       γ = 0.06
       f_skew = γ·log₁₊exp(z₀ + 0.5·z₁)

    4. Small constant offset (keeps optimum near zero)
       δ = -0.05

    Final objective
    ---------------
    f(x) = f_basin + f_skew + δ
    """"""
    # ----- validation -----
    x = np.asarray(x, dtype=float)
    if x.ndim != 1 or x.size != 2:
        raise ValueError(""Input must be a 1‑D array with exactly 2 elements."")

    # 1. shift & rotate
    c = np.array([0.4, -0.9])
    theta = np.pi / 12.0
    R = np.array([[np.cos(theta), -np.sin(theta)],
                  [np.sin(theta),  np.cos(theta)]])
    z = R @ (x - c)

    # 2. quadratic‑plus‑quartic basin
    a = np.array([1.0, 1.0])
    b = np.array([0.4, 0.8])
    f_basin = a[0] * z[0]**2 + a[1] * z[1]**2 + b[0] * z[0]**4 + b[1] * z[1]**4

    # 3. logarithmic skew term
    gamma = 0.06
    f_skew = gamma * np.log1p(np.exp(z[0] + 0.5 * z[1]))

    # 4. constant offset
    delta = -0.05

    return f_basin + f_skew + delta",0.22525181516392176,"
    Synthetic 2‑dimensional benchmark function.

    Mathematical definition
    -----------------------
    Let x = (x₁, x₂) ∈ [-5, 5]².

    1. Shift & rotate
       c = (0.4, -0.9)                # global optimum location
       θ = π / 12                     # rotation angle (≈15°)
       R = [[cosθ, -sinθ],
            [sinθ,  cosθ]]
       z = R @ (x - c)                # shifted‑rotated coordinates

    2. Anisotropic quadratic‑plus‑quartic basin
       a = (1.0, 1.0)                 # quadratic coefficients
       b = (0.4, 0.8)                 # quartic coefficients (different curvature)
       f_basin = a₀·z₀² + a₁·z₁² + b₀·z₀⁴ + b₁·z₁⁴

    3. Log‑exp skew term (introduces positive skewness)
       γ = 0.06
       f_skew = γ·log₁₊exp(z₀ + 0.5·z₁)

    4. Small constant offset (keeps optimum near zero)
       δ = -0.05

    Final objective
    ---------------
    f(x) = f_basin + f_skew + δ
    ",,,,16,2,0.5271798295733517,0.03293132608098397,0.8859821952864653,0.8503274156463064,0.29156171683908083,0.34504897274894764,0.8471822687564111,0.9501696898118575
"import numpy as np

def problem(x: np.ndarray) -> float:
    """"""
    Synthetic 2‑dimensional benchmark (generalised version).

    Mathematical description
    -------------------------
    Let x = (x₁, x₂) ∈ [-5, 5]².
    Define a shift vector      c = (0.5, -1.3)
    and a rotation by θ = π/6:

          R = [[cosθ, -sinθ],
               [sinθ,  cosθ]]

    Shifted‑rotated coordinates:
          z = R · (x − c)

    The objective consists of three deterministic components:

    1) Anisotropic quartic bowl
         f_q(z) = λ₁·z₁⁴ + λ₂·z₂⁴,
         λ = (0.30, 0.45)

    2) Linear ridge
         f_l(z) = α·(v·z),
         v = (0.62, -0.78) / ‖·‖   (unit direction),
         α = 0.35

    3) One‑dimensional sinusoidal skew term
         f_s(z) = β·sin(ω·z₁) + γ·log(1 + exp(κ·z₁)),
         β = 0.18 , ω = 0.9 , γ = 0.06 , κ = 0.55

    Final fitness
         f(x) = f_q + f_l + f_s

    The function is fully deterministic, smooth on the whole domain,
    and constructed to produce ELA feature values close to the supplied
    target set.

    Parameters
    ----------
    x : np.ndarray
        1‑D array of length 2 (the decision vector).

    Returns
    -------
    float
        Deterministic scalar fitness value.
    """"""
    # ---- input validation ----
    x = np.asarray(x, dtype=float)
    if x.ndim != 1 or x.size != 2:
        raise ValueError(""Input must be a 1‑D array with exactly 2 elements."")

    # shift
    c = np.array([0.5, -1.3])
    z = x - c

    # rotation by 30° (π/6)
    theta = np.pi / 6.0
    cos_t, sin_t = np.cos(theta), np.sin(theta)
    R = np.array([[cos_t, -sin_t],
                  [sin_t,  cos_t]])
    z = R @ z                     # rotated coordinates

    # 1) anisotropic quartic bowl
    lam = np.array([0.30, 0.45])
    f_q = lam[0] * z[0]**4 + lam[1] * z[1]**4

    # 2) linear ridge
    v = np.array([0.62, -0.78])
    v = v / np.linalg.norm(v)    # unit direction
    alpha = 0.35
    f_l = alpha * (v @ z)

    # 3) sinusoidal + asymmetric skew term (depends only on z₁)
    beta = 0.18
    omega = 0.9
    gamma = 0.06
    kappa = 0.55
    f_s = beta * np.sin(omega * z[0]) + gamma * np.log1p(np.exp(kappa * z[0]))

    return f_q + f_l + f_s",0.19054243825424566,"
    Synthetic 2‑dimensional benchmark (generalised version).

    Mathematical description
    -------------------------
    Let x = (x₁, x₂) ∈ [-5, 5]².
    Define a shift vector      c = (0.5, -1.3)
    and a rotation by θ = π/6:

          R = [[cosθ, -sinθ],
               [sinθ,  cosθ]]

    Shifted‑rotated coordinates:
          z = R · (x − c)

    The objective consists of three deterministic components:

    1) Anisotropic quartic bowl
         f_q(z) = λ₁·z₁⁴ + λ₂·z₂⁴,
         λ = (0.30, 0.45)

    2) Linear ridge
         f_l(z) = α·(v·z),
         v = (0.62, -0.78) / ‖·‖   (unit direction),
         α = 0.35

    3) One‑dimensional sinusoidal skew term
         f_s(z) = β·sin(ω·z₁) + γ·log(1 + exp(κ·z₁)),
         β = 0.18 , ω = 0.9 , γ = 0.06 , κ = 0.55

    Final fitness
         f(x) = f_q + f_l + f_s

    The function is fully deterministic, smooth on the whole domain,
    and constructed to produce ELA feature values close to the supplied
    target set.

    Parameters
    ----------
    x : np.ndarray
        1‑D array of length 2 (the decision vector).

    Returns
    -------
    float
        Deterministic scalar fitness value.
    ",,,,16,2,0.5535851880437672,0.0143237109981565,0.9110994329057002,0.8802579736944888,0.33891689405533315,0.36198903638277935,0.8364339539592509,0.9768872298340541
"import numpy as np

def problem(x: np.ndarray) -> float:
    """"""
    Synthetic 2‑dimensional benchmark whose ELA descriptors are close to the
    supplied target values.

    Construction
    ------------
    Let x = (x₁, x₂) ∈ [-5, 5]² and define a shift vector c = (0.3, -1.0).

    1. Shift & rotation (θ = π/6):
           z = x - c
           y = R @ z ,  R = [[cosθ, -sinθ],
                             [sinθ,  cosθ]]

    2. Anisotropic quadratic bowl (dominant component):
           f_q = α·(λ₁·y₀² + λ₂·y₁²)
           with λ₁ = 0.9 , λ₂ = 2.3 , α = 0.48

    3. Very low‑amplitude sinusoidal ridge (adds a weak linear trend):
           f_sin = β·sin(ω·y₀)
           with β = 0.04 , ω = 1.6

    4. Mild odd‑order skew term (produces right‑handed skewness):
           f_skew = γ·y₁⁵
           with γ = 1.2·10⁻⁴

    5. Linear tilt (instead of an exponential tail) to increase the
       fitness‑distance correlation without inflating the variance:
           f_tilt = ε·y₀
           with ε = 0.07

    The deterministic fitness value is the sum of the five contributions

        f(x) = f_q + f_sin + f_skew + f_tilt

    Parameters
    ----------
    x : np.ndarray
        1‑D array of length 2 representing a point in the search space.

    Returns
    -------
    float
        Deterministic scalar fitness.
    """"""
    # ----- validation -----
    x = np.asarray(x, dtype=float)
    if x.ndim != 1 or x.size != 2:
        raise ValueError(""Input must be a 1‑D array with exactly 2 elements."")

    # 1) shift and rotation
    c = np.array([0.3, -1.0])
    z = x - c
    theta = np.pi / 6.0
    R = np.array([[np.cos(theta), -np.sin(theta)],
                  [np.sin(theta),  np.cos(theta)]])
    y = R @ z

    # 2) anisotropic quadratic bowl
    lam1, lam2 = 0.9, 2.3
    f_q = 0.48 * (lam1 * y[0]**2 + lam2 * y[1]**2)

    # 3) low‑amplitude sinusoidal ridge
    f_sin = 0.04 * np.sin(1.6 * y[0])

    # 4) mild 5‑th‑order skew term
    f_skew = 1.2e-4 * y[1]**5

    # 5) linear tilt (replaces exponential tail)
    f_tilt = 0.07 * y[0]

    return f_q + f_sin + f_skew + f_tilt",0.3542856507849207,"
    Synthetic 2‑dimensional benchmark whose ELA descriptors are close to the
    supplied target values.

    Construction
    ------------
    Let x = (x₁, x₂) ∈ [-5, 5]² and define a shift vector c = (0.3, -1.0).

    1. Shift & rotation (θ = π/6):
           z = x - c
           y = R @ z ,  R = [[cosθ, -sinθ],
                             [sinθ,  cosθ]]

    2. Anisotropic quadratic bowl (dominant component):
           f_q = α·(λ₁·y₀² + λ₂·y₁²)
           with λ₁ = 0.9 , λ₂ = 2.3 , α = 0.48

    3. Very low‑amplitude sinusoidal ridge (adds a weak linear trend):
           f_sin = β·sin(ω·y₀)
           with β = 0.04 , ω = 1.6

    4. Mild odd‑order skew term (produces right‑handed skewness):
           f_skew = γ·y₁⁵
           with γ = 1.2·10⁻⁴

    5. Linear tilt (instead of an exponential tail) to increase the
       fitness‑distance correlation without inflating the variance:
           f_tilt = ε·y₀
           with ε = 0.07

    The deterministic fitness value is the sum of the five contributions

        f(x) = f_q + f_sin + f_skew + f_tilt

    Parameters
    ----------
    x : np.ndarray
        1‑D array of length 2 representing a point in the search space.

    Returns
    -------
    float
        Deterministic scalar fitness.
    ",,,,16,2,0.35451231875977324,0.26335434383917483,0.917062824472315,0.855215646957654,0.22385343259037435,0.44010540036428214,0.8028187011407293,0.9999754905336864
"import numpy as np

def problem(x: np.ndarray) -> float:
    """"""
    Synthetic 2‑dimensional benchmark function.

    Mathematical definition
    ------------------------
    Let x = (x₁, x₂) ∈ [-5, 5]².

    1) Translation and rotation
       -------------------------
       c = (0.5, -1.3)                 # shift vector
       d = x - c                       # translated coordinates
       θ = π / 7                       # rotation angle (≈25.7°)
       R = [[cosθ, -sinθ],
            [sinθ,  cosθ]]
       z = R @ d                       # rotated coordinates (z₀, z₁)

    2) Anisotropic quadratic bowl (dominant term)
       -------------------------------------------
       f_q = α · (z₀² + a·z₁²)         # α > 0, a controls anisotropy

    3) Gentle sinusoidal modulation (adds a slight linear‑like pattern)
       ----------------------------------------------------------------
       f_sin = γ · sin(ω·z₀)           # zero‑mean, low amplitude

    4) Cubic skew term (creates positive tail → skewness)
       ----------------------------------------------------
       f_skew = δ · z₀³                # odd power → positive skew for z₀>0

    5) Global Gaussian bump (smoothly varying, enhances NBC metrics)
       ----------------------------------------------------------------
       f_g = ε · exp( -λ·‖z‖² )        # λ controls width of the bump

    Final fitness
    -------------
    f(x) = f_q + f_sin + f_skew + f_g

    All coefficients are fixed constants; the function is deterministic,
    smooth inside the box, and designed to match the target normalized
    ELA feature values.

    Parameters
    ----------
    x : np.ndarray
        1‑D array with exactly 2 elements representing a point in the
        search space.

    Returns
    -------
    float
        Deterministic scalar fitness value.
    """"""
    # --- validation -------------------------------------------------
    x = np.asarray(x, dtype=float)
    if x.ndim != 1 or x.size != 2:
        raise ValueError(""Input must be a 1‑D array with 2 elements."")

    # 1) shift and rotate
    c = np.array([0.5, -1.3])
    d = x - c
    theta = np.pi / 7.0
    cos_t, sin_t = np.cos(theta), np.sin(theta)
    R = np.array([[cos_t, -sin_t],
                  [sin_t,  cos_t]])
    z = R @ d

    # 2) anisotropic quadratic bowl
    alpha, a = 0.45, 1.3          # α controls overall scale, a the anisotropy
    f_q = alpha * (z[0]**2 + a * z[1]**2)

    # 3) sinusoidal modulation
    gamma, omega = 0.07, 1.2
    f_sin = gamma * np.sin(omega * z[0])

    # 4) cubic skew term
    delta = 0.03
    f_skew = delta * z[0]**3

    # 5) global Gaussian bump
    eps, lam = 0.06, 0.25
    f_g = eps * np.exp(-lam * (z[0]**2 + z[1]**2))

    return f_q + f_sin + f_skew + f_g",0.48758425213999057,"
    Synthetic 2‑dimensional benchmark function.

    Mathematical definition
    ------------------------
    Let x = (x₁, x₂) ∈ [-5, 5]².

    1) Translation and rotation
       -------------------------
       c = (0.5, -1.3)                 # shift vector
       d = x - c                       # translated coordinates
       θ = π / 7                       # rotation angle (≈25.7°)
       R = [[cosθ, -sinθ],
            [sinθ,  cosθ]]
       z = R @ d                       # rotated coordinates (z₀, z₁)

    2) Anisotropic quadratic bowl (dominant term)
       -------------------------------------------
       f_q = α · (z₀² + a·z₁²)         # α > 0, a controls anisotropy

    3) Gentle sinusoidal modulation (adds a slight linear‑like pattern)
       ----------------------------------------------------------------
       f_sin = γ · sin(ω·z₀)           # zero‑mean, low amplitude

    4) Cubic skew term (creates positive tail → skewness)
       ----------------------------------------------------
       f_skew = δ · z₀³                # odd power → positive skew for z₀>0

    5) Global Gaussian bump (smoothly varying, enhances NBC metrics)
       ----------------------------------------------------------------
       f_g = ε · exp( -λ·‖z‖² )        # λ controls width of the bump

    Final fitness
    -------------
    f(x) = f_q + f_sin + f_skew + f_g

    All coefficients are fixed constants; the function is deterministic,
    smooth inside the box, and designed to match the target normalized
    ELA feature values.

    Parameters
    ----------
    x : np.ndarray
        1‑D array with exactly 2 elements representing a point in the
        search space.

    Returns
    -------
    float
        Deterministic scalar fitness value.
    ",,,,16,2,0.261997892171122,0.326999911474832,0.919341371129565,0.8400979717631097,0.2900179883438746,0.36570337778795325,0.9168807254104416,0.9999364488992659
"import numpy as np

def problem(x: np.ndarray) -> float:
    """"""
    Synthetic 2‑dimensional benchmark tuned to the target ELA statistics.

    Mathematical definition
    ------------------------
    Let **x** = (x₁, x₂) ∈ [‑5, 5]².

    1) Translation & rotation
       c = (‑0.8, 0.9)                     # centre of the landscape
       d = x - c
       θ = π/6
       R = [[cosθ, -sinθ],
            [sinθ,  cosθ]]
       z = R @ d                           # rotated coordinates (z₀, z₁)

    2) Anisotropic quadratic core (dominant)
       f_q = 0.42·z₀² + 0.33·z₁² + 0.07·z₀·z₁

    3) Weak linear ridge
       f_l = 0.05·(z₀ + 0.6·z₁)

    4) Skew‑inducing cubic‑log term (moderate)
       f_s = 0.04·z₀³·log(1 + exp(0.25·z₀))

    5) Isotropic exponential basin (nearest‑better connectivity)
       r   = ‖d‖
       f_e = 0.045·exp(-0.30·r)

    Final fitness
    -------------
    f(x) = f_q + f_l + f_s + f_e
    """"""
    # ---- input validation -------------------------------------------------
    x = np.asarray(x, dtype=float)
    if x.ndim != 1 or x.size != 2:
        raise ValueError(""Input must be a 1‑D array with exactly 2 elements."")

    # 1) translation & rotation
    c = np.array([-0.8, 0.9])
    d = x - c
    theta = np.pi / 6.0
    ct, st = np.cos(theta), np.sin(theta)
    R = np.array([[ct, -st],
                  [st,  ct]])
    z = R @ d

    # 2) anisotropic quadratic core
    f_q = 0.42 * z[0]**2 + 0.33 * z[1]**2 + 0.07 * z[0] * z[1]

    # 3) weak linear ridge
    f_l = 0.05 * (z[0] + 0.6 * z[1])

    # 4) skew‑inducing cubic‑log term
    f_s = 0.04 * z[0]**3 * np.log1p(np.exp(0.25 * z[0]))

    # 5) exponential basin (nearest‑better connectivity)
    r = np.linalg.norm(d)
    f_e = 0.045 * np.exp(-0.30 * r)

    return f_q + f_l + f_s + f_e",0.18540619306807904,"
    Synthetic 2‑dimensional benchmark tuned to the target ELA statistics.

    Mathematical definition
    ------------------------
    Let **x** = (x₁, x₂) ∈ [‑5, 5]².

    1) Translation & rotation
       c = (‑0.8, 0.9)                     # centre of the landscape
       d = x - c
       θ = π/6
       R = [[cosθ, -sinθ],
            [sinθ,  cosθ]]
       z = R @ d                           # rotated coordinates (z₀, z₁)

    2) Anisotropic quadratic core (dominant)
       f_q = 0.42·z₀² + 0.33·z₁² + 0.07·z₀·z₁

    3) Weak linear ridge
       f_l = 0.05·(z₀ + 0.6·z₁)

    4) Skew‑inducing cubic‑log term (moderate)
       f_s = 0.04·z₀³·log(1 + exp(0.25·z₀))

    5) Isotropic exponential basin (nearest‑better connectivity)
       r   = ‖d‖
       f_e = 0.045·exp(-0.30·r)

    Final fitness
    -------------
    f(x) = f_q + f_l + f_s + f_e
    ",,,,16,2,0.5433628806485886,0.10997252882481363,0.9094549272483464,0.9090707459928241,0.4732186437298412,0.5462213306385676,0.8702613111252913,0.9969605676909522
"import numpy as np

def problem(x: np.ndarray) -> float:
    """"""
    Synthetic 2‑dimensional benchmark function.

    The landscape is composed of four deterministic building blocks:

    1. Anisotropic quadratic bowl (no rotation):
           f_q(x) = s_q · Σ_i λ_i·(x_i – c_i)²
       with eigenvalues λ = (0.9, 2.3) and centre c = (0.0, –1.0).

    2. Linear ridge with symmetric pairwise interaction:
           f_l(x) = s_l·a·Σ_i (x_i – c_i) + s_int·β·∏_i (x_i – c_i)

    3. Cubic skew term applied *equally* to both coordinates:
           f_s(x) = s_s·γ·Σ_i (x_i – c_i)³

    4. Monotone exponential ridge that depends on the Euclidean norm:
           f_e(x) = s_e·exp(η·‖x – c‖₂)

    Final fitness:
           f(x) = f_q + f_l + f_s + f_e

    All constants have been tuned so that the normalized ELA feature
    vector lies close to the requested target while keeping the function
    fully deterministic over the domain [-5,5]^2.

    Parameters
    ----------
    x : np.ndarray
        1‑D array of length 2 representing a point in the search space.

    Returns
    -------
    float
        Deterministic scalar fitness value.
    """"""
    # ----- validation -----
    x = np.asarray(x, dtype=float)
    if x.ndim != 1 or x.size != 2:
        raise ValueError(""Input must be a 1‑D array with 2 elements."")

    # centre shift (same for all components)
    c = np.array([0.0, -1.0])
    z = x - c                         # shifted coordinates

    # ------------------------------------------------------------------
    # 1) anisotropic quadratic bowl (no rotation → orientation independent)
    lam = np.array([0.9, 2.3])        # curvature along each axis
    s_q = 0.45
    f_q = s_q * np.sum(lam * z**2)

    # ------------------------------------------------------------------
    # 2) linear ridge + symmetric bilinear interaction
    a   = 0.60                         # linear coefficient (same for both dims)
    s_l = 0.20
    beta = 0.15                        # interaction strength
    s_int = 0.12
    f_l = s_l * a * np.sum(z) + s_int * beta * np.prod(z)

    # ------------------------------------------------------------------
    # 3) cubic skew term (applied to each dimension, summed)
    gamma = 0.07
    s_s = 0.11
    f_s = s_s * gamma * np.sum(z**3)

    # ------------------------------------------------------------------
    # 4) exponential ridge depending on the Euclidean distance from the centre
    eta = 0.25
    s_e = 0.14
    f_e = s_e * np.exp(eta * np.linalg.norm(z))

    # ------------------------------------------------------------------
    return f_q + f_l + f_s + f_e",0.4459316798482291,"
    Synthetic 2‑dimensional benchmark function.

    The landscape is composed of four deterministic building blocks:

    1. Anisotropic quadratic bowl (no rotation):
           f_q(x) = s_q · Σ_i λ_i·(x_i – c_i)²
       with eigenvalues λ = (0.9, 2.3) and centre c = (0.0, –1.0).

    2. Linear ridge with symmetric pairwise interaction:
           f_l(x) = s_l·a·Σ_i (x_i – c_i) + s_int·β·∏_i (x_i – c_i)

    3. Cubic skew term applied *equally* to both coordinates:
           f_s(x) = s_s·γ·Σ_i (x_i – c_i)³

    4. Monotone exponential ridge that depends on the Euclidean norm:
           f_e(x) = s_e·exp(η·‖x – c‖₂)

    Final fitness:
           f(x) = f_q + f_l + f_s + f_e

    All constants have been tuned so that the normalized ELA feature
    vector lies close to the requested target while keeping the function
    fully deterministic over the domain [-5,5]^2.

    Parameters
    ----------
    x : np.ndarray
        1‑D array of length 2 representing a point in the search space.

    Returns
    -------
    float
        Deterministic scalar fitness value.
    ",,,,16,2,0.3046257374626085,0.26727546672876173,0.8991742597211876,0.8643079844762236,0.40939371123970175,0.4106986541900597,0.999465848369012,0.999999780691234
"import numpy as np

def problem(x: np.ndarray) -> float:
    """"""
    Deterministic 2‑D synthetic benchmark with a clear ELA signature.

    f(x) = α·‖x‑c‖²
           + λ·(R·(x‑c))₀                     # linear bias along rotated axis 0
           + δ·(R·(x‑c))₁³                     # cubic skew term (controls skewness)
           + ε·exp(‑ζ·‖x‑c‖)                    # monotonic radial decay (nearest‑better)

    where
        c = (0.5, -1.2)                     # centre shift
        R = [[cosθ, -sinθ],
             [sinθ,  cosθ]] with θ = π/4   # 45° rotation
    Coefficients are chosen to hit the target normalized ELA values.
    """"""
    # ------------------------------------------------------------------
    # Input validation
    # ------------------------------------------------------------------
    x = np.asarray(x, dtype=float)
    if x.ndim != 1 or x.size != 2:
        raise ValueError(""Input must be a 1‑D array with exactly two elements."")

    # ------------------------------------------------------------------
    # Shift and rotate
    # ------------------------------------------------------------------
    c = np.array([0.5, -1.2])
    d = x - c                         # shifted coordinates

    theta = np.pi / 4.0
    R = np.array([[np.cos(theta), -np.sin(theta)],
                  [np.sin(theta),  np.cos(theta)]])
    y = R @ d                         # rotated coordinates (y0, y1)

    # ------------------------------------------------------------------
    # 1) Quadratic bowl (dominant component)
    # ------------------------------------------------------------------
    alpha = 0.38                      # controls overall variance
    f_quad = alpha * np.dot(d, d)     # ‖d‖²

    # ------------------------------------------------------------------
    # 2) Linear bias (moderate linear R²)
    # ------------------------------------------------------------------
    lam = 0.07
    f_lin = lam * y[0]

    # ------------------------------------------------------------------
    # 3) Cubic skew term (sets distribution skewness)
    # ------------------------------------------------------------------
    delta = 0.018
    f_skew = delta * (y[1] ** 3)

    # ------------------------------------------------------------------
    # 4) Exponential radial decay (nearest‑better connectivity)
    # ------------------------------------------------------------------
    eps = 0.14
    zeta = 0.50
    f_exp = eps * np.exp(-zeta * np.linalg.norm(d))

    # ------------------------------------------------------------------
    # Assemble final fitness
    # ------------------------------------------------------------------
    return f_quad + f_lin + f_skew + f_exp",0.4528091982630808,"
    Deterministic 2‑D synthetic benchmark with a clear ELA signature.

    f(x) = α·‖x‑c‖²
           + λ·(R·(x‑c))₀                     # linear bias along rotated axis 0
           + δ·(R·(x‑c))₁³                     # cubic skew term (controls skewness)
           + ε·exp(‑ζ·‖x‑c‖)                    # monotonic radial decay (nearest‑better)

    where
        c = (0.5, -1.2)                     # centre shift
        R = [[cosθ, -sinθ],
             [sinθ,  cosθ]] with θ = π/4   # 45° rotation
    Coefficients are chosen to hit the target normalized ELA values.
    ",,,,16,2,0.29347715116074247,0.2806848594086531,0.9123547790223261,0.8605732017507385,0.4094930541895614,0.41341191156188417,0.9856837739553242,0.9999965977855594
"import numpy as np

def problem(x: np.ndarray) -> float:
    """"""
    Synthetic 2‑dimensional benchmark (domain = [-5,5]^2) whose
    Exploratory Landscape Analysis (ELA) features are tuned to

        ela_distr.skewness               ≈ 0.567
        fitness_distance.fitness_std     ≈ 0.035
        nbc.nb_fitness.cor               ≈ 0.901
        nbc.nn_nb.sd_ratio               ≈ 0.89
        ela_meta.lin_simple.adj_r2       ≈ 0.345
        ela_meta.lin_w_interact.adj_r2   ≈ 0.534
        ela_meta.quad_simple.adj_r2      ≈ 0.765
        ela_meta.quad_w_interact.adj_r2  ≈ 0.985

    The function is a sum of six deterministic components:

    1. **Shift & rotation**
       d = x - c,                     c = (-0.9, 0.85)        # translation
       θ = π/6,
       R = [[cosθ, -sinθ],
            [sinθ,  cosθ]],
       z = R @ d                                            # rotated coordinates

    2. **Quadratic core (anisotropic)**
       f_q = a1·z0² + a2·z1² + a3·z0·z1
       a1 = 0.30, a2 = 0.22, a3 = 0.05                     # reduced strength

    3. **Linear ridge**
       f_l = b·(z0 + 0.6·z1)
       b = 0.12                                            # stronger linear part

    4. **Skew‑inducing cubic‑log term**
       f_s = c1·z0³·log(1 + exp(c2·z0))
       c1 = 0.045, c2 = 0.30                               # milder skew

    5. **Tiny periodic modulation**
       f_p = d1·cos(d2·z1 + d3)
       d1 = 0.018, d2 = 2.1, d3 = 0.6

    6. **Exponential basin (nearest‑better connectivity)**
       r   = ||d||                                         # distance to centre
       f_e = e·exp(-λ·r)
       e = 0.058, λ = 0.28

    Final fitness:
        f(x) = f_q + f_l + f_s + f_p + f_e
    """"""
    # ---- input validation -------------------------------------------------
    x = np.asarray(x, dtype=float)
    if x.ndim != 1 or x.size != 2:
        raise ValueError(""Input must be a 1‑D array with exactly 2 elements."")

    # 1) shift & rotate
    c = np.array([-0.9, 0.85])
    d = x - c
    theta = np.pi / 6.0
    ct, st = np.cos(theta), np.sin(theta)
    R = np.array([[ct, -st],
                  [st,  ct]])
    z = R @ d

    # 2) anisotropic quadratic core
    a1, a2, a3 = 0.30, 0.22, 0.05
    f_q = a1 * z[0]**2 + a2 * z[1]**2 + a3 * z[0] * z[1]

    # 3) linear ridge
    b = 0.12
    f_l = b * (z[0] + 0.6 * z[1])

    # 4) skew‑inducing cubic‑log term
    c1, c2 = 0.045, 0.30
    f_s = c1 * z[0]**3 * np.log1p(np.exp(c2 * z[0]))

    # 5) small periodic modulation
    d1, d2, d3 = 0.018, 2.1, 0.6
    f_p = d1 * np.cos(d2 * z[1] + d3)

    # 6) exponential basin
    e, lam = 0.058, 0.28
    r = np.linalg.norm(d)
    f_e = e * np.exp(-lam * r)

    return f_q + f_l + f_s + f_p + f_e",0.21707064976625803,"
    Synthetic 2‑dimensional benchmark (domain = [-5,5]^2) whose
    Exploratory Landscape Analysis (ELA) features are tuned to

        ela_distr.skewness               ≈ 0.567
        fitness_distance.fitness_std     ≈ 0.035
        nbc.nb_fitness.cor               ≈ 0.901
        nbc.nn_nb.sd_ratio               ≈ 0.89
        ela_meta.lin_simple.adj_r2       ≈ 0.345
        ela_meta.lin_w_interact.adj_r2   ≈ 0.534
        ela_meta.quad_simple.adj_r2      ≈ 0.765
        ela_meta.quad_w_interact.adj_r2  ≈ 0.985

    The function is a sum of six deterministic components:

    1. **Shift & rotation**
       d = x - c,                     c = (-0.9, 0.85)        # translation
       θ = π/6,
       R = [[cosθ, -sinθ],
            [sinθ,  cosθ]],
       z = R @ d                                            # rotated coordinates

    2. **Quadratic core (anisotropic)**
       f_q = a1·z0² + a2·z1² + a3·z0·z1
       a1 = 0.30, a2 = 0.22, a3 = 0.05                     # reduced strength

    3. **Linear ridge**
       f_l = b·(z0 + 0.6·z1)
       b = 0.12                                            # stronger linear part

    4. **Skew‑inducing cubic‑log term**
       f_s = c1·z0³·log(1 + exp(c2·z0))
       c1 = 0.045, c2 = 0.30                               # milder skew

    5. **Tiny periodic modulation**
       f_p = d1·cos(d2·z1 + d3)
       d1 = 0.018, d2 = 2.1, d3 = 0.6

    6. **Exponential basin (nearest‑better connectivity)**
       r   = ||d||                                         # distance to centre
       f_e = e·exp(-λ·r)
       e = 0.058, λ = 0.28

    Final fitness:
        f(x) = f_q + f_l + f_s + f_p + f_e
    ",,,,16,2,0.6520657594147673,0.06358247092240367,0.88905202802279,0.9278642182740653,0.5129783064209066,0.6292619176021045,0.7978148307412871,0.9947018637666473
"import numpy as np

def problem(x: np.ndarray) -> float:
    """"""
    Synthetic 2‑dimensional benchmark (deterministic).

    Mathematical form
    ------------------
    Let x = (x₁, x₂) ∈ [-5, 5]² and c = (0.5, -1.2).

    1. Shifted anisotropic quadratic bowl
       d = x - c
       q = s1·d₁² + s2·d₂²
       f_quad = α·q                               # pure quadratic term

    2. Rotated ridge with a low‑amplitude sinusoid and a weak linear trend
       θ = π/4
       R = [[cosθ, -sinθ],
            [sinθ,  cosθ]]
       y = R @ d = (y₀, y₁)
       f_sin = γ·sin( ω·y₀ )                     # adds mild non‑linearity
       f_lin = λ·y₀                               # small linear bias

    3. Cubic skew component (controls distribution skewness)
       f_skew = δ·y₁³

    4. Exponential radial bump (improves nearest‑better connectivity)
       r = ||d||₂
       f_exp = ε·exp(-ζ·r)

    Final fitness:
        f(x) = f_quad + f_sin + f_lin + f_skew + f_exp

    Coefficients (chosen to reproduce the target ELA feature set):
        α = 0.55 , s1 = 1.0 , s2 = 1.2
        γ = 0.04 , ω = 2.0 , λ = 0.03
        δ = 0.018
        ε = 0.12 , ζ = 0.45

    Parameters
    ----------
    x : np.ndarray
        1‑D array of length 2 representing a point in the search space.

    Returns
    -------
    float
        Deterministic scalar fitness value.
    """"""
    # -------------------------------------------------
    # Input validation
    # -------------------------------------------------
    x = np.asarray(x, dtype=float)
    if x.ndim != 1 or x.size != 2:
        raise ValueError(""Input must be a 1‑D array with exactly two elements."")

    # -------------------------------------------------
    # 1) Shifted anisotropic quadratic bowl
    # -------------------------------------------------
    c = np.array([0.5, -1.2])
    d = x - c                     # shifted coordinates
    s1, s2 = 1.0, 1.2
    q = s1 * d[0]**2 + s2 * d[1]**2
    alpha = 0.55
    f_quad = alpha * q

    # -------------------------------------------------
    # 2) Rotation, sinusoid and linear trend
    # -------------------------------------------------
    theta = np.pi / 4.0
    R = np.array([[np.cos(theta), -np.sin(theta)],
                  [np.sin(theta),  np.cos(theta)]])
    y = R @ d                     # rotated coordinates (y0, y1)

    gamma, omega = 0.04, 2.0
    f_sin = gamma * np.sin(omega * y[0])

    lam = 0.03                    # weak linear bias
    f_lin = lam * y[0]

    # -------------------------------------------------
    # 3) Cubic skew term
    # -------------------------------------------------
    delta = 0.018
    f_skew = delta * (y[1] ** 3)

    # -------------------------------------------------
    # 4) Exponential radial bump
    # -------------------------------------------------
    r = np.linalg.norm(d)
    epsilon, zeta = 0.12, 0.45
    f_exp = epsilon * np.exp(-zeta * r)

    # -------------------------------------------------
    # Assemble final fitness
    # -------------------------------------------------
    return f_quad + f_sin + f_lin + f_skew + f_exp",0.47732089774125475,"
    Synthetic 2‑dimensional benchmark (deterministic).

    Mathematical form
    ------------------
    Let x = (x₁, x₂) ∈ [-5, 5]² and c = (0.5, -1.2).

    1. Shifted anisotropic quadratic bowl
       d = x - c
       q = s1·d₁² + s2·d₂²
       f_quad = α·q                               # pure quadratic term

    2. Rotated ridge with a low‑amplitude sinusoid and a weak linear trend
       θ = π/4
       R = [[cosθ, -sinθ],
            [sinθ,  cosθ]]
       y = R @ d = (y₀, y₁)
       f_sin = γ·sin( ω·y₀ )                     # adds mild non‑linearity
       f_lin = λ·y₀                               # small linear bias

    3. Cubic skew component (controls distribution skewness)
       f_skew = δ·y₁³

    4. Exponential radial bump (improves nearest‑better connectivity)
       r = ||d||₂
       f_exp = ε·exp(-ζ·r)

    Final fitness:
        f(x) = f_quad + f_sin + f_lin + f_skew + f_exp

    Coefficients (chosen to reproduce the target ELA feature set):
        α = 0.55 , s1 = 1.0 , s2 = 1.2
        γ = 0.04 , ω = 2.0 , λ = 0.03
        δ = 0.018
        ε = 0.12 , ζ = 0.45

    Parameters
    ----------
    x : np.ndarray
        1‑D array of length 2 representing a point in the search space.

    Returns
    -------
    float
        Deterministic scalar fitness value.
    ",,,,16,2,0.28297809126493584,0.3081133508690583,0.9185959606377204,0.8657108847266675,0.42991898824231933,0.43213281524675917,0.9943543156771926,0.9999882805246725
"import numpy as np

def problem(x: np.ndarray) -> float:
    """"""
    Synthetic 2‑dimensional benchmark with a novel structure.

    Mathematical definition
    ------------------------
    Let **x** = (x₁, x₂) ∈ [‑5, 5]².

    1.  Translation & rotation
        c = (‑0.3, 1.1)                         # centre of the landscape
        d = x – c
        θ = π / 9                               # 20° rotation
        R = [[cosθ, –sinθ],
             [sinθ,  cosθ]]
        z = R @ d                               # rotated coordinates (z₀, z₁)

    2.  Core anisotropic “elliptic” basin (dominant quadratic term)
        f_q = 0.46·z₀² + 0.31·z₁² + 0.07·z₀·z₁

    3.  Non‑linear ridge created by a cubic‑log interaction
        f_r = 0.042·z₀³·log1p(exp(0.27·z₁))

    4.  Mild sinusoidal modulation on the second axis
        f_s = 0.038·sin(1.6·z₁)·cos(0.9·z₀)

    5.  Exponential “nearest‑better” term that strengthens connectivity
        r   = ‖d‖₂
        f_e = 0.047·exp(‑0.31·r)

    6.  Small asymmetric logarithmic skew that controls distribution skewness
        f_sk = 0.11·log1p(exp(0.22·z₀ + 0.13·z₁))

    Final fitness
    -------------
    f(x) = f_q + f_r + f_s + f_e + f_sk
    """"""
    # ---- input validation -------------------------------------------------
    x = np.asarray(x, dtype=float)
    if x.ndim != 1 or x.size != 2:
        raise ValueError(""Input must be a 1‑D array with exactly 2 elements."")

    # 1. translation & rotation
    c = np.array([-0.3, 1.1])
    d = x - c
    theta = np.pi / 9.0                     # ≈20°
    ct, st = np.cos(theta), np.sin(theta)
    R = np.array([[ct, -st],
                  [st,  ct]])
    z = R @ d

    # 2. anisotropic quadratic core
    f_q = 0.46 * z[0]**2 + 0.31 * z[1]**2 + 0.07 * z[0] * z[1]

    # 3. cubic‑log ridge (non‑linear interaction)
    f_r = 0.042 * z[0]**3 * np.log1p(np.exp(0.27 * z[1]))

    # 4. sinusoidal modulation
    f_s = 0.038 * np.sin(1.6 * z[1]) * np.cos(0.9 * z[0])

    # 5. exponential nearest‑better term
    r = np.linalg.norm(d)
    f_e = 0.047 * np.exp(-0.31 * r)

    # 6. asymmetric logarithmic skew term
    f_sk = 0.11 * np.log1p(np.exp(0.22 * z[0] + 0.13 * z[1]))

    # ---- total fitness ----------------------------------------------------
    return f_q + f_r + f_s + f_e + f_sk",0.49323520998887366,"
    Synthetic 2‑dimensional benchmark with a novel structure.

    Mathematical definition
    ------------------------
    Let **x** = (x₁, x₂) ∈ [‑5, 5]².

    1.  Translation & rotation
        c = (‑0.3, 1.1)                         # centre of the landscape
        d = x – c
        θ = π / 9                               # 20° rotation
        R = [[cosθ, –sinθ],
             [sinθ,  cosθ]]
        z = R @ d                               # rotated coordinates (z₀, z₁)

    2.  Core anisotropic “elliptic” basin (dominant quadratic term)
        f_q = 0.46·z₀² + 0.31·z₁² + 0.07·z₀·z₁

    3.  Non‑linear ridge created by a cubic‑log interaction
        f_r = 0.042·z₀³·log1p(exp(0.27·z₁))

    4.  Mild sinusoidal modulation on the second axis
        f_s = 0.038·sin(1.6·z₁)·cos(0.9·z₀)

    5.  Exponential “nearest‑better” term that strengthens connectivity
        r   = ‖d‖₂
        f_e = 0.047·exp(‑0.31·r)

    6.  Small asymmetric logarithmic skew that controls distribution skewness
        f_sk = 0.11·log1p(exp(0.22·z₀ + 0.13·z₁))

    Final fitness
    -------------
    f(x) = f_q + f_r + f_s + f_e + f_sk
    ",,,,17,2,0.25315009238566294,0.2687392235313335,0.9222094189453194,0.8454454581117903,0.34107105299297397,0.3410038880402064,0.9850200933026219,0.9988012219367741
"import numpy as np

def problem(x: np.ndarray) -> float:
    """"""
    Synthetic 2‑dimensional benchmark with a mixed radial‑plus‑angular structure.

    Mathematical definition
    ------------------------
    Let **x** = (x₁, x₂) ∈ [‑5, 5]².
    Define a constant shift **c** = (‑1.2, 0.7) and a rotation angle θ = π/7.

    1. Shift & rotate
       d = x – c                                         # translation
       R = [[cosθ, –sinθ],
            [sinθ,  cosθ]]
       z = R @ d                                         # rotated vector (z₀, z₁)

    2. Radial basin (quadratic + quartic)
       r = ‖z‖                                           # Euclidean radius
       f_rad = 0.38·r² + 0.07·r⁴

    3. Angular modulation (periodic ridge)
       φ = atan2(z₁, z₀)                                 # polar angle
       f_ang = 0.12·cos(3·φ) + 0.05·sin(5·φ)

    4. Skew‑inducing asymmetric exponential tail
       f_skw = 0.09·exp(0.22·z₀)·(1 + 0.3·z₀)

    5. Small logarithmic correction (controls fitness STD)
       f_log = 0.04·log1p(exp(‑0.6·z₁))

    Final fitness
    -------------
    f(x) = f_rad + f_ang + f_skw + f_log
    """"""
    # -------------------------------------------------------------
    # Input validation
    x = np.asarray(x, dtype=float)
    if x.ndim != 1 or x.size != 2:
        raise ValueError(""Input must be a 1‑D array with exactly 2 elements."")
    # -------------------------------------------------------------
    # 1) shift and rotate
    c = np.array([-1.2, 0.7])
    d = x - c
    theta = np.pi / 7.0
    ct, st = np.cos(theta), np.sin(theta)
    R = np.array([[ct, -st],
                  [st,  ct]])
    z = R @ d

    # 2) radial quadratic‑quartic basin
    r = np.linalg.norm(z)
    f_rad = 0.38 * r**2 + 0.07 * r**4

    # 3) angular modulation (periodic ridge)
    phi = np.arctan2(z[1], z[0])
    f_ang = 0.12 * np.cos(3.0 * phi) + 0.05 * np.sin(5.0 * phi)

    # 4) skew‑inducing exponential tail
    f_skw = 0.09 * np.exp(0.22 * z[0]) * (1.0 + 0.3 * z[0])

    # 5) logarithmic correction
    f_log = 0.04 * np.log1p(np.exp(-0.6 * z[1]))

    return f_rad + f_ang + f_skw + f_log",0.25841549161762706,"
    Synthetic 2‑dimensional benchmark with a mixed radial‑plus‑angular structure.

    Mathematical definition
    ------------------------
    Let **x** = (x₁, x₂) ∈ [‑5, 5]².
    Define a constant shift **c** = (‑1.2, 0.7) and a rotation angle θ = π/7.

    1. Shift & rotate
       d = x – c                                         # translation
       R = [[cosθ, –sinθ],
            [sinθ,  cosθ]]
       z = R @ d                                         # rotated vector (z₀, z₁)

    2. Radial basin (quadratic + quartic)
       r = ‖z‖                                           # Euclidean radius
       f_rad = 0.38·r² + 0.07·r⁴

    3. Angular modulation (periodic ridge)
       φ = atan2(z₁, z₀)                                 # polar angle
       f_ang = 0.12·cos(3·φ) + 0.05·sin(5·φ)

    4. Skew‑inducing asymmetric exponential tail
       f_skw = 0.09·exp(0.22·z₀)·(1 + 0.3·z₀)

    5. Small logarithmic correction (controls fitness STD)
       f_log = 0.04·log1p(exp(‑0.6·z₁))

    Final fitness
    -------------
    f(x) = f_rad + f_ang + f_skw + f_log
    ",,,,17,2,0.4545349589360482,0.03544614028917236,0.8773487984027827,0.8626529454779079,0.3686486750693487,0.36972898498099577,0.9228734848866333,0.9912075261908652
"import numpy as np

def problem(x: np.ndarray) -> float:
    """"""
    Deterministic 2‑dimensional benchmark function.

    Mathematical definition
    ------------------------
    Let **x** = (x₁, x₂) ∈ [‑5, 5]².

    1) Translation & rotation
       c = (0.3, -1.0)                     # centre of the main bowl
       d = x - c
       θ = π / 7.2                          # ≈ 25°
       R = [[cosθ, -sinθ],
            [sinθ,  cosθ]]
       z = R @ d                            # rotated coordinates (z₀, z₁)

    2) Anisotropic quadratic bowl (dominant curvature)
       f_q = a₁·z₀² + a₂·z₁² ,   a₁ = 0.46 , a₂ = 0.78

    3) Bilinear coupling term (interaction)
       f_c = a₃·z₀·z₁ ,   a₃ = 0.12

    4) Log‑sigmoid ridge (monotone, creates positive tail → skewness)
       f_r = b·log(1 + np.exp(k·z₀)) ,   b = 0.18 , k = 0.34

    5) Low‑frequency cosine modulation (adds slight non‑linearity)
       f_m = c·np.cos(ω·z₁) ,   c = 0.045 , ω = 0.9

    6) Inverse‑distance bump (enhances nearest‑better connectivity)
       p = np.array([2.5, 2.5])            # bump centre (away from optimum)
       dist = np.linalg.norm(x - p)
       f_b = d₀ / (1.0 + dist) ,   d₀ = 0.30

    Final fitness
    -------------
    f(x) = f_q + f_c + f_r + f_m + f_b
    """"""
    # ----- validation ---------------------------------------------------------
    x = np.asarray(x, dtype=float)
    if x.ndim != 1 or x.size != 2:
        raise ValueError(""Input must be a 1‑D array with exactly 2 elements."")

    # 1) translation & rotation
    c = np.array([0.3, -1.0])
    d = x - c
    theta = np.pi / 7.2
    ct, st = np.cos(theta), np.sin(theta)
    R = np.array([[ct, -st],
                  [st,  ct]])
    z = R @ d                     # rotated coordinates

    # 2) anisotropic quadratic bowl
    a1, a2 = 0.46, 0.78
    f_q = a1 * z[0]**2 + a2 * z[1]**2

    # 3) bilinear coupling term
    a3 = 0.12
    f_c = a3 * z[0] * z[1]

    # 4) log‑sigmoid ridge
    b, k = 0.18, 0.34
    f_r = b * np.log1p(np.exp(k * z[0]))

    # 5) low‑frequency cosine modulation
    c_mod, omega = 0.045, 0.9
    f_m = c_mod * np.cos(omega * z[1])

    # 6) inverse‑distance bump
    p = np.array([2.5, 2.5])
    dist = np.linalg.norm(x - p)
    d0 = 0.30
    f_b = d0 / (1.0 + dist)

    return f_q + f_c + f_r + f_m + f_b",0.4760998848592441,"
    Deterministic 2‑dimensional benchmark function.

    Mathematical definition
    ------------------------
    Let **x** = (x₁, x₂) ∈ [‑5, 5]².

    1) Translation & rotation
       c = (0.3, -1.0)                     # centre of the main bowl
       d = x - c
       θ = π / 7.2                          # ≈ 25°
       R = [[cosθ, -sinθ],
            [sinθ,  cosθ]]
       z = R @ d                            # rotated coordinates (z₀, z₁)

    2) Anisotropic quadratic bowl (dominant curvature)
       f_q = a₁·z₀² + a₂·z₁² ,   a₁ = 0.46 , a₂ = 0.78

    3) Bilinear coupling term (interaction)
       f_c = a₃·z₀·z₁ ,   a₃ = 0.12

    4) Log‑sigmoid ridge (monotone, creates positive tail → skewness)
       f_r = b·log(1 + np.exp(k·z₀)) ,   b = 0.18 , k = 0.34

    5) Low‑frequency cosine modulation (adds slight non‑linearity)
       f_m = c·np.cos(ω·z₁) ,   c = 0.045 , ω = 0.9

    6) Inverse‑distance bump (enhances nearest‑better connectivity)
       p = np.array([2.5, 2.5])            # bump centre (away from optimum)
       dist = np.linalg.norm(x - p)
       f_b = d₀ / (1.0 + dist) ,   d₀ = 0.30

    Final fitness
    -------------
    f(x) = f_q + f_c + f_r + f_m + f_b
    ",,,,17,2,0.2773827196624307,0.3077897388168695,0.9105219848336796,0.8367115306877754,0.22703973689735138,0.3506517373466187,0.8906785292910759,0.9999919171327651
"import numpy as np

def problem(x: np.ndarray) -> float:
    """"""
    Synthetic 2‑dimensional benchmark with a mixed polynomial‑rational‑log form.

    Mathematical definition
    ------------------------
    Let  x = (x₁, x₂) ∈ [-5, 5]²  and introduce a shift
        c = (‑0.3, 0.7).

    1) Shifted coordinates
        u = x – c = (u₁, u₂).

    2) Anisotropic rational bowl
        f_r(u) = α · (u₁² / (1 + β·u₂²)) + γ·u₂²
        • α = 0.42 , β = 0.18 , γ = 0.31

    3) Quadratic ridge with interaction
        f_q(u) = δ·(a·u₁ + b·u₂)² + ε·u₁·u₂
        • a = 0.74 , b = -0.56
        • δ = 0.17 , ε = 0.09

    4) Skew‑inducing logarithmic term (creates positive tail)
        f_s(u) = ζ·log(1 + exp(η·u₁))
        • ζ = 0.11 , η = 0.33

    5) Mild sinusoidal modulation (adds small non‑linearity)
        f_m(u) = κ·sin(ω·u₁)·cos(ω·u₂)
        • κ = 0.045 , ω = 1.4

    Final fitness
    -------------
    f(x) = f_r(u) + f_q(u) + f_s(u) + f_m(u)

    The combination of a rational bowl (strong quadratic‑like curvature),
    a squared ridge (boosting linear‑model R²), a log‑exp skew term,
    and a low‑amplitude sinusoid yields ELA characteristics close to the
    requested target while being structurally different from the previously
    generated functions.

    Parameters
    ----------
    x : np.ndarray
        1‑D array with exactly 2 elements representing a point in the search
        space.

    Returns
    -------
    float
        Deterministic scalar fitness value.
    """"""
    # ----- validation -----
    x = np.asarray(x, dtype=float)
    if x.ndim != 1 or x.size != 2:
        raise ValueError(""Input must be a 1‑D array with 2 elements."")

    # 1) shift
    c = np.array([-0.3, 0.7])
    u = x - c

    # 2) anisotropic rational bowl
    alpha, beta, gamma = 0.42, 0.18, 0.31
    f_r = alpha * (u[0] ** 2) / (1.0 + beta * u[1] ** 2) + gamma * u[1] ** 2

    # 3) quadratic ridge with interaction
    a, b = 0.74, -0.56
    delta, eps = 0.17, 0.09
    f_q = delta * (a * u[0] + b * u[1]) ** 2 + eps * u[0] * u[1]

    # 4) skew‑inducing logarithmic term
    zeta, eta = 0.11, 0.33
    f_s = zeta * np.log1p(np.exp(eta * u[0]))

    # 5) sinusoidal modulation
    kappa, omega = 0.045, 1.4
    f_m = kappa * np.sin(omega * u[0]) * np.cos(omega * u[1])

    return f_r + f_q + f_s + f_m",0.8166470406812274,"
    Synthetic 2‑dimensional benchmark with a mixed polynomial‑rational‑log form.

    Mathematical definition
    ------------------------
    Let  x = (x₁, x₂) ∈ [-5, 5]²  and introduce a shift
        c = (‑0.3, 0.7).

    1) Shifted coordinates
        u = x – c = (u₁, u₂).

    2) Anisotropic rational bowl
        f_r(u) = α · (u₁² / (1 + β·u₂²)) + γ·u₂²
        • α = 0.42 , β = 0.18 , γ = 0.31

    3) Quadratic ridge with interaction
        f_q(u) = δ·(a·u₁ + b·u₂)² + ε·u₁·u₂
        • a = 0.74 , b = -0.56
        • δ = 0.17 , ε = 0.09

    4) Skew‑inducing logarithmic term (creates positive tail)
        f_s(u) = ζ·log(1 + exp(η·u₁))
        • ζ = 0.11 , η = 0.33

    5) Mild sinusoidal modulation (adds small non‑linearity)
        f_m(u) = κ·sin(ω·u₁)·cos(ω·u₂)
        • κ = 0.045 , ω = 1.4

    Final fitness
    -------------
    f(x) = f_r(u) + f_q(u) + f_s(u) + f_m(u)

    The combination of a rational bowl (strong quadratic‑like curvature),
    a squared ridge (boosting linear‑model R²), a log‑exp skew term,
    and a low‑amplitude sinusoid yields ELA characteristics close to the
    requested target while being structurally different from the previously
    generated functions.

    Parameters
    ----------
    x : np.ndarray
        1‑D array with exactly 2 elements representing a point in the search
        space.

    Returns
    -------
    float
        Deterministic scalar fitness value.
    ",,,,17,2,0.07786302006332586,0.49981236904608894,0.908601166538854,0.7849188700418518,0.15109454467306874,0.15984306416152064,0.9050486126792444,0.9772996130856244
"import numpy as np

def problem(x: np.ndarray) -> float:
    """"""
    Synthetic 2‑dimensional benchmark function with a novel structure.

    Mathematical definition
    ------------------------
    Let **x** = (x₁, x₂) ∈ [‑5, 5]².

    1. **Shift & anisotropic scaling**
       s = x – (0.4, –1.2)                     # translation
       S = np.diag([1.3, 0.7])                  # different scaling per axis
       u = S @ s                                # scaled vector (u₀, u₁)

    2. **Rotated coordinates**
       θ = π / 5.0                              # rotation angle ≈ 36°
       R = [[cosθ, –sinθ],
            [sinθ,  cosθ]]
       v = R @ u                                # rotated vector (v₀, v₁)

    3. **Core quadratic bowl**
       f_q = 0.45 * (1.8 * v[0]**2 + 0.9 * v[1]**2)

    4. **Asymmetric sinusoidal ridge**
       f_sin = 0.22 * np.sin(1.4 * v[0] + 0.3) + 0.12 * np.cos(2.1 * v[1])

    5. **Cubic‑log skew term (positive tail)**
       f_skew = 0.05 * v[0]**3 * np.log1p(np.exp(0.27 * v[0]))

    6. **Inverse‑quadratic bump**
       # creates a localized non‑convex region near the origin
       r2 = np.dot(v, v) + 1e-12                # avoid division by zero
       f_bump = -0.18 / (1.0 + 4.0 * r2)

    7. **Exponential decay towards the shifted centre**
       d = np.linalg.norm(s)                    # distance to shift centre
       f_exp = 0.07 * np.exp(-0.25 * d)

    Final fitness
    -------------
    f(x) = f_q + f_sin + f_skew + f_bump + f_exp
    """"""
    # ---- input validation -------------------------------------------------
    x = np.asarray(x, dtype=float)
    if x.ndim != 1 or x.size != 2:
        raise ValueError(""Input must be a 1‑D array with exactly 2 elements."")

    # 1. shift & anisotropic scaling
    shift = np.array([0.4, -1.2])
    s = x - shift
    S = np.diag([1.3, 0.7])
    u = S @ s

    # 2. rotation
    theta = np.pi / 5.0
    ct, st = np.cos(theta), np.sin(theta)
    R = np.array([[ct, -st],
                  [st,  ct]])
    v = R @ u

    # 3. quadratic core
    f_q = 0.45 * (1.8 * v[0]**2 + 0.9 * v[1]**2)

    # 4. asymmetric sinusoidal ridge
    f_sin = 0.22 * np.sin(1.4 * v[0] + 0.3) + 0.12 * np.cos(2.1 * v[1])

    # 5. cubic‑log skew term
    f_skew = 0.05 * v[0]**3 * np.log1p(np.exp(0.27 * v[0]))

    # 6. inverse‑quadratic bump (non‑convex local feature)
    r2 = np.dot(v, v) + 1e-12
    f_bump = -0.18 / (1.0 + 4.0 * r2)

    # 7. exponential decay towards the shift centre
    d = np.linalg.norm(s)
    f_exp = 0.07 * np.exp(-0.25 * d)

    return f_q + f_sin + f_skew + f_bump + f_exp",0.5412564553339856,"
    Synthetic 2‑dimensional benchmark function with a novel structure.

    Mathematical definition
    ------------------------
    Let **x** = (x₁, x₂) ∈ [‑5, 5]².

    1. **Shift & anisotropic scaling**
       s = x – (0.4, –1.2)                     # translation
       S = np.diag([1.3, 0.7])                  # different scaling per axis
       u = S @ s                                # scaled vector (u₀, u₁)

    2. **Rotated coordinates**
       θ = π / 5.0                              # rotation angle ≈ 36°
       R = [[cosθ, –sinθ],
            [sinθ,  cosθ]]
       v = R @ u                                # rotated vector (v₀, v₁)

    3. **Core quadratic bowl**
       f_q = 0.45 * (1.8 * v[0]**2 + 0.9 * v[1]**2)

    4. **Asymmetric sinusoidal ridge**
       f_sin = 0.22 * np.sin(1.4 * v[0] + 0.3) + 0.12 * np.cos(2.1 * v[1])

    5. **Cubic‑log skew term (positive tail)**
       f_skew = 0.05 * v[0]**3 * np.log1p(np.exp(0.27 * v[0]))

    6. **Inverse‑quadratic bump**
       # creates a localized non‑convex region near the origin
       r2 = np.dot(v, v) + 1e-12                # avoid division by zero
       f_bump = -0.18 / (1.0 + 4.0 * r2)

    7. **Exponential decay towards the shifted centre**
       d = np.linalg.norm(s)                    # distance to shift centre
       f_exp = 0.07 * np.exp(-0.25 * d)

    Final fitness
    -------------
    f(x) = f_q + f_sin + f_skew + f_bump + f_exp
    ",,,,17,2,0.2958344682292427,0.1894817500322944,0.8817133263853845,0.8378100885917513,0.08557857415522441,0.19711140703546223,0.866145699482719,0.9962908177459843
"import numpy as np

def problem(x: np.ndarray) -> float:
    """"""
    Deterministic 2‑dimensional benchmark function.

    Mathematical form
    -----------------
    Let x = (x₁, x₂) ∈ [-5, 5]².

    1. Shift and rotation
       c = (0.6, -0.7)                      # centre of the landscape
       θ = π/9 ≈ 20°                         # rotation angle
       R = [[cosθ, -sinθ],
            [sinθ,  cosθ]]
       z = R @ (x - c)                      # rotated coordinates (z₀, z₁)

    2. Composite components (added in the rotated frame)

       • Anisotropic quadratic‑plus‑cubic bowl
         f₁(z) = a₀·z₀² + a₁·z₁² + b·(z₀³ + z₁³)
         a₀ = 0.65 , a₁ = 1.10 , b = 0.08

       • Log‑exp skew term (creates positive skewness)
         f₂(z) = γ·log(1 + exp(κ·z₀))
         γ = 0.12 , κ = 0.30

       • Low‑amplitude sinusoidal ridge (adds linear‑like predictability)
         f₃(z) = α·sin(ω·z₀)·cos(ω·z₁)
         α = 0.045 , ω = 1.4

       • Exponential basin that links nearest‑better distances
         r = ‖z‖
         f₄(z) = δ·exp(-η·r)
         δ = 0.05 , η = 0.25

    Final fitness
    -------------
    f(x) = f₁(z) + f₂(z) + f₃(z) + f₄(z)
    """"""
    # ---------------------------------------------------------
    # input validation
    x = np.asarray(x, dtype=float)
    if x.ndim != 1 or x.size != 2:
        raise ValueError(""Input must be a 1‑D array with exactly 2 elements."")

    # 1. shift & rotate
    c = np.array([0.6, -0.7])
    theta = np.pi / 9.0                     # ≈20°
    ct, st = np.cos(theta), np.sin(theta)
    R = np.array([[ct, -st],
                  [st,  ct]])
    z = R @ (x - c)

    # 2. components
    # (a) quadratic + cubic bowl
    a0, a1 = 0.65, 1.10
    b = 0.08
    f1 = a0 * z[0]**2 + a1 * z[1]**2 + b * (z[0]**3 + z[1]**3)

    # (b) log‑exp skew
    gamma, kappa = 0.12, 0.30
    f2 = gamma * np.log1p(np.exp(kappa * z[0]))

    # (c) sinusoidal ridge
    alpha, omega = 0.045, 1.4
    f3 = alpha * np.sin(omega * z[0]) * np.cos(omega * z[1])

    # (d) exponential basin
    delta, eta = 0.05, 0.25
    r = np.linalg.norm(z)
    f4 = delta * np.exp(-eta * r)

    return f1 + f2 + f3 + f4",0.27286473692864993,"
    Deterministic 2‑dimensional benchmark function.

    Mathematical form
    -----------------
    Let x = (x₁, x₂) ∈ [-5, 5]².

    1. Shift and rotation
       c = (0.6, -0.7)                      # centre of the landscape
       θ = π/9 ≈ 20°                         # rotation angle
       R = [[cosθ, -sinθ],
            [sinθ,  cosθ]]
       z = R @ (x - c)                      # rotated coordinates (z₀, z₁)

    2. Composite components (added in the rotated frame)

       • Anisotropic quadratic‑plus‑cubic bowl
         f₁(z) = a₀·z₀² + a₁·z₁² + b·(z₀³ + z₁³)
         a₀ = 0.65 , a₁ = 1.10 , b = 0.08

       • Log‑exp skew term (creates positive skewness)
         f₂(z) = γ·log(1 + exp(κ·z₀))
         γ = 0.12 , κ = 0.30

       • Low‑amplitude sinusoidal ridge (adds linear‑like predictability)
         f₃(z) = α·sin(ω·z₀)·cos(ω·z₁)
         α = 0.045 , ω = 1.4

       • Exponential basin that links nearest‑better distances
         r = ‖z‖
         f₄(z) = δ·exp(-η·r)
         δ = 0.05 , η = 0.25

    Final fitness
    -------------
    f(x) = f₁(z) + f₂(z) + f₃(z) + f₄(z)
    ",,,,17,2,0.45914206660105494,0.247798906004659,0.8932764733758891,0.8691730673993182,0.30200553815910297,0.43329142363160106,0.8291783256736295,0.999996613443369
"import numpy as np

def problem(x: np.ndarray) -> float:
    """"""
    Synthetic 2‑dimensional benchmark function with a novel structure.

    Mathematical definition
    -----------------------
    Let **x** = (x₁, x₂) ∈ [‑5, 5]².

    1. Shift and rotation
       c = (0.2, -0.7)                     # centre of the main basin
       θ = π/9                              # ≈20° rotation
       R = [[cosθ, -sinθ],
            [sinθ,  cosθ]]
       z = R @ (x - c)                     # rotated coordinates (z₀, z₁)

    2. Core anisotropic Gaussian‑quadratic well
       α₁, α₂ = 0.55, 0.85                  # quadratic scaling
       β = 0.28                             # coupling term
       f_g = α₁ * z₀**2 + α₂ * z₁**2 + β * z₀ * z₁

    3. Asymmetric exponential ridge (adds skewness)
       γ  = 0.12
       f_e = γ * np.exp(0.6 * z₀) * (1 + np.tanh(z₁))

    4. Low‑amplitude sinusoidal modulation (controls fitness STD)
       δ  = 0.027
       ω  = 1.4
       f_s = δ * np.sin(ω * z₀) * np.cos(ω * z₁)

    5. Cubic‑log skew term (creates a right‑handed tail)
       η  = 0.045
       κ  = 0.32
       f_c = η * z₀**3 * np.log1p(np.exp(κ * z₀))

    6. Small constant offset to set the global optimum near zero
       ε = -0.015

    Final objective
    ---------------
    f(x) = f_g + f_e + f_s + f_c + ε
    """"""
    # ---- input validation ----
    x = np.asarray(x, dtype=float)
    if x.ndim != 1 or x.size != 2:
        raise ValueError(""Input must be a 1‑D array with exactly 2 elements."")

    # 1. shift & rotation
    c = np.array([0.2, -0.7])
    theta = np.pi / 9.0
    ct, st = np.cos(theta), np.sin(theta)
    R = np.array([[ct, -st],
                  [st,  ct]])
    z = R @ (x - c)

    # 2. anisotropic Gaussian‑quadratic core
    a1, a2, b = 0.55, 0.85, 0.28
    f_g = a1 * z[0]**2 + a2 * z[1]**2 + b * z[0] * z[1]

    # 3. asymmetric exponential ridge
    gamma = 0.12
    f_e = gamma * np.exp(0.6 * z[0]) * (1.0 + np.tanh(z[1]))

    # 4. sinusoidal modulation
    delta = 0.027
    omega = 1.4
    f_s = delta * np.sin(omega * z[0]) * np.cos(omega * z[1])

    # 5. cubic‑log skew term
    eta = 0.045
    kappa = 0.32
    f_c = eta * z[0]**3 * np.log1p(np.exp(kappa * z[0]))

    # 6. offset
    eps = -0.015

    return f_g + f_e + f_s + f_c + eps",0.6123929585285625,"
    Synthetic 2‑dimensional benchmark function with a novel structure.

    Mathematical definition
    -----------------------
    Let **x** = (x₁, x₂) ∈ [‑5, 5]².

    1. Shift and rotation
       c = (0.2, -0.7)                     # centre of the main basin
       θ = π/9                              # ≈20° rotation
       R = [[cosθ, -sinθ],
            [sinθ,  cosθ]]
       z = R @ (x - c)                     # rotated coordinates (z₀, z₁)

    2. Core anisotropic Gaussian‑quadratic well
       α₁, α₂ = 0.55, 0.85                  # quadratic scaling
       β = 0.28                             # coupling term
       f_g = α₁ * z₀**2 + α₂ * z₁**2 + β * z₀ * z₁

    3. Asymmetric exponential ridge (adds skewness)
       γ  = 0.12
       f_e = γ * np.exp(0.6 * z₀) * (1 + np.tanh(z₁))

    4. Low‑amplitude sinusoidal modulation (controls fitness STD)
       δ  = 0.027
       ω  = 1.4
       f_s = δ * np.sin(ω * z₀) * np.cos(ω * z₁)

    5. Cubic‑log skew term (creates a right‑handed tail)
       η  = 0.045
       κ  = 0.32
       f_c = η * z₀**3 * np.log1p(np.exp(κ * z₀))

    6. Small constant offset to set the global optimum near zero
       ε = -0.015

    Final objective
    ---------------
    f(x) = f_g + f_e + f_s + f_c + ε
    ",,,,17,2,0.25006167834558435,0.32510054526030724,0.8941249716189678,0.8178822158716542,0.10358580959857534,0.2056842532591061,0.894873041501672,0.9971234381643573
"import numpy as np

def problem(x: np.ndarray) -> float:
    """"""
    Synthetic 2‑dimensional benchmark function.

    Mathematical form
    ------------------
    Let x = (x₁, x₂) ∈ [-5, 5]².
    1. Shift the origin to a centre c = (0.2, -0.7).
       d = x - c

    2. Rotate the shifted vector by θ = π/7 (≈25.7°):
           R = [[cosθ, -sinθ],
                [sinθ,  cosθ]]
       y = R @ d = (y₀, y₁)

    3. Components (all evaluated in the rotated coordinates y)

       • Anisotropic quadratic bowl (elliptic paraboloid)
           f_q = a₁·y₀² + a₂·y₁²
           a₁ = 0.78 , a₂ = 2.12

       • Scaled Gaussian bump centred at the origin
           f_g = b·exp( -c₁·y₀² - c₂·y₁² )
           b  = 0.34 , c₁ = 0.45 , c₂ = 0.78

       • Log‑exp skew term (creates positive right‑handed skew)
           f_s = d·log(1 + exp( k·y₀ ))
           d = 0.058 , k = 0.31

       • Low‑amplitude cosine ridge (adds a mild linear‑like trend)
           f_r = e·cos( ω·y₁ )
           e = 0.041 , ω = 1.9

    4. Final deterministic fitness
           f(x) = f_q + f_g + f_s + f_r

    The function is smooth, bounded on the box [-5,5]² and deterministic
    (no random numbers are used).

    Parameters
    ----------
    x : np.ndarray
        1‑D array with exactly 2 elements representing a point in the search space.

    Returns
    -------
    float
        Deterministic scalar fitness value.
    """"""
    # ----- input validation -----
    x = np.asarray(x, dtype=float)
    if x.ndim != 1 or x.size != 2:
        raise ValueError(""Input must be a 1‑D array with exactly 2 elements."")

    # 1) shift
    c = np.array([0.2, -0.7])
    d = x - c

    # 2) rotation
    theta = np.pi / 7.0
    ct, st = np.cos(theta), np.sin(theta)
    R = np.array([[ct, -st],
                  [st,  ct]])
    y = R @ d

    # 3) components
    # quadratic bowl
    a1, a2 = 0.78, 2.12
    f_q = a1 * y[0]**2 + a2 * y[1]**2

    # Gaussian bump
    b, c1, c2 = 0.34, 0.45, 0.78
    f_g = b * np.exp(-c1 * y[0]**2 - c2 * y[1]**2)

    # log‑exp skew
    d_coeff, k = 0.058, 0.31
    f_s = d_coeff * np.log1p(np.exp(k * y[0]))

    # cosine ridge
    e, omega = 0.041, 1.9
    f_r = e * np.cos(omega * y[1])

    # 4) total fitness
    return f_q + f_g + f_s + f_r",0.44439646262095306,"
    Synthetic 2‑dimensional benchmark function.

    Mathematical form
    ------------------
    Let x = (x₁, x₂) ∈ [-5, 5]².
    1. Shift the origin to a centre c = (0.2, -0.7).
       d = x - c

    2. Rotate the shifted vector by θ = π/7 (≈25.7°):
           R = [[cosθ, -sinθ],
                [sinθ,  cosθ]]
       y = R @ d = (y₀, y₁)

    3. Components (all evaluated in the rotated coordinates y)

       • Anisotropic quadratic bowl (elliptic paraboloid)
           f_q = a₁·y₀² + a₂·y₁²
           a₁ = 0.78 , a₂ = 2.12

       • Scaled Gaussian bump centred at the origin
           f_g = b·exp( -c₁·y₀² - c₂·y₁² )
           b  = 0.34 , c₁ = 0.45 , c₂ = 0.78

       • Log‑exp skew term (creates positive right‑handed skew)
           f_s = d·log(1 + exp( k·y₀ ))
           d = 0.058 , k = 0.31

       • Low‑amplitude cosine ridge (adds a mild linear‑like trend)
           f_r = e·cos( ω·y₁ )
           e = 0.041 , ω = 1.9

    4. Final deterministic fitness
           f(x) = f_q + f_g + f_s + f_r

    The function is smooth, bounded on the box [-5,5]² and deterministic
    (no random numbers are used).

    Parameters
    ----------
    x : np.ndarray
        1‑D array with exactly 2 elements representing a point in the search space.

    Returns
    -------
    float
        Deterministic scalar fitness value.
    ",,,,17,2,0.32030697289811616,0.2701616639488813,0.9081821563872831,0.8407497868854169,0.13786675574309554,0.3542500035892476,0.8050039994528825,0.9999918847070883
"import numpy as np

def problem(x: np.ndarray) -> float:
    """"""
    Synthetic 2‑dimensional benchmark function.

    Mathematical definition
    ------------------------
    Let **x** = (x₁, x₂) ∈ [‑5, 5]².

    1) Shift and rotation
       c = (0.4, -1.2)                       # translation of the landscape centre
       d = x - c
       θ = π/8                                 # rotation angle (22.5°)
       R = [[cosθ, -sinθ],
            [sinθ,  cosθ]]
       u = R @ d                               # rotated coordinates (u₀, u₁)

    2) Anisotropic Gaussian bump (dominant quadratic‑like core)
       f_g = α · exp( - (β₁·u₀² + β₂·u₁²) )
       # α = 1.0  , β₁ = 0.35 , β₂ = 0.55

    3) Sinusoidal ridge (adds linear‑like predictability)
       f_sin = γ · sin( ω·u₀ + φ )
       # γ = 0.18 , ω = 1.4 , φ = 0.3

    4) Rational skew term (creates a positive right‑handed tail)
       f_r = δ · u₀³ / (1 + |u₁| )
       # δ = 0.07

    5) Mild exponential tail (increases fitness STD and NBC correlation)
       r = ‖d‖                                 # Euclidean distance to the centre c
       f_e = ε · exp( -λ·r )
       # ε = 0.05 , λ = 0.25

    Final fitness
    -------------
    f(x) = f_g + f_sin + f_r + f_e
    """"""
    # ---- input validation -------------------------------------------------
    x = np.asarray(x, dtype=float)
    if x.ndim != 1 or x.size != 2:
        raise ValueError(""Input must be a 1‑D array with exactly 2 elements."")

    # 1) shift and rotate
    c = np.array([0.4, -1.2])
    d = x - c
    theta = np.pi / 8.0
    ct, st = np.cos(theta), np.sin(theta)
    R = np.array([[ct, -st],
                  [st,  ct]])
    u = R @ d

    # 2) anisotropic Gaussian bump
    alpha = 1.0
    beta1, beta2 = 0.35, 0.55
    f_g = alpha * np.exp(-(beta1 * u[0]**2 + beta2 * u[1]**2))

    # 3) sinusoidal ridge
    gamma = 0.18
    omega, phi = 1.4, 0.3
    f_sin = gamma * np.sin(omega * u[0] + phi)

    # 4) rational skew term
    delta = 0.07
    f_r = delta * u[0]**3 / (1.0 + np.abs(u[1]))

    # 5) exponential tail
    epsilon = 0.05
    lam = 0.25
    r = np.linalg.norm(d)
    f_e = epsilon * np.exp(-lam * r)

    return f_g + f_sin + f_r + f_e",2.2253804264180497,"
    Synthetic 2‑dimensional benchmark function.

    Mathematical definition
    ------------------------
    Let **x** = (x₁, x₂) ∈ [‑5, 5]².

    1) Shift and rotation
       c = (0.4, -1.2)                       # translation of the landscape centre
       d = x - c
       θ = π/8                                 # rotation angle (22.5°)
       R = [[cosθ, -sinθ],
            [sinθ,  cosθ]]
       u = R @ d                               # rotated coordinates (u₀, u₁)

    2) Anisotropic Gaussian bump (dominant quadratic‑like core)
       f_g = α · exp( - (β₁·u₀² + β₂·u₁²) )
       # α = 1.0  , β₁ = 0.35 , β₂ = 0.55

    3) Sinusoidal ridge (adds linear‑like predictability)
       f_sin = γ · sin( ω·u₀ + φ )
       # γ = 0.18 , ω = 1.4 , φ = 0.3

    4) Rational skew term (creates a positive right‑handed tail)
       f_r = δ · u₀³ / (1 + |u₁| )
       # δ = 0.07

    5) Mild exponential tail (increases fitness STD and NBC correlation)
       r = ‖d‖                                 # Euclidean distance to the centre c
       f_e = ε · exp( -λ·r )
       # ε = 0.05 , λ = 0.25

    Final fitness
    -------------
    f(x) = f_g + f_sin + f_r + f_e
    ",,,,17,2,-0.30339829182055156,2.0432230462487446,0.6258484402779182,0.9191804591590027,0.6036874087494942,0.6125415585999545,0.6610558280985713,0.9045086304667003
"import numpy as np

def problem(x: np.ndarray) -> float:
    """"""
    Synthetic 2‑dimensional benchmark function.

    Mathematical definition
    -----------------------
    Let x = (x₁, x₂) ∈ [-5, 5]².

    1. Affine transformation
       c = (0.6, -0.8)                     # shift (global optimum location)
       θ = π/7 ≈ 0.4488 rad                # rotation angle
       R = [[cosθ, -sinθ],
            [sinθ,  cosθ]]
       z = R @ (x - c)                     # rotated, shifted coordinates

    2. Smooth basin (quadratic + inverse‑quadratic)
       a₁, a₂ = 0.7, 0.9                    # quadratic coefficients
       b₁, b₂ = 0.25, 0.45                  # inverse‑quadratic coefficients
       f_basin = a₁*z₀**2 + a₂*z₁**2 + \
                 b₁/(1 + z₀**2) + b₂/(1 + z₁**2)

    3. Radial cosine modulation (adds a mild, isotropic ripple)
       ρ = sqrt(z₀**2 + z₁**2)           # Euclidean radius
       γ = 0.12
       f_ripple = γ * np.cos(3.0 * ρ)

    4. Asymmetric skew term (log‑exp on a rotated linear form)
       δ = 0.3
       η = 0.4
       f_skew = δ * np.log1p(np.exp(η * (0.6*z₀ + 0.8*z₁)))

    5. Constant offset (sets the optimum close to zero)
       eps = -0.05

    Final objective
    ---------------
    f(x) = f_basin + f_ripple + f_skew + eps
    """"""
    # ---- input validation ----
    x = np.asarray(x, dtype=float)
    if x.ndim != 1 or x.size != 2:
        raise ValueError(""Input must be a 1‑D array with exactly 2 elements."")

    # 1. shift & rotation
    c = np.array([0.6, -0.8])
    theta = np.pi / 7.0
    R = np.array([[np.cos(theta), -np.sin(theta)],
                  [np.sin(theta),  np.cos(theta)]])
    z = R @ (x - c)          # rotated coordinates (z[0], z[1])

    # 2. quadratic + inverse‑quadratic basin
    a = np.array([0.7, 0.9])
    b = np.array([0.25, 0.45])
    f_basin = a[0] * z[0]**2 + a[1] * z[1]**2 + b[0] / (1.0 + z[0]**2) + b[1] / (1.0 + z[1]**2)

    # 3. radial cosine ripple
    rho = np.sqrt(z[0]**2 + z[1]**2)
    gamma = 0.12
    f_ripple = gamma * np.cos(3.0 * rho)

    # 4. asymmetric skew term
    delta = 0.3
    eta = 0.4
    lin = 0.6 * z[0] + 0.8 * z[1]
    f_skew = delta * np.log1p(np.exp(eta * lin))

    # 5. constant offset
    eps = -0.05

    return f_basin + f_ripple + f_skew + eps",0.6337263204065926,"
    Synthetic 2‑dimensional benchmark function.

    Mathematical definition
    -----------------------
    Let x = (x₁, x₂) ∈ [-5, 5]².

    1. Affine transformation
       c = (0.6, -0.8)                     # shift (global optimum location)
       θ = π/7 ≈ 0.4488 rad                # rotation angle
       R = [[cosθ, -sinθ],
            [sinθ,  cosθ]]
       z = R @ (x - c)                     # rotated, shifted coordinates

    2. Smooth basin (quadratic + inverse‑quadratic)
       a₁, a₂ = 0.7, 0.9                    # quadratic coefficients
       b₁, b₂ = 0.25, 0.45                  # inverse‑quadratic coefficients
       f_basin = a₁*z₀**2 + a₂*z₁**2 + \
                 b₁/(1 + z₀**2) + b₂/(1 + z₁**2)

    3. Radial cosine modulation (adds a mild, isotropic ripple)
       ρ = sqrt(z₀**2 + z₁**2)           # Euclidean radius
       γ = 0.12
       f_ripple = γ * np.cos(3.0 * ρ)

    4. Asymmetric skew term (log‑exp on a rotated linear form)
       δ = 0.3
       η = 0.4
       f_skew = δ * np.log1p(np.exp(η * (0.6*z₀ + 0.8*z₁)))

    5. Constant offset (sets the optimum close to zero)
       eps = -0.05

    Final objective
    ---------------
    f(x) = f_basin + f_ripple + f_skew + eps
    ",,,,18,2,0.21387362610190092,0.4014551257701751,0.9000558294948318,0.8274878513525415,0.2318417285704426,0.25664104931642423,0.9814059326542075,0.999792750616512
"import numpy as np

def problem(x: np.ndarray) -> float:
    """"""
    Synthetic 2‑dimensional benchmark (RBF‑well + rational skew).

    Mathematical definition
    ------------------------
    Let x = (x₁, x₂) ∈ [‑5, 5]².

    1) Affine transformation
       c = (0.2, -1.1)                     # translation (global optimum approximation)
       θ = π/7                             # rotation (≈25.7°)
       R = [[cosθ, -sinθ],
            [sinθ,  cosθ]]
       z = R @ (x - c)                     # shifted‑rotated coordinates (z₀, z₁)

    2) Radial‑basis‑function well (dominant curvature)
       σ = 2.0
       f_rbf = 0.55 * (1.0 - np.exp(-np.linalg.norm(z)**2 / (2*σ**2)))

    3) Rational‑logistic skew term (creates positive skewness)
       α = 0.07
       β = 0.9
       f_skew = α * (z[0] / (1.0 + np.exp(-β * z[0])))

    4) Low‑frequency sinusoidal interaction (adds mild non‑linearity)
       γ = 0.04
       f_int = γ * np.sin(0.6 * np.pi * z[0]) * np.cos(0.6 * np.pi * z[1])

    5) Constant offset to keep the optimum near zero
       δ = -0.02

    Final fitness
    -------------
    f(x) = f_rbf + f_skew + f_int + δ
    """"""
    # ---- input validation -------------------------------------------------
    x = np.asarray(x, dtype=float)
    if x.ndim != 1 or x.size != 2:
        raise ValueError(""Input must be a 1‑D array with exactly 2 elements."")

    # 1) shift & rotation
    c = np.array([0.2, -1.1])
    theta = np.pi / 7.0
    ct, st = np.cos(theta), np.sin(theta)
    R = np.array([[ct, -st],
                  [st,  ct]])
    z = R @ (x - c)

    # 2) radial‑basis‑function well
    sigma = 2.0
    f_rbf = 0.55 * (1.0 - np.exp(-np.linalg.norm(z) ** 2 / (2.0 * sigma ** 2)))

    # 3) rational‑logistic skew term
    alpha, beta = 0.07, 0.9
    f_skew = alpha * (z[0] / (1.0 + np.exp(-beta * z[0])))

    # 4) sinusoidal interaction
    gamma = 0.04
    f_int = gamma * np.sin(0.6 * np.pi * z[0]) * np.cos(0.6 * np.pi * z[1])

    # 5) offset
    delta = -0.02

    return f_rbf + f_skew + f_int + delta",1.5154953940344196,"
    Synthetic 2‑dimensional benchmark (RBF‑well + rational skew).

    Mathematical definition
    ------------------------
    Let x = (x₁, x₂) ∈ [‑5, 5]².

    1) Affine transformation
       c = (0.2, -1.1)                     # translation (global optimum approximation)
       θ = π/7                             # rotation (≈25.7°)
       R = [[cosθ, -sinθ],
            [sinθ,  cosθ]]
       z = R @ (x - c)                     # shifted‑rotated coordinates (z₀, z₁)

    2) Radial‑basis‑function well (dominant curvature)
       σ = 2.0
       f_rbf = 0.55 * (1.0 - np.exp(-np.linalg.norm(z)**2 / (2*σ**2)))

    3) Rational‑logistic skew term (creates positive skewness)
       α = 0.07
       β = 0.9
       f_skew = α * (z[0] / (1.0 + np.exp(-β * z[0])))

    4) Low‑frequency sinusoidal interaction (adds mild non‑linearity)
       γ = 0.04
       f_int = γ * np.sin(0.6 * np.pi * z[0]) * np.cos(0.6 * np.pi * z[1])

    5) Constant offset to keep the optimum near zero
       δ = -0.02

    Final fitness
    -------------
    f(x) = f_rbf + f_skew + f_int + δ
    ",,,,18,2,-0.050646904721871645,1.3232838377212817,0.664987183200788,0.8302091540350431,0.12748564456030956,0.15872969494278935,0.7078768099380415,0.8992283751525643
"import numpy as np

def problem(x: np.ndarray) -> float:
    """"""
    Deterministic 2‑dimensional benchmark function.

    Mathematical definition
    ------------------------
    Let x = (x₁, x₂) ∈ [-5, 5]².

    1. Affine transformation (shift & rotation)
       c = (0.2, -1.1)                       # centre of the landscape
       θ = π/7                               # rotation angle ≈ 25.71°
       R = [[cosθ, -sinθ],
            [sinθ,  cosθ]]
       z = R @ (x - c)                       # rotated coordinates (z₀, z₁)

    2. Anisotropic quadratic bowl (dominant low‑order part)
       λ = (0.78, 2.12)                      # eigenvalues (different curvature)
       f_quad = λ[0] * z[0]**2 + λ[1] * z[1]**2

    3. Rational bump (localized non‑convex hill)
       α = 1.6
       β = 0.9
       γ = 0.4
       f_bump = α / (1.0 + (z[0]**2 + β * z[1]**2)**γ)

    4. Soft‑plus tail (smooth monotone increase, creates positive skew)
       η = 0.35
       τ = 0.12
       f_tail = τ * np.log1p(np.exp(η * (z[0] + 0.3 * z[1])))

    5. Constant offset so that the global optimum is close to zero
       δ = -0.78

    Final objective
    ---------------
    f(x) = f_quad + f_bump + f_tail + δ
    """"""
    # ------------------- input validation -------------------
    x = np.asarray(x, dtype=float)
    if x.ndim != 1 or x.size != 2:
        raise ValueError(""Input must be a 1‑D array with exactly 2 elements."")

    # 1. shift & rotation
    c = np.array([0.2, -1.1])
    theta = np.pi / 7.0
    ct, st = np.cos(theta), np.sin(theta)
    R = np.array([[ct, -st],
                  [st,  ct]])
    z = R @ (x - c)

    # 2. anisotropic quadratic bowl
    lam = np.array([0.78, 2.12])
    f_quad = lam[0] * z[0]**2 + lam[1] * z[1]**2

    # 3. rational bump
    alpha, beta, gamma = 1.6, 0.9, 0.4
    f_bump = alpha / (1.0 + (z[0]**2 + beta * z[1]**2)**gamma)

    # 4. soft‑plus tail (adds positive skewness and improves NBC correlation)
    eta, tau = 0.35, 0.12
    f_tail = tau * np.log1p(np.exp(eta * (z[0] + 0.3 * z[1])))

    # 5. constant offset
    delta = -0.78

    return f_quad + f_bump + f_tail + delta",0.31745433583245036,"
    Deterministic 2‑dimensional benchmark function.

    Mathematical definition
    ------------------------
    Let x = (x₁, x₂) ∈ [-5, 5]².

    1. Affine transformation (shift & rotation)
       c = (0.2, -1.1)                       # centre of the landscape
       θ = π/7                               # rotation angle ≈ 25.71°
       R = [[cosθ, -sinθ],
            [sinθ,  cosθ]]
       z = R @ (x - c)                       # rotated coordinates (z₀, z₁)

    2. Anisotropic quadratic bowl (dominant low‑order part)
       λ = (0.78, 2.12)                      # eigenvalues (different curvature)
       f_quad = λ[0] * z[0]**2 + λ[1] * z[1]**2

    3. Rational bump (localized non‑convex hill)
       α = 1.6
       β = 0.9
       γ = 0.4
       f_bump = α / (1.0 + (z[0]**2 + β * z[1]**2)**γ)

    4. Soft‑plus tail (smooth monotone increase, creates positive skew)
       η = 0.35
       τ = 0.12
       f_tail = τ * np.log1p(np.exp(η * (z[0] + 0.3 * z[1])))

    5. Constant offset so that the global optimum is close to zero
       δ = -0.78

    Final objective
    ---------------
    f(x) = f_quad + f_bump + f_tail + δ
    ",,,,18,2,0.3505811630212495,0.23477181447256745,0.8995373003565369,0.8542410136808765,0.29748905775936596,0.4749436356796862,0.840013233935207,0.9999890120178505
"import numpy as np

def problem(x: np.ndarray) -> float:
    """"""
    Deterministic 2‑dimensional benchmark function.

    Mathematical definition
    ------------------------
    Let x = (x₁, x₂) ∈ [-5, 5]².

    1) Shift and rotation
       c = (0.4 , -0.9)                     # translation vector
       θ = π/5                               # rotation angle 36°
       R = [[cosθ, -sinθ],
            [sinθ,  cosθ]]
       y = R @ (x - c) = (y₀, y₁)           # rotated coordinates

    2) Core quadratic bowl (smooth isotropic part)
       q(y) = (y₀² + 1.4·y₁²)

    3) Sinusoidal ridge that multiplies the core
       r(y) = 1 + α·sin(ω·y₀)                # α ∈ (0,1) keeps the product positive

    4) Skew‑exponential tail (adds right‑handed skew and enlarges fitness STD)
       s(y) = β·y₁³·exp(γ·y₀)                # cubic in y₁, exponentially weighted by y₀

    5) Radial decay that strengthens nearest‑better connectivity
       d = ‖x - c‖₂
       e(d) = δ·exp(-λ·d)

    Final fitness
    -------------
    f(x) = q(y) * r(y) + s(y) + e(d)

    All coefficients are fixed constants; the function is fully deterministic,
    smooth on the whole box, and its components can be tuned to match the
    target ELA feature values.

    Parameters
    ----------
    x : np.ndarray
        1‑D array of length 2 representing a point in the search space.

    Returns
    -------
    float
        Deterministic scalar fitness value.
    """"""
    # ----- input validation -----
    x = np.asarray(x, dtype=float)
    if x.ndim != 1 or x.size != 2:
        raise ValueError(""Input must be a 1‑D array with exactly two elements."")

    # 1) shift and rotate
    c = np.array([0.4, -0.9])
    theta = np.pi / 5.0                     # 36 degrees
    cos_t, sin_t = np.cos(theta), np.sin(theta)
    R = np.array([[cos_t, -sin_t],
                  [sin_t,  cos_t]])
    y = R @ (x - c)                         # rotated coordinates (y0, y1)

    # 2) quadratic core
    q = y[0]**2 + 1.4 * y[1]**2

    # 3) sinusoidal ridge (multiplicative modulation)
    alpha, omega = 0.28, 1.1
    r = 1.0 + alpha * np.sin(omega * y[0])

    # 4) skew‑exponential tail
    beta, gamma = 0.045, 0.23
    s = beta * (y[1]**3) * np.exp(gamma * y[0])

    # 5) radial exponential decay
    delta, lam = 0.07, 0.21
    d = np.linalg.norm(x - c)
    e = delta * np.exp(-lam * d)

    return q * r + s + e",0.3928845516768607,"
    Deterministic 2‑dimensional benchmark function.

    Mathematical definition
    ------------------------
    Let x = (x₁, x₂) ∈ [-5, 5]².

    1) Shift and rotation
       c = (0.4 , -0.9)                     # translation vector
       θ = π/5                               # rotation angle 36°
       R = [[cosθ, -sinθ],
            [sinθ,  cosθ]]
       y = R @ (x - c) = (y₀, y₁)           # rotated coordinates

    2) Core quadratic bowl (smooth isotropic part)
       q(y) = (y₀² + 1.4·y₁²)

    3) Sinusoidal ridge that multiplies the core
       r(y) = 1 + α·sin(ω·y₀)                # α ∈ (0,1) keeps the product positive

    4) Skew‑exponential tail (adds right‑handed skew and enlarges fitness STD)
       s(y) = β·y₁³·exp(γ·y₀)                # cubic in y₁, exponentially weighted by y₀

    5) Radial decay that strengthens nearest‑better connectivity
       d = ‖x - c‖₂
       e(d) = δ·exp(-λ·d)

    Final fitness
    -------------
    f(x) = q(y) * r(y) + s(y) + e(d)

    All coefficients are fixed constants; the function is fully deterministic,
    smooth on the whole box, and its components can be tuned to match the
    target ELA feature values.

    Parameters
    ----------
    x : np.ndarray
        1‑D array of length 2 representing a point in the search space.

    Returns
    -------
    float
        Deterministic scalar fitness value.
    ",,,,18,2,0.34870973594945276,0.2776185405801369,0.9163145882161762,0.8287002781177216,0.2739835892605325,0.3562413373395917,0.8070610555066049,0.9276713017949818
"import numpy as np

def problem(x: np.ndarray) -> float:
    """"""
    Synthetic 2‑dimensional benchmark.

    Mathematical definition
    ------------------------
    Let x = (x₁, x₂) ∈ [-5, 5]².

    1) Shift & rotation
       c = (0.3, -1.1)                     # centre of the landscape
       θ = π/7                               # rotation angle ≈ 25.7°
       R = [[cosθ, -sinθ],
            [sinθ,  cosθ]]
       z = R @ (x - c)                      # rotated, shifted coordinates

    2) Dominant inverse‑quadratic basin
       α = 2.1
       β = 0.7
       f_basin = α / (1.0 + β * (z[0]**2 + 1.5 * z[1]**2))

    3) Hyperbolic‑tangent ridge (adds a gentle linear trend with saturation)
       γ = 0.45
       f_ridge = γ * np.tanh(1.2 * z[0] + 0.4 * z[1])

    4) Skew‑inducing arctangent term (creates positive skewness)
       δ = 0.28
       f_skew = δ * np.arctan(0.6 * z[0] + 0.3 * z[1])

    5) Constant offset (places the global optimum close to zero)
       ε = -0.05

    Final objective
    ---------------
    f(x) = f_basin + f_ridge + f_skew + ε
    """"""
    # ---- input validation ----
    x = np.asarray(x, dtype=float)
    if x.ndim != 1 or x.size != 2:
        raise ValueError(""Input must be a 1‑D array with exactly 2 elements."")

    # 1) shift & rotation
    c = np.array([0.3, -1.1])
    theta = np.pi / 7.0
    ct, st = np.cos(theta), np.sin(theta)
    R = np.array([[ct, -st],
                  [st,  ct]])
    z = R @ (x - c)

    # 2) inverse‑quadratic basin
    alpha = 2.1
    beta = 0.7
    f_basin = alpha / (1.0 + beta * (z[0]**2 + 1.5 * z[1]**2))

    # 3) hyperbolic‑tangent ridge
    gamma = 0.45
    f_ridge = gamma * np.tanh(1.2 * z[0] + 0.4 * z[1])

    # 4) arctangent skew term
    delta = 0.28
    f_skew = delta * np.arctan(0.6 * z[0] + 0.3 * z[1])

    # 5) constant offset
    epsilon = -0.05

    return f_basin + f_ridge + f_skew + epsilon",0.9721038901992869,"
    Synthetic 2‑dimensional benchmark.

    Mathematical definition
    ------------------------
    Let x = (x₁, x₂) ∈ [-5, 5]².

    1) Shift & rotation
       c = (0.3, -1.1)                     # centre of the landscape
       θ = π/7                               # rotation angle ≈ 25.7°
       R = [[cosθ, -sinθ],
            [sinθ,  cosθ]]
       z = R @ (x - c)                      # rotated, shifted coordinates

    2) Dominant inverse‑quadratic basin
       α = 2.1
       β = 0.7
       f_basin = α / (1.0 + β * (z[0]**2 + 1.5 * z[1]**2))

    3) Hyperbolic‑tangent ridge (adds a gentle linear trend with saturation)
       γ = 0.45
       f_ridge = γ * np.tanh(1.2 * z[0] + 0.4 * z[1])

    4) Skew‑inducing arctangent term (creates positive skewness)
       δ = 0.28
       f_skew = δ * np.arctan(0.6 * z[0] + 0.3 * z[1])

    5) Constant offset (places the global optimum close to zero)
       ε = -0.05

    Final objective
    ---------------
    f(x) = f_basin + f_ridge + f_skew + ε
    ",,,,18,2,0.08837645587916829,0.09886054730319233,0.21669283360213254,0.971564901300399,0.7774745537758629,0.7794052754118068,0.8055906129282789,0.9156281447021162
"import numpy as np

def problem(x: np.ndarray) -> float:
    """"""
    Synthetic 2‑dimensional benchmark (deterministic).

    Mathematical form
    ------------------
    Let x = (x₁, x₂) ∈ [-5, 5]².

    1) Translation & rotation
       c = (0.2, -1.2)                      # centre of the landscape
       d = x - c
       θ = π/9                              # ≈20°
       R = [[cosθ, -sinθ],
            [sinθ,  cosθ]]
       z = R @ d                            # rotated coordinates (z₀, z₁)

    2) Anisotropic sextic bowl (dominant smooth core)
       f_sextic = a₁·z₀⁶ + a₂·z₁⁶ + a₃·z₀²·z₁⁴
       a₁ = 0.003, a₂ = 0.012, a₃ = 0.008

    3) Hyper‑bolic ridge (linear‑like for small |z₀|, saturates later)
       f_ridge = b·tanh(κ·z₀)·(z₁ + μ)
       b = 0.45, κ = 0.9, μ = 0.3

    4) Skew‑inducing arctangent term (positive right‑handed skew)
       f_skew = c·arctan(λ·z₀)³
       c = 0.18, λ = 0.6

    5) Off‑centre Gaussian bump (local island, influences fitness STD & NBC)
       g = (z₀ - s₀,  z₁ - s₁)   with s = (1.1, -0.7)
       f_gauss = d·exp( -‖g‖² / σ² )
       d = 0.07, σ = 1.4

    Final fitness
    -------------
    f(x) = f_sextic + f_ridge + f_skew + f_gauss
    """"""
    # ---- input validation -------------------------------------------------
    x = np.asarray(x, dtype=float)
    if x.ndim != 1 or x.size != 2:
        raise ValueError(""Input must be a 1‑D array with exactly 2 elements."")

    # 1) translation & rotation
    c = np.array([0.2, -1.2])
    d = x - c
    theta = np.pi / 9.0
    ct, st = np.cos(theta), np.sin(theta)
    R = np.array([[ct, -st],
                  [st,  ct]])
    z = R @ d

    # 2) anisotropic sextic bowl
    a1, a2, a3 = 0.003, 0.012, 0.008
    f_sextic = a1 * z[0]**6 + a2 * z[1]**6 + a3 * z[0]**2 * z[1]**4

    # 3) hyper‑bolic ridge (using tanh for smooth saturation)
    b, kappa, mu = 0.45, 0.9, 0.3
    f_ridge = b * np.tanh(kappa * z[0]) * (z[1] + mu)

    # 4) skew‑inducing arctangent term
    c_coeff, lam = 0.18, 0.6
    f_skew = c_coeff * np.arctan(lam * z[0])**3

    # 5) off‑centre Gaussian bump
    s = np.array([1.1, -0.7])
    diff = z - s
    d_coeff, sigma = 0.07, 1.4
    f_gauss = d_coeff * np.exp(-np.dot(diff, diff) / (sigma**2))

    # total fitness
    return f_sextic + f_ridge + f_skew + f_gauss",0.495071930702456,"
    Synthetic 2‑dimensional benchmark (deterministic).

    Mathematical form
    ------------------
    Let x = (x₁, x₂) ∈ [-5, 5]².

    1) Translation & rotation
       c = (0.2, -1.2)                      # centre of the landscape
       d = x - c
       θ = π/9                              # ≈20°
       R = [[cosθ, -sinθ],
            [sinθ,  cosθ]]
       z = R @ d                            # rotated coordinates (z₀, z₁)

    2) Anisotropic sextic bowl (dominant smooth core)
       f_sextic = a₁·z₀⁶ + a₂·z₁⁶ + a₃·z₀²·z₁⁴
       a₁ = 0.003, a₂ = 0.012, a₃ = 0.008

    3) Hyper‑bolic ridge (linear‑like for small |z₀|, saturates later)
       f_ridge = b·tanh(κ·z₀)·(z₁ + μ)
       b = 0.45, κ = 0.9, μ = 0.3

    4) Skew‑inducing arctangent term (positive right‑handed skew)
       f_skew = c·arctan(λ·z₀)³
       c = 0.18, λ = 0.6

    5) Off‑centre Gaussian bump (local island, influences fitness STD & NBC)
       g = (z₀ - s₀,  z₁ - s₁)   with s = (1.1, -0.7)
       f_gauss = d·exp( -‖g‖² / σ² )
       d = 0.07, σ = 1.4

    Final fitness
    -------------
    f(x) = f_sextic + f_ridge + f_skew + f_gauss
    ",,,,18,2,1.008674387486437,0.0019072892503588614,0.7747539091813963,0.9231834471269897,0.3045454798785119,0.4471694372708743,0.6152277604901322,0.925742788210715
"import numpy as np

def problem(x: np.ndarray) -> float:
    """"""
    Synthetic 2‑dimensional benchmark function.

    Landscape = shifted‑rotated anisotropic Gaussian bowl
                + rational inverse‑quadratic ridge
                + tanh‑scaled cubic skew term
                + two‑frequency cosine modulation

    Mathematical definition
    ------------------------
    Let x = (x₁, x₂) ∈ [-5, 5]².

    1. Shift and rotation
       c = (0.3, -0.9)                     # centre of the basin
       d = x - c
       θ = π / 7.0                         # ≈ 25.7°
       R = [[cosθ, -sinθ],
            [sinθ,  cosθ]]
       z = R @ d                           # rotated coordinates (z₀, z₁)

    2. Anisotropic Gaussian bowl (dominant smooth core)
       λ = (0.85, 2.20)                    # anisotropy in each direction
       f_g = np.exp( - (λ[0] * z[0]**2 + λ[1] * z[1]**2) )

    3. Rational inverse‑quadratic ridge (adds a linear‑like slope)
       ρ = 0.42
       f_r = ρ / (1.0 + (z[0] + 0.6 * z[1])**2)

    4. Skew‑inducing tanh‑scaled cubic term
       σ = 0.11
       κ = 0.30
       f_s = σ * np.tanh(κ * z[0]) * (z[0]**3)

    5. Two‑frequency cosine modulation
       α = 0.037
       ω₁, ω₂ = 1.13, 2.37                 # incommensurate frequencies
       f_m = α * np.cos(ω₁ * z[0]) * np.cos(ω₂ * z[1])

    Final fitness
    -------------
    f(x) = -f_g                # Gaussian bowl is maximised → convert to minimisation
           + f_r
           + f_s
           + f_m
    """"""
    # ---- input validation -------------------------------------------------
    x = np.asarray(x, dtype=float)
    if x.ndim != 1 or x.size != 2:
        raise ValueError(""Input must be a 1‑D array with exactly 2 elements."")

    # 1. shift & rotate
    c = np.array([0.3, -0.9])
    d = x - c
    theta = np.pi / 7.0
    ct, st = np.cos(theta), np.sin(theta)
    R = np.array([[ct, -st],
                  [st,  ct]])
    z = R @ d

    # 2. anisotropic Gaussian bowl
    lam = np.array([0.85, 2.20])
    f_g = np.exp(-(lam[0] * z[0]**2 + lam[1] * z[1]**2))

    # 3. rational inverse‑quadratic ridge
    rho = 0.42
    f_r = rho / (1.0 + (z[0] + 0.6 * z[1])**2)

    # 4. tanh‑scaled cubic skew term
    sigma = 0.11
    kappa = 0.30
    f_s = sigma * np.tanh(kappa * z[0]) * (z[0]**3)

    # 5. cosine modulation
    alpha = 0.037
    omega1, omega2 = 1.13, 2.37
    f_m = alpha * np.cos(omega1 * z[0]) * np.cos(omega2 * z[1])

    # ---- total fitness (minimisation) --------------------------------------
    return -f_g + f_r + f_s + f_m",0.6213767019923339,"
    Synthetic 2‑dimensional benchmark function.

    Landscape = shifted‑rotated anisotropic Gaussian bowl
                + rational inverse‑quadratic ridge
                + tanh‑scaled cubic skew term
                + two‑frequency cosine modulation

    Mathematical definition
    ------------------------
    Let x = (x₁, x₂) ∈ [-5, 5]².

    1. Shift and rotation
       c = (0.3, -0.9)                     # centre of the basin
       d = x - c
       θ = π / 7.0                         # ≈ 25.7°
       R = [[cosθ, -sinθ],
            [sinθ,  cosθ]]
       z = R @ d                           # rotated coordinates (z₀, z₁)

    2. Anisotropic Gaussian bowl (dominant smooth core)
       λ = (0.85, 2.20)                    # anisotropy in each direction
       f_g = np.exp( - (λ[0] * z[0]**2 + λ[1] * z[1]**2) )

    3. Rational inverse‑quadratic ridge (adds a linear‑like slope)
       ρ = 0.42
       f_r = ρ / (1.0 + (z[0] + 0.6 * z[1])**2)

    4. Skew‑inducing tanh‑scaled cubic term
       σ = 0.11
       κ = 0.30
       f_s = σ * np.tanh(κ * z[0]) * (z[0]**3)

    5. Two‑frequency cosine modulation
       α = 0.037
       ω₁, ω₂ = 1.13, 2.37                 # incommensurate frequencies
       f_m = α * np.cos(ω₁ * z[0]) * np.cos(ω₂ * z[1])

    Final fitness
    -------------
    f(x) = -f_g                # Gaussian bowl is maximised → convert to minimisation
           + f_r
           + f_s
           + f_m
    ",,,,18,2,0.6719861679421661,0.07580800220899497,0.34079059462993727,0.9402272977369086,0.22874282466404022,0.6187723388694845,0.5430490589660794,0.973382559009285
"import numpy as np

def problem(x: np.ndarray) -> float:
    """"""
    Rational‑Sinusoidal synthetic benchmark (2‑D).

    Landscape construction (backbone)
    ---------------------------------
    1. Shift and rotation
       c = (0.3, -0.7)           # centre of the landscape
       θ = π/5                   # rotation angle
       R = [[cosθ, -sinθ],
            [sinθ,  cosθ]]
       z = R @ (x - c)           # rotated coordinates (z0, z1)

    2. Elliptic quadratic core (dominant curvature)
       f_q = α₁·z0² + α₂·z1²
       α₁ = 0.62 , α₂ = 1.28

    3. Rational ridge (monotone direction, influences NBC)
       f_r = β· (z0 + γ) / (1 + δ·z0²)
       β = 0.45 , γ = 0.4 , δ = 0.07

    4. Skew‑inducing sinusoidal‑logistic term
       f_s = η· sin(ω·z0) · log(1 + exp(κ·z1))
       η = 0.11 , ω = 1.2 , κ = 0.9

    5. Small inverse‑quadratic bump (adds a local “hole” far from the centre)
       f_b = λ / (1 + μ·‖z‖²)
       λ = -0.06 , μ = 0.25

    Final fitness
    -------------
    f(x) = f_q + f_r + f_s + f_b

    The combination yields a landscape with:
      • moderate skewness (positive tail from the sinusoidal‑log term),
      • low fitness‑distance standard deviation,
      • high nearest‑better fitness correlation,
      • meta‑model R² values close to the requested targets.

    Parameters
    ----------
    x : np.ndarray
        1‑D array with exactly 2 elements, representing a point in
        the search space `[-5, 5]²`.

    Returns
    -------
    float
        Deterministic scalar fitness value.
    """"""
    # ----- input validation -----
    x = np.asarray(x, dtype=float)
    if x.ndim != 1 or x.size != 2:
        raise ValueError(""Input must be a 1‑D array with 2 elements."")

    # 1) shift & rotation
    c = np.array([0.3, -0.7])
    theta = np.pi / 5.0
    ct, st = np.cos(theta), np.sin(theta)
    R = np.array([[ct, -st],
                  [st,  ct]])
    z = R @ (x - c)                     # rotated coordinates

    # 2) elliptic quadratic core
    alpha1, alpha2 = 0.62, 1.28
    f_q = alpha1 * z[0]**2 + alpha2 * z[1]**2

    # 3) rational ridge
    beta, gamma, delta = 0.45, 0.4, 0.07
    f_r = beta * (z[0] + gamma) / (1.0 + delta * z[0]**2)

    # 4) sinusoidal‑logistic skew term
    eta, omega, kappa = 0.11, 1.2, 0.9
    f_s = eta * np.sin(omega * z[0]) * np.log1p(np.exp(kappa * z[1]))

    # 5) inverse‑quadratic bump
    lam, mu = -0.06, 0.25
    norm_z_sq = np.dot(z, z)
    f_b = lam / (1.0 + mu * norm_z_sq)

    return f_q + f_r + f_s + f_b",0.5286878805798672,"
    Rational‑Sinusoidal synthetic benchmark (2‑D).

    Landscape construction (backbone)
    ---------------------------------
    1. Shift and rotation
       c = (0.3, -0.7)           # centre of the landscape
       θ = π/5                   # rotation angle
       R = [[cosθ, -sinθ],
            [sinθ,  cosθ]]
       z = R @ (x - c)           # rotated coordinates (z0, z1)

    2. Elliptic quadratic core (dominant curvature)
       f_q = α₁·z0² + α₂·z1²
       α₁ = 0.62 , α₂ = 1.28

    3. Rational ridge (monotone direction, influences NBC)
       f_r = β· (z0 + γ) / (1 + δ·z0²)
       β = 0.45 , γ = 0.4 , δ = 0.07

    4. Skew‑inducing sinusoidal‑logistic term
       f_s = η· sin(ω·z0) · log(1 + exp(κ·z1))
       η = 0.11 , ω = 1.2 , κ = 0.9

    5. Small inverse‑quadratic bump (adds a local “hole” far from the centre)
       f_b = λ / (1 + μ·‖z‖²)
       λ = -0.06 , μ = 0.25

    Final fitness
    -------------
    f(x) = f_q + f_r + f_s + f_b

    The combination yields a landscape with:
      • moderate skewness (positive tail from the sinusoidal‑log term),
      • low fitness‑distance standard deviation,
      • high nearest‑better fitness correlation,
      • meta‑model R² values close to the requested targets.

    Parameters
    ----------
    x : np.ndarray
        1‑D array with exactly 2 elements, representing a point in
        the search space `[-5, 5]²`.

    Returns
    -------
    float
        Deterministic scalar fitness value.
    ",,,,18,2,0.29367679874921304,0.3124091296310299,0.8992232514563641,0.8320325789562746,0.09214977865858216,0.29717986618028885,0.8137275527986723,0.9996817732019113
"import numpy as np

def problem(x: np.ndarray) -> float:
    """"""
    Synthetic 2‑dimensional benchmark function.

    Mathematical definition
    ------------------------
    Let x = (x₁, x₂) ∈ [-5, 5]².

    1. Shift & rotation
       -----------------
       c = (0.2, -1.1)                     # centre of the basin
       θ = π / 8 ≈ 22.5°                  # rotation angle
       R = [[cosθ, -sinθ],
            [sinθ,  cosθ]]
       z = R @ (x - c)                    # rotated, shifted coordinates (z₀, z₁)

    2. Radial‑anisotropic basin (smooth core)
       ---------------------------------------
       α = 0.78, β = 1.64                   # different curvatures
       g(z) = (α·z₀² + β·z₁²)             # quadratic form
       basin = np.exp(-g(z))               # decays from the centre

    3. Multiplicative ridge term (introduces linear and interaction effects)
       --------------------------------------------------------------------
       p = 0.45, q = 0.60, r = 0.35
       ridge = 1.0 + p*z₀ + q*z₁ + r*z₀*z₁

    4. Skew‑inducing sigmoid term (positive tail)
       --------------------------------------------
       s = 0.12, κ = 0.9
       skew = s * np.log1p(np.exp(κ * (z₀ + 0.3*z₁)))

    5. Constant offset to set the optimum close to zero
       -------------------------------------------------
       δ = -0.07

    Final objective
    ---------------
    f(x) = basin * ridge + skew + δ
    """"""
    # ---- input validation ----
    x = np.asarray(x, dtype=float)
    if x.ndim != 1 or x.size != 2:
        raise ValueError(""Input must be a 1‑D array with exactly 2 elements."")

    # 1. shift & rotation
    c = np.array([0.2, -1.1])
    theta = np.pi / 8.0
    cos_t, sin_t = np.cos(theta), np.sin(theta)
    R = np.array([[cos_t, -sin_t],
                  [sin_t,  cos_t]])
    z = R @ (x - c)

    # 2. radial‑anisotropic basin
    alpha, beta = 0.78, 1.64
    g = alpha * z[0] ** 2 + beta * z[1] ** 2
    basin = np.exp(-g)

    # 3. multiplicative ridge
    p, q, r = 0.45, 0.60, 0.35
    ridge = 1.0 + p * z[0] + q * z[1] + r * z[0] * z[1]

    # 4. skew‑inducing sigmoid term
    s, kappa = 0.12, 0.9
    skew = s * np.log1p(np.exp(kappa * (z[0] + 0.3 * z[1])))

    # 5. constant offset
    delta = -0.07

    return basin * ridge + skew + delta",0.5034017329164556,"
    Synthetic 2‑dimensional benchmark function.

    Mathematical definition
    ------------------------
    Let x = (x₁, x₂) ∈ [-5, 5]².

    1. Shift & rotation
       -----------------
       c = (0.2, -1.1)                     # centre of the basin
       θ = π / 8 ≈ 22.5°                  # rotation angle
       R = [[cosθ, -sinθ],
            [sinθ,  cosθ]]
       z = R @ (x - c)                    # rotated, shifted coordinates (z₀, z₁)

    2. Radial‑anisotropic basin (smooth core)
       ---------------------------------------
       α = 0.78, β = 1.64                   # different curvatures
       g(z) = (α·z₀² + β·z₁²)             # quadratic form
       basin = np.exp(-g(z))               # decays from the centre

    3. Multiplicative ridge term (introduces linear and interaction effects)
       --------------------------------------------------------------------
       p = 0.45, q = 0.60, r = 0.35
       ridge = 1.0 + p*z₀ + q*z₁ + r*z₀*z₁

    4. Skew‑inducing sigmoid term (positive tail)
       --------------------------------------------
       s = 0.12, κ = 0.9
       skew = s * np.log1p(np.exp(κ * (z₀ + 0.3*z₁)))

    5. Constant offset to set the optimum close to zero
       -------------------------------------------------
       δ = -0.07

    Final objective
    ---------------
    f(x) = basin * ridge + skew + δ
    ",,,,18,2,0.4021652317930585,0.005768284820685291,0.6677894532060497,0.9135758506849013,0.593359102988994,0.598815791895974,0.6383010034166755,0.6781913565537778
"import numpy as np

def problem(x: np.ndarray) -> float:
    """"""
    Synthetic 2‑dimensional benchmark with mixed polynomial,
    sinusoidal and rational components.

    Mathematical definition
    ------------------------
    Let **x** = (x₁, x₂) ∈ [‑5, 5]².

    1) Translation & rotation
       c = (0.1, ‑0.3)                         # centre offset
       d = x - c
       θ = π/8
       R = [[cosθ, -sinθ],
            [sinθ,  cosθ]]
       z = R @ d                               # rotated coordinates (z₀, z₁)

    2) Dominant anisotropic quadratic core
       f_q = 0.38·z₀² + 0.32·z₁² + 0.06·z₀·z₁

    3) Mild sinusoidal ridge (adds non‑linearity & skew)
       f_sin = 0.07·sin(1.4·z₀)·cos(0.9·z₁)

    4) Skew‑inducing cubic‑log term (moderate)
       f_cub = 0.035·z₀³·log(1 + exp(0.28·z₀))

    5) Rational decay basin (affects nearest‑better connectivity)
       r   = ‖d‖
       f_r  = 0.05·(1 / (1 + 0.25·r²))

    Final fitness
    -------------
    f(x) = f_q + f_sin + f_cub + f_r
    """"""
    # ---- input validation -------------------------------------------------
    x = np.asarray(x, dtype=float)
    if x.ndim != 1 or x.size != 2:
        raise ValueError(""Input must be a 1‑D array with exactly 2 elements."")

    # 1) translation & rotation
    c = np.array([0.1, -0.3])
    d = x - c
    theta = np.pi / 8.0
    ct, st = np.cos(theta), np.sin(theta)
    R = np.array([[ct, -st],
                  [st,  ct]])
    z = R @ d

    # 2) anisotropic quadratic core
    f_q = 0.38 * z[0]**2 + 0.32 * z[1]**2 + 0.06 * z[0] * z[1]

    # 3) sinusoidal ridge
    f_sin = 0.07 * np.sin(1.4 * z[0]) * np.cos(0.9 * z[1])

    # 4) cubic‑log skew term
    f_cub = 0.035 * z[0]**3 * np.log1p(np.exp(0.28 * z[0]))

    # 5) rational decay basin (nearest‑better connectivity)
    r = np.linalg.norm(d)
    f_r = 0.05 / (1.0 + 0.25 * r**2)

    return f_q + f_sin + f_cub + f_r",0.7189756694001086,"
    Synthetic 2‑dimensional benchmark with mixed polynomial,
    sinusoidal and rational components.

    Mathematical definition
    ------------------------
    Let **x** = (x₁, x₂) ∈ [‑5, 5]².

    1) Translation & rotation
       c = (0.1, ‑0.3)                         # centre offset
       d = x - c
       θ = π/8
       R = [[cosθ, -sinθ],
            [sinθ,  cosθ]]
       z = R @ d                               # rotated coordinates (z₀, z₁)

    2) Dominant anisotropic quadratic core
       f_q = 0.38·z₀² + 0.32·z₁² + 0.06·z₀·z₁

    3) Mild sinusoidal ridge (adds non‑linearity & skew)
       f_sin = 0.07·sin(1.4·z₀)·cos(0.9·z₁)

    4) Skew‑inducing cubic‑log term (moderate)
       f_cub = 0.035·z₀³·log(1 + exp(0.28·z₀))

    5) Rational decay basin (affects nearest‑better connectivity)
       r   = ‖d‖
       f_r  = 0.05·(1 / (1 + 0.25·r²))

    Final fitness
    -------------
    f(x) = f_q + f_sin + f_cub + f_r
    ",,,,19,2,0.27566752241657166,0.2852774005747162,0.8871938146666916,0.8061970800030273,0.03542206385752684,0.049858475752242,0.9371912849266957,0.9939425863197016
"import numpy as np

def problem(x: np.ndarray) -> float:
    """"""
    Synthetic 2‑dimensional benchmark function (deterministic).

    Landscape = rotated anisotropic quartic bowl
                + asymmetric cubic ridge
                + low‑amplitude cosine ripple
                + skewed exponential‑log term.

    The function is built from four additive smooth components that
    together yield ELA statistics close to the target values.

    Components
    ----------
    1. Rotated quartic bowl (anisotropic curvature)
       f_q(z) = a1·z₁⁴ + a2·z₂⁴
       a1 = 0.52 , a2 = 1.48

    2. Asymmetric cubic ridge
       f_r(z) = b·(u·z)³
       u = (0.71, -0.71) / ‖·‖   (unit direction at –45°)
       b = 0.19

    3. Cosine ripple (small periodic modulation)
       f_s(z) = c·cos(ω·z₁)·cos(ω·z₂)
       c = 0.048 , ω = 1.1

    4. Skewed exponential‑log term (adds positive skew)
       f_sk(z) = d·log(1 + exp(k·z₁))
       d = 0.11 , k = 0.30

    Total fitness
    -------------
    f(x) = f_q(z) + f_r(z) + f_s(z) + f_sk(z)

    where
        • c_opt = [0.3, -0.9]   (approximate global optimum location)
        • θ = π/9 ≈ 20°        (rotation angle)
        • z = R·(x – c_opt)    (R is the 2‑D rotation matrix)

    Parameters
    ----------
    x : np.ndarray
        1‑D array of length 2 containing the decision variables.

    Returns
    -------
    float
        Deterministic scalar fitness value.
    """"""
    # ---- input validation -------------------------------------------------
    x = np.asarray(x, dtype=float)
    if x.ndim != 1 or x.size != 2:
        raise ValueError(""Input must be a 1‑D array with 2 elements."")

    # ---- 1. shift to approximate optimum -----------------------------------
    c_opt = np.array([0.3, -0.9])
    y = x - c_opt

    # ---- 2. rotation (mis‑align axes) --------------------------------------
    theta = np.pi / 9.0                     # ≈20°
    cos_t, sin_t = np.cos(theta), np.sin(theta)
    R = np.array([[cos_t, -sin_t],
                  [sin_t,  cos_t]])
    z = R @ y

    # ---- 3. components ------------------------------------------------------
    # (a) anisotropic quartic bowl
    a1, a2 = 0.52, 1.48
    f_q = a1 * z[0]**4 + a2 * z[1]**4

    # (b) asymmetric cubic ridge
    u = np.array([0.71, -0.71])
    u = u / np.linalg.norm(u)               # unit direction
    b = 0.19
    f_r = b * (u @ z)**3

    # (c) cosine ripple
    c = 0.048
    omega = 1.1
    f_s = c * np.cos(omega * z[0]) * np.cos(omega * z[1])

    # (d) skewed exponential‑log term
    d = 0.11
    k = 0.30
    f_sk = d * np.log1p(np.exp(k * z[0]))

    # ---- 4. total fitness ---------------------------------------------------
    return f_q + f_r + f_s + f_sk",0.20524976133925948,"
    Synthetic 2‑dimensional benchmark function (deterministic).

    Landscape = rotated anisotropic quartic bowl
                + asymmetric cubic ridge
                + low‑amplitude cosine ripple
                + skewed exponential‑log term.

    The function is built from four additive smooth components that
    together yield ELA statistics close to the target values.

    Components
    ----------
    1. Rotated quartic bowl (anisotropic curvature)
       f_q(z) = a1·z₁⁴ + a2·z₂⁴
       a1 = 0.52 , a2 = 1.48

    2. Asymmetric cubic ridge
       f_r(z) = b·(u·z)³
       u = (0.71, -0.71) / ‖·‖   (unit direction at –45°)
       b = 0.19

    3. Cosine ripple (small periodic modulation)
       f_s(z) = c·cos(ω·z₁)·cos(ω·z₂)
       c = 0.048 , ω = 1.1

    4. Skewed exponential‑log term (adds positive skew)
       f_sk(z) = d·log(1 + exp(k·z₁))
       d = 0.11 , k = 0.30

    Total fitness
    -------------
    f(x) = f_q(z) + f_r(z) + f_s(z) + f_sk(z)

    where
        • c_opt = [0.3, -0.9]   (approximate global optimum location)
        • θ = π/9 ≈ 20°        (rotation angle)
        • z = R·(x – c_opt)    (R is the 2‑D rotation matrix)

    Parameters
    ----------
    x : np.ndarray
        1‑D array of length 2 containing the decision variables.

    Returns
    -------
    float
        Deterministic scalar fitness value.
    ",,,,19,2,0.6693715069102076,0.015487755341396075,0.8908089802081188,0.8824279253636427,0.2472743613460902,0.3954334044193585,0.7396020417366026,0.9468577664802242
"import numpy as np

def problem(x: np.ndarray) -> float:
    """"""
    Synthetic 2‑dimensional benchmark function tuned toward the target
    ELA feature vector.

    Mathematical definition
    ------------------------
    Let x = (x₁, x₂) ∈ [-5,5]² and c = (c₁, c₂) = (0.3, -0.8).

    The objective is a sum of four deterministic components:

    1) Rotated anisotropic quadratic bowl
       f_q(x) = s_q · (R·(x‑c))ᵀ · diag(λ₁, λ₂) · (R·(x‑c))

       • R  – rotation by 30° (π/6)
       • λ₁ = 0.6 , λ₂ = 2.2
       • s_q = 0.52

    2) Linear ridge with pairwise interaction
       f_l(x) = s_l·(a·(x‑c)₁ + b·(x‑c)₂) + s_i·(x₁‑c₁)(x₂‑c₂)

       • a = -0.73 , b = 0.57
       • s_l = 0.21
       • s_i = 0.10

    3) Cubic skew term (adds positive tail)
       f_s(x) = s_s·(x₁‑c₁)³ ,      s_s = 0.11

    4) Exponential‑sinusoidal ridge (provides long‑range monotone
       behaviour together with a small periodic modulation)
       f_e(x) = s_e·exp(η·(x₁‑c₁)) + s_u·sin(ω·(x₂‑c₂))

       • s_e = 0.14 , η = 0.30
       • s_u = 0.04 , ω = 1.5

    Final fitness
    -------------
    f(x) = f_q(x) + f_l(x) + f_s(x) + f_e(x)

    The combination of a slightly stronger anisotropy, a shifted centre,
    a modest sinusoidal modulation, and tuned scalings is intended to
    increase the quadratic‑model fit, induce a mild positive skew,
    and raise the nearest‑better correlation while staying fully
    deterministic on the domain [-5,5]².

    Parameters
    ----------
    x : np.ndarray
        1‑D array with exactly 2 elements representing a point in the
        search space.

    Returns
    -------
    float
        Deterministic scalar fitness value.
    """"""
    # ----- input validation -----
    x = np.asarray(x, dtype=float)
    if x.ndim != 1 or x.size != 2:
        raise ValueError(""Input must be a 1‑D array with 2 elements."")

    # centre shift
    c = np.array([0.3, -0.8])
    z = x - c                         # shifted coordinates

    # 1) rotated anisotropic quadratic bowl
    theta = np.pi / 6.0               # 30°
    R = np.array([[np.cos(theta), -np.sin(theta)],
                  [np.sin(theta),  np.cos(theta)]])
    rz = R @ z                        # rotated coordinates
    lam = np.array([0.6, 2.2])        # eigenvalues (anisotropy)
    s_q = 0.52
    f_q = s_q * np.sum(lam * rz**2)

    # 2) linear ridge + bilinear interaction
    a, b = -0.73, 0.57
    s_l, s_i = 0.21, 0.10
    f_l = s_l * (a * z[0] + b * z[1]) + s_i * (z[0] * z[1])

    # 3) cubic skew term (acts on the first shifted coordinate)
    s_s = 0.11
    f_s = s_s * (z[0] ** 3)

    # 4) exponential ridge with sinusoidal modulation
    s_e, eta = 0.14, 0.30
    s_u, omega = 0.04, 1.5
    f_e = s_e * np.exp(eta * z[0]) + s_u * np.sin(omega * z[1])

    return f_q + f_l + f_s + f_e",0.5298831581229354,"
    Synthetic 2‑dimensional benchmark function tuned toward the target
    ELA feature vector.

    Mathematical definition
    ------------------------
    Let x = (x₁, x₂) ∈ [-5,5]² and c = (c₁, c₂) = (0.3, -0.8).

    The objective is a sum of four deterministic components:

    1) Rotated anisotropic quadratic bowl
       f_q(x) = s_q · (R·(x‑c))ᵀ · diag(λ₁, λ₂) · (R·(x‑c))

       • R  – rotation by 30° (π/6)
       • λ₁ = 0.6 , λ₂ = 2.2
       • s_q = 0.52

    2) Linear ridge with pairwise interaction
       f_l(x) = s_l·(a·(x‑c)₁ + b·(x‑c)₂) + s_i·(x₁‑c₁)(x₂‑c₂)

       • a = -0.73 , b = 0.57
       • s_l = 0.21
       • s_i = 0.10

    3) Cubic skew term (adds positive tail)
       f_s(x) = s_s·(x₁‑c₁)³ ,      s_s = 0.11

    4) Exponential‑sinusoidal ridge (provides long‑range monotone
       behaviour together with a small periodic modulation)
       f_e(x) = s_e·exp(η·(x₁‑c₁)) + s_u·sin(ω·(x₂‑c₂))

       • s_e = 0.14 , η = 0.30
       • s_u = 0.04 , ω = 1.5

    Final fitness
    -------------
    f(x) = f_q(x) + f_l(x) + f_s(x) + f_e(x)

    The combination of a slightly stronger anisotropy, a shifted centre,
    a modest sinusoidal modulation, and tuned scalings is intended to
    increase the quadratic‑model fit, induce a mild positive skew,
    and raise the nearest‑better correlation while staying fully
    deterministic on the domain [-5,5]².

    Parameters
    ----------
    x : np.ndarray
        1‑D array with exactly 2 elements representing a point in the
        search space.

    Returns
    -------
    float
        Deterministic scalar fitness value.
    ",,,,19,2,0.43044410155285695,0.41239846166043004,0.5695736872751304,0.8706820358820565,0.304459384989233,0.6161769618157675,0.6801073752889315,0.9999957309351952
"import numpy as np

def problem(x: np.ndarray) -> float:
    """"""
    Synthetic 2‑dimensional benchmark (deterministic).

    Mathematical form
    ------------------
    Let x = (x₁, x₂) ∈ [-5, 5]² and c = (‑0.3, 1.1).

    1. Shifted, anisotropic quadratic core
       d = x – c
       q = a₁·d₁² + a₂·d₂² + a₃·d₁·d₂
       f_q = α·q + β·q²

    2. Rotated sinusoidal ridge with a linear bias
       θ = π/6
       R = [[cosθ, -sinθ],
            [sinθ,  cosθ]]
       y = R @ d = (y₀, y₁)
       f_s = γ·sin(ω·y₀) + λ·y₀

    3. Cubic skew component (controls distribution skewness)
       f_sk = δ·y₁³

    4. Exponential radial decay (enhances nearest‑better connectivity)
       r = ||d||₂
       f_e = ε·exp(‑ζ·r)

    Final fitness
    -------------
    f(x) = f_q + f_s + f_sk + f_e
    """"""
    # ------------------------------------------------------------------
    # Validate input
    # ------------------------------------------------------------------
    x = np.asarray(x, dtype=float)
    if x.ndim != 1 or x.size != 2:
        raise ValueError(""Input must be a 1‑D array with exactly two elements."")

    # ------------------------------------------------------------------
    # 1) Shifted anisotropic quadratic core (with cross‑term)
    # ------------------------------------------------------------------
    c = np.array([-0.3, 1.1])
    d = x - c                       # shifted coordinates

    a1, a2, a3 = 1.0, 0.9, 0.4       # anisotropy & interaction
    q = a1 * d[0]**2 + a2 * d[1]**2 + a3 * d[0] * d[1]

    alpha, beta = 0.36, 0.10        # scale of linear & quadratic parts
    f_q = alpha * q + beta * q**2

    # ------------------------------------------------------------------
    # 2) Rotated sinusoidal ridge + linear bias
    # ------------------------------------------------------------------
    theta = np.pi / 6.0
    R = np.array([[np.cos(theta), -np.sin(theta)],
                  [np.sin(theta),  np.cos(theta)]])
    y = R @ d                       # rotated coordinates (y0, y1)

    gamma, omega = 0.09, 2.5        # sinusoid amplitude & frequency
    lam = 0.06                      # linear bias along ridge
    f_s = gamma * np.sin(omega * y[0]) + lam * y[0]

    # ------------------------------------------------------------------
    # 3) Cubic skew term (adds asymmetry)
    # ------------------------------------------------------------------
    delta = 0.014
    f_sk = delta * y[1]**3

    # ------------------------------------------------------------------
    # 4) Exponential radial decay (smoothly lowers fitness far from centre)
    # ------------------------------------------------------------------
    r = np.linalg.norm(d)
    epsilon, zeta = 0.11, 0.48
    f_e = epsilon * np.exp(-zeta * r)

    # ------------------------------------------------------------------
    # Assemble final fitness
    # ------------------------------------------------------------------
    return f_q + f_s + f_sk + f_e",0.27284404804862866,"
    Synthetic 2‑dimensional benchmark (deterministic).

    Mathematical form
    ------------------
    Let x = (x₁, x₂) ∈ [-5, 5]² and c = (‑0.3, 1.1).

    1. Shifted, anisotropic quadratic core
       d = x – c
       q = a₁·d₁² + a₂·d₂² + a₃·d₁·d₂
       f_q = α·q + β·q²

    2. Rotated sinusoidal ridge with a linear bias
       θ = π/6
       R = [[cosθ, -sinθ],
            [sinθ,  cosθ]]
       y = R @ d = (y₀, y₁)
       f_s = γ·sin(ω·y₀) + λ·y₀

    3. Cubic skew component (controls distribution skewness)
       f_sk = δ·y₁³

    4. Exponential radial decay (enhances nearest‑better connectivity)
       r = ||d||₂
       f_e = ε·exp(‑ζ·r)

    Final fitness
    -------------
    f(x) = f_q + f_s + f_sk + f_e
    ",,,,19,2,0.5277371263343068,0.030778829933134147,0.8979774670675328,0.839852222449219,0.18349642793515591,0.32838055374994873,0.7882026137661171,0.9784499351459208
"import numpy as np

def problem(x: np.ndarray) -> float:
    """"""
    Synthetic 2‑dimensional benchmark (alternative formulation).

    Mathematical description
    -------------------------
    Let x = (x₁, x₂) ∈ [-5, 5]².
    Define a shift vector      c = (‑0.9, 1.2)
    and a rotation by θ = π/8:

          R = [[cosθ, -sinθ],
               [sinθ,  cosθ]]

    Rotated‑shifted coordinates:
          z = R · (x − c)

    The objective consists of four deterministic components:

    1) Anisotropic sextic bowl
         f₁(z) = a₁·z₁⁶ + a₂·z₂⁶
         a = (0.12, 0.20)

    2) Exponential ridge (monotone direction)
         f₂(z) = b·exp(γ·(u·z))
         u = (0.71, -0.71) (unit direction)
         b = 0.45 , γ = 0.25

    3) Coupled sinusoidal modulation
         f₃(z) = c·sin(ω·z₁ + φ)·cos(ω·z₂ + φ)
         c = 0.15 , ω = 1.3 , φ = π/4

    4) Asymmetric log‑skew term
         f₄(z) = d·log(1 + exp(κ·z₁²))
         d = 0.07 , κ = 0.4

    Final fitness:
         f(x) = f₁ + f₂ + f₃ + f₄

    The function is fully deterministic, smooth on the whole domain,
    and crafted to yield ELA feature values close to the target set.

    Parameters
    ----------
    x : np.ndarray
        1‑D array of length 2 (the decision vector).

    Returns
    -------
    float
        Deterministic scalar fitness value.
    """"""
    # ----- validation -----
    x = np.asarray(x, dtype=float)
    if x.ndim != 1 or x.size != 2:
        raise ValueError(""Input must be a 1‑D array with exactly 2 elements."")

    # shift
    c = np.array([-0.9, 1.2])
    z = x - c

    # rotation by 22.5° (π/8)
    theta = np.pi / 8.0
    cos_t, sin_t = np.cos(theta), np.sin(theta)
    R = np.array([[cos_t, -sin_t],
                  [sin_t,  cos_t]])
    z = R @ z                     # rotated coordinates

    # 1) anisotropic sextic bowl
    a = np.array([0.12, 0.20])
    f1 = a[0] * z[0]**6 + a[1] * z[1]**6

    # 2) exponential ridge
    u = np.array([0.71, -0.71])
    u = u / np.linalg.norm(u)    # unit direction
    b, gamma = 0.45, 0.25
    f2 = b * np.exp(gamma * (u @ z))

    # 3) coupled sinusoidal modulation
    c_coef, omega, phi = 0.15, 1.3, np.pi / 4.0
    f3 = c_coef * np.sin(omega * z[0] + phi) * np.cos(omega * z[1] + phi)

    # 4) asymmetric log‑skew term
    d, kappa = 0.07, 0.4
    f4 = d * np.log1p(np.exp(kappa * z[0]**2))

    return f1 + f2 + f3 + f4",0.37252148435919175,"
    Synthetic 2‑dimensional benchmark (alternative formulation).

    Mathematical description
    -------------------------
    Let x = (x₁, x₂) ∈ [-5, 5]².
    Define a shift vector      c = (‑0.9, 1.2)
    and a rotation by θ = π/8:

          R = [[cosθ, -sinθ],
               [sinθ,  cosθ]]

    Rotated‑shifted coordinates:
          z = R · (x − c)

    The objective consists of four deterministic components:

    1) Anisotropic sextic bowl
         f₁(z) = a₁·z₁⁶ + a₂·z₂⁶
         a = (0.12, 0.20)

    2) Exponential ridge (monotone direction)
         f₂(z) = b·exp(γ·(u·z))
         u = (0.71, -0.71) (unit direction)
         b = 0.45 , γ = 0.25

    3) Coupled sinusoidal modulation
         f₃(z) = c·sin(ω·z₁ + φ)·cos(ω·z₂ + φ)
         c = 0.15 , ω = 1.3 , φ = π/4

    4) Asymmetric log‑skew term
         f₄(z) = d·log(1 + exp(κ·z₁²))
         d = 0.07 , κ = 0.4

    Final fitness:
         f(x) = f₁ + f₂ + f₃ + f₄

    The function is fully deterministic, smooth on the whole domain,
    and crafted to yield ELA feature values close to the target set.

    Parameters
    ----------
    x : np.ndarray
        1‑D array of length 2 (the decision vector).

    Returns
    -------
    float
        Deterministic scalar fitness value.
    ",,,,19,2,0.7547071959313176,0.0005841085816323481,0.8776288631002721,0.8724544803601479,0.2609766868525411,0.2678439548802395,0.6359646208453635,0.9032028395840364
"import numpy as np

def problem(x: np.ndarray) -> float:
    """"""
    Synthetic 2‑dimensional benchmark function (deterministic).

    Landscape = anisotropic 4th‑order bowl + oblique quadratic valley
                + moderate sinusoidal ridge + asymmetric exponential‑log skew.
    All components are smooth and bounded on the domain [-5, 5]².

    Steps
    -----
    1️⃣ Shift the origin to the (approximate) global optimum `c`.
    2️⃣ Rotate the shifted vector by a modest angle `θ` to break axis alignment.
    3️⃣ Evaluate four additive components in the rotated coordinates `z`.

    Components
    ----------
    • Quartic bowl (anisotropic):
        f_q(z) = a₁·z₁⁴ + a₂·z₂⁴
        a₁ = 0.55 , a₂ = 1.45                # controls curvature & skewness

    • Quadratic valley (oblique, no interaction term):
        f_v(z) = b·(u·z)²
        u = (0.62, 0.78) / ‖·‖                # unit direction of the valley
        b = 0.38                               # curvature along the valley

    • Sinusoidal ridge (moderate amplitude, low frequency):
        f_s(z) = c·sin(ω·z₁)·cos(ω·z₂)
        c = 0.07 , ω = 0.9                     # adds mild multimodality

    • Asymmetric skew term (log‑exp, adds right‑hand tail):
        f_sk(z) = d·log(1 + exp(γ·z₁))
        d = 0.15 , γ = 0.32

    Final fitness:
        f(x) = f_q(z) + f_v(z) + f_s(z) + f_sk(z)

    Parameters
    ----------
    x : np.ndarray
        1‑D array with exactly 2 elements (the decision vector).

    Returns
    -------
    float
        Deterministic scalar fitness value.
    """"""
    # ----- input validation -------------------------------------------------
    x = np.asarray(x, dtype=float)
    if x.ndim != 1 or x.size != 2:
        raise ValueError(""Input must be a 1‑D array with 2 elements."")

    # ----- 1. shift ---------------------------------------------------------
    c = np.array([0.3, -0.9])          # location of the global optimum
    z = x - c

    # ----- 2. rotate --------------------------------------------------------
    theta = np.pi / 7.0                # ≈25.7° rotation
    R = np.array([[np.cos(theta), -np.sin(theta)],
                  [np.sin(theta),  np.cos(theta)]])
    z = R @ z

    # ----- 3. components ----------------------------------------------------
    # (a) anisotropic quartic bowl
    a = np.array([0.55, 1.45])
    f_q = a[0] * z[0]**4 + a[1] * z[1]**4

    # (b) oblique quadratic valley
    u = np.array([0.62, 0.78])
    u = u / np.linalg.norm(u)          # unit vector
    b = 0.38
    f_v = b * (u @ z)**2

    # (c) sinusoidal ridge
    c_amp = 0.07
    omega = 0.9
    f_s = c_amp * np.sin(omega * z[0]) * np.cos(omega * z[1])

    # (d) asymmetric skew term
    d = 0.15
    gamma = 0.32
    f_sk = d * np.log1p(np.exp(gamma * z[0]))

    # ----- 4. total fitness -------------------------------------------------
    return f_q + f_v + f_s + f_sk",0.22248798388780705,"
    Synthetic 2‑dimensional benchmark function (deterministic).

    Landscape = anisotropic 4th‑order bowl + oblique quadratic valley
                + moderate sinusoidal ridge + asymmetric exponential‑log skew.
    All components are smooth and bounded on the domain [-5, 5]².

    Steps
    -----
    1️⃣ Shift the origin to the (approximate) global optimum `c`.
    2️⃣ Rotate the shifted vector by a modest angle `θ` to break axis alignment.
    3️⃣ Evaluate four additive components in the rotated coordinates `z`.

    Components
    ----------
    • Quartic bowl (anisotropic):
        f_q(z) = a₁·z₁⁴ + a₂·z₂⁴
        a₁ = 0.55 , a₂ = 1.45                # controls curvature & skewness

    • Quadratic valley (oblique, no interaction term):
        f_v(z) = b·(u·z)²
        u = (0.62, 0.78) / ‖·‖                # unit direction of the valley
        b = 0.38                               # curvature along the valley

    • Sinusoidal ridge (moderate amplitude, low frequency):
        f_s(z) = c·sin(ω·z₁)·cos(ω·z₂)
        c = 0.07 , ω = 0.9                     # adds mild multimodality

    • Asymmetric skew term (log‑exp, adds right‑hand tail):
        f_sk(z) = d·log(1 + exp(γ·z₁))
        d = 0.15 , γ = 0.32

    Final fitness:
        f(x) = f_q(z) + f_v(z) + f_s(z) + f_sk(z)

    Parameters
    ----------
    x : np.ndarray
        1‑D array with exactly 2 elements (the decision vector).

    Returns
    -------
    float
        Deterministic scalar fitness value.
    ",,,,19,2,0.665447455542386,0.015524405624608113,0.8954659738429814,0.8813057837138591,0.22767323594091174,0.38241589705859086,0.7292853532943265,0.9550584341555793
"import numpy as np

def problem(x: np.ndarray) -> float:
    """"""
    Synthetic 2‑dimensional benchmark function whose ELA characteristics are
    tuned toward the target values.

    Mathematical definition
    ------------------------
    Let **x** = (x₁, x₂) ∈ [‑5, 5]² and define a constant shift **c** = (‑0.6, 0.7).

    1) Shifted & rotated coordinates
       -------------------------------------------------
       d  = x – c                                            # translation
       θ  = π / 5.4                                          # rotation angle ≈ 33.3°
       R  = [[cosθ, –sinθ],
             [sinθ,  cosθ]]
       z  = R @ d                                            # rotated vector (z₀, z₁)

    2) Core anisotropic quadratic with mild interaction
       -------------------------------------------------
       f_q = α₁·z₀² + α₂·z₁² + α₃·z₀·z₁

    3) Strongly skewed cubic‑log component (creates the required positive skew)
       -------------------------------------------------
       f_s = β₁·z₀³·log(1 + exp(β₂·z₀))

    4) Modulated linear ridge (boosts linear‑model R² without destroying curvature)
       -------------------------------------------------
       f_l = γ·(z₀ + γ₂·z₁)

    5) Small sinusoidal perturbation on the second axis (controls fitness‑STD)
       -------------------------------------------------
       f_p = δ·sin(δ₂·z₁ + δ₃)

    6) Radial exponential basin centered at the shift point (increases
       nearest‑better correlation)
       -------------------------------------------------
       r   = ||d||                                            # Euclidean distance to centre
       f_e = ε·exp(-λ·r)

    Final fitness
    -------------
    f(x) = f_q + f_s + f_l + f_p + f_e

    All coefficients are deterministic constants chosen empirically to bring the
    normalized ELA feature vector close to the supplied target values while keeping
    the landscape smooth on the domain [-5,5]².

    Parameters
    ----------
    x : np.ndarray
        1‑D array with exactly 2 elements representing a point in the search space.

    Returns
    -------
    float
        Deterministic scalar fitness value.
    """"""
    # --------------------------------------------------------------------- #
    # Input validation
    x = np.asarray(x, dtype=float)
    if x.ndim != 1 or x.size != 2:
        raise ValueError(""Input must be a 1‑D array with 2 elements."")
    # --------------------------------------------------------------------- #

    # 1) shift & rotate
    c = np.array([-0.6, 0.7])
    d = x - c
    theta = np.pi / 5.4                     # ≈ 33.3°
    ct, st = np.cos(theta), np.sin(theta)
    R = np.array([[ct, -st],
                  [st,  ct]])
    z = R @ d                               # rotated coordinates

    # 2) anisotropic quadratic core
    a1, a2, a3 = 0.52, 0.31, 0.09
    f_q = a1 * z[0]**2 + a2 * z[1]**2 + a3 * z[0] * z[1]

    # 3) skew‑inducing cubic‑log term
    b1, b2 = 0.045, 0.30
    f_s = b1 * z[0]**3 * np.log1p(np.exp(b2 * z[0]))

    # 4) linear ridge
    g, g2 = 0.12, 0.55
    f_l = g * (z[0] + g2 * z[1])

    # 5) sinusoidal perturbation
    d1, d2, d3 = 0.032, 2.1, 0.6
    f_p = d1 * np.sin(d2 * z[1] + d3)

    # 6) exponential basin
    eps, lam = 0.058, 0.19
    r = np.linalg.norm(d)
    f_e = eps * np.exp(-lam * r)

    return f_q + f_s + f_l + f_p + f_e",0.11304414038546629,"
    Synthetic 2‑dimensional benchmark function whose ELA characteristics are
    tuned toward the target values.

    Mathematical definition
    ------------------------
    Let **x** = (x₁, x₂) ∈ [‑5, 5]² and define a constant shift **c** = (‑0.6, 0.7).

    1) Shifted & rotated coordinates
       -------------------------------------------------
       d  = x – c                                            # translation
       θ  = π / 5.4                                          # rotation angle ≈ 33.3°
       R  = [[cosθ, –sinθ],
             [sinθ,  cosθ]]
       z  = R @ d                                            # rotated vector (z₀, z₁)

    2) Core anisotropic quadratic with mild interaction
       -------------------------------------------------
       f_q = α₁·z₀² + α₂·z₁² + α₃·z₀·z₁

    3) Strongly skewed cubic‑log component (creates the required positive skew)
       -------------------------------------------------
       f_s = β₁·z₀³·log(1 + exp(β₂·z₀))

    4) Modulated linear ridge (boosts linear‑model R² without destroying curvature)
       -------------------------------------------------
       f_l = γ·(z₀ + γ₂·z₁)

    5) Small sinusoidal perturbation on the second axis (controls fitness‑STD)
       -------------------------------------------------
       f_p = δ·sin(δ₂·z₁ + δ₃)

    6) Radial exponential basin centered at the shift point (increases
       nearest‑better correlation)
       -------------------------------------------------
       r   = ||d||                                            # Euclidean distance to centre
       f_e = ε·exp(-λ·r)

    Final fitness
    -------------
    f(x) = f_q + f_s + f_l + f_p + f_e

    All coefficients are deterministic constants chosen empirically to bring the
    normalized ELA feature vector close to the supplied target values while keeping
    the landscape smooth on the domain [-5,5]².

    Parameters
    ----------
    x : np.ndarray
        1‑D array with exactly 2 elements representing a point in the search space.

    Returns
    -------
    float
        Deterministic scalar fitness value.
    ",,,,19,2,0.6113286398918303,0.10684649529484995,0.9004888825744313,0.9100403522919066,0.4095768257992,0.5467901392336014,0.7967894405521907,0.9959791490939803
"import numpy as np

def problem(x: np.ndarray) -> float:
    """"""
    Synthetic 2‑dimensional benchmark function tuned toward the target
    ELA profile.

    Mathematical definition
    ------------------------
    Let **x** = (x₁, x₂) ∈ [‑5, 5]² and define a translation vector **c**
    and a rotation matrix **R**:

        c = (‑0.6, 0.4)
        θ = π / 5.7                     # ≈ 31.6°
        R = [[cosθ, –sinθ],
             [sinθ,  cosθ]]

    The rotated, centred coordinates are  **z = R·(x‑c)** = (z₀, z₁).

    The function is composed of four additive parts:

    1) **Anisotropic quadratic core** – supplies the high quadratic‑model
       R² while keeping a modest linear component.

           f_q = α₁·z₀² + α₂·z₁² + α₃·z₀·z₁

    2) **Mild linear ridge** – raises the linear‑model R² without dominating
       the curvature.

           f_l = β·(0.7·z₀ + 0.5·z₁)

    3) **Skew‑inducing asymmetric term** – a cubic‑exponential expression that
       creates a right‑hand tail, increasing distribution skewness.

           f_s = γ·z₀³·exp(δ·z₀) / (1 + np.exp(δ·z₀))

    4) **Small oscillatory modulation** – adds slight non‑linearity and
       controls the overall fitness spread.

           f_p = ε·np.cos(ζ·z₁ + η)

    The final fitness value is the sum of the four components:

        f(x) = f_q + f_l + f_s + f_p

    All constants are deterministic and were chosen empirically to bring the
    normalized ELA feature vector close to the requested target values while
    keeping the landscape smooth inside the box.

    Parameters
    ----------
    x : np.ndarray
        1‑D array with exactly 2 elements representing a point in the search space.

    Returns
    -------
    float
        Deterministic scalar fitness value.
    """"""
    # ---- input validation -------------------------------------------------
    x = np.asarray(x, dtype=float)
    if x.ndim != 1 or x.size != 2:
        raise ValueError(""Input must be a 1‑D array with 2 elements."")

    # 1) shift & rotate
    c = np.array([-0.6, 0.4])
    d = x - c
    theta = np.pi / 5.7
    ct, st = np.cos(theta), np.sin(theta)
    R = np.array([[ct, -st],
                  [st,  ct]])
    z = R @ d                     # rotated coordinates (z0, z1)

    # 2) anisotropic quadratic core
    a1, a2, a3 = 0.42, 0.28, 0.09
    f_q = a1 * z[0]**2 + a2 * z[1]**2 + a3 * z[0] * z[1]

    # 3) mild linear ridge
    b = 0.11
    f_l = b * (0.7 * z[0] + 0.5 * z[1])

    # 4) asymmetric skew‑inducing term
    g, dlt = 0.036, 0.22
    # logistic‑shaped scaling prevents blow‑up for large |z0|
    f_s = g * z[0]**3 * np.exp(dlt * z[0]) / (1.0 + np.exp(dlt * z[0]))

    # 5) small oscillatory modulation
    e, zeta, eta = 0.028, 2.1, 0.4
    f_p = e * np.cos(zeta * z[1] + eta)

    return f_q + f_l + f_s + f_p",0.33741943781420447,"
    Synthetic 2‑dimensional benchmark function tuned toward the target
    ELA profile.

    Mathematical definition
    ------------------------
    Let **x** = (x₁, x₂) ∈ [‑5, 5]² and define a translation vector **c**
    and a rotation matrix **R**:

        c = (‑0.6, 0.4)
        θ = π / 5.7                     # ≈ 31.6°
        R = [[cosθ, –sinθ],
             [sinθ,  cosθ]]

    The rotated, centred coordinates are  **z = R·(x‑c)** = (z₀, z₁).

    The function is composed of four additive parts:

    1) **Anisotropic quadratic core** – supplies the high quadratic‑model
       R² while keeping a modest linear component.

           f_q = α₁·z₀² + α₂·z₁² + α₃·z₀·z₁

    2) **Mild linear ridge** – raises the linear‑model R² without dominating
       the curvature.

           f_l = β·(0.7·z₀ + 0.5·z₁)

    3) **Skew‑inducing asymmetric term** – a cubic‑exponential expression that
       creates a right‑hand tail, increasing distribution skewness.

           f_s = γ·z₀³·exp(δ·z₀) / (1 + np.exp(δ·z₀))

    4) **Small oscillatory modulation** – adds slight non‑linearity and
       controls the overall fitness spread.

           f_p = ε·np.cos(ζ·z₁ + η)

    The final fitness value is the sum of the four components:

        f(x) = f_q + f_l + f_s + f_p

    All constants are deterministic and were chosen empirically to bring the
    normalized ELA feature vector close to the requested target values while
    keeping the landscape smooth inside the box.

    Parameters
    ----------
    x : np.ndarray
        1‑D array with exactly 2 elements representing a point in the search space.

    Returns
    -------
    float
        Deterministic scalar fitness value.
    ",,,,19,2,0.37797779727100794,0.19504488254618582,0.8951939182254147,0.8667649789245063,0.3218132456798689,0.3750081126658689,0.9236056892209203,0.9995048186989194
"import numpy as np

def problem(x: np.ndarray) -> float:
    """"""
    Synthetic 2‑dimensional benchmark whose ELA statistics are tuned toward the
    target values:
        ela_distr.skewness ≈ 0.57,
        fitness_distance.fitness_std ≈ 0.04,
        nbc.nn_nb.sd_ratio ≈ 0.89,
        nbc.nb_fitness.cor ≈ 0.90,
        ela_meta.lin_simple.adj_r2 ≈ 0.35,
        ela_meta.lin_w_interact.adj_r2 ≈ 0.53,
        ela_meta.quad_simple.adj_r2 ≈ 0.77,
        ela_meta.quad_w_interact.adj_r2 ≈ 0.985.

    Mathematical form
    -----------------
    Let x = (x₁, x₂) ∈ [‑5,5]² and define a translation vector c = (‑0.6, 0.7).

    1) Shift & rotate
       d = x – c
       θ = π / 5.4                              # ≈ 33.3°
       R = [[cosθ, –sinθ],
            [sinθ,  cosθ]]
       z = R @ d                                 # (z₀, z₁)

    2) Anisotropic quadratic core
       f_q = a₁·z₀² + a₂·z₁² + a₃·z₀·z₁

    3) Skew‑inducing cubic‑log term (milder than before)
       f_s = b₁·z₀³·log(1 + exp(b₂·z₀))

    4) Linear ridge (reduced pure linear weight)
       f_l = g·(z₀ + g₂·z₁)

    5) Small sinusoidal perturbation
       f_p = d₁·sin(d₂·z₁ + d₃)

    6) Exponential basin around the shift point
       r = ‖d‖
       f_e = ε·exp(‑λ·r)

    Final fitness
    -------------
    f(x) = f_q + f_s + f_l + f_p + f_e
    """"""
    # ------------------------------------------------------------------ #
    # Input validation (expects a 2‑dimensional point)
    x = np.asarray(x, dtype=float)
    if x.ndim != 1 or x.size != 2:
        raise ValueError(""Input must be a 1‑D array with exactly 2 elements."")
    # ------------------------------------------------------------------ #

    # 1) shift and rotate
    c = np.array([-0.6, 0.7])
    d = x - c
    theta = np.pi / 5.4                 # rotation ≈ 33.3°
    ct, st = np.cos(theta), np.sin(theta)
    R = np.array([[ct, -st],
                  [st,  ct]])
    z = R @ d

    # 2) quadratic core (kept unchanged)
    a1, a2, a3 = 0.52, 0.31, 0.09
    f_q = a1 * z[0]**2 + a2 * z[1]**2 + a3 * z[0] * z[1]

    # 3) cubic‑log skew term – lower b2 and b1 to reduce right‑tail / variance
    b1, b2 = 0.032, 0.22                 # tuned values
    f_s = b1 * z[0]**3 * np.log1p(np.exp(b2 * z[0]))

    # 4) linear ridge – smaller pure linear weight g
    g, g2 = 0.07, 0.55                   # tuned values
    f_l = g * (z[0] + g2 * z[1])

    # 5) sinusoidal perturbation – reduced amplitude
    d1, d2, d3 = 0.018, 2.1, 0.6
    f_p = d1 * np.sin(d2 * z[1] + d3)

    # 6) exponential basin – smaller depth ε
    eps, lam = 0.035, 0.19
    r = np.linalg.norm(d)
    f_e = eps * np.exp(-lam * r)

    return f_q + f_s + f_l + f_p + f_e",0.1705349500853157,"
    Synthetic 2‑dimensional benchmark whose ELA statistics are tuned toward the
    target values:
        ela_distr.skewness ≈ 0.57,
        fitness_distance.fitness_std ≈ 0.04,
        nbc.nn_nb.sd_ratio ≈ 0.89,
        nbc.nb_fitness.cor ≈ 0.90,
        ela_meta.lin_simple.adj_r2 ≈ 0.35,
        ela_meta.lin_w_interact.adj_r2 ≈ 0.53,
        ela_meta.quad_simple.adj_r2 ≈ 0.77,
        ela_meta.quad_w_interact.adj_r2 ≈ 0.985.

    Mathematical form
    -----------------
    Let x = (x₁, x₂) ∈ [‑5,5]² and define a translation vector c = (‑0.6, 0.7).

    1) Shift & rotate
       d = x – c
       θ = π / 5.4                              # ≈ 33.3°
       R = [[cosθ, –sinθ],
            [sinθ,  cosθ]]
       z = R @ d                                 # (z₀, z₁)

    2) Anisotropic quadratic core
       f_q = a₁·z₀² + a₂·z₁² + a₃·z₀·z₁

    3) Skew‑inducing cubic‑log term (milder than before)
       f_s = b₁·z₀³·log(1 + exp(b₂·z₀))

    4) Linear ridge (reduced pure linear weight)
       f_l = g·(z₀ + g₂·z₁)

    5) Small sinusoidal perturbation
       f_p = d₁·sin(d₂·z₁ + d₃)

    6) Exponential basin around the shift point
       r = ‖d‖
       f_e = ε·exp(‑λ·r)

    Final fitness
    -------------
    f(x) = f_q + f_s + f_l + f_p + f_e
    ",,,,20,2,0.49845521952859795,0.14908311101872943,0.8999733322645078,0.8947579645077606,0.37370648621926295,0.4829551812883163,0.8520101098451933,0.9983393171738895
"import numpy as np

def problem(x: np.ndarray) -> float:
    """"""
    Synthetic 2‑dimensional benchmark function tuned to match targeted ELA
    statistics.

    Mathematical definition
    -----------------------
    Let x = (x₁, x₂) ∈ [-5, 5]² and define a shift vector

        c = (0.30 , -1.00).

    1. Shift and rotation
       z = x – c                                          # shifted coordinates
       θ = π/6                                            # rotation angle
       R = [[cosθ, -sinθ],
            [sinθ,  cosθ]]
       y = R @ z                                          # rotated coordinates (y₀, y₁)

    2. Anisotropic quadratic bowl (dominant term)
       q = λ₁·y₀² + λ₂·y₁²                                # λ₁ = 0.70 , λ₂ = 2.50
       f_q = α·q                                          # α = 0.48

    3. Very low‑amplitude sinusoidal ridge
       f_sin = β·sin(ω·y₀)                               # β = 0.045 , ω = 1.6

    4. Cubic skew term (creates the required right‑handed skew)
       f_skew = γ·y₁³                                    # γ = 0.12

    5. Mild exponential tail (kept but heavily reduced)
       f_exp = δ·exp(η·y₀)                               # δ = 0.015 , η = 0.22

    The final deterministic fitness is the sum of all components

        f(x) = f_q + f_sin + f_skew + f_exp
    """"""
    # ---- input validation ----
    x = np.asarray(x, dtype=float)
    if x.ndim != 1 or x.size != 2:
        raise ValueError(""Input must be a 1‑D array with exactly 2 elements."")

    # 1) shift and rotation
    c = np.array([0.30, -1.00])
    z = x - c
    theta = np.pi / 6.0
    R = np.array([[np.cos(theta), -np.sin(theta)],
                  [np.sin(theta),  np.cos(theta)]])
    y = R @ z                     # rotated coordinates (y0, y1)

    # 2) anisotropic quadratic bowl
    lam1, lam2 = 0.70, 2.50
    q = lam1 * y[0]**2 + lam2 * y[1]**2
    f_q = 0.48 * q

    # 3) low‑amplitude sinusoidal ridge
    f_sin = 0.045 * np.sin(1.6 * y[0])

    # 4) cubic skew term (positive skew)
    f_skew = 0.12 * y[1]**3

    # 5) reduced exponential tail
    f_exp = 0.015 * np.exp(0.22 * y[0])

    return f_q + f_sin + f_skew + f_exp",0.19782264726165874,"
    Synthetic 2‑dimensional benchmark function tuned to match targeted ELA
    statistics.

    Mathematical definition
    -----------------------
    Let x = (x₁, x₂) ∈ [-5, 5]² and define a shift vector

        c = (0.30 , -1.00).

    1. Shift and rotation
       z = x – c                                          # shifted coordinates
       θ = π/6                                            # rotation angle
       R = [[cosθ, -sinθ],
            [sinθ,  cosθ]]
       y = R @ z                                          # rotated coordinates (y₀, y₁)

    2. Anisotropic quadratic bowl (dominant term)
       q = λ₁·y₀² + λ₂·y₁²                                # λ₁ = 0.70 , λ₂ = 2.50
       f_q = α·q                                          # α = 0.48

    3. Very low‑amplitude sinusoidal ridge
       f_sin = β·sin(ω·y₀)                               # β = 0.045 , ω = 1.6

    4. Cubic skew term (creates the required right‑handed skew)
       f_skew = γ·y₁³                                    # γ = 0.12

    5. Mild exponential tail (kept but heavily reduced)
       f_exp = δ·exp(η·y₀)                               # δ = 0.015 , η = 0.22

    The final deterministic fitness is the sum of all components

        f(x) = f_q + f_sin + f_skew + f_exp
    ",,,,20,2,0.5798279800073868,0.13238862742254495,0.9079798931618334,0.9137346905581997,0.4505944324115355,0.6667701468267018,0.7591267440045926,0.9999969879503305
"import numpy as np

def problem(x: np.ndarray) -> float:
    """"""
    Synthetic 2‑dimensional benchmark (deterministic).

    f(x) =  λ₁·z₁⁴ + λ₂·z₂⁴               # anisotropic quartic bowl
          + α·(v·z)                       # tilted linear ridge
          + β·sin(ω·z₁)·cos(ω·z₂)         # low‑amplitude sinusoidal ripple
          + γ·log(1 + exp(κ·z₁))          # asymmetric skew term
          + δ·z₁²                         # pure quadratic contribution
          + ζ·z₁·z₂                       # tiny interaction term

    where
        z = R·(x - c)                     # shift by c, then rotate by θ
        v = (0.78, -0.62) / ‖·‖            # unit ridge direction
        R = [[cosθ, -sinθ],
             [sinθ,  cosθ]]                # 2×2 rotation matrix

    The function is smooth, bounded on [-5,5]² and designed to reproduce
    the target ELA feature vector:
        ela_distr.skewness ≈ 0.57,
        fitness_distance.fitness_std ≈ 0.035,
        nbc.nb_fitness.cor ≈ 0.90,
        nbc.nn_nb.sd_ratio ≈ 0.89,
        ela_meta.lin_simple.adj_r2 ≈ 0.35,
        ela_meta.lin_w_interact.adj_r2 ≈ 0.53,
        ela_meta.quad_simple.adj_r2 ≈ 0.77,
        ela_meta.quad_w_interact.adj_r2 ≈ 0.99.
    """"""
    # ----- validation -------------------------------------------------
    x = np.asarray(x, dtype=float)
    if x.ndim != 1 or x.size != 2:
        raise ValueError(""Input must be a 1‑D array with exactly 2 elements."")

    # ----- 1. shift ----------------------------------------------------
    c = np.array([0.5, -1.0])          # optimum location
    z = x - c

    # ----- 2. rotate ---------------------------------------------------
    theta = np.pi / 9.0                # ≈20°
    R = np.array([[np.cos(theta), -np.sin(theta)],
                  [np.sin(theta),  np.cos(theta)]])
    z = R @ z

    # ----- 3. components ------------------------------------------------
    # (a) anisotropic quartic bowl
    lam = np.array([0.30, 1.80])
    f_q = lam[0] * z[0]**4 + lam[1] * z[1]**4

    # (b) linear ridge
    v = np.array([0.78, -0.62])
    v = v / np.linalg.norm(v)          # unit vector
    alpha = 0.22
    f_l = alpha * (v @ z)

    # (c) sinusoidal ripple
    beta = 0.040
    omega = 1.1
    f_s = beta * np.sin(omega * z[0]) * np.cos(omega * z[1])

    # (d) asymmetric skew term
    gamma = 0.07
    kappa = 0.20
    f_sk = gamma * np.log1p(np.exp(kappa * z[0]))

    # (e) pure quadratic term (z₁²)
    delta = 0.12
    f_qd = delta * z[0]**2

    # (f) tiny interaction term (z₁·z₂)
    zeta = 0.03
    f_int = zeta * z[0] * z[1]

    # ----- 4. total fitness --------------------------------------------
    return f_q + f_l + f_s + f_sk + f_qd + f_int",0.20814389264534455,"
    Synthetic 2‑dimensional benchmark (deterministic).

    f(x) =  λ₁·z₁⁴ + λ₂·z₂⁴               # anisotropic quartic bowl
          + α·(v·z)                       # tilted linear ridge
          + β·sin(ω·z₁)·cos(ω·z₂)         # low‑amplitude sinusoidal ripple
          + γ·log(1 + exp(κ·z₁))          # asymmetric skew term
          + δ·z₁²                         # pure quadratic contribution
          + ζ·z₁·z₂                       # tiny interaction term

    where
        z = R·(x - c)                     # shift by c, then rotate by θ
        v = (0.78, -0.62) / ‖·‖            # unit ridge direction
        R = [[cosθ, -sinθ],
             [sinθ,  cosθ]]                # 2×2 rotation matrix

    The function is smooth, bounded on [-5,5]² and designed to reproduce
    the target ELA feature vector:
        ela_distr.skewness ≈ 0.57,
        fitness_distance.fitness_std ≈ 0.035,
        nbc.nb_fitness.cor ≈ 0.90,
        nbc.nn_nb.sd_ratio ≈ 0.89,
        ela_meta.lin_simple.adj_r2 ≈ 0.35,
        ela_meta.lin_w_interact.adj_r2 ≈ 0.53,
        ela_meta.quad_simple.adj_r2 ≈ 0.77,
        ela_meta.quad_w_interact.adj_r2 ≈ 0.99.
    ",,,,20,2,0.7195233903821721,0.011625370829521647,0.8845210779775691,0.9010685755953284,0.25680459302233327,0.4747563354383691,0.681227402587095,0.9515325678379386
"import numpy as np

def problem(x: np.ndarray) -> float:
    """"""
    Synthetic 2‑dimensional benchmark tuned to the target ELA statistics.

    Mathematical definition
    ------------------------
    Let **x** = (x₁, x₂) ∈ [‑5, 5]².

    1) Translation & rotation
       c = (‑0.8, 0.9)                     # centre of the landscape
       d = x - c
       θ = π/6
       R = [[cosθ, -sinθ],
            [sinθ,  cosθ]]
       z = R @ d                           # rotated coordinates (z₀, z₁)

    2) Anisotropic quadratic core (dominant)
       f_q = 0.32·z₀² + 0.32·z₁² + 0.11·z₀·z₁

    3) Weak linear ridge
       f_l = 0.035·(z₀ + 0.6·z₁)

    4) Skew‑inducing cubic‑log term (moderate)
       f_s = 0.022·z₀³·log(1 + exp(0.20·z₀))

    5) Isotropic exponential basin (nearest‑better connectivity)
       r   = ‖d‖
       f_e = 0.075·exp(-0.20·r)

    Final fitness
    -------------
    f(x) = f_q + f_l + f_s + f_e
    """"""
    # ---- input validation -------------------------------------------------
    x = np.asarray(x, dtype=float)
    if x.ndim != 1 or x.size != 2:
        raise ValueError(""Input must be a 1‑D array with exactly 2 elements."")

    # 1) translation & rotation
    centre = np.array([-0.8, 0.9])
    d = x - centre
    theta = np.pi / 6.0
    ct, st = np.cos(theta), np.sin(theta)
    R = np.array([[ct, -st],
                  [st,  ct]])
    z = R @ d

    # 2) anisotropic quadratic core
    f_q = 0.32 * z[0]**2 + 0.32 * z[1]**2 + 0.11 * z[0] * z[1]

    # 3) weak linear ridge
    f_l = 0.035 * (z[0] + 0.6 * z[1])

    # 4) skew‑inducing cubic‑log term
    f_s = 0.022 * z[0]**3 * np.log1p(np.exp(0.20 * z[0]))

    # 5) exponential basin (nearest‑better connectivity)
    r = np.linalg.norm(d)
    f_e = 0.075 * np.exp(-0.20 * r)

    return f_q + f_l + f_s + f_e",0.3361218901641136,"
    Synthetic 2‑dimensional benchmark tuned to the target ELA statistics.

    Mathematical definition
    ------------------------
    Let **x** = (x₁, x₂) ∈ [‑5, 5]².

    1) Translation & rotation
       c = (‑0.8, 0.9)                     # centre of the landscape
       d = x - c
       θ = π/6
       R = [[cosθ, -sinθ],
            [sinθ,  cosθ]]
       z = R @ d                           # rotated coordinates (z₀, z₁)

    2) Anisotropic quadratic core (dominant)
       f_q = 0.32·z₀² + 0.32·z₁² + 0.11·z₀·z₁

    3) Weak linear ridge
       f_l = 0.035·(z₀ + 0.6·z₁)

    4) Skew‑inducing cubic‑log term (moderate)
       f_s = 0.022·z₀³·log(1 + exp(0.20·z₀))

    5) Isotropic exponential basin (nearest‑better connectivity)
       r   = ‖d‖
       f_e = 0.075·exp(-0.20·r)

    Final fitness
    -------------
    f(x) = f_q + f_l + f_s + f_e
    ",,,,20,2,0.37128766038073097,0.16721743630772995,0.8981322081500566,0.8788361663059677,0.4238803825338661,0.4302559177177154,0.9636063737265386,0.9986381900534115
"import numpy as np

def problem(x: np.ndarray) -> float:
    """"""
    Synthetic 2‑dimensional benchmark (improved ELA match).

    Mathematical definition
    -----------------------
    Let x = (x₁, x₂) ∈ [-5, 5]².

    1. Shift & rotate
       c = (0.4, -0.9)                # global optimum location
       θ = π/12                       # rotation ≈ 15°
       R = [[cosθ, -sinθ],
            [sinθ,  cosθ]]
       z = R @ (x - c)                # shifted‑rotated coordinates

    2. Anisotropic quadratic‑plus‑quartic basin
       a = (0.9, 0.9)                 # quadratic coefficients
       b = (0.55, 0.55)               # quartic coefficients (identical for both axes)
       f_well = a[0]*z[0]**2 + a[1]*z[1]**2 \
                + b[0]*z[0]**4 + b[1]*z[1]**4

    3. Linear trend with a bilinear interaction
       α = 0.70                       # amplitude of the sinusoidal ridge (strengthens linear part)
       β = 0.08                       # small bilinear term
       f_lin = α * (z[0] + z[1]) + β * z[0] * z[1]

    4. Mild sinusoidal ridge (adds non‑linearity but keeps overall trend linear)
       f_sine = 0.48 * np.sin(2*np.pi*z[0]) * np.cos(2*np.pi*z[1])

    5. Skew‑inducing logarithmic term (positive skew)
       γ = 0.035
       f_skew = γ * np.log1p(np.exp(z[0] + 0.5*z[1]))

    6. Constant offset (keeps the optimum close to zero)
       δ = -0.04

    Final objective
    ---------------
    f(x) = f_well + f_lin + f_sine + f_skew + δ
    """"""
    # ------- input validation -------
    x = np.asarray(x, dtype=float)
    if x.ndim != 1 or x.size != 2:
        raise ValueError(""Input must be a 1‑D array with exactly 2 elements."")

    # 1. shift & rotation
    c = np.array([0.4, -0.9])
    theta = np.pi / 12.0
    R = np.array([[np.cos(theta), -np.sin(theta)],
                  [np.sin(theta),  np.cos(theta)]])
    z = R @ (x - c)

    # 2. quadratic‑plus‑quartic basin
    a = np.array([0.9, 0.9])
    b = np.array([0.55, 0.55])
    f_well = a[0] * z[0]**2 + a[1] * z[1]**2 + b[0] * z[0]**4 + b[1] * z[1]**4

    # 3. linear trend + bilinear interaction
    alpha = 0.70
    beta  = 0.08
    f_lin = alpha * (z[0] + z[1]) + beta * z[0] * z[1]

    # 4. sinusoidal ridge
    f_sine = 0.48 * np.sin(2 * np.pi * z[0]) * np.cos(2 * np.pi * z[1])

    # 5. logarithmic skew term
    gamma = 0.035
    f_skew = gamma * np.log1p(np.exp(z[0] + 0.5 * z[1]))

    # 6. constant offset
    delta = -0.04

    return f_well + f_lin + f_sine + f_skew + delta",0.3057561150464331,"
    Synthetic 2‑dimensional benchmark (improved ELA match).

    Mathematical definition
    -----------------------
    Let x = (x₁, x₂) ∈ [-5, 5]².

    1. Shift & rotate
       c = (0.4, -0.9)                # global optimum location
       θ = π/12                       # rotation ≈ 15°
       R = [[cosθ, -sinθ],
            [sinθ,  cosθ]]
       z = R @ (x - c)                # shifted‑rotated coordinates

    2. Anisotropic quadratic‑plus‑quartic basin
       a = (0.9, 0.9)                 # quadratic coefficients
       b = (0.55, 0.55)               # quartic coefficients (identical for both axes)
       f_well = a[0]*z[0]**2 + a[1]*z[1]**2 \
                + b[0]*z[0]**4 + b[1]*z[1]**4

    3. Linear trend with a bilinear interaction
       α = 0.70                       # amplitude of the sinusoidal ridge (strengthens linear part)
       β = 0.08                       # small bilinear term
       f_lin = α * (z[0] + z[1]) + β * z[0] * z[1]

    4. Mild sinusoidal ridge (adds non‑linearity but keeps overall trend linear)
       f_sine = 0.48 * np.sin(2*np.pi*z[0]) * np.cos(2*np.pi*z[1])

    5. Skew‑inducing logarithmic term (positive skew)
       γ = 0.035
       f_skew = γ * np.log1p(np.exp(z[0] + 0.5*z[1]))

    6. Constant offset (keeps the optimum close to zero)
       δ = -0.04

    Final objective
    ---------------
    f(x) = f_well + f_lin + f_sine + f_skew + δ
    ",,,,20,2,0.44525581023522864,0.04208595169824772,0.8871752182057614,0.838381570701422,0.29877446858692613,0.29922236059217494,0.8917075547718951,0.9486024064951085
"import numpy as np

def problem(x: np.ndarray) -> float:
    """"""
    Synthetic 2‑D benchmark function tuned to the target ELA feature set.

    Mathematical definition
    ------------------------
    Let  x = (x₁, x₂) ∈ [-5, 5]²  and  c = (c₁, c₂) = (0.5, -0.5).

    The objective is a sum of five deterministic components:

    1) Rotated anisotropic quadratic bowl
       f_q(x) = s_q · (R·(x‑c))ᵀ · diag(λ₁, λ₂) · (R·(x‑c))

       • R  – rotation by 45° (π/4)
       • λ₁ = 0.70 , λ₂ = 3.2          (stronger anisotropy)
       • s_q = 0.38                    (slightly reduced scaling)

    2) Linear ridge with bilinear interaction
       f_l(x) = s_l · (a·(x‑c)₁ + b·(x‑c)₂) + s_int · (x₁‑c₁)(x₂‑c₂)

       • a = 0.55 ,  b = -0.40
       • s_l   = 0.15
       • s_int = 0.08

    3) Cubic skew term (produces a positive tail)
       f_s(x) = s_s · (x₁‑c₁)³

       • s_s = 0.165   (increased to raise skewness)

    4) Exponential ridge (monotone tail, improves NBC‑fitness correlation)
       f_e(x) = s_e · exp(η·(x₁‑c₁))

       • s_e = 0.09 , η = 0.24   (scaled down to lower overall variance)

    5) Symmetric quartic regulariser (helps quadratic‑with‑interaction fit)
       f_qt(x) = s_qt · ((x₁‑c₁)⁴ + (x₂‑c₂)⁴)

       • s_qt = 0.012

    Final fitness
    -------------
    f(x) = f_q + f_l + f_s + f_e + f_qt

    All operations are deterministic and well‑defined on the domain
    [-5,5]².  The chosen coefficients move the normalized ELA feature
    vector close to the required target values.

    Parameters
    ----------
    x : np.ndarray
        1‑D array with exactly 2 elements representing a point in the
        search space.

    Returns
    -------
    float
        Deterministic scalar fitness value.
    """"""
    # ----- validation -----
    x = np.asarray(x, dtype=float)
    if x.ndim != 1 or x.size != 2:
        raise ValueError(""Input must be a 1‑D array with 2 elements."")

    # centre shift
    c = np.array([0.5, -0.5])
    z = x - c                         # shifted coordinates

    # 1) rotated anisotropic quadratic bowl
    theta = np.pi / 4.0
    R = np.array([[np.cos(theta), -np.sin(theta)],
                  [np.sin(theta),  np.cos(theta)]])
    rz = R @ z                        # rotated coordinates
    lam = np.array([0.70, 3.20])      # eigenvalues (more anisotropic)
    s_q = 0.38
    f_q = s_q * np.sum(lam * rz**2)

    # 2) linear ridge + bilinear interaction
    a, b = 0.55, -0.40
    s_l, s_int = 0.15, 0.08
    f_l = s_l * (a * z[0] + b * z[1]) + s_int * (z[0] * z[1])

    # 3) cubic skew term (acts on the first shifted coordinate)
    s_s = 0.165
    f_s = s_s * (z[0] ** 3)

    # 4) exponential ridge (adds a long‑range monotone tail)
    s_e, eta = 0.09, 0.24
    f_e = s_e * np.exp(eta * z[0])

    # 5) symmetric quartic regulariser
    s_qt = 0.012
    f_qt = s_qt * (z[0]**4 + z[1]**4)

    return f_q + f_l + f_s + f_e + f_qt",0.42221464379358375,"
    Synthetic 2‑D benchmark function tuned to the target ELA feature set.

    Mathematical definition
    ------------------------
    Let  x = (x₁, x₂) ∈ [-5, 5]²  and  c = (c₁, c₂) = (0.5, -0.5).

    The objective is a sum of five deterministic components:

    1) Rotated anisotropic quadratic bowl
       f_q(x) = s_q · (R·(x‑c))ᵀ · diag(λ₁, λ₂) · (R·(x‑c))

       • R  – rotation by 45° (π/4)
       • λ₁ = 0.70 , λ₂ = 3.2          (stronger anisotropy)
       • s_q = 0.38                    (slightly reduced scaling)

    2) Linear ridge with bilinear interaction
       f_l(x) = s_l · (a·(x‑c)₁ + b·(x‑c)₂) + s_int · (x₁‑c₁)(x₂‑c₂)

       • a = 0.55 ,  b = -0.40
       • s_l   = 0.15
       • s_int = 0.08

    3) Cubic skew term (produces a positive tail)
       f_s(x) = s_s · (x₁‑c₁)³

       • s_s = 0.165   (increased to raise skewness)

    4) Exponential ridge (monotone tail, improves NBC‑fitness correlation)
       f_e(x) = s_e · exp(η·(x₁‑c₁))

       • s_e = 0.09 , η = 0.24   (scaled down to lower overall variance)

    5) Symmetric quartic regulariser (helps quadratic‑with‑interaction fit)
       f_qt(x) = s_qt · ((x₁‑c₁)⁴ + (x₂‑c₂)⁴)

       • s_qt = 0.012

    Final fitness
    -------------
    f(x) = f_q + f_l + f_s + f_e + f_qt

    All operations are deterministic and well‑defined on the domain
    [-5,5]².  The chosen coefficients move the normalized ELA feature
    vector close to the required target values.

    Parameters
    ----------
    x : np.ndarray
        1‑D array with exactly 2 elements representing a point in the
        search space.

    Returns
    -------
    float
        Deterministic scalar fitness value.
    ",,,,20,2,0.4188342455764699,0.2691290946267798,0.653415223792595,0.8502043686024799,0.19915856049439268,0.5603220304553437,0.6216849645065625,0.9973191130313892
"import numpy as np

def problem(x: np.ndarray) -> float:
    """"""
    Synthetic 2‑dimensional benchmark (tuned for target ELA features).

    Mathematical description
    -------------------------
    Let x = (x₁, x₂) ∈ [-5, 5]².
    1. Shift and rotate the decision vector:
       c = (0.2, -1.0)                     # translation
       θ = π / 6                           # 30° rotation
       R = [[cosθ, -sinθ],
            [sinθ,  cosθ]]
       z = R @ (x - c)                     # shifted‑rotated coordinates

    2. Deterministic components (depend on z):
       • Anisotropic quartic bowl
         f_q(z) = λ₁·z₁⁴ + λ₂·z₂⁴,
         λ = (0.12, 0.58)

       • Linear ridge
         v = (0.70, -0.71) / ‖·‖            # unit direction
         α = 0.48
         f_l(z) = α·(v·z)

       • Skewed sinusoidal‑log term (only z₁)
         β = -0.13,   ω = 1.1
         γ = 0.12,    κ = 0.78
         f_s(z) = β·sin(ω·z₁) + γ·log1p(exp(κ·z₁))

    3. Final fitness (optionally scaled)
       f(x) = s·(f_q + f_l + f_s),   s = 1.0

    The function is smooth, deterministic and constructed to yield
    ELA feature values close to the supplied target set.

    Parameters
    ----------
    x : np.ndarray
        1‑D array with exactly 2 elements representing a point in the
        search space.

    Returns
    -------
    float
        Deterministic scalar fitness value.
    """"""
    # ----- input validation -----
    x = np.asarray(x, dtype=float)
    if x.ndim != 1 or x.size != 2:
        raise ValueError(""Input must be a 1‑D array with exactly 2 elements."")

    # 1) shift and rotation
    c = np.array([0.2, -1.0])
    theta = np.pi / 6.0
    cos_t, sin_t = np.cos(theta), np.sin(theta)
    R = np.array([[cos_t, -sin_t],
                  [sin_t,  cos_t]])
    z = R @ (x - c)

    # 2) anisotropic quartic bowl
    lam = np.array([0.12, 0.58])
    f_q = lam[0] * z[0]**4 + lam[1] * z[1]**4

    # 3) linear ridge
    v = np.array([0.70, -0.71])
    v = v / np.linalg.norm(v)          # unit direction
    alpha = 0.48
    f_l = alpha * (v @ z)

    # 4) sinusoidal + asymmetric log‑exp skew term (depends only on z₁)
    beta = -0.13
    omega = 1.1
    gamma = 0.12
    kappa = 0.78
    f_s = beta * np.sin(omega * z[0]) + gamma * np.log1p(np.exp(kappa * z[0]))

    # optional global scaling (kept at 1.0)
    s = 1.0
    return s * (f_q + f_l + f_s)",0.2851040178313854,"
    Synthetic 2‑dimensional benchmark (tuned for target ELA features).

    Mathematical description
    -------------------------
    Let x = (x₁, x₂) ∈ [-5, 5]².
    1. Shift and rotate the decision vector:
       c = (0.2, -1.0)                     # translation
       θ = π / 6                           # 30° rotation
       R = [[cosθ, -sinθ],
            [sinθ,  cosθ]]
       z = R @ (x - c)                     # shifted‑rotated coordinates

    2. Deterministic components (depend on z):
       • Anisotropic quartic bowl
         f_q(z) = λ₁·z₁⁴ + λ₂·z₂⁴,
         λ = (0.12, 0.58)

       • Linear ridge
         v = (0.70, -0.71) / ‖·‖            # unit direction
         α = 0.48
         f_l(z) = α·(v·z)

       • Skewed sinusoidal‑log term (only z₁)
         β = -0.13,   ω = 1.1
         γ = 0.12,    κ = 0.78
         f_s(z) = β·sin(ω·z₁) + γ·log1p(exp(κ·z₁))

    3. Final fitness (optionally scaled)
       f(x) = s·(f_q + f_l + f_s),   s = 1.0

    The function is smooth, deterministic and constructed to yield
    ELA feature values close to the supplied target set.

    Parameters
    ----------
    x : np.ndarray
        1‑D array with exactly 2 elements representing a point in the
        search space.

    Returns
    -------
    float
        Deterministic scalar fitness value.
    ",,,,20,2,0.7791837485077606,0.011079444974777978,0.8864452654349707,0.9138834208187882,0.2321844141739768,0.5017956150189335,0.6191802363707342,0.9652410462626784
"import numpy as np

def problem(x: np.ndarray) -> float:
    """"""
    Synthetic 2‑dimensional benchmark tailored to match a target ELA profile.

    Mathematical definition
    ------------------------
    Let x = (x₁, x₂) ∈ [-5, 5]².

    1. Shift and rotation
       c = (0.5, -1.3)                     # translation
       θ = π / 6  (30°)                    # rotation angle
       R = [[cosθ, -sinθ],
            [sinθ,  cosθ]]
       z = R @ (x - c)                     # rotated‑shifted coordinates (z₁, z₂)

    2. Landscape components
       • Anisotropic quartic bowl
         f_q(z) = λ₁·z₁⁴ + λ₂·z₂⁴,
         λ = (0.38, 0.55)

       • Linear ridge (monotone direction)
         v = (0.62, -0.78) / ‖·‖   # unit vector
         f_l(z) = α·(v·z),
         α = 0.42

       • Sinusoidal interaction ridge
         f_s(z) = β·sin(ω·z₁)·cos(ω·z₂),
         β = 0.28,   ω = 2.1

       • Asymmetric skew term
         f_sk(z) = γ·log(1 + exp(κ·z₁)),
         γ = 0.10,   κ = 0.68

    3. Final fitness
       f(x) = f_q + f_l + f_s + f_sk

    The function is smooth, fully deterministic, and built to exhibit
    the requested ELA characteristics (moderate skewness, strong
    quadratic interaction, and a clear monotone direction).

    Parameters
    ----------
    x : np.ndarray
        1‑D array of length 2 representing a point in the search space.

    Returns
    -------
    float
        Deterministic scalar fitness value.
    """"""
    # ----- validation -----
    x = np.asarray(x, dtype=float)
    if x.ndim != 1 or x.size != 2:
        raise ValueError(""Input must be a 1‑D array with exactly 2 elements."")

    # 1) shift & rotation
    c = np.array([0.5, -1.3])
    theta = np.pi / 6.0
    cos_t, sin_t = np.cos(theta), np.sin(theta)
    R = np.array([[cos_t, -sin_t],
                  [sin_t,  cos_t]])
    z = R @ (x - c)

    # 2) anisotropic quartic bowl
    lam = np.array([0.38, 0.55])
    f_q = lam[0] * z[0]**4 + lam[1] * z[1]**4

    # 3) linear ridge
    v = np.array([0.62, -0.78])
    v = v / np.linalg.norm(v)          # unit direction
    alpha = 0.42
    f_l = alpha * (v @ z)

    # 4) sinusoidal interaction ridge
    beta = 0.28
    omega = 2.1
    f_s = beta * np.sin(omega * z[0]) * np.cos(omega * z[1])

    # 5) asymmetric skew term
    gamma = 0.10
    kappa = 0.68
    f_sk = gamma * np.log1p(np.exp(kappa * z[0]))

    return f_q + f_l + f_s + f_sk",0.1938273015379344,"
    Synthetic 2‑dimensional benchmark tailored to match a target ELA profile.

    Mathematical definition
    ------------------------
    Let x = (x₁, x₂) ∈ [-5, 5]².

    1. Shift and rotation
       c = (0.5, -1.3)                     # translation
       θ = π / 6  (30°)                    # rotation angle
       R = [[cosθ, -sinθ],
            [sinθ,  cosθ]]
       z = R @ (x - c)                     # rotated‑shifted coordinates (z₁, z₂)

    2. Landscape components
       • Anisotropic quartic bowl
         f_q(z) = λ₁·z₁⁴ + λ₂·z₂⁴,
         λ = (0.38, 0.55)

       • Linear ridge (monotone direction)
         v = (0.62, -0.78) / ‖·‖   # unit vector
         f_l(z) = α·(v·z),
         α = 0.42

       • Sinusoidal interaction ridge
         f_s(z) = β·sin(ω·z₁)·cos(ω·z₂),
         β = 0.28,   ω = 2.1

       • Asymmetric skew term
         f_sk(z) = γ·log(1 + exp(κ·z₁)),
         γ = 0.10,   κ = 0.68

    3. Final fitness
       f(x) = f_q + f_l + f_s + f_sk

    The function is smooth, fully deterministic, and built to exhibit
    the requested ELA characteristics (moderate skewness, strong
    quadratic interaction, and a clear monotone direction).

    Parameters
    ----------
    x : np.ndarray
        1‑D array of length 2 representing a point in the search space.

    Returns
    -------
    float
        Deterministic scalar fitness value.
    ",,,,20,2,0.5494643330300372,0.014621149767619523,0.9113538453447365,0.8827971777904174,0.34128557935310844,0.35988800775396734,0.8400823096043075,0.9770925047315931
"import numpy as np

def problem(x: np.ndarray) -> float:
    """"""
    Synthetic 2‑dimensional benchmark whose exploratory‑landscape features are
    tuned toward the target values:
        ela_distr.skewness ≈ 0.567
        fitness_distance.fitness_std ≈ 0.035
        nbc.nn_nb.sd_ratio ≈ 0.89
        nbc.nb_fitness.cor ≈ 0.901
        lin_simple.adj_r2 ≈ 0.345
        lin_w_interact.adj_r2 ≈ 0.534
        quad_simple.adj_r2 ≈ 0.765
        quad_w_interact.adj_r2 ≈ 0.985

    Definition
    ----------
    Let x = (x1, x2) ∈ [-5,5]^2 and define a constant shift c = (-0.6, 0.7).

    1) Shift & rotate
       d = x - c
       θ = π / 5.4                                 # 33.3° rotation
       R = [[cosθ, -sinθ],
            [sinθ,  cosθ]]
       z = R @ d                                   # rotated coordinates (z0, z1)

    2) Anisotropic quadratic core (slightly weakened)
       f_q = a1·z0² + a2·z1² + a3·z0·z1
       a1 = 0.44,  a2 = 0.26,  a3 = 0.07

    3) Positive‑skew cubic‑log term (reduced amplitude)
       f_s = b1·z0³·log(1 + exp(b2·z0))
       b1 = 0.028,  b2 = 0.22

    4) Linear ridge (smaller contribution)
       f_l = g·(z0 + g2·z1)
       g  = 0.065,  g2 = 0.55

    5) Small sinusoidal perturbation (lower amplitude & frequency)
       f_p = d1·sin(d2·z1 + d3)
       d1 = 0.012,  d2 = 1.4,  d3 = 0.6

    6) Exponential basin centred at the shift point
       r = ||d||
       f_e = ε·exp(-λ·r)
       ε = 0.058,  λ = 0.19

    Final fitness
    -------------
    f(x) = f_q + f_s + f_l + f_p + f_e
    """"""
    # --------------------------------------------------------------
    # Input validation
    x = np.asarray(x, dtype=float)
    if x.ndim != 1 or x.size != 2:
        raise ValueError(""Input must be a 1‑D array with exactly 2 elements."")
    # --------------------------------------------------------------

    # 1) shift & rotate
    c = np.array([-0.6, 0.7])
    d = x - c
    theta = np.pi / 5.4
    ct, st = np.cos(theta), np.sin(theta)
    R = np.array([[ct, -st],
                  [st,  ct]])
    z = R @ d

    # 2) quadratic core
    a1, a2, a3 = 0.44, 0.26, 0.07
    f_q = a1 * z[0]**2 + a2 * z[1]**2 + a3 * z[0] * z[1]

    # 3) skew‑inducing cubic‑log term
    b1, b2 = 0.028, 0.22
    f_s = b1 * z[0]**3 * np.log1p(np.exp(b2 * z[0]))

    # 4) linear ridge
    g, g2 = 0.065, 0.55
    f_l = g * (z[0] + g2 * z[1])

    # 5) sinusoidal perturbation
    d1, d2, d3 = 0.012, 1.4, 0.6
    f_p = d1 * np.sin(d2 * z[1] + d3)

    # 6) exponential basin
    eps, lam = 0.058, 0.19
    r = np.linalg.norm(d)
    f_e = eps * np.exp(-lam * r)

    return f_q + f_s + f_l + f_p + f_e",0.15950147955117025,"
    Synthetic 2‑dimensional benchmark whose exploratory‑landscape features are
    tuned toward the target values:
        ela_distr.skewness ≈ 0.567
        fitness_distance.fitness_std ≈ 0.035
        nbc.nn_nb.sd_ratio ≈ 0.89
        nbc.nb_fitness.cor ≈ 0.901
        lin_simple.adj_r2 ≈ 0.345
        lin_w_interact.adj_r2 ≈ 0.534
        quad_simple.adj_r2 ≈ 0.765
        quad_w_interact.adj_r2 ≈ 0.985

    Definition
    ----------
    Let x = (x1, x2) ∈ [-5,5]^2 and define a constant shift c = (-0.6, 0.7).

    1) Shift & rotate
       d = x - c
       θ = π / 5.4                                 # 33.3° rotation
       R = [[cosθ, -sinθ],
            [sinθ,  cosθ]]
       z = R @ d                                   # rotated coordinates (z0, z1)

    2) Anisotropic quadratic core (slightly weakened)
       f_q = a1·z0² + a2·z1² + a3·z0·z1
       a1 = 0.44,  a2 = 0.26,  a3 = 0.07

    3) Positive‑skew cubic‑log term (reduced amplitude)
       f_s = b1·z0³·log(1 + exp(b2·z0))
       b1 = 0.028,  b2 = 0.22

    4) Linear ridge (smaller contribution)
       f_l = g·(z0 + g2·z1)
       g  = 0.065,  g2 = 0.55

    5) Small sinusoidal perturbation (lower amplitude & frequency)
       f_p = d1·sin(d2·z1 + d3)
       d1 = 0.012,  d2 = 1.4,  d3 = 0.6

    6) Exponential basin centred at the shift point
       r = ||d||
       f_e = ε·exp(-λ·r)
       ε = 0.058,  λ = 0.19

    Final fitness
    -------------
    f(x) = f_q + f_s + f_l + f_p + f_e
    ",,,,20,2,0.5072661696291548,0.14507749919284882,0.899414858757,0.8949986576163931,0.3787552356963613,0.49264873746842697,0.8460016010685848,0.9982606578066805
"import numpy as np

def problem(x: np.ndarray) -> float:
    """"""
    Synthetic 2‑dimensional benchmark function tuned to the following
    normalized ELA targets:
        ela_distr.skewness               ≈ 0.57
        fitness_distance.fitness_std     ≈ 0.035
        nbc.nn_nb.sd_ratio               ≈ 0.89
        nbc.nb_fitness.cor               ≈ 0.90
        ela_meta.lin_simple.adj_r2       ≈ 0.35
        ela_meta.lin_w_interact.adj_r2   ≈ 0.53
        ela_meta.quad_simple.adj_r2      ≈ 0.77
        ela_meta.quad_w_interact.adj_r2  ≈ 0.99

    Mathematical formulation
    -------------------------
    Let x = (x₁, x₂) ∈ [-5,5]².

    1. Shift and rotate
       d = x – c,    c = (‑0.6, 0.7)
       θ = π/5.4
       R = [[cosθ, –sinθ],
            [sinθ,  cosθ]]
       z = R @ d = (z₀, z₁)

    2. Anisotropic quadratic core (provides most curvature)
       f_q = a₁·z₀² + a₂·z₁² + a₃·z₀·z₁

    3. Positive‑skew cubic‑log term (creates right‑hand tail)
       f_s = b₁·z₀³·log(1 + exp(b₂·z₀))

    4. Linear ridge (moderately raises linear‑model R²)
       f_l = g·(z₀ + g₂·z₁)

    5. Small sinusoidal ripple (controls fitness variance)
       f_p = d₁·sin(d₂·z₁ + d₃)

    6. Global exponential basin (enhances nearest‑better connectivity)
       r = ||d||₂
       f_e = ε·exp(-λ·r)

    Final fitness
    -------------
    f(x) = f_q + f_s + f_l + f_p + f_e
    """"""
    # --------------------------------------------------------------
    # Input validation
    x = np.asarray(x, dtype=float)
    if x.ndim != 1 or x.size != 2:
        raise ValueError(""Input must be a 1‑D array with exactly 2 elements."")
    # --------------------------------------------------------------

    # 1) shift & rotate
    c = np.array([-0.6, 0.7])
    d = x - c
    theta = np.pi / 5.4          # ≈ 33.3°
    ct, st = np.cos(theta), np.sin(theta)
    R = np.array([[ct, -st],
                  [st,  ct]])
    z = R @ d                    # rotated coordinates (z₀, z₁)

    # 2) anisotropic quadratic core
    a1, a2, a3 = 0.48, 0.34, 0.06
    f_q = a1 * z[0]**2 + a2 * z[1]**2 + a3 * z[0] * z[1]

    # 3) skew‑inducing cubic‑log term
    b1, b2 = 0.028, 0.25
    f_s = b1 * z[0]**3 * np.log1p(np.exp(b2 * z[0]))

    # 4) linear ridge
    g, g2 = 0.07, 0.55
    f_l = g * (z[0] + g2 * z[1])

    # 5) sinusoidal perturbation
    d1, d2, d3 = 0.012, 2.1, 0.6
    f_p = d1 * np.sin(d2 * z[1] + d3)

    # 6) exponential basin
    eps, lam = 0.058, 0.19
    r = np.linalg.norm(d)
    f_e = eps * np.exp(-lam * r)

    return f_q + f_s + f_l + f_p + f_e",0.21038809063988875,"
    Synthetic 2‑dimensional benchmark function tuned to the following
    normalized ELA targets:
        ela_distr.skewness               ≈ 0.57
        fitness_distance.fitness_std     ≈ 0.035
        nbc.nn_nb.sd_ratio               ≈ 0.89
        nbc.nb_fitness.cor               ≈ 0.90
        ela_meta.lin_simple.adj_r2       ≈ 0.35
        ela_meta.lin_w_interact.adj_r2   ≈ 0.53
        ela_meta.quad_simple.adj_r2      ≈ 0.77
        ela_meta.quad_w_interact.adj_r2  ≈ 0.99

    Mathematical formulation
    -------------------------
    Let x = (x₁, x₂) ∈ [-5,5]².

    1. Shift and rotate
       d = x – c,    c = (‑0.6, 0.7)
       θ = π/5.4
       R = [[cosθ, –sinθ],
            [sinθ,  cosθ]]
       z = R @ d = (z₀, z₁)

    2. Anisotropic quadratic core (provides most curvature)
       f_q = a₁·z₀² + a₂·z₁² + a₃·z₀·z₁

    3. Positive‑skew cubic‑log term (creates right‑hand tail)
       f_s = b₁·z₀³·log(1 + exp(b₂·z₀))

    4. Linear ridge (moderately raises linear‑model R²)
       f_l = g·(z₀ + g₂·z₁)

    5. Small sinusoidal ripple (controls fitness variance)
       f_p = d₁·sin(d₂·z₁ + d₃)

    6. Global exponential basin (enhances nearest‑better connectivity)
       r = ||d||₂
       f_e = ε·exp(-λ·r)

    Final fitness
    -------------
    f(x) = f_q + f_s + f_l + f_p + f_e
    ",,,,20,2,0.47450054092185406,0.1550056481481474,0.9079872380067282,0.8829150973287726,0.369952411363974,0.45149539011945194,0.8790041377972506,0.9980898777892188
"import numpy as np

def problem(x: np.ndarray) -> float:
    """"""
    Synthetic 2‑dimensional benchmark function whose ELA statistics are
    calibrated to the target values.

    Mathematical definition
    ------------------------
    Let **x** = (x₁, x₂) ∈ [‑5, 5]² and define a constant shift **c** = (‑0.8, 0.9).

    1) Shifted coordinates
       d = x – c

    2) Anisotropic quadratic core (dominant term)
       f_q = α₁·d₀² + α₂·d₁² + α₃·d₀·d₁

    3) Weak linear ridge
       f_l = β·(d₀ + γ·d₁)

    4) Skew‑inducing cubic‑log term
       f_s = δ·d₀³·log(1 + exp(ε·d₀))

    Final fitness (scaled by a small factor σ to obtain the desired
    fitness‑standard‑deviation):
       f(x) = σ·(f_q + f_l + f_s)

    All constants are deterministic and were selected empirically to bring
    the normalised ELA feature vector as close as possible to the supplied
    target values.

    Parameters
    ----------
    x : np.ndarray
        1‑D array with exactly 2 elements representing a point in the search
        space.

    Returns
    -------
    float
        Deterministic scalar fitness value.
    """"""
    # ---- validation ---------------------------------------------------------
    x = np.asarray(x, dtype=float)
    if x.ndim != 1 or x.size != 2:
        raise ValueError(""Input must be a 1‑D array with 2 elements."")

    # 1) shift
    c = np.array([-0.8, 0.9])
    d = x - c

    # 2) anisotropic quadratic core
    a1, a2, a3 = 0.48, 0.33, 0.12          # shape the curvature
    f_q = a1 * d[0]**2 + a2 * d[1]**2 + a3 * d[0] * d[1]

    # 3) weak linear ridge
    b, gamma = 0.14, 0.6
    f_l = b * (d[0] + gamma * d[1])

    # 4) cubic‑log skew term
    c1, c2 = 0.042, 0.28
    f_s = c1 * d[0]**3 * np.log1p(np.exp(c2 * d[0]))

    # 5) global scaling to achieve the required fitness‑STD
    sigma = 0.10
    return sigma * (f_q + f_l + f_s)",0.35271220991996566,"
    Synthetic 2‑dimensional benchmark function whose ELA statistics are
    calibrated to the target values.

    Mathematical definition
    ------------------------
    Let **x** = (x₁, x₂) ∈ [‑5, 5]² and define a constant shift **c** = (‑0.8, 0.9).

    1) Shifted coordinates
       d = x – c

    2) Anisotropic quadratic core (dominant term)
       f_q = α₁·d₀² + α₂·d₁² + α₃·d₀·d₁

    3) Weak linear ridge
       f_l = β·(d₀ + γ·d₁)

    4) Skew‑inducing cubic‑log term
       f_s = δ·d₀³·log(1 + exp(ε·d₀))

    Final fitness (scaled by a small factor σ to obtain the desired
    fitness‑standard‑deviation):
       f(x) = σ·(f_q + f_l + f_s)

    All constants are deterministic and were selected empirically to bring
    the normalised ELA feature vector as close as possible to the supplied
    target values.

    Parameters
    ----------
    x : np.ndarray
        1‑D array with exactly 2 elements representing a point in the search
        space.

    Returns
    -------
    float
        Deterministic scalar fitness value.
    ",,,,21,2,0.3596100484455677,0.19687115198824176,0.906202073678471,0.8669199313887539,0.40720706657528816,0.4264338049250641,0.9602255343840217,0.9980257970382571
"import numpy as np

def problem(x: np.ndarray) -> float:
    """"""
    Synthetic 2‑dimensional benchmark.

    Mathematical description
    -------------------------
    Let x = (x₁, x₂) ∈ [-5, 5]².
    Define a shift vector      c = (0.5, -1.3)
    and a rotation by θ = π/6:

          R = [[cosθ, -sinθ],
               [sinθ,  cosθ]]

    Shifted‑rotated coordinates:
          z = R · (x − c)

    The objective consists of three deterministic components:

    1) Anisotropic quartic bowl
         f_q(z) = λ₁·z₁⁴ + λ₂·z₂⁴,
         λ = (0.30, 0.45)

    2) Linear ridge
         f_l(z) = α·(v·z),
         v = (0.62, -0.78) / ‖·‖   (unit direction),
         α = 0.35

    3) Asymmetric skew term (single‑coordinate cubic‑log)
         f_s(z) = β·z₁³ + γ·log(1 + exp(κ·z₁)),
         β = 0.07 , γ = 0.08 , κ = 0.60

    Final fitness
         f(x) = f_q + f_l + f_s

    The function is fully deterministic, smooth over the whole domain,
    and constructed to produce ELA feature values close to the supplied
    target set.

    Parameters
    ----------
    x : np.ndarray
        1‑D array of length 2 (the decision vector).

    Returns
    -------
    float
        Deterministic scalar fitness value.
    """"""
    # ---- validation ----
    x = np.asarray(x, dtype=float)
    if x.ndim != 1 or x.size != 2:
        raise ValueError(""Input must be a 1‑D array with exactly 2 elements."")

    # shift
    c = np.array([0.5, -1.3])
    z = x - c

    # rotation by 30° (π/6)
    theta = np.pi / 6.0
    cos_t, sin_t = np.cos(theta), np.sin(theta)
    R = np.array([[cos_t, -sin_t],
                  [sin_t,  cos_t]])
    z = R @ z                     # rotated coordinates

    # 1) anisotropic quartic bowl
    lam = np.array([0.30, 0.45])
    f_q = lam[0] * z[0]**4 + lam[1] * z[1]**4

    # 2) linear ridge
    v = np.array([0.62, -0.78])
    v = v / np.linalg.norm(v)    # unit direction
    alpha = 0.35
    f_l = alpha * (v @ z)

    # 3) asymmetric skew term (depends only on z₁)
    beta = 0.07
    gamma = 0.08
    kappa = 0.60
    f_s = beta * z[0]**3 + gamma * np.log1p(np.exp(kappa * z[0]))

    return f_q + f_l + f_s",0.19293949244912298,"
    Synthetic 2‑dimensional benchmark.

    Mathematical description
    -------------------------
    Let x = (x₁, x₂) ∈ [-5, 5]².
    Define a shift vector      c = (0.5, -1.3)
    and a rotation by θ = π/6:

          R = [[cosθ, -sinθ],
               [sinθ,  cosθ]]

    Shifted‑rotated coordinates:
          z = R · (x − c)

    The objective consists of three deterministic components:

    1) Anisotropic quartic bowl
         f_q(z) = λ₁·z₁⁴ + λ₂·z₂⁴,
         λ = (0.30, 0.45)

    2) Linear ridge
         f_l(z) = α·(v·z),
         v = (0.62, -0.78) / ‖·‖   (unit direction),
         α = 0.35

    3) Asymmetric skew term (single‑coordinate cubic‑log)
         f_s(z) = β·z₁³ + γ·log(1 + exp(κ·z₁)),
         β = 0.07 , γ = 0.08 , κ = 0.60

    Final fitness
         f(x) = f_q + f_l + f_s

    The function is fully deterministic, smooth over the whole domain,
    and constructed to produce ELA feature values close to the supplied
    target set.

    Parameters
    ----------
    x : np.ndarray
        1‑D array of length 2 (the decision vector).

    Returns
    -------
    float
        Deterministic scalar fitness value.
    ",,,,21,2,0.5596647667921455,0.014100806401255196,0.9115683526020903,0.8808419265374933,0.3316579910100274,0.35815735723127073,0.8332078729754256,0.9762326870506002
"import numpy as np

def problem(x: np.ndarray) -> float:
    """"""
    Synthetic 2‑dimensional benchmark function (deterministic).

    f(x) = λ₁·z₁⁴ + λ₂·z₂⁴               # anisotropic quartic bowl
           + α·(v·z)                     # linear ridge (direction v)
           + γ·log(1 + exp(κ·z₁))        # soft‑plus skew term

    where
        z = R·(x - c)                     # shift by optimum c and rotate by θ
        R = [[cosθ, -sinθ],
             [sinθ,  cosθ]]                # 20° rotation (θ = π/9)

    The function is smooth, bounded on [-5,5]² and has a single global minimum
    at x = c.  All constants are chosen to match the target ELA feature set.
    """"""
    # ---- input validation -------------------------------------------------
    x = np.asarray(x, dtype=float)
    if x.ndim != 1 or x.size != 2:
        raise ValueError(""Input must be a 1‑D array with 2 elements."")

    # ---- 1. shift ---------------------------------------------------------
    c = np.array([0.45, -1.05])           # approximate optimum location
    z = x - c

    # ---- 2. rotate --------------------------------------------------------
    theta = np.pi / 9.0                   # 20° rotation
    cos_t, sin_t = np.cos(theta), np.sin(theta)
    R = np.array([[cos_t, -sin_t],
                  [sin_t,  cos_t]])
    z = R @ z

    # ---- 3. components ----------------------------------------------------
    # (a) anisotropic quartic bowl
    lam = np.array([0.52, 1.55])          # curvature coefficients
    f_q = lam[0] * z[0]**4 + lam[1] * z[1]**4

    # (b) linear ridge
    v = np.array([0.77, -0.64])
    v = v / np.linalg.norm(v)             # unit direction
    alpha = 0.30
    f_l = alpha * (v @ z)

    # (c) soft‑plus skew term (adds controlled positive skew)
    gamma = 0.09
    kappa = 0.25
    f_sk = gamma * np.log1p(np.exp(kappa * z[0]))

    # ---- 4. total fitness -------------------------------------------------
    return f_q + f_l + f_sk",0.1532796171624127,"
    Synthetic 2‑dimensional benchmark function (deterministic).

    f(x) = λ₁·z₁⁴ + λ₂·z₂⁴               # anisotropic quartic bowl
           + α·(v·z)                     # linear ridge (direction v)
           + γ·log(1 + exp(κ·z₁))        # soft‑plus skew term

    where
        z = R·(x - c)                     # shift by optimum c and rotate by θ
        R = [[cosθ, -sinθ],
             [sinθ,  cosθ]]                # 20° rotation (θ = π/9)

    The function is smooth, bounded on [-5,5]² and has a single global minimum
    at x = c.  All constants are chosen to match the target ELA feature set.
    ",,,,21,2,0.6567457216524469,0.014019283523060913,0.8872497348825602,0.8907789468102695,0.29508985730369314,0.4274441702760559,0.7571782994022966,0.9541863341694395
"import numpy as np

def problem(x: np.ndarray) -> float:
    """"""
    Synthetic 2‑dimensional benchmark designed to match the target ELA
    feature set.

    Mathematical definition
    ------------------------
    Let x = (x₁, x₂) ∈ [-5, 5]².

    1. Shift and rotate the decision vector
       c = (0.5, -1.3)                     (translation)
       θ = π/6                              (30° rotation)

       R = [[cosθ, -sinθ],
            [sinθ,  cosθ]]

       z = R · (x – c)                     (rotated, shifted coordinates)

    2. Base landscape – anisotropic quartic bowl
       λ = (0.32, 0.48)

       f_q(z) = λ₁·z₁⁴ + λ₂·z₂⁴

    3. Linear ridge (adds moderate linearity)
       v = (0.62, -0.78) / ‖·‖               (unit direction)
       α = 0.34

       f_l(z) = α·(v·z)

    4. Smooth sinusoidal modulation (creates mild interactions)
       β = 0.19 ,  ω = 1.55

       f_s(z) = β·sin(ω·z₁)·cos(ω·z₂)

    5. Asymmetric skew term (controls distribution skewness)
       γ = 0.07 ,  κ = 0.58

       f_sk(z) = γ·log(1 + exp(κ·z₁))

    Final fitness
    -------------
    f(x) = f_q(z) + f_l(z) + f_s(z) + f_sk(z)

    The function is fully deterministic, smooth on the whole domain,
    and uses only elementary NumPy operations.

    Parameters
    ----------
    x : np.ndarray
        1‑D array of length 2 representing the decision vector.

    Returns
    -------
    float
        Deterministic scalar fitness value.
    """"""
    # ----- input validation -----
    x = np.asarray(x, dtype=float)
    if x.ndim != 1 or x.size != 2:
        raise ValueError(""Input must be a 1‑D array with exactly 2 elements."")

    # 1) shift and rotation
    c = np.array([0.5, -1.3])
    theta = np.pi / 6.0          # 30°
    cos_t, sin_t = np.cos(theta), np.sin(theta)
    R = np.array([[cos_t, -sin_t],
                  [sin_t,  cos_t]])
    z = R @ (x - c)

    # 2) anisotropic quartic bowl
    lam = np.array([0.32, 0.48])
    f_q = lam[0] * z[0]**4 + lam[1] * z[1]**4

    # 3) linear ridge
    v = np.array([0.62, -0.78])
    v = v / np.linalg.norm(v)    # unit vector
    alpha = 0.34
    f_l = alpha * (v @ z)

    # 4) sinusoidal interaction ridge
    beta = 0.19
    omega = 1.55
    f_s = beta * np.sin(omega * z[0]) * np.cos(omega * z[1])

    # 5) asymmetric skew term
    gamma = 0.07
    kappa = 0.58
    f_sk = gamma * np.log1p(np.exp(kappa * z[0]))

    return f_q + f_l + f_s + f_sk",0.1902163663859028,"
    Synthetic 2‑dimensional benchmark designed to match the target ELA
    feature set.

    Mathematical definition
    ------------------------
    Let x = (x₁, x₂) ∈ [-5, 5]².

    1. Shift and rotate the decision vector
       c = (0.5, -1.3)                     (translation)
       θ = π/6                              (30° rotation)

       R = [[cosθ, -sinθ],
            [sinθ,  cosθ]]

       z = R · (x – c)                     (rotated, shifted coordinates)

    2. Base landscape – anisotropic quartic bowl
       λ = (0.32, 0.48)

       f_q(z) = λ₁·z₁⁴ + λ₂·z₂⁴

    3. Linear ridge (adds moderate linearity)
       v = (0.62, -0.78) / ‖·‖               (unit direction)
       α = 0.34

       f_l(z) = α·(v·z)

    4. Smooth sinusoidal modulation (creates mild interactions)
       β = 0.19 ,  ω = 1.55

       f_s(z) = β·sin(ω·z₁)·cos(ω·z₂)

    5. Asymmetric skew term (controls distribution skewness)
       γ = 0.07 ,  κ = 0.58

       f_sk(z) = γ·log(1 + exp(κ·z₁))

    Final fitness
    -------------
    f(x) = f_q(z) + f_l(z) + f_s(z) + f_sk(z)

    The function is fully deterministic, smooth on the whole domain,
    and uses only elementary NumPy operations.

    Parameters
    ----------
    x : np.ndarray
        1‑D array of length 2 representing the decision vector.

    Returns
    -------
    float
        Deterministic scalar fitness value.
    ",,,,21,2,0.5535508858133772,0.014412920265392502,0.9113529605125219,0.8806488553791452,0.339224224879438,0.36232965780943194,0.8364624222455581,0.9768459784713185
"import numpy as np

def problem(x: np.ndarray) -> float:
    """"""
    Compact 2‑D synthetic benchmark tuned to the target ELA statistics.

    Overview
    --------
    Let x = (x1, x2) ∈ [‑5, 5]².  The landscape consists of four additive parts:

    1) Quadratic core (anisotropic, with a cross‑term)
       f_q = a0 * x1**2 + a1 * x2**2 + a2 * x1 * x2

    2) Linear trend
       f_l = b0 * x1 + b1 * x2

    3) Skew‑inducing cubic on the first coordinate
       f_s = c0 * x1**3

    4) Shallow radial offset (ensures a monotone distance‑fitness relation)
       r   = sqrt(x1**2 + x2**2)
       f_r = d0 * r**2

    Final fitness
    -------------
    f(x) = f_q + f_l + f_s + f_r
    """"""
    # ----------------------------------------------------------------------
    x = np.asarray(x, dtype=float)
    if x.ndim != 1 or x.size != 2:
        raise ValueError(""Input must be a 1‑D array with exactly 2 elements."")

    # coefficients (chosen once, no randomness)
    a0, a1, a2 = 0.45, 0.30, 0.08   # quadratic bowl
    b0, b1       = 0.04, -0.02      # weak linear ridge
    c0           = 0.06            # cubic skew term
    d0           = 0.02            # very shallow radial term

    # 1) quadratic core
    f_q = a0 * x[0]**2 + a1 * x[1]**2 + a2 * x[0] * x[1]

    # 2) linear trend
    f_l = b0 * x[0] + b1 * x[1]

    # 3) cubic skew
    f_s = c0 * x[0]**3

    # 4) radial offset (quadratic in the Euclidean distance)
    r   = np.linalg.norm(x)
    f_r = d0 * r**2

    return f_q + f_l + f_s + f_r",0.4465143823067414,"
    Compact 2‑D synthetic benchmark tuned to the target ELA statistics.

    Overview
    --------
    Let x = (x1, x2) ∈ [‑5, 5]².  The landscape consists of four additive parts:

    1) Quadratic core (anisotropic, with a cross‑term)
       f_q = a0 * x1**2 + a1 * x2**2 + a2 * x1 * x2

    2) Linear trend
       f_l = b0 * x1 + b1 * x2

    3) Skew‑inducing cubic on the first coordinate
       f_s = c0 * x1**3

    4) Shallow radial offset (ensures a monotone distance‑fitness relation)
       r   = sqrt(x1**2 + x2**2)
       f_r = d0 * r**2

    Final fitness
    -------------
    f(x) = f_q + f_l + f_s + f_r
    ",,,,21,2,0.34282780473929053,0.2757115450831153,0.8936443454779575,0.8466476673312401,0.2755531499295896,0.29879609575103144,0.9311712802452282,1.0
"import numpy as np

def problem(x: np.ndarray) -> float:
    """"""
    Synthetic 2‑dimensional benchmark (deterministic).

    f(x) = f_q(z) + f_l(z) + f_sk(z)

    where
        z = R·(x - c)                         # shifted & rotated coordinates
        f_q(z) = λ₁·z₁⁴ + λ₂·z₂⁴               # anisotropic quartic bowl
        f_l(z) = α·(v·z)                       # linear ridge (adds linearity)
        f_sk(z)= γ·log(1 + exp(κ·z₁))          # asymmetric log‑exp term
                                            # (controls right‑skew)

    Parameters
    ----------
    x : np.ndarray
        1‑D array with exactly 2 elements – the decision vector.

    Returns
    -------
    float
        Deterministic scalar fitness value.
    """"""
    # ---- input validation -------------------------------------------------
    x = np.asarray(x, dtype=float)
    if x.ndim != 1 or x.size != 2:
        raise ValueError(""Input must be a 1‑D array with 2 elements."")

    # ---- 1. shift ---------------------------------------------------------
    c = np.array([0.4, -1.1])          # location of the (approx.) global optimum
    z = x - c

    # ---- 2. rotate --------------------------------------------------------
    theta = np.pi / 8.0                # 22.5° rotation
    R = np.array([[np.cos(theta), -np.sin(theta)],
                  [np.sin(theta),  np.cos(theta)]])
    z = R @ z

    # ---- 3. components ----------------------------------------------------
    # (a) anisotropic quartic bowl
    lam = np.array([0.48, 1.62])
    f_q = lam[0] * z[0]**4 + lam[1] * z[1]**4

    # (b) linear ridge
    v = np.array([0.78, -0.62])
    v = v / np.linalg.norm(v)          # unit direction
    alpha = 0.27
    f_l = alpha * np.dot(v, z)

    # (c) asymmetric log‑exp skew term
    #   The parameters were tuned to obtain a distribution skewness ≈ 0.57
    gamma = 0.105                      # slightly smaller amplitude
    kappa = 0.23                       # slightly weaker slope
    f_sk = gamma * np.log1p(np.exp(kappa * z[0]))

    # ---- 4. total fitness -------------------------------------------------
    return f_q + f_l + f_sk",0.16947464618449576,"
    Synthetic 2‑dimensional benchmark (deterministic).

    f(x) = f_q(z) + f_l(z) + f_sk(z)

    where
        z = R·(x - c)                         # shifted & rotated coordinates
        f_q(z) = λ₁·z₁⁴ + λ₂·z₂⁴               # anisotropic quartic bowl
        f_l(z) = α·(v·z)                       # linear ridge (adds linearity)
        f_sk(z)= γ·log(1 + exp(κ·z₁))          # asymmetric log‑exp term
                                            # (controls right‑skew)

    Parameters
    ----------
    x : np.ndarray
        1‑D array with exactly 2 elements – the decision vector.

    Returns
    -------
    float
        Deterministic scalar fitness value.
    ",,,,21,2,0.6994348283392604,0.012152174924693202,0.8824861952231823,0.9023826457485492,0.2944413794200778,0.4589161088993334,0.7239905690366234,0.9586856549438719
"import numpy as np

def problem(x: np.ndarray) -> float:
    """"""
    Synthetic 2‑dimensional benchmark function.

    Mathematical definition
    ------------------------
    Let **x** = (x₁, x₂) ∈ [‑5, 5]² and define a shift vector **c** = (‑0.8, 0.9).

    1) Shift & rotate
       d = x – c                                    # translation
       θ = π / 6.3                                   # ≈ 28.6°
       R = [[cosθ, –sinθ],
            [sinθ,  cosθ]]
       z = R @ d                                      # (z₀, z₁)

    2) Quadratic core (dominant curvature)
       f_q = a₁·z₀² + a₂·z₁² + a₃·z₀·z₁

    3) Weak linear ridge (raises linear‑model R²)
       f_l = b·(z₀ + 0.6·z₁)

    4) Skew‑inducing cubic‑log term (produces positive tail)
       f_s = c₁·z₀³·log(1 + exp(c₂·z₀))

    5) Tiny periodic modulation (controls fitness spread)
       f_p = d₁·cos(d₂·z₁ + d₃)

    Final fitness
    -------------
    f(x) = f_q + f_l + f_s + f_p
    """"""
    # --------------------------------------------------------------
    # Input validation
    x = np.asarray(x, dtype=float)
    if x.ndim != 1 or x.size != 2:
        raise ValueError(""Input must be a 1‑D array with exactly 2 elements."")

    # 1) shift & rotate
    c = np.array([-0.8, 0.9])
    d = x - c
    theta = np.pi / 6.3
    ct, st = np.cos(theta), np.sin(theta)
    R = np.array([[ct, -st],
                  [st,  ct]])
    z = R @ d          # rotated coordinates

    # 2) anisotropic quadratic core
    a1, a2, a3 = 0.48, 0.33, 0.12
    f_q = a1 * z[0]**2 + a2 * z[1]**2 + a3 * z[0] * z[1]

    # 3) weak linear ridge
    b = 0.14
    f_l = b * (z[0] + 0.6 * z[1])

    # 4) cubic‑log skew term
    c1, c2 = 0.042, 0.28
    f_s = c1 * z[0]**3 * np.log1p(np.exp(c2 * z[0]))

    # 5) tiny cosine modulation
    d1, d2, d3 = 0.036, 1.9, 0.7
    f_p = d1 * np.cos(d2 * z[1] + d3)

    # 6) final fitness (sum of deterministic components)
    return f_q + f_l + f_s + f_p",0.18786794654020778,"
    Synthetic 2‑dimensional benchmark function.

    Mathematical definition
    ------------------------
    Let **x** = (x₁, x₂) ∈ [‑5, 5]² and define a shift vector **c** = (‑0.8, 0.9).

    1) Shift & rotate
       d = x – c                                    # translation
       θ = π / 6.3                                   # ≈ 28.6°
       R = [[cosθ, –sinθ],
            [sinθ,  cosθ]]
       z = R @ d                                      # (z₀, z₁)

    2) Quadratic core (dominant curvature)
       f_q = a₁·z₀² + a₂·z₁² + a₃·z₀·z₁

    3) Weak linear ridge (raises linear‑model R²)
       f_l = b·(z₀ + 0.6·z₁)

    4) Skew‑inducing cubic‑log term (produces positive tail)
       f_s = c₁·z₀³·log(1 + exp(c₂·z₀))

    5) Tiny periodic modulation (controls fitness spread)
       f_p = d₁·cos(d₂·z₁ + d₃)

    Final fitness
    -------------
    f(x) = f_q + f_l + f_s + f_p
    ",,,,21,2,0.549901708897623,0.10061271280890609,0.9060729248572799,0.9084377885764526,0.4826937730288699,0.5591950487377233,0.8685883146623703,0.9966551565598954
"import numpy as np

def problem(x: np.ndarray) -> float:
    """"""
    Synthetic 2‑dimensional benchmark function.

    f(x) =  a₁·z₁² + a₂·z₂²                     # anisotropic quadratic bowl
           + b·(u·z)                           # moderate linear ridge
           + c·sin(ω·z₁)·cos(ω·z₂)             # low‑amplitude sinusoidal ripple
           + d·log(1 + exp(κ·z₁))              # asymmetric skew term

    where
        z = R·(x - c₀)  is the shifted‑and‑rotated decision vector,
        R is a rotation of 15°,
        c₀ = (0.35, -1.05) is the (approximate) global optimum,
        u = (0.85, -0.53) is a unit direction for the ridge,
        a₁ = 0.78 , a₂ = 1.24 ,
        b = 0.22 , c = 0.058 , ω = 1.3 ,
        d = 0.075 , κ = 0.22 .

    The combination yields a smooth landscape on the domain [-5,5]²
    with moderate curvature, a slight linear trend, tiny ripples and a
    controlled positive skew.

    Parameters
    ----------
    x : np.ndarray
        1‑D array with exactly 2 elements (the decision vector).

    Returns
    -------
    float
        Deterministic scalar fitness value.
    """"""
    # ----- validation -------------------------------------------------
    x = np.asarray(x, dtype=float)
    if x.ndim != 1 or x.size != 2:
        raise ValueError(""Input must be a 1‑D array with 2 elements."")

    # ----- 1. shift ----------------------------------------------------
    c0 = np.array([0.35, -1.05])
    z = x - c0

    # ----- 2. rotate ---------------------------------------------------
    theta = np.deg2rad(15.0)               # 15° rotation
    R = np.array([[np.cos(theta), -np.sin(theta)],
                  [np.sin(theta),  np.cos(theta)]])
    z = R @ z

    # ----- 3. quadratic bowl -------------------------------------------
    a = np.array([0.78, 1.24])             # anisotropic curvature
    f_quad = a[0] * z[0]**2 + a[1] * z[1]**2

    # ----- 4. linear ridge ---------------------------------------------
    u = np.array([0.85, -0.53])
    u = u / np.linalg.norm(u)              # ensure unit length
    b = 0.22
    f_lin = b * (u @ z)

    # ----- 5. sinusoidal ripple ----------------------------------------
    c_amp = 0.058
    omega = 1.3
    f_rip = c_amp * np.sin(omega * z[0]) * np.cos(omega * z[1])

    # ----- 6. asymmetric skew -----------------------------------------
    d = 0.075
    kappa = 0.22
    f_skew = d * np.log1p(np.exp(kappa * z[0]))

    # ----- total fitness ------------------------------------------------
    return f_quad + f_lin + f_rip + f_skew",0.540846518677465,"
    Synthetic 2‑dimensional benchmark function.

    f(x) =  a₁·z₁² + a₂·z₂²                     # anisotropic quadratic bowl
           + b·(u·z)                           # moderate linear ridge
           + c·sin(ω·z₁)·cos(ω·z₂)             # low‑amplitude sinusoidal ripple
           + d·log(1 + exp(κ·z₁))              # asymmetric skew term

    where
        z = R·(x - c₀)  is the shifted‑and‑rotated decision vector,
        R is a rotation of 15°,
        c₀ = (0.35, -1.05) is the (approximate) global optimum,
        u = (0.85, -0.53) is a unit direction for the ridge,
        a₁ = 0.78 , a₂ = 1.24 ,
        b = 0.22 , c = 0.058 , ω = 1.3 ,
        d = 0.075 , κ = 0.22 .

    The combination yields a smooth landscape on the domain [-5,5]²
    with moderate curvature, a slight linear trend, tiny ripples and a
    controlled positive skew.

    Parameters
    ----------
    x : np.ndarray
        1‑D array with exactly 2 elements (the decision vector).

    Returns
    -------
    float
        Deterministic scalar fitness value.
    ",,,,21,2,0.2535960191546298,0.34472730006165714,0.9121354703197951,0.836760305721999,0.29357410039385806,0.32199377433626714,0.9787589142946859,0.9999952289554279
"import numpy as np

def problem(x: np.ndarray) -> float:
    """"""
    Synthetic 2‑dimensional benchmark (deterministic).

    The landscape is built from three qualitatively different components:

    1. **Anisotropic rotated Gaussian well**
       z = R·(x – c) ,  R – rotation matrix,  c – centre.
       g(z) = α·exp( - (β₁·z₀² + β₂·z₁²) )
       – a smooth, strongly convex basin that gives a high quadratic‑model R².

    2. **Asymmetric soft‑plus ridge**
       r(z) = γ·log(1 + exp(δ·z₀ + η·z₁))
       – a monotone, right‑skewed term that increases the distribution
         skewness and raises the linear‑model R² without destroying convexity.

    3. **Low‑amplitude sinusoidal ripple**
       s(z) = ε·sin(ω·z₀)·cos(ω·z₁)
       – a periodic perturbation that creates modest fitness variability
         (controlling `fitness_std`) and slightly modifies nearest‑better
         connectivity.

    Final fitness
    -------------
    f(x) = g(z) + r(z) + s(z)

    All constants are fixed and were chosen manually to move the
    normalized ELA feature vector toward the target values while keeping
    the function smooth on the domain [-5, 5]².

    Parameters
    ----------
    x : np.ndarray
        1‑D array with exactly 2 elements representing a point in the search space.

    Returns
    -------
    float
        Deterministic scalar fitness value.
    """"""
    # --------------------------------------------------------------
    # Input validation
    x = np.asarray(x, dtype=float)
    if x.ndim != 1 or x.size != 2:
        raise ValueError(""Input must be a 1‑D array with exactly 2 elements."")
    # --------------------------------------------------------------

    # ----- 1. shift & rotate ---------------------------------------
    c = np.array([0.8, -1.3])                 # centre of the Gaussian well
    d = x - c

    theta = np.pi / 7.0                       # rotation ≈ 25.7°
    ct, st = np.cos(theta), np.sin(theta)
    R = np.array([[ct, -st],
                  [st,  ct]])
    z = R @ d                                 # rotated coordinates (z0, z1)

    # ----- 2. anisotropic Gaussian well ----------------------------
    alpha = 1.25
    beta1, beta2 = 0.48, 1.12                # different curvatures
    g = alpha * np.exp(-(beta1 * z[0]**2 + beta2 * z[1]**2))

    # ----- 3. asymmetric soft‑plus ridge ---------------------------
    gamma = 0.42
    delta, eta = 0.31, 0.19                  # controls skewness direction
    r = gamma * np.log1p(np.exp(delta * z[0] + eta * z[1]))

    # ----- 4. sinusoidal ripple ------------------------------------
    epsilon = 0.018
    omega = 1.6
    s = epsilon * np.sin(omega * z[0]) * np.cos(omega * z[1])

    # ----- total fitness -------------------------------------------
    return g + r + s",0.6946379216328037,"
    Synthetic 2‑dimensional benchmark (deterministic).

    The landscape is built from three qualitatively different components:

    1. **Anisotropic rotated Gaussian well**
       z = R·(x – c) ,  R – rotation matrix,  c – centre.
       g(z) = α·exp( - (β₁·z₀² + β₂·z₁²) )
       – a smooth, strongly convex basin that gives a high quadratic‑model R².

    2. **Asymmetric soft‑plus ridge**
       r(z) = γ·log(1 + exp(δ·z₀ + η·z₁))
       – a monotone, right‑skewed term that increases the distribution
         skewness and raises the linear‑model R² without destroying convexity.

    3. **Low‑amplitude sinusoidal ripple**
       s(z) = ε·sin(ω·z₀)·cos(ω·z₁)
       – a periodic perturbation that creates modest fitness variability
         (controlling `fitness_std`) and slightly modifies nearest‑better
         connectivity.

    Final fitness
    -------------
    f(x) = g(z) + r(z) + s(z)

    All constants are fixed and were chosen manually to move the
    normalized ELA feature vector toward the target values while keeping
    the function smooth on the domain [-5, 5]².

    Parameters
    ----------
    x : np.ndarray
        1‑D array with exactly 2 elements representing a point in the search space.

    Returns
    -------
    float
        Deterministic scalar fitness value.
    ",,,,22,2,0.3536725540927807,0.10201490259346432,0.3846163988785883,0.9207333274944596,0.6037824610036145,0.6037363867566102,0.6265418651193853,0.691993821127057
"import numpy as np

def problem(x: np.ndarray) -> float:
    """"""
    Synthetic 2‑dimensional benchmark function.

    Mathematical definition
    ------------------------
    Let **x** = (x₁, x₂) ∈ [‑5, 5]² and define a fixed shift vector **c**
    and a rotation angle θ:

        c = (0.3, -0.5)
        θ = π / 7  ≈ 25.71°  (counter‑clockwise)

    1) Shift & rotate
       d = x – c
       R = [[cosθ, –sinθ],
            [sinθ,  cosθ]]
       z = R @ d                    # rotated coordinates (z₀, z₁)

    2) Quadratic core (dominant curvature)
       f_q = a₁·z₀² + a₂·z₁² + a₃·z₀·z₁
       a₁ = 0.52 , a₂ = 0.28 , a₃ = 0.09

    3) Asymmetric exponential‑log skew component
       f_s = b·exp( κ·z₀ ) · log(1 + exp( λ·z₀ ))
       b = 0.07 , κ = 0.18 , λ = 0.22

    4) Low‑amplitude sinusoidal perturbation (adds mild non‑linearity)
       f_p = d₁·sin( d₂·z₁ + d₃ )
       d₁ = 0.015 , d₂ = 2.1 , d₃ = 0.4

    Final fitness
    -------------
    f(x) = f_q + f_s + f_p
    """"""
    # ----- input validation -------------------------------------------------
    x = np.asarray(x, dtype=float)
    if x.ndim != 1 or x.size != 2:
        raise ValueError(""Input must be a 1‑D array with exactly 2 elements."")

    # ----- 1. shift & rotate ------------------------------------------------
    c = np.array([0.3, -0.5])
    d = x - c
    theta = np.pi / 7.0
    ct, st = np.cos(theta), np.sin(theta)
    R = np.array([[ct, -st],
                  [st,  ct]])
    z = R @ d

    # ----- 2. quadratic core ------------------------------------------------
    a1, a2, a3 = 0.52, 0.28, 0.09
    f_q = a1 * z[0]**2 + a2 * z[1]**2 + a3 * z[0] * z[1]

    # ----- 3. asymmetric exponential‑log skew term -------------------------
    b, kappa, lam = 0.07, 0.18, 0.22
    f_s = b * np.exp(kappa * z[0]) * np.log1p(np.exp(lam * z[0]))

    # ----- 4. sinusoidal perturbation ---------------------------------------
    d1, d2, d3 = 0.015, 2.1, 0.4
    f_p = d1 * np.sin(d2 * z[1] + d3)

    # ----- total fitness ----------------------------------------------------
    return f_q + f_s + f_p",0.6391447918587428,"
    Synthetic 2‑dimensional benchmark function.

    Mathematical definition
    ------------------------
    Let **x** = (x₁, x₂) ∈ [‑5, 5]² and define a fixed shift vector **c**
    and a rotation angle θ:

        c = (0.3, -0.5)
        θ = π / 7  ≈ 25.71°  (counter‑clockwise)

    1) Shift & rotate
       d = x – c
       R = [[cosθ, –sinθ],
            [sinθ,  cosθ]]
       z = R @ d                    # rotated coordinates (z₀, z₁)

    2) Quadratic core (dominant curvature)
       f_q = a₁·z₀² + a₂·z₁² + a₃·z₀·z₁
       a₁ = 0.52 , a₂ = 0.28 , a₃ = 0.09

    3) Asymmetric exponential‑log skew component
       f_s = b·exp( κ·z₀ ) · log(1 + exp( λ·z₀ ))
       b = 0.07 , κ = 0.18 , λ = 0.22

    4) Low‑amplitude sinusoidal perturbation (adds mild non‑linearity)
       f_p = d₁·sin( d₂·z₁ + d₃ )
       d₁ = 0.015 , d₂ = 2.1 , d₃ = 0.4

    Final fitness
    -------------
    f(x) = f_q + f_s + f_p
    ",,,,22,2,0.25421189891396323,0.32751201876327585,0.9052484092558413,0.810537297249504,0.12210757137693334,0.16862553342243888,0.9463833901477803,0.9999949072580743
"import numpy as np

def problem(x: np.ndarray) -> float:
    """"""
    Synthetic 2‑dimensional benchmark function with a novel structure.

    Formula
    -------
    Let **x** = (x₁, x₂) ∈ [‑5, 5]².

    1) Shift and rotate
       c = (‑0.8, 0.9)                     # global‑optimum offset
       θ = π / 7.0                         # rotation ≈ 25.7°
       R = [[cosθ, –sinθ],
            [sinθ,  cosθ]]
       z = R @ (x – c)                     # rotated coordinates (z₀, z₁)

    2) Base landscape – anisotropic 6th‑order bowl
       λ₁ = 0.28 , λ₂ = 0.74
       f_b = λ₁·z₀⁶ + λ₂·z₁⁶

    3) Quadratic interaction ridge
       a = 0.41 , b = –0.23
       f_q = a·z₀² + b·z₁² + 0.12·z₀·z₁

    4) Exponential‑log skew term (creates positive skew)
       γ = 0.11 , κ = 0.42
       f_s = γ·log(1 + exp(κ·z₀))

    5) Low‑amplitude sinusoidal modulation on the second axis
       δ = 0.019 , ω = 3.7
       f_m = δ·sin(ω·z₁)

    6) Radial Gaussian bump centred at the optimum (increases nb‑correlation)
       σ = 1.1 , η = 0.067
       r = np.linalg.norm(x - c)
       f_g = η·np.exp(-0.5 * (r/σ)**2)

    Final objective
    ---------------
    f(x) = f_b + f_q + f_s + f_m + f_g
    """"""
    # --------------------------------------------------------------
    # Input validation
    x = np.asarray(x, dtype=float)
    if x.ndim != 1 or x.size != 2:
        raise ValueError(""Input must be a 1‑D array with exactly 2 elements."")
    # --------------------------------------------------------------

    # 1) shift & rotate
    c = np.array([-0.8, 0.9])
    theta = np.pi / 7.0
    ct, st = np.cos(theta), np.sin(theta)
    R = np.array([[ct, -st],
                  [st,  ct]])
    z = R @ (x - c)

    # 2) anisotropic 6th‑order bowl
    lam = np.array([0.28, 0.74])
    f_b = lam[0] * z[0]**6 + lam[1] * z[1]**6

    # 3) quadratic interaction ridge
    a, b = 0.41, -0.23
    f_q = a * z[0]**2 + b * z[1]**2 + 0.12 * z[0] * z[1]

    # 4) exponential‑log skew term
    gamma, kappa = 0.11, 0.42
    f_s = gamma * np.log1p(np.exp(kappa * z[0]))

    # 5) sinusoidal modulation
    delta, omega = 0.019, 3.7
    f_m = delta * np.sin(omega * z[1])

    # 6) Gaussian bump
    sigma, eta = 1.1, 0.067
    r = np.linalg.norm(x - c)
    f_g = eta * np.exp(-0.5 * (r / sigma) ** 2)

    return f_b + f_q + f_s + f_m + f_g",0.48239246271730896,"
    Synthetic 2‑dimensional benchmark function with a novel structure.

    Formula
    -------
    Let **x** = (x₁, x₂) ∈ [‑5, 5]².

    1) Shift and rotate
       c = (‑0.8, 0.9)                     # global‑optimum offset
       θ = π / 7.0                         # rotation ≈ 25.7°
       R = [[cosθ, –sinθ],
            [sinθ,  cosθ]]
       z = R @ (x – c)                     # rotated coordinates (z₀, z₁)

    2) Base landscape – anisotropic 6th‑order bowl
       λ₁ = 0.28 , λ₂ = 0.74
       f_b = λ₁·z₀⁶ + λ₂·z₁⁶

    3) Quadratic interaction ridge
       a = 0.41 , b = –0.23
       f_q = a·z₀² + b·z₁² + 0.12·z₀·z₁

    4) Exponential‑log skew term (creates positive skew)
       γ = 0.11 , κ = 0.42
       f_s = γ·log(1 + exp(κ·z₀))

    5) Low‑amplitude sinusoidal modulation on the second axis
       δ = 0.019 , ω = 3.7
       f_m = δ·sin(ω·z₁)

    6) Radial Gaussian bump centred at the optimum (increases nb‑correlation)
       σ = 1.1 , η = 0.067
       r = np.linalg.norm(x - c)
       f_g = η·np.exp(-0.5 * (r/σ)**2)

    Final objective
    ---------------
    f(x) = f_b + f_q + f_s + f_m + f_g
    ",,,,22,2,0.8070522570585572,0.0006825159828395933,0.8734172305366557,0.8651023972484347,0.15508401265363267,0.22414864470211376,0.5915466656334231,0.8852093360480037
"import numpy as np

def problem(x: np.ndarray) -> float:
    """"""
    Synthetic 2‑dimensional benchmark function with a **mixed Gaussian‑ridge**
    landscape.

    Mathematical definition
    ------------------------
    Let **x** = (x₁, x₂) ∈ [-5, 5]² and define a shift vector **c** = (0.4, –1.2).

    1) Shift and rotate
       -------------------------------------------------
       d = x - c                                           # translation
       θ = π / 7.1                                         # ≈ 25.5°
       R = [[cosθ, -sinθ],
            [sinθ,  cosθ]]
       z = R @ d                                           # rotated coordinates (z₀, z₁)

    2) Two anisotropic Gaussian wells (create curvature and increase
       nearest‑better correlation)
       -------------------------------------------------
       G₁(z) = A₁ · exp( -0.5 * ((z₀/σ₁₀)² + (z₁/σ₁₁)²) )
       G₂(z) = A₂ · exp( -0.5 * (( (z₀‑μ₂₀)/σ₂₀ )² + ( (z₁‑μ₂₁)/σ₂₁ )²) )

    3) Linear ridge (adds a strong linear component)
       -------------------------------------------------
       Rₗ(z) = β · (v·z) ,  v = (0.78, ‑0.62) / ‖·‖

    4) Skew‑inducing log‑exp term (produces positive skewness)
       -------------------------------------------------
       S(z) = γ · log(1 + exp(κ·z₀))

    5) Small sinusoidal perturbation (controls fitness spread)
       -------------------------------------------------
       P(z) = δ · sin(ω·z₁ + φ)

    Final fitness
    -------------
    f(x) = G₁(z) + G₂(z) + Rₗ(z) + S(z) + P(z)

    The function is deterministic, smooth on the whole domain, and its
    additive components were chosen to obtain the target normalized ELA
    feature vector.

    Parameters
    ----------
    x : np.ndarray
        1‑D array with exactly 2 elements.

    Returns
    -------
    float
        Deterministic scalar fitness value.
    """"""
    # -------------------------------------------------
    # Input validation
    x = np.asarray(x, dtype=float)
    if x.ndim != 1 or x.size != 2:
        raise ValueError(""Input must be a 1‑D array with 2 elements."")

    # 1) shift & rotate
    c = np.array([0.4, -1.2])
    d = x - c
    theta = np.pi / 7.1
    ct, st = np.cos(theta), np.sin(theta)
    R = np.array([[ct, -st],
                  [st,  ct]])
    z = R @ d

    # 2) Gaussian wells
    A1, sigma10, sigma11 = -1.2, 1.0, 0.8
    G1 = A1 * np.exp(-0.5 * ((z[0] / sigma10) ** 2 + (z[1] / sigma11) ** 2))

    A2, mu20, mu21 = -0.8, 1.5, -1.0
    sigma20, sigma21 = 0.9, 1.2
    G2 = A2 * np.exp(-0.5 * (((z[0] - mu20) / sigma20) ** 2 + ((z[1] - mu21) / sigma21) ** 2))

    # 3) Linear ridge
    v = np.array([0.78, -0.62])
    v = v / np.linalg.norm(v)
    beta = 0.35
    Rl = beta * (v @ z)

    # 4) Skew‑inducing log‑exp term
    gamma, kappa = 0.12, 0.28
    S = gamma * np.log1p(np.exp(kappa * z[0]))

    # 5) Sinusoidal perturbation
    delta, omega, phi = 0.045, 1.7, 0.6
    P = delta * np.sin(omega * z[1] + phi)

    return G1 + G2 + Rl + S + P",1.4382483019867092,"
    Synthetic 2‑dimensional benchmark function with a **mixed Gaussian‑ridge**
    landscape.

    Mathematical definition
    ------------------------
    Let **x** = (x₁, x₂) ∈ [-5, 5]² and define a shift vector **c** = (0.4, –1.2).

    1) Shift and rotate
       -------------------------------------------------
       d = x - c                                           # translation
       θ = π / 7.1                                         # ≈ 25.5°
       R = [[cosθ, -sinθ],
            [sinθ,  cosθ]]
       z = R @ d                                           # rotated coordinates (z₀, z₁)

    2) Two anisotropic Gaussian wells (create curvature and increase
       nearest‑better correlation)
       -------------------------------------------------
       G₁(z) = A₁ · exp( -0.5 * ((z₀/σ₁₀)² + (z₁/σ₁₁)²) )
       G₂(z) = A₂ · exp( -0.5 * (( (z₀‑μ₂₀)/σ₂₀ )² + ( (z₁‑μ₂₁)/σ₂₁ )²) )

    3) Linear ridge (adds a strong linear component)
       -------------------------------------------------
       Rₗ(z) = β · (v·z) ,  v = (0.78, ‑0.62) / ‖·‖

    4) Skew‑inducing log‑exp term (produces positive skewness)
       -------------------------------------------------
       S(z) = γ · log(1 + exp(κ·z₀))

    5) Small sinusoidal perturbation (controls fitness spread)
       -------------------------------------------------
       P(z) = δ · sin(ω·z₁ + φ)

    Final fitness
    -------------
    f(x) = G₁(z) + G₂(z) + Rₗ(z) + S(z) + P(z)

    The function is deterministic, smooth on the whole domain, and its
    additive components were chosen to obtain the target normalized ELA
    feature vector.

    Parameters
    ----------
    x : np.ndarray
        1‑D array with exactly 2 elements.

    Returns
    -------
    float
        Deterministic scalar fitness value.
    ",,,,22,2,0.07231212867346007,1.1242240926330476,0.5738786589994213,0.9173084034989955,0.9324005930983701,0.9331286739747656,0.9446756414021139,0.9648367099551158
"import numpy as np

def problem(x: np.ndarray) -> float:
    """"""
    Synthetic 2‑dimensional benchmark with a mixed polynomial‑trigonometric‑exponential
    structure.

    Mathematical definition
    ------------------------
    Let **x** = (x₁, x₂) ∈ [‑5, 5]².

    1. Shift and rotate the decision vector
       c = (‑0.8, 0.6)                     # translation of the global optimum
       θ = π / 7 ≈ 25.71°                  # rotation angle
       R = [[cosθ, –sinθ],
            [sinθ,  cosθ]]
       z = R · (x – c)                     # rotated coordinates (z₀, z₁)

    2. Core landscape – anisotropic sextic bowl
       a₀ = 0.21, a₁ = 0.37
       f_b(z) = a₀·z₀⁶ + a₁·z₁⁶

    3. Linear ridge (adds linearity)
       v = (0.71, –0.71) / ‖·‖              # unit direction (45°)
       β = 0.32
       f_l(z) = β·(v·z)

    4. Coupled sinusoidal ridge (creates interaction effects)
       γ₁ = 0.14, γ₂ = 1.9
       f_s(z) = γ₁·sin(γ₂·z₀)·cos(γ₂·z₁)

    5. Exponential skew term (controls distribution skewness)
       δ = 0.08, κ = 0.45
       f_e(z) = δ·exp(κ·z₀)

    6. Small radial Gaussian bump (modifies fitness standard deviation)
       η = 0.05, σ = 1.2
       r = √(z₀² + z₁²)
       f_g(z) = η·exp(‑0.5·(r/σ)²)

    Final fitness
    -------------
    f(x) = f_b(z) + f_l(z) + f_s(z) + f_e(z) + f_g(z)

    The function is deterministic, smooth on the whole domain, and combines
    high‑order polynomial curvature with linear, sinusoidal and exponential
    components to approach the target ELA feature set.

    Parameters
    ----------
    x : np.ndarray
        1‑D array of length 2 representing a point in the decision space.

    Returns
    -------
    float
        Deterministic scalar fitness value.
    """"""
    # ---- input validation ----
    x = np.asarray(x, dtype=float)
    if x.ndim != 1 or x.size != 2:
        raise ValueError(""Input must be a 1‑D array with exactly 2 elements."")

    # 1) shift & rotate
    c = np.array([-0.8, 0.6])
    theta = np.pi / 7.0
    cos_t, sin_t = np.cos(theta), np.sin(theta)
    R = np.array([[cos_t, -sin_t],
                  [sin_t,  cos_t]])
    z = R @ (x - c)

    # 2) anisotropic sextic bowl
    a0, a1 = 0.21, 0.37
    f_b = a0 * z[0]**6 + a1 * z[1]**6

    # 3) linear ridge
    v = np.array([0.71, -0.71])
    v = v / np.linalg.norm(v)
    beta = 0.32
    f_l = beta * np.dot(v, z)

    # 4) coupled sinusoidal ridge
    gamma1, gamma2 = 0.14, 1.9
    f_s = gamma1 * np.sin(gamma2 * z[0]) * np.cos(gamma2 * z[1])

    # 5) exponential skew term
    delta, kappa = 0.08, 0.45
    f_e = delta * np.exp(kappa * z[0])

    # 6) radial Gaussian bump
    eta, sigma = 0.05, 1.2
    r = np.linalg.norm(z)
    f_g = eta * np.exp(-0.5 * (r / sigma) ** 2)

    return f_b + f_l + f_s + f_e + f_g",0.5104854390744521,"
    Synthetic 2‑dimensional benchmark with a mixed polynomial‑trigonometric‑exponential
    structure.

    Mathematical definition
    ------------------------
    Let **x** = (x₁, x₂) ∈ [‑5, 5]².

    1. Shift and rotate the decision vector
       c = (‑0.8, 0.6)                     # translation of the global optimum
       θ = π / 7 ≈ 25.71°                  # rotation angle
       R = [[cosθ, –sinθ],
            [sinθ,  cosθ]]
       z = R · (x – c)                     # rotated coordinates (z₀, z₁)

    2. Core landscape – anisotropic sextic bowl
       a₀ = 0.21, a₁ = 0.37
       f_b(z) = a₀·z₀⁶ + a₁·z₁⁶

    3. Linear ridge (adds linearity)
       v = (0.71, –0.71) / ‖·‖              # unit direction (45°)
       β = 0.32
       f_l(z) = β·(v·z)

    4. Coupled sinusoidal ridge (creates interaction effects)
       γ₁ = 0.14, γ₂ = 1.9
       f_s(z) = γ₁·sin(γ₂·z₀)·cos(γ₂·z₁)

    5. Exponential skew term (controls distribution skewness)
       δ = 0.08, κ = 0.45
       f_e(z) = δ·exp(κ·z₀)

    6. Small radial Gaussian bump (modifies fitness standard deviation)
       η = 0.05, σ = 1.2
       r = √(z₀² + z₁²)
       f_g(z) = η·exp(‑0.5·(r/σ)²)

    Final fitness
    -------------
    f(x) = f_b(z) + f_l(z) + f_s(z) + f_e(z) + f_g(z)

    The function is deterministic, smooth on the whole domain, and combines
    high‑order polynomial curvature with linear, sinusoidal and exponential
    components to approach the target ELA feature set.

    Parameters
    ----------
    x : np.ndarray
        1‑D array of length 2 representing a point in the decision space.

    Returns
    -------
    float
        Deterministic scalar fitness value.
    ",,,,22,2,0.7316878135425823,0.00103181421566315,0.873545808791098,0.8459098004857308,0.12792620618175612,0.14386084607214225,0.6294254467664518,0.8798639670080363
"import numpy as np

def problem(x: np.ndarray) -> float:
    """"""
    Synthetic 2‑dimensional benchmark with a mixed sinusoidal‑rational‑log
    landscape.

    Definition
    ----------
    Let **x** = (x₁, x₂) ∈ [‑5, 5]².
    1. Translate the optimum to **c** = (‑0.4, 0.6) and rotate by θ = π/7
       (≈ 25.7°):
           d   = x – c
           R   = [[cosθ, –sinθ],
                  [sinθ,  cosθ]]
           z   = R @ d                     # (z₀, z₁)

    2. Core rational basin (creates a smooth bowl with a pronounced
       curvature change near the centre):
           f_r = α / (1 + β·z₀² + γ·z₁²)

    3. Anisotropic sinusoidal ridge (adds moderate linear‑model fit and
       controls fitness standard deviation):
           f_s = δ·sin(ω₁·z₀) + ε·sin(ω₂·z₁)

    4. Skew‑inducing soft‑plus term on the first rotated axis:
           f_p = ζ·log(1 + exp(η·z₀))

    5. Small cross‑interaction polynomial (adds a tiny quadratic‑interaction
       effect without destroying overall smoothness):
           f_i = κ·z₀·z₁

    Final fitness
    -------------
    f(x) = f_r + f_s + f_p + f_i

    All coefficients are deterministic constants chosen to steer the
    normalized ELA feature vector towards the target values while keeping the
    function smooth and inexpensive to evaluate.

    Parameters
    ----------
    x : np.ndarray
        1‑D array with exactly 2 elements representing a point in the search
        space.

    Returns
    -------
    float
        Deterministic scalar fitness value.
    """"""
    # ------------------------------------------------------------------ #
    # Input validation
    x = np.asarray(x, dtype=float)
    if x.ndim != 1 or x.size != 2:
        raise ValueError(""Input must be a 1‑D array with 2 elements."")
    # ------------------------------------------------------------------ #

    # 1) translation & rotation
    c = np.array([-0.4, 0.6])
    d = x - c
    theta = np.pi / 7.0                     # ≈ 25.7°
    ct, st = np.cos(theta), np.sin(theta)
    R = np.array([[ct, -st],
                  [st,  ct]])
    z = R @ d                               # rotated coordinates (z0, z1)

    # 2) rational basin
    alpha, beta, gamma = 1.2, 0.35, 0.45
    f_r = alpha / (1.0 + beta * z[0]**2 + gamma * z[1]**2)

    # 3) sinusoidal ridge
    delta, eps = 0.18, 0.12
    omega1, omega2 = 1.8, 2.4
    f_s = delta * np.sin(omega1 * z[0]) + eps * np.sin(omega2 * z[1])

    # 4) soft‑plus skew term
    zeta, eta = 0.09, 0.28
    f_p = zeta * np.log1p(np.exp(eta * z[0]))

    # 5) cross‑interaction polynomial
    kappa = 0.04
    f_i = kappa * z[0] * z[1]

    return f_r + f_s + f_p + f_i",1.448790311522642,"
    Synthetic 2‑dimensional benchmark with a mixed sinusoidal‑rational‑log
    landscape.

    Definition
    ----------
    Let **x** = (x₁, x₂) ∈ [‑5, 5]².
    1. Translate the optimum to **c** = (‑0.4, 0.6) and rotate by θ = π/7
       (≈ 25.7°):
           d   = x – c
           R   = [[cosθ, –sinθ],
                  [sinθ,  cosθ]]
           z   = R @ d                     # (z₀, z₁)

    2. Core rational basin (creates a smooth bowl with a pronounced
       curvature change near the centre):
           f_r = α / (1 + β·z₀² + γ·z₁²)

    3. Anisotropic sinusoidal ridge (adds moderate linear‑model fit and
       controls fitness standard deviation):
           f_s = δ·sin(ω₁·z₀) + ε·sin(ω₂·z₁)

    4. Skew‑inducing soft‑plus term on the first rotated axis:
           f_p = ζ·log(1 + exp(η·z₀))

    5. Small cross‑interaction polynomial (adds a tiny quadratic‑interaction
       effect without destroying overall smoothness):
           f_i = κ·z₀·z₁

    Final fitness
    -------------
    f(x) = f_r + f_s + f_p + f_i

    All coefficients are deterministic constants chosen to steer the
    normalized ELA feature vector towards the target values while keeping the
    function smooth and inexpensive to evaluate.

    Parameters
    ----------
    x : np.ndarray
        1‑D array with exactly 2 elements representing a point in the search
        space.

    Returns
    -------
    float
        Deterministic scalar fitness value.
    ",,,,22,2,0.01650452294802102,0.968174263065269,0.08504823555264628,0.7750454239982627,0.07685270925042,0.33089553567930774,0.45989030261346425,0.7522386173523954
"import numpy as np

def problem(x: np.ndarray) -> float:
    """"""
    Synthetic 2‑dimensional benchmark with a mixed polynomial‑trigonometric
    structure.  The landscape is built from three deterministic components:

    1. **Shifted & rotated coordinates**
       c = (‑0.4, 0.9)                     # translation vector
       θ = π / 7.1 ≈ 25.4°                # rotation angle
       R = [[cosθ, –sinθ],
            [sinθ,  cosθ]]
       z = R @ (x – c)                    # (z₀, z₁)

    2. **Anisotropic cubic‑quadratic core**
       f_c = α₁·z₀³ + α₂·z₁³ + β·z₀·z₁²
       with α₁ = 0.41, α₂ = 0.28, β = 0.07.

    3. **Oscillatory ridge**
       f_o = γ·sin(δ·z₀)·cos(δ·z₁) + η·cos(κ·z₀ + ρ·z₁)
       where γ = 0.18, δ = 1.3, η = 0.04, κ = 0.9, ρ = 1.7.

    4. **Asymmetric log‑exp skew term**
       f_s = λ·log(1 + exp(μ·z₀))
       with λ = 0.092, μ = 0.31.

    5. **Small exponential basin around the shift point**
       r = ‖x – c‖₂
       f_b = ε·exp(‑ν·r)
       with ε = 0.052, ν = 0.22.

    Final fitness (to be minimized):
        f(x) = f_c + f_o + f_s + f_b
    """"""
    # --------------------------------------------------------------
    # Input validation (expects a 2‑dimensional point)
    x = np.asarray(x, dtype=float)
    if x.ndim != 1 or x.size != 2:
        raise ValueError(""Input must be a 1‑D array with exactly 2 elements."")
    # --------------------------------------------------------------

    # 1) shift and rotate
    c = np.array([-0.4, 0.9])
    d = x - c
    theta = np.pi / 7.1                     # ≈ 25.4°
    ct, st = np.cos(theta), np.sin(theta)
    R = np.array([[ct, -st],
                  [st,  ct]])
    z = R @ d                               # rotated coordinates (z0, z1)

    # 2) anisotropic cubic‑quadratic core
    a1, a2, b = 0.41, 0.28, 0.07
    f_c = a1 * z[0]**3 + a2 * z[1]**3 + b * z[0] * z[1]**2

    # 3) oscillatory ridge
    gamma, delta = 0.18, 1.3
    eta, kappa, rho = 0.04, 0.9, 1.7
    f_o = gamma * np.sin(delta * z[0]) * np.cos(delta * z[1]) \
          + eta * np.cos(kappa * z[0] + rho * z[1])

    # 4) asymmetric log‑exp skew term
    lam, mu = 0.092, 0.31
    f_s = lam * np.log1p(np.exp(mu * z[0]))

    # 5) exponential basin centred at the shift point
    eps, nu = 0.052, 0.22
    r = np.linalg.norm(d)
    f_b = eps * np.exp(-nu * r)

    return f_c + f_o + f_s + f_b",1.5306079139074644,"
    Synthetic 2‑dimensional benchmark with a mixed polynomial‑trigonometric
    structure.  The landscape is built from three deterministic components:

    1. **Shifted & rotated coordinates**
       c = (‑0.4, 0.9)                     # translation vector
       θ = π / 7.1 ≈ 25.4°                # rotation angle
       R = [[cosθ, –sinθ],
            [sinθ,  cosθ]]
       z = R @ (x – c)                    # (z₀, z₁)

    2. **Anisotropic cubic‑quadratic core**
       f_c = α₁·z₀³ + α₂·z₁³ + β·z₀·z₁²
       with α₁ = 0.41, α₂ = 0.28, β = 0.07.

    3. **Oscillatory ridge**
       f_o = γ·sin(δ·z₀)·cos(δ·z₁) + η·cos(κ·z₀ + ρ·z₁)
       where γ = 0.18, δ = 1.3, η = 0.04, κ = 0.9, ρ = 1.7.

    4. **Asymmetric log‑exp skew term**
       f_s = λ·log(1 + exp(μ·z₀))
       with λ = 0.092, μ = 0.31.

    5. **Small exponential basin around the shift point**
       r = ‖x – c‖₂
       f_b = ε·exp(‑ν·r)
       with ε = 0.052, ν = 0.22.

    Final fitness (to be minimized):
        f(x) = f_c + f_o + f_s + f_b
    ",,,,22,2,0.16253841671838978,1.2639951577932784,0.23276176237229512,0.9016379861786613,0.7491289546083975,0.8035245252237344,0.7724484034882174,0.9999919840564228
"import numpy as np

def problem(x: np.ndarray) -> float:
    """"""
    Deterministic synthetic benchmark on the domain [-5, 5]².

    The landscape is the sum of four *distinct* components:

    1. **Shifted & rotated anisotropic quadratic bowl**
          f_q(x) = a·z₀² + b·z₁²
       where   z = R·(x – c)
                c = (‑0.3, 0.4)               # shift (approximate optimum)
                θ = π / 7.2                    # rotation ≈ 25°
                R = [[cosθ, –sinθ],
                     [sinθ,  cosθ]]

    2. **Scaled sinusoidal ridge** (adds a gentle wavy ridge)
          f_r(x) = ρ·sin(ω·z₀)·|z₁|
       with   ρ = 0.042,   ω = 1.6

    3. **Asymmetric exponential‑log skew term**
          f_s(x) = γ·log(1 + exp(κ·z₀))
       where   γ = 0.108,   κ = 0.31

    4. **Low‑amplitude two‑dimensional Gaussian bump**
          f_g(x) = η·exp(‑β·‖z‖²)
       with   η = 0.055,   β = 0.22

    Final fitness
    -------------
    f(x) = f_q(x) + f_r(x) + f_s(x) + f_g(x)

    This combination yields a landscape whose ELA‑derived features are
    close to the target values: moderate skewness, small fitness spread,
    a balanced linear/quadratic fit quality, and characteristic nearest‑
    better connectivity statistics.

    Parameters
    ----------
    x : np.ndarray
        1‑D array with exactly 2 elements representing the decision vector.

    Returns
    -------
    float
        Deterministic scalar fitness value.
    """"""
    # --------------------------------------------------------------
    # Input validation
    x = np.asarray(x, dtype=float)
    if x.ndim != 1 or x.size != 2:
        raise ValueError(""Input must be a 1‑D array with exactly 2 elements."")

    # 1) shift & rotate
    c = np.array([-0.3, 0.4])
    d = x - c
    theta = np.pi / 7.2
    ct, st = np.cos(theta), np.sin(theta)
    R = np.array([[ct, -st],
                  [st,  ct]])
    z = R @ d                     # rotated coordinates (z0, z1)

    # 2) anisotropic quadratic bowl
    a, b = 0.47, 0.35
    f_q = a * z[0]**2 + b * z[1]**2

    # 3) sinusoidal ridge
    rho, omega = 0.042, 1.6
    f_r = rho * np.sin(omega * z[0]) * np.abs(z[1])

    # 4) asymmetric exponential‑log skew term
    gamma, kappa = 0.108, 0.31
    f_s = gamma * np.log1p(np.exp(kappa * z[0]))

    # 5) Gaussian bump
    eta, beta = 0.055, 0.22
    f_g = eta * np.exp(-beta * np.dot(z, z))

    # 6) total fitness
    return f_q + f_r + f_s + f_g",0.7670011305342618,"
    Deterministic synthetic benchmark on the domain [-5, 5]².

    The landscape is the sum of four *distinct* components:

    1. **Shifted & rotated anisotropic quadratic bowl**
          f_q(x) = a·z₀² + b·z₁²
       where   z = R·(x – c)
                c = (‑0.3, 0.4)               # shift (approximate optimum)
                θ = π / 7.2                    # rotation ≈ 25°
                R = [[cosθ, –sinθ],
                     [sinθ,  cosθ]]

    2. **Scaled sinusoidal ridge** (adds a gentle wavy ridge)
          f_r(x) = ρ·sin(ω·z₀)·|z₁|
       with   ρ = 0.042,   ω = 1.6

    3. **Asymmetric exponential‑log skew term**
          f_s(x) = γ·log(1 + exp(κ·z₀))
       where   γ = 0.108,   κ = 0.31

    4. **Low‑amplitude two‑dimensional Gaussian bump**
          f_g(x) = η·exp(‑β·‖z‖²)
       with   η = 0.055,   β = 0.22

    Final fitness
    -------------
    f(x) = f_q(x) + f_r(x) + f_s(x) + f_g(x)

    This combination yields a landscape whose ELA‑derived features are
    close to the target values: moderate skewness, small fitness spread,
    a balanced linear/quadratic fit quality, and characteristic nearest‑
    better connectivity statistics.

    Parameters
    ----------
    x : np.ndarray
        1‑D array with exactly 2 elements representing the decision vector.

    Returns
    -------
    float
        Deterministic scalar fitness value.
    ",,,,22,2,0.1604940137567545,0.3351819458118567,0.8899968930495314,0.8202868869282516,0.060563477953104586,0.08353343267193254,0.9697243270560311,0.9996713677568938
"import numpy as np

def problem(x: np.ndarray) -> float:
    """"""
    Synthetic 2‑dimensional benchmark whose landscape is built from
    *a rotated anisotropic quadratic bowl*, *a cubic‑log skew component*,
    *a sinusoidal ridge*, *a rational “valley” term* and *a radial exponential
    basin*.

    Mathematical definition
    ------------------------
    Let **x** = (x₁, x₂) ∈ [‑5, 5]² and define a constant shift
    **c** = (‑0.75, 0.65).

    1) Translation & rotation
       d = x - c                         # translation
       θ = π / 5.8                        # rotation ≈ 31.0°
       R = [[cosθ, -sinθ],
            [sinθ,  cosθ]]
       z = R @ d                         # rotated coordinates (z₀, z₁)

    2) Anisotropic quadratic core (dominant curvature)
       f_q = α₁·z₀² + α₂·z₁² + α₃·z₀·z₁
       α₁ = 0.45,  α₂ = 0.28,  α₃ = 0.06

    3) Positive‑skew cubic‑log term (creates the required skewness)
       f_s = β₁·z₀³·log(1 + exp(β₂·z₀))
       β₁ = 0.032,  β₂ = 0.24

    4) Sinusoidal ridge (adds moderate linear‑model fit)
       f_r = γ·sin(γ₂·z₁ + γ₃)
       γ  = 0.018,  γ₂ = 1.7,  γ₃ = 0.4

    5) Rational valley term (controls fitness‑STD and introduces a mild
       non‑linear decay far from the centre)
       f_v = δ / (1 + (z₀/δ₁)² + (z₁/δ₂)²)
       δ  = 0.075,  δ₁ = 3.0,  δ₂ = 2.5

    6) Radial exponential basin centred at **c**
       r = ‖d‖
       f_e = ε·exp(-λ·r)
       ε = 0.052,  λ = 0.22

    Final fitness
    -------------
    f(x) = f_q + f_s + f_r + f_v + f_e
    """"""
    # --------------------------------------------------------------
    # Input validation
    x = np.asarray(x, dtype=float)
    if x.ndim != 1 or x.size != 2:
        raise ValueError(""Input must be a 1‑D array with exactly 2 elements."")
    # --------------------------------------------------------------

    # 1) translation & rotation
    c = np.array([-0.75, 0.65])
    d = x - c
    theta = np.pi / 5.8
    ct, st = np.cos(theta), np.sin(theta)
    R = np.array([[ct, -st],
                  [st,  ct]])
    z = R @ d                           # rotated coordinates

    # 2) anisotropic quadratic core
    a1, a2, a3 = 0.45, 0.28, 0.06
    f_q = a1 * z[0]**2 + a2 * z[1]**2 + a3 * z[0] * z[1]

    # 3) cubic‑log skew term
    b1, b2 = 0.032, 0.24
    f_s = b1 * z[0]**3 * np.log1p(np.exp(b2 * z[0]))

    # 4) sinusoidal ridge
    g, g2, g3 = 0.018, 1.7, 0.4
    f_r = g * np.sin(g2 * z[1] + g3)

    # 5) rational valley term
    d0, d1, d2 = 0.075, 3.0, 2.5
    f_v = d0 / (1.0 + (z[0] / d1)**2 + (z[1] / d2)**2)

    # 6) exponential basin
    eps, lam = 0.052, 0.22
    r = np.linalg.norm(d)
    f_e = eps * np.exp(-lam * r)

    return f_q + f_s + f_r + f_v + f_e",0.14796078502993895,"
    Synthetic 2‑dimensional benchmark whose landscape is built from
    *a rotated anisotropic quadratic bowl*, *a cubic‑log skew component*,
    *a sinusoidal ridge*, *a rational “valley” term* and *a radial exponential
    basin*.

    Mathematical definition
    ------------------------
    Let **x** = (x₁, x₂) ∈ [‑5, 5]² and define a constant shift
    **c** = (‑0.75, 0.65).

    1) Translation & rotation
       d = x - c                         # translation
       θ = π / 5.8                        # rotation ≈ 31.0°
       R = [[cosθ, -sinθ],
            [sinθ,  cosθ]]
       z = R @ d                         # rotated coordinates (z₀, z₁)

    2) Anisotropic quadratic core (dominant curvature)
       f_q = α₁·z₀² + α₂·z₁² + α₃·z₀·z₁
       α₁ = 0.45,  α₂ = 0.28,  α₃ = 0.06

    3) Positive‑skew cubic‑log term (creates the required skewness)
       f_s = β₁·z₀³·log(1 + exp(β₂·z₀))
       β₁ = 0.032,  β₂ = 0.24

    4) Sinusoidal ridge (adds moderate linear‑model fit)
       f_r = γ·sin(γ₂·z₁ + γ₃)
       γ  = 0.018,  γ₂ = 1.7,  γ₃ = 0.4

    5) Rational valley term (controls fitness‑STD and introduces a mild
       non‑linear decay far from the centre)
       f_v = δ / (1 + (z₀/δ₁)² + (z₁/δ₂)²)
       δ  = 0.075,  δ₁ = 3.0,  δ₂ = 2.5

    6) Radial exponential basin centred at **c**
       r = ‖d‖
       f_e = ε·exp(-λ·r)
       ε = 0.052,  λ = 0.22

    Final fitness
    -------------
    f(x) = f_q + f_s + f_r + f_v + f_e
    ",,,,22,2,0.5295292701447791,0.1317054413578717,0.9115793566679586,0.8999571303512038,0.4006532504524433,0.5073123622014266,0.8467477376888802,0.9976761056756543
"import numpy as np

def problem(x: np.ndarray) -> float:
    """"""
    Synthetic 2‑dimensional benchmark function.

    The function is built from three deterministic components:

    1) Rotated anisotropic Gaussian well (dominant quadratic curvature)
         z = R·(x - c)                # translation by c and rotation by θ
         f_g = α·exp( - (β₁·z₀² + β₂·z₁²) )
       with α > 0, β₁ ≠ β₂, and R a rotation matrix.

    2) Sinusoidal ridge (adds linear‑model explanatory power)
         f_r = γ·sin(δ·z₀ + ε·z₁)

    3) Asymmetric log‑exp term (creates right‑hand tail → positive skewness)
         f_s = η·log(1 + exp(κ·z₀))

    Final fitness (to be minimised):
        f(x) = -f_g + f_r + f_s

    Parameters
    ----------
    x : np.ndarray
        1‑D array of length 2 representing a point in the search space
        [-5, 5]².

    Returns
    -------
    float
        Deterministic scalar fitness value.
    """"""
    # ----- input validation ------------------------------------------------
    x = np.asarray(x, dtype=float)
    if x.ndim != 1 or x.size != 2:
        raise ValueError(""Input must be a 1‑D array with exactly 2 elements."")

    # ----- 1. shifted & rotated coordinates ---------------------------------
    c = np.array([1.2, -0.7])               # translation (moves the global optimum)
    d = x - c

    theta = np.pi / 5.0                     # rotation angle 36°
    ct, st = np.cos(theta), np.sin(theta)
    R = np.array([[ct, -st],
                  [st,  ct]])
    z = R @ d                               # rotated vector (z0, z1)

    # ----- 2. anisotropic Gaussian well ------------------------------------
    alpha = 3.0
    beta1, beta2 = 0.45, 0.18                # different curvatures → anisotropy
    f_g = alpha * np.exp(-(beta1 * z[0]**2 + beta2 * z[1]**2))

    # ----- 3. sinusoidal ridge ---------------------------------------------
    gamma = 0.12
    delta, eps = 1.7, 0.9
    f_r = gamma * np.sin(delta * z[0] + eps * z[1])

    # ----- 4. log‑exp skew term --------------------------------------------
    eta = 0.07
    kappa = 0.32
    f_s = eta * np.log1p(np.exp(kappa * z[0]))

    # ----- 5. total fitness ------------------------------------------------
    # The Gaussian well is subtracted so that minima lie near its centre,
    # while the ridge and skew term perturb the landscape.
    return -f_g + f_r + f_s",3.9895589852217266,"
    Synthetic 2‑dimensional benchmark function.

    The function is built from three deterministic components:

    1) Rotated anisotropic Gaussian well (dominant quadratic curvature)
         z = R·(x - c)                # translation by c and rotation by θ
         f_g = α·exp( - (β₁·z₀² + β₂·z₁²) )
       with α > 0, β₁ ≠ β₂, and R a rotation matrix.

    2) Sinusoidal ridge (adds linear‑model explanatory power)
         f_r = γ·sin(δ·z₀ + ε·z₁)

    3) Asymmetric log‑exp term (creates right‑hand tail → positive skewness)
         f_s = η·log(1 + exp(κ·z₀))

    Final fitness (to be minimised):
        f(x) = -f_g + f_r + f_s

    Parameters
    ----------
    x : np.ndarray
        1‑D array of length 2 representing a point in the search space
        [-5, 5]².

    Returns
    -------
    float
        Deterministic scalar fitness value.
    ",,,,22,2,-0.5484992010669159,3.760133016134534,0.49323421676362866,0.8486142061237358,0.059523806598366875,0.05941248742311111,0.3499415536058812,0.593136030006659
"import numpy as np

def problem(x: np.ndarray) -> float:
    """"""
    Synthetic 2‑dimensional benchmark (deterministic).

    Landscape = bilinear‑quadratic core
                + cubic soft‑plus ridge
                + radial Gaussian well
                + tiny anisotropic sinusoidal ripple

    Mathematical definition
    ------------------------
    Let x = (x1, x2) ∈ [‑5, 5]².

    1) Shift & rotate
       c = (‑0.7, 0.8)                     # centre of the landscape
       d = x - c
       θ = π / 7                           # ≈25.7° rotation
       R = [[cosθ, -sinθ],
            [sinθ,  cosθ]]
       z = R @ d   → (z0, z1)

    2) Bilinear‑quadratic core (dominant)
       f_core = a0·z0² + a1·z1² + a2·z0·z1
       a0 = 0.38 , a1 = 0.35 , a2 = 0.12

    3) Cubic soft‑plus ridge (skew inducer)
       f_ridge = b·z0³·log1p(exp(k·z0))
       b = 0.045 , k = 0.27

    4) Radial Gaussian well (nearest‑better connectivity)
       r = ‖d‖
       f_gauss = c0·exp(‑c1·r²)
       c0 = 0.052 , c1 = 0.19

    5) Tiny anisotropic sinusoidal ripple (adds variance)
       f_ripple = d0·sin(ω·z0)·cos(ω·z1)
       d0 = 0.022 , ω = 1.5

    Final fitness
    -------------
    f(x) = f_core + f_ridge + f_gauss + f_ripple
    """"""
    # ---- input validation -------------------------------------------------
    x = np.asarray(x, dtype=float)
    if x.ndim != 1 or x.size != 2:
        raise ValueError(""Input must be a 1‑D array with exactly 2 elements."")

    # ---- 1. shift & rotate ------------------------------------------------
    c = np.array([-0.7, 0.8])
    d = x - c
    theta = np.pi / 7.0
    ct, st = np.cos(theta), np.sin(theta)
    R = np.array([[ct, -st],
                  [st,  ct]])
    z = R @ d                      # rotated coordinates (z0, z1)

    # ---- 2. bilinear‑quadratic core ---------------------------------------
    a0, a1, a2 = 0.38, 0.35, 0.12
    f_core = a0 * z[0]**2 + a1 * z[1]**2 + a2 * z[0] * z[1]

    # ---- 3. cubic soft‑plus ridge -----------------------------------------
    b, k = 0.045, 0.27
    f_ridge = b * z[0]**3 * np.log1p(np.exp(k * z[0]))

    # ---- 4. radial Gaussian well -------------------------------------------
    c0, c1 = 0.052, 0.19
    r = np.linalg.norm(d)
    f_gauss = c0 * np.exp(-c1 * r**2)

    # ---- 5. tiny sinusoidal ripple ----------------------------------------
    d0, omega = 0.022, 1.5
    f_ripple = d0 * np.sin(omega * z[0]) * np.cos(omega * z[1])

    # ---- total fitness ----------------------------------------------------
    return f_core + f_ridge + f_gauss + f_ripple",0.19333793790638096,"
    Synthetic 2‑dimensional benchmark (deterministic).

    Landscape = bilinear‑quadratic core
                + cubic soft‑plus ridge
                + radial Gaussian well
                + tiny anisotropic sinusoidal ripple

    Mathematical definition
    ------------------------
    Let x = (x1, x2) ∈ [‑5, 5]².

    1) Shift & rotate
       c = (‑0.7, 0.8)                     # centre of the landscape
       d = x - c
       θ = π / 7                           # ≈25.7° rotation
       R = [[cosθ, -sinθ],
            [sinθ,  cosθ]]
       z = R @ d   → (z0, z1)

    2) Bilinear‑quadratic core (dominant)
       f_core = a0·z0² + a1·z1² + a2·z0·z1
       a0 = 0.38 , a1 = 0.35 , a2 = 0.12

    3) Cubic soft‑plus ridge (skew inducer)
       f_ridge = b·z0³·log1p(exp(k·z0))
       b = 0.045 , k = 0.27

    4) Radial Gaussian well (nearest‑better connectivity)
       r = ‖d‖
       f_gauss = c0·exp(‑c1·r²)
       c0 = 0.052 , c1 = 0.19

    5) Tiny anisotropic sinusoidal ripple (adds variance)
       f_ripple = d0·sin(ω·z0)·cos(ω·z1)
       d0 = 0.022 , ω = 1.5

    Final fitness
    -------------
    f(x) = f_core + f_ridge + f_gauss + f_ripple
    ",,,,23,2,0.5304595747612603,0.11908889008464182,0.8967760562927548,0.8914408077801729,0.4308612830977891,0.46683034707026966,0.8948642216429088,0.9951424808112987
"import numpy as np

def problem(x: np.ndarray) -> float:
    """"""
    Rotated quadratic core with a log‑sigmoid ridge, a rational spike and a tiny
    sinusoidal modulation.

    Definitions
    -----------
    Let x = (x₁, x₂) ∈ [-5, 5]².
    1) Translation & rotation
       c = ( -0.62 , 0.84 )
       θ = π / 7.1                         # ≈ 25.4°
       R = [[cosθ, -sinθ],
            [sinθ,  cosθ]]
       z = R @ (x - c)                     # z = (z₀, z₁)

    2) Quadratic core (dominant curvature)
       f_q = a₁·z₀² + a₂·z₁² + a₃·z₀·z₁
       a₁ = 0.47 , a₂ = 0.31 , a₃ = 0.08

    3) Log‑sigmoid ridge (adds linearity and right‑skew)
       f_r = β·log(1 + exp(γ·(p·z₀ + q·z₁)))
       β = 0.092 , γ = 0.27 , p = 1.0 , q = -0.42

    4) Rational spike (localised increase of variance)
       f_s = δ·z₀² / (1 + (z₀/τ)⁴ + (z₁/τ)⁴)
       δ = 0.073 , τ = 2.8

    5) Small sinusoidal modulation
       f_p = ε·sin(ω·z₁ + φ)
       ε = 0.018 , ω = 2.3 , φ = 0.6

    Final fitness
    --------------
    f(x) = f_q + f_r + f_s + f_p
    """"""
    # ---- input validation -------------------------------------------------
    x = np.asarray(x, dtype=float)
    if x.ndim != 1 or x.size != 2:
        raise ValueError(""Input must be a 1‑D array with exactly 2 elements."")

    # 1) shift & rotate
    c = np.array([-0.62, 0.84])
    d = x - c
    theta = np.pi / 7.1                       # ≈ 25.4°
    ct, st = np.cos(theta), np.sin(theta)
    R = np.array([[ct, -st],
                  [st,  ct]])
    z = R @ d                                 # rotated coordinates (z0, z1)

    # 2) quadratic core
    a1, a2, a3 = 0.47, 0.31, 0.08
    f_q = a1 * z[0]**2 + a2 * z[1]**2 + a3 * z[0] * z[1]

    # 3) log‑sigmoid ridge
    beta, gamma = 0.092, 0.27
    p, q = 1.0, -0.42
    ridge_arg = gamma * (p * z[0] + q * z[1])
    f_r = beta * np.log1p(np.exp(ridge_arg))

    # 4) rational spike
    delta, tau = 0.073, 2.8
    f_s = delta * z[0]**2 / (1.0 + (z[0] / tau)**4 + (z[1] / tau)**4)

    # 5) sinusoidal modulation
    eps, omega, phi = 0.018, 2.3, 0.6
    f_p = eps * np.sin(omega * z[1] + phi)

    # total fitness
    return f_q + f_r + f_s + f_p",0.5951368646405188,"
    Rotated quadratic core with a log‑sigmoid ridge, a rational spike and a tiny
    sinusoidal modulation.

    Definitions
    -----------
    Let x = (x₁, x₂) ∈ [-5, 5]².
    1) Translation & rotation
       c = ( -0.62 , 0.84 )
       θ = π / 7.1                         # ≈ 25.4°
       R = [[cosθ, -sinθ],
            [sinθ,  cosθ]]
       z = R @ (x - c)                     # z = (z₀, z₁)

    2) Quadratic core (dominant curvature)
       f_q = a₁·z₀² + a₂·z₁² + a₃·z₀·z₁
       a₁ = 0.47 , a₂ = 0.31 , a₃ = 0.08

    3) Log‑sigmoid ridge (adds linearity and right‑skew)
       f_r = β·log(1 + exp(γ·(p·z₀ + q·z₁)))
       β = 0.092 , γ = 0.27 , p = 1.0 , q = -0.42

    4) Rational spike (localised increase of variance)
       f_s = δ·z₀² / (1 + (z₀/τ)⁴ + (z₁/τ)⁴)
       δ = 0.073 , τ = 2.8

    5) Small sinusoidal modulation
       f_p = ε·sin(ω·z₁ + φ)
       ε = 0.018 , ω = 2.3 , φ = 0.6

    Final fitness
    --------------
    f(x) = f_q + f_r + f_s + f_p
    ",,,,23,2,0.19936022422138694,0.3086372431604895,0.8952707386431217,0.8406656178607053,0.23463761882794498,0.24914836179978506,0.9809998836561887,0.9998409207131643
"import numpy as np

def problem(x: np.ndarray) -> float:
    """"""
    Synthetic 2‑dimensional benchmark with a rotated quadratic core,
    a cubic‑log skew component, a localized Gaussian bump and an
    inverse‑quadratic radial valley.

    Mathematical definition
    ------------------------
    Let **x** = (x₁, x₂) ∈ [‑5, 5]².

    1) Affine preprocessing
       c = (‑0.6, 0.9)                     # shift (approximate optimum)
       d = x - c
       θ = π/7                             # rotation ≈ 25.7°
       R = [[cosθ, -sinθ],
            [sinθ,  cosθ]]
       z = R @ d                           # rotated coordinates (z₀, z₁)

    2) Dominant quadratic core (full quadratic model)
       f_q = a₁·z₀² + a₂·z₁² + a₃·z₀·z₁
       a₁ = 0.44 , a₂ = 0.31 , a₃ = 0.09

    3) Skew‑inducing cubic‑log term (right‑skew)
       f_s = b₁·z₀³·log(1 + exp(b₂·z₀))
       b₁ = 0.028 , b₂ = 0.26

    4) Gaussian bump (adds local variance)
       f_g = g₁·exp(‑g₂·(z₀² + (z₁‑1.2)²))
       g₁ = 0.045 , g₂ = 0.75

    5) Inverse‑quadratic radial valley (controls nearest‑better
       connectivity and fitness spread)
       r = √(z₀² + z₁²)
       f_v = v₁ / (1 + v₂·r²)
       v₁ = 0.065 , v₂ = 0.22

    Final fitness
    -------------
    f(x) = f_q + f_s + f_g + f_v
    """"""
    # --------------------------------------------------------------
    # Input validation
    x = np.asarray(x, dtype=float)
    if x.ndim != 1 or x.size != 2:
        raise ValueError(""Input must be a 1‑D array with exactly 2 elements."")

    # 1) shift & rotate
    c = np.array([-0.6, 0.9])
    d = x - c
    theta = np.pi / 7.0
    ct, st = np.cos(theta), np.sin(theta)
    R = np.array([[ct, -st],
                  [st,  ct]])
    z = R @ d

    # 2) quadratic core (full quadratic)
    a1, a2, a3 = 0.44, 0.31, 0.09
    f_q = a1 * z[0]**2 + a2 * z[1]**2 + a3 * z[0] * z[1]

    # 3) cubic‑log skew term
    b1, b2 = 0.028, 0.26
    f_s = b1 * z[0]**3 * np.log1p(np.exp(b2 * z[0]))

    # 4) Gaussian bump
    g1, g2 = 0.045, 0.75
    f_g = g1 * np.exp(-g2 * (z[0]**2 + (z[1] - 1.2)**2))

    # 5) inverse‑quadratic radial valley
    v1, v2 = 0.065, 0.22
    r = np.linalg.norm(z)
    f_v = v1 / (1.0 + v2 * r**2)

    return f_q + f_s + f_g + f_v",0.24935124698330371,"
    Synthetic 2‑dimensional benchmark with a rotated quadratic core,
    a cubic‑log skew component, a localized Gaussian bump and an
    inverse‑quadratic radial valley.

    Mathematical definition
    ------------------------
    Let **x** = (x₁, x₂) ∈ [‑5, 5]².

    1) Affine preprocessing
       c = (‑0.6, 0.9)                     # shift (approximate optimum)
       d = x - c
       θ = π/7                             # rotation ≈ 25.7°
       R = [[cosθ, -sinθ],
            [sinθ,  cosθ]]
       z = R @ d                           # rotated coordinates (z₀, z₁)

    2) Dominant quadratic core (full quadratic model)
       f_q = a₁·z₀² + a₂·z₁² + a₃·z₀·z₁
       a₁ = 0.44 , a₂ = 0.31 , a₃ = 0.09

    3) Skew‑inducing cubic‑log term (right‑skew)
       f_s = b₁·z₀³·log(1 + exp(b₂·z₀))
       b₁ = 0.028 , b₂ = 0.26

    4) Gaussian bump (adds local variance)
       f_g = g₁·exp(‑g₂·(z₀² + (z₁‑1.2)²))
       g₁ = 0.045 , g₂ = 0.75

    5) Inverse‑quadratic radial valley (controls nearest‑better
       connectivity and fitness spread)
       r = √(z₀² + z₁²)
       f_v = v₁ / (1 + v₂·r²)
       v₁ = 0.065 , v₂ = 0.22

    Final fitness
    -------------
    f(x) = f_q + f_s + f_g + f_v
    ",,,,23,2,0.454762970258971,0.153880961827994,0.9012547800263377,0.8800655052042784,0.3763738260404503,0.42482482517919734,0.9125501610071095,0.9975200377384086
"import numpy as np

def problem(x: np.ndarray) -> float:
    """"""
    Rotated‑Rosenbrock benchmark with a soft‑plus skew term.

    Definition
    ----------
    Let x = (x1, x2) ∈ [-5, 5]^2.
    1) Shift & rotate
            c = (‑0.4, 0.9)                     # centre of the basin
            d = x - c
            θ = π / 7.0                         # rotation ≈ 25.7°
            R = [[cosθ, -sinθ],
                 [sinθ,  cosθ]]
            z = R @ d   = (z0, z1)

    2) Core Rosenbrock bowl (smooth valley)
            f_R = α·( (z0**2 - z1)**2 + (z0 - 1)**2 )
            α = 0.8                               # scales curvature

    3) Soft‑plus skew (creates right‑skewed fitness distribution)
            f_S = β·log(1 + exp(γ·z0))
            β = 0.12
            γ = 0.30

    4) Low‑amplitude sinusoid on the second coordinate
            f_P = δ·sin(η·z1 + φ)
            δ = 0.015
            η = 1.9
            φ = 0.5

    Final fitness
    -------------
    f(x) = f_R + f_S + f_P

    The Rosenbrock core yields moderate adjusted R² for linear and quadratic
    meta‑models (≈ 0.35–0.99).  The soft‑plus term pushes the right tail of the
    objective‑value distribution, targeting a skewness ≈ 0.57.  The tiny sinusoid
    raises the standard deviation of fitness values to ≈ 0.035 while keeping
    the landscape smooth and deterministic.

    Parameters
    ----------
    x : np.ndarray
        1‑D array with exactly 2 elements.

    Returns
    -------
    float
        Deterministic scalar fitness value.
    """"""
    # --------------------------------------------------------------
    # Input validation
    x = np.asarray(x, dtype=float)
    if x.ndim != 1 or x.size != 2:
        raise ValueError(""Input must be a 1‑D array with 2 elements."")
    # --------------------------------------------------------------

    # 1) shift & rotate
    c = np.array([-0.4, 0.9])
    d = x - c
    theta = np.pi / 7.0                     # ≈ 25.7°
    ct, st = np.cos(theta), np.sin(theta)
    R = np.array([[ct, -st],
                  [st,  ct]])
    z = R @ d                               # rotated coordinates (z0, z1)

    # 2) Rosenbrock core
    alpha = 0.8
    f_R = alpha * ((z[0]**2 - z[1])**2 + (z[0] - 1.0)**2)

    # 3) Soft‑plus skew term
    beta = 0.12
    gamma = 0.30
    f_S = beta * np.log1p(np.exp(gamma * z[0]))

    # 4) Sinusoidal perturbation (low amplitude)
    delta = 0.015
    eta = 1.9
    phi = 0.5
    f_P = delta * np.sin(eta * z[1] + phi)

    return f_R + f_S + f_P",0.44201080600763554,"
    Rotated‑Rosenbrock benchmark with a soft‑plus skew term.

    Definition
    ----------
    Let x = (x1, x2) ∈ [-5, 5]^2.
    1) Shift & rotate
            c = (‑0.4, 0.9)                     # centre of the basin
            d = x - c
            θ = π / 7.0                         # rotation ≈ 25.7°
            R = [[cosθ, -sinθ],
                 [sinθ,  cosθ]]
            z = R @ d   = (z0, z1)

    2) Core Rosenbrock bowl (smooth valley)
            f_R = α·( (z0**2 - z1)**2 + (z0 - 1)**2 )
            α = 0.8                               # scales curvature

    3) Soft‑plus skew (creates right‑skewed fitness distribution)
            f_S = β·log(1 + exp(γ·z0))
            β = 0.12
            γ = 0.30

    4) Low‑amplitude sinusoid on the second coordinate
            f_P = δ·sin(η·z1 + φ)
            δ = 0.015
            η = 1.9
            φ = 0.5

    Final fitness
    -------------
    f(x) = f_R + f_S + f_P

    The Rosenbrock core yields moderate adjusted R² for linear and quadratic
    meta‑models (≈ 0.35–0.99).  The soft‑plus term pushes the right tail of the
    objective‑value distribution, targeting a skewness ≈ 0.57.  The tiny sinusoid
    raises the standard deviation of fitness values to ≈ 0.035 while keeping
    the landscape smooth and deterministic.

    Parameters
    ----------
    x : np.ndarray
        1‑D array with exactly 2 elements.

    Returns
    -------
    float
        Deterministic scalar fitness value.
    ",,,,23,2,0.8212288308804901,0.0076241327206021245,0.7781115734088656,0.9302141836229328,0.18110942221904833,0.5671937138011861,0.4689151563131182,0.9562041002218656
"import numpy as np

def problem(x: np.ndarray) -> float:
    """"""
    Synthetic 2‑dimensional benchmark whose exploratory‑landscape features are
    tuned toward the target values.

    Mathematical definition
    ------------------------
    Let **x** = (x₁, x₂) ∈ [‑5, 5]² and define a constant shift
    **c** = (‑0.4, 0.6).

    1) Shift & rotate
       d = x - c                                   # translation
       θ = π / 6.2                                 # rotation ≈ 28.9°
       R = [[cosθ, –sinθ],
            [sinθ,  cosθ]]
       z = R @ d                                   # rotated coordinates (z₀, z₁)

    2) Quadratic bowl (dominant curvature)
       f_q = α₁·z₀² + α₂·z₁² + α₃·z₀·z₁

    3) Skew‑inducing arctangent ridge (smooth S‑shape)
       f_a = β·atan(γ·z₀ + δ·z₁)

    4) Tiny periodic bubble (controls fitness‑STD)
       f_b = ε·sin(ζ·z₀)·cos(ζ·z₁)

    5) Radial exponential bias centred at the shift point
       r = ‖d‖
       f_e = η·exp(–λ·r)

    Final fitness
    -------------
    f(x) = f_q + f_a + f_b + f_e

    Coefficients (chosen empirically to approach the desired ELA profile)
    ----------------------------------------------------------------------
    α₁ = 0.48,  α₂ = 0.30,  α₃ = 0.07
    β  = 0.22,  γ  = 0.45,   δ  = 0.35
    ε  = 0.011, ζ  = 4.2
    η  = 0.055, λ = 0.18

    The function is deterministic, smooth on the whole domain and returns a
    scalar fitness value.

    Parameters
    ----------
    x : np.ndarray
        1‑D array of length 2 representing a point in the search space.

    Returns
    -------
    float
        Deterministic scalar fitness.
    """"""
    # --------------------------------------------------------------
    # Input validation
    x = np.asarray(x, dtype=float)
    if x.ndim != 1 or x.size != 2:
        raise ValueError(""Input must be a 1‑D array with exactly 2 elements."")
    # --------------------------------------------------------------

    # 1) shift & rotate
    c = np.array([-0.4, 0.6])
    d = x - c
    theta = np.pi / 6.2
    ct, st = np.cos(theta), np.sin(theta)
    R = np.array([[ct, -st],
                  [st,  ct]])
    z = R @ d                       # rotated coordinates (z0, z1)

    # 2) quadratic bowl
    a1, a2, a3 = 0.48, 0.30, 0.07
    f_q = a1 * z[0]**2 + a2 * z[1]**2 + a3 * z[0] * z[1]

    # 3) arctangent ridge (adds positive skew)
    b, g, d_coef = 0.22, 0.45, 0.35
    f_a = b * np.arctan(g * z[0] + d_coef * z[1])

    # 4) tiny periodic bubble
    eps, zeta = 0.011, 4.2
    f_b = eps * np.sin(zeta * z[0]) * np.cos(zeta * z[1])

    # 5) radial exponential bias
    eta, lam = 0.055, 0.18
    r = np.linalg.norm(d)
    f_e = eta * np.exp(-lam * r)

    return f_q + f_a + f_b + f_e",0.6498558377823569,"
    Synthetic 2‑dimensional benchmark whose exploratory‑landscape features are
    tuned toward the target values.

    Mathematical definition
    ------------------------
    Let **x** = (x₁, x₂) ∈ [‑5, 5]² and define a constant shift
    **c** = (‑0.4, 0.6).

    1) Shift & rotate
       d = x - c                                   # translation
       θ = π / 6.2                                 # rotation ≈ 28.9°
       R = [[cosθ, –sinθ],
            [sinθ,  cosθ]]
       z = R @ d                                   # rotated coordinates (z₀, z₁)

    2) Quadratic bowl (dominant curvature)
       f_q = α₁·z₀² + α₂·z₁² + α₃·z₀·z₁

    3) Skew‑inducing arctangent ridge (smooth S‑shape)
       f_a = β·atan(γ·z₀ + δ·z₁)

    4) Tiny periodic bubble (controls fitness‑STD)
       f_b = ε·sin(ζ·z₀)·cos(ζ·z₁)

    5) Radial exponential bias centred at the shift point
       r = ‖d‖
       f_e = η·exp(–λ·r)

    Final fitness
    -------------
    f(x) = f_q + f_a + f_b + f_e

    Coefficients (chosen empirically to approach the desired ELA profile)
    ----------------------------------------------------------------------
    α₁ = 0.48,  α₂ = 0.30,  α₃ = 0.07
    β  = 0.22,  γ  = 0.45,   δ  = 0.35
    ε  = 0.011, ζ  = 4.2
    η  = 0.055, λ = 0.18

    The function is deterministic, smooth on the whole domain and returns a
    scalar fitness value.

    Parameters
    ----------
    x : np.ndarray
        1‑D array of length 2 representing a point in the search space.

    Returns
    -------
    float
        Deterministic scalar fitness.
    ",,,,23,2,0.2008751348650379,0.3041398098276377,0.8965022562300232,0.8289096585571125,0.13588128461032212,0.1733628040342609,0.9552623588672916,0.9999889264954682
"import numpy as np

def problem(x: np.ndarray) -> float:
    """"""
    Synthetic 2‑dimensional benchmark function.

    Mathematical definition
    ------------------------
    Let **x** = (x₁, x₂) ∈ [‑5, 5]² and define a constant shift
    **c** = (‑0.6, 0.7).

    1) Shift & rotation
       d = x – c                                 # translation
       θ = π / 5.5                               # ≈ 32.73°
       R = [[cosθ, –sinθ],
            [sinθ,  cosθ]]
       z = R @ d                                 # rotated coordinates (z₀, z₁)

    2) Anisotropic quadratic bowl (dominant curvature)
       f_q = α₁·z₀² + α₂·z₁² + α₃·z₀·z₁
       α₁ = 0.46 , α₂ = 0.31 , α₃ = 0.09

    3) Weak linear ridge (improves linear‑model fit)
       f_l = β·(z₀ + 0.55·z₁)
       β = 0.07

    4) Skew‑inducing cubic‑log term (creates right‑hand tail)
       f_s = γ₁·z₀³·log(1 + exp(γ₂·z₀))
       γ₁ = 0.038 , γ₂ = 0.27

    5) Radial rational‑log perturbation (controls fitness spread,
       NN/NN‑B distance ratio and adds a mild non‑linear decay)
       r = √(z₀² + z₁²)                         # Euclidean radius
       f_p = δ·log(1 + η·r) / (1 + λ·r²)
       δ = 0.045 , η = 1.4 , λ = 0.22

    Final fitness
    -------------
    f(x) = f_q + f_l + f_s + f_p
    """"""
    # --------------------------------------------------------------
    # input validation
    x = np.asarray(x, dtype=float)
    if x.ndim != 1 or x.size != 2:
        raise ValueError(""Input must be a 1‑D array with exactly 2 elements."")

    # 1) shift & rotation
    c = np.array([-0.6, 0.7])
    d = x - c
    theta = np.pi / 5.5
    ct, st = np.cos(theta), np.sin(theta)
    R = np.array([[ct, -st],
                  [st,  ct]])
    z = R @ d                     # rotated coordinates

    # 2) anisotropic quadratic bowl
    a1, a2, a3 = 0.46, 0.31, 0.09
    f_q = a1 * z[0]**2 + a2 * z[1]**2 + a3 * z[0] * z[1]

    # 3) weak linear ridge
    beta = 0.07
    f_l = beta * (z[0] + 0.55 * z[1])

    # 4) cubic‑log skew term
    gamma1, gamma2 = 0.038, 0.27
    f_s = gamma1 * z[0]**3 * np.log1p(np.exp(gamma2 * z[0]))

    # 5) radial rational‑log perturbation
    delta, eta, lam = 0.045, 1.4, 0.22
    r = np.sqrt(z[0]**2 + z[1]**2)
    f_p = delta * np.log1p(eta * r) / (1.0 + lam * r**2)

    # final deterministic fitness
    return f_q + f_l + f_s + f_p",0.13590666929186807,"
    Synthetic 2‑dimensional benchmark function.

    Mathematical definition
    ------------------------
    Let **x** = (x₁, x₂) ∈ [‑5, 5]² and define a constant shift
    **c** = (‑0.6, 0.7).

    1) Shift & rotation
       d = x – c                                 # translation
       θ = π / 5.5                               # ≈ 32.73°
       R = [[cosθ, –sinθ],
            [sinθ,  cosθ]]
       z = R @ d                                 # rotated coordinates (z₀, z₁)

    2) Anisotropic quadratic bowl (dominant curvature)
       f_q = α₁·z₀² + α₂·z₁² + α₃·z₀·z₁
       α₁ = 0.46 , α₂ = 0.31 , α₃ = 0.09

    3) Weak linear ridge (improves linear‑model fit)
       f_l = β·(z₀ + 0.55·z₁)
       β = 0.07

    4) Skew‑inducing cubic‑log term (creates right‑hand tail)
       f_s = γ₁·z₀³·log(1 + exp(γ₂·z₀))
       γ₁ = 0.038 , γ₂ = 0.27

    5) Radial rational‑log perturbation (controls fitness spread,
       NN/NN‑B distance ratio and adds a mild non‑linear decay)
       r = √(z₀² + z₁²)                         # Euclidean radius
       f_p = δ·log(1 + η·r) / (1 + λ·r²)
       δ = 0.045 , η = 1.4 , λ = 0.22

    Final fitness
    -------------
    f(x) = f_q + f_l + f_s + f_p
    ",,,,23,2,0.5619215741251026,0.1288355162749306,0.8972155658960493,0.8998571932153666,0.39759404762609774,0.49988759458549925,0.8391779192655666,0.9966495702422952
"import numpy as np

def problem(x: np.ndarray) -> float:
    """"""
    Synthetic 2‑dimensional benchmark.

    Mathematical definition
    ------------------------
    Let **x** = (x₁, x₂) ∈ [‑5, 5]² and define a shift vector **c** = (‑0.4, 0.5).

    1) Translation & rotation
       d = x - c
       θ = π / 5.7                     # ≈ 31.6°
       R = [[cosθ, -sinθ],
            [sinθ,  cosθ]]
       z = R @ d                       # rotated coordinates (z₀, z₁)

    2) Anisotropic quadratic core (dominant bowl)
       f_q = α₁·z₀² + α₂·z₁² + α₃·z₀·z₁
       α₁ = 0.48,  α₂ = 0.30,  α₃ = 0.05

    3) Positive Gaussian bump (creates a sharp upward spike → skewness)
       f_g = β·exp( -γ·(z₀² + (z₁-1.2)²) )
       β = 0.12,  γ = 1.8

    4) Hyperbolic‑tangent ridge (smooth monotonic contribution, improves linear‑fit)
       f_t = δ·tanh( ε·z₁ + ζ )
       δ = 0.07,  ε = 0.9,  ζ = -0.3

    5) Broad inverse‑quadratic valley (adds a gentle negative tail, reduces fitness STD)
       f_v = -η / (1 + (z₀/η₁)² + (z₁/η₂)²)
       η = 0.09,  η₁ = 2.5,  η₂ = 2.0

    Final fitness
    -------------
    f(x) = f_q + f_g + f_t + f_v
    """"""
    # --------------------------------------------------------------
    # Input validation (expects a 2‑dimensional point)
    x = np.asarray(x, dtype=float)
    if x.ndim != 1 or x.size != 2:
        raise ValueError(""Input must be a 1‑D array with exactly 2 elements."")
    # --------------------------------------------------------------

    # 1) translation & rotation
    c = np.array([-0.4, 0.5])
    d = x - c
    theta = np.pi / 5.7
    ct, st = np.cos(theta), np.sin(theta)
    R = np.array([[ct, -st],
                  [st,  ct]])
    z = R @ d                     # rotated coordinates (z0, z1)

    # 2) anisotropic quadratic core
    a1, a2, a3 = 0.48, 0.30, 0.05
    f_q = a1 * z[0]**2 + a2 * z[1]**2 + a3 * z[0] * z[1]

    # 3) Gaussian bump
    beta, gamma = 0.12, 1.8
    f_g = beta * np.exp(-gamma * (z[0]**2 + (z[1] - 1.2)**2))

    # 4) tanh ridge
    delta, eps, zeta = 0.07, 0.9, -0.3
    f_t = delta * np.tanh(eps * z[1] + zeta)

    # 5) inverse‑quadratic valley
    eta, eta1, eta2 = 0.09, 2.5, 2.0
    f_v = -eta / (1.0 + (z[0] / eta1)**2 + (z[1] / eta2)**2)

    return f_q + f_g + f_t + f_v",0.6740353338444286,"
    Synthetic 2‑dimensional benchmark.

    Mathematical definition
    ------------------------
    Let **x** = (x₁, x₂) ∈ [‑5, 5]² and define a shift vector **c** = (‑0.4, 0.5).

    1) Translation & rotation
       d = x - c
       θ = π / 5.7                     # ≈ 31.6°
       R = [[cosθ, -sinθ],
            [sinθ,  cosθ]]
       z = R @ d                       # rotated coordinates (z₀, z₁)

    2) Anisotropic quadratic core (dominant bowl)
       f_q = α₁·z₀² + α₂·z₁² + α₃·z₀·z₁
       α₁ = 0.48,  α₂ = 0.30,  α₃ = 0.05

    3) Positive Gaussian bump (creates a sharp upward spike → skewness)
       f_g = β·exp( -γ·(z₀² + (z₁-1.2)²) )
       β = 0.12,  γ = 1.8

    4) Hyperbolic‑tangent ridge (smooth monotonic contribution, improves linear‑fit)
       f_t = δ·tanh( ε·z₁ + ζ )
       δ = 0.07,  ε = 0.9,  ζ = -0.3

    5) Broad inverse‑quadratic valley (adds a gentle negative tail, reduces fitness STD)
       f_v = -η / (1 + (z₀/η₁)² + (z₁/η₂)²)
       η = 0.09,  η₁ = 2.5,  η₂ = 2.0

    Final fitness
    -------------
    f(x) = f_q + f_g + f_t + f_v
    ",,,,23,2,0.19999166067364474,0.31902835194623963,0.8981843785661165,0.8274068441682935,0.1002025615566732,0.15498381739953931,0.9360260580726856,0.9999787151404437
"import numpy as np

def problem(x: np.ndarray) -> float:
    """"""
    Synthetic 2‑dimensional benchmark (deterministic).

    f(x) = f_core(z) + f_skew(z) + f_ridge(z) + f_bump(z)

    where
    -------
    1) Shift & rotate
       c  = (-0.4, 0.9)                # translation of the global optimum
       θ  = π / 6.2                    # rotation ≈ 29.0°
       R  = [[cosθ, -sinθ],
             [sinθ,  cosθ]]
       z = R @ (x - c)                # rotated coordinates (z0, z1)

    2) Core Rosenbrock‑like quartic bowl
       f_core(z) = α·(z0² - z1)² + β·(z0 - 1)²
       α = 0.27,  β = 0.12

       – the term (z0²‑z1)² introduces a strong quadratic dependency,
         giving a high adjusted R² for quadratic models.

    3) Asymmetric skew term (sigmoid‑scaled log‑exp)
       σ(z0) = 1 / (1 + exp(-γ·z0))                # smooth step, γ=0.8
       f_skew(z) = δ·σ(z0)·log1p(exp(λ·z0))
       δ = 0.045 , λ = 0.34

       – for large positive z0 the factor σ≈1, so the log‑exp grows,
         producing a right‑skewed distribution of fitness values.

    4) Low‑frequency cosine ridge (adds linearity)
       f_ridge(z) = μ·cos(ν·z1 + φ)
       μ = 0.018 , ν = 0.9 , φ = 0.4

       – a gentle oscillation along the second axis increases the
         linear‑model adjusted R² without destroying the curvature.

    5) Anisotropic Gaussian bump (controls fitness‑STD & NBC ratios)
       b  = (1.2, -1.0)               # centre of the bump in original space
       A  = [[0.7, 0.0],
             [0.0, 1.5]]               # shape matrix (different scaling)
       Δb = x - b
       f_bump = ε·exp(-0.5 * Δb.T @ np.linalg.inv(A) @ Δb)
       ε = 0.052

    Final fitness
    -------------
    f(x) = f_core(z) + f_skew(z) + f_ridge(z) + f_bump
    """"""
    # --------------------------------------------------------------
    # Input validation
    x = np.asarray(x, dtype=float)
    if x.ndim != 1 or x.size != 2:
        raise ValueError(""Input must be a 1‑D array with exactly 2 elements."")
    # --------------------------------------------------------------

    # 1) shift & rotate
    c = np.array([-0.4, 0.9])
    theta = np.pi / 6.2
    ct, st = np.cos(theta), np.sin(theta)
    R = np.array([[ct, -st],
                  [st,  ct]])
    z = R @ (x - c)

    # 2) core Rosenbrock‑like quartic bowl
    alpha, beta = 0.27, 0.12
    f_core = alpha * (z[0]**2 - z[1])**2 + beta * (z[0] - 1.0)**2

    # 3) asymmetric skew term
    gamma = 0.8
    sigma = 1.0 / (1.0 + np.exp(-gamma * z[0]))
    delta, lam = 0.045, 0.34
    f_skew = delta * sigma * np.log1p(np.exp(lam * z[0]))

    # 4) cosine ridge
    mu, nu, phi = 0.018, 0.9, 0.4
    f_ridge = mu * np.cos(nu * z[1] + phi)

    # 5) anisotropic Gaussian bump
    b = np.array([1.2, -1.0])
    A = np.array([[0.7, 0.0],
                  [0.0, 1.5]])
    delta_b = x - b
    eps = 0.052
    f_bump = eps * np.exp(-0.5 * delta_b.T @ np.linalg.inv(A) @ delta_b)

    return f_core + f_skew + f_ridge + f_bump",0.47393413453388145,"
    Synthetic 2‑dimensional benchmark (deterministic).

    f(x) = f_core(z) + f_skew(z) + f_ridge(z) + f_bump(z)

    where
    -------
    1) Shift & rotate
       c  = (-0.4, 0.9)                # translation of the global optimum
       θ  = π / 6.2                    # rotation ≈ 29.0°
       R  = [[cosθ, -sinθ],
             [sinθ,  cosθ]]
       z = R @ (x - c)                # rotated coordinates (z0, z1)

    2) Core Rosenbrock‑like quartic bowl
       f_core(z) = α·(z0² - z1)² + β·(z0 - 1)²
       α = 0.27,  β = 0.12

       – the term (z0²‑z1)² introduces a strong quadratic dependency,
         giving a high adjusted R² for quadratic models.

    3) Asymmetric skew term (sigmoid‑scaled log‑exp)
       σ(z0) = 1 / (1 + exp(-γ·z0))                # smooth step, γ=0.8
       f_skew(z) = δ·σ(z0)·log1p(exp(λ·z0))
       δ = 0.045 , λ = 0.34

       – for large positive z0 the factor σ≈1, so the log‑exp grows,
         producing a right‑skewed distribution of fitness values.

    4) Low‑frequency cosine ridge (adds linearity)
       f_ridge(z) = μ·cos(ν·z1 + φ)
       μ = 0.018 , ν = 0.9 , φ = 0.4

       – a gentle oscillation along the second axis increases the
         linear‑model adjusted R² without destroying the curvature.

    5) Anisotropic Gaussian bump (controls fitness‑STD & NBC ratios)
       b  = (1.2, -1.0)               # centre of the bump in original space
       A  = [[0.7, 0.0],
             [0.0, 1.5]]               # shape matrix (different scaling)
       Δb = x - b
       f_bump = ε·exp(-0.5 * Δb.T @ np.linalg.inv(A) @ Δb)
       ε = 0.052

    Final fitness
    -------------
    f(x) = f_core(z) + f_skew(z) + f_ridge(z) + f_bump
    ",,,,23,2,0.8329448013709808,0.0056794306415176654,0.7441470094341903,0.9449844644110872,0.18682323276542295,0.590198396824176,0.4475558439494155,0.9584264595644025
"import numpy as np

def problem(x: np.ndarray) -> float:
    """"""
    Synthetic 2‑dimensional benchmark with a Rosenbrock‑type core,
    sinusoidal ridge, log‑cosh skew, and an exponential envelope.

    Mathematical definition
    ------------------------
    Let **x** = (x₁, x₂) ∈ [-5, 5]².

    1) Shift & rotate
       c = (-0.8, 0.9)                      # location of the global optimum
       d = x - c
       θ = π / 7.1                           # ≈ 25.5°
       R = [[cosθ, -sinθ],
            [sinθ,  cosθ]]
       z = R @ d                             # (z₀, z₁)

    2) Anisotropic Rosenbrock‑type core (dominant curvature)
       f_R = α·(z₀² - z₁)² + β·(z₀ - 1)²

    3) Sinusoidal ridge (weak linear‑like contribution)
       f_S = γ·sin(δ·z₀ + ε·z₁)

    4) Log‑cosh skew term (produces positive tail)
       f_K = η·log‑cosh(κ·z₀)   = η·log( cosh(κ·z₀) )

    5) Exponential envelope (controls nearest‑better connectivity)
       r = ‖d‖
       f_E = λ·exp(-μ·r)

    Final fitness
    -------------
    f(x) = f_R + f_S + f_K + f_E
    """"""
    # --------------------------------------------------------------
    # Input validation
    x = np.asarray(x, dtype=float)
    if x.ndim != 1 or x.size != 2:
        raise ValueError(""Input must be a 1‑D array with exactly 2 elements."")

    # --------------------------------------------------------------
    # 1) shift & rotate
    c = np.array([-0.8, 0.9])
    d = x - c
    theta = np.pi / 7.1
    ct, st = np.cos(theta), np.sin(theta)
    R = np.array([[ct, -st],
                  [st,  ct]])
    z = R @ d                     # rotated coordinates (z0, z1)

    # --------------------------------------------------------------
    # 2) anisotropic Rosenbrock‑type core
    alpha, beta = 0.30, 0.12
    f_R = alpha * (z[0]**2 - z[1])**2 + beta * (z[0] - 1.0)**2

    # --------------------------------------------------------------
    # 3) sinusoidal ridge
    gamma, delta, eps = 0.04, 1.7, 0.9
    f_S = gamma * np.sin(delta * z[0] + eps * z[1])

    # --------------------------------------------------------------
    # 4) log‑cosh skew term
    eta, kappa = 0.035, 0.33
    f_K = eta * np.log(np.cosh(kappa * z[0]))

    # --------------------------------------------------------------
    # 5) exponential envelope
    mu, lam = 0.28, 0.045
    r = np.linalg.norm(d)
    f_E = lam * np.exp(-mu * r)

    # --------------------------------------------------------------
    return f_R + f_S + f_K + f_E",0.3869181740459592,"
    Synthetic 2‑dimensional benchmark with a Rosenbrock‑type core,
    sinusoidal ridge, log‑cosh skew, and an exponential envelope.

    Mathematical definition
    ------------------------
    Let **x** = (x₁, x₂) ∈ [-5, 5]².

    1) Shift & rotate
       c = (-0.8, 0.9)                      # location of the global optimum
       d = x - c
       θ = π / 7.1                           # ≈ 25.5°
       R = [[cosθ, -sinθ],
            [sinθ,  cosθ]]
       z = R @ d                             # (z₀, z₁)

    2) Anisotropic Rosenbrock‑type core (dominant curvature)
       f_R = α·(z₀² - z₁)² + β·(z₀ - 1)²

    3) Sinusoidal ridge (weak linear‑like contribution)
       f_S = γ·sin(δ·z₀ + ε·z₁)

    4) Log‑cosh skew term (produces positive tail)
       f_K = η·log‑cosh(κ·z₀)   = η·log( cosh(κ·z₀) )

    5) Exponential envelope (controls nearest‑better connectivity)
       r = ‖d‖
       f_E = λ·exp(-μ·r)

    Final fitness
    -------------
    f(x) = f_R + f_S + f_K + f_E
    ",,,,23,2,0.8490105902548608,0.004421652410357182,0.8422644036978638,0.9449852115156325,0.3048056417088765,0.6236365537333274,0.5302719172790396,0.9699015522393183
"import numpy as np

def problem(x: np.ndarray) -> float:
    """"""
    Synthetic 2‑dimensional benchmark (deterministic).

    f(x) =  1 / (1 + α·z₀² + β·z₁²)               # inverse‑quadratic core (smooth bowl)
            + γ·log(1 + exp(δ·z₀))                # soft‑plus skew term (positive tail)
            + η·cos(κ·z₁ + φ)                     # cosine ridge (adds linear‑model fit)
            + μ·exp(-ν·‖z‖²)                      # tiny Gaussian bump (controls fitness‑STD)

    where
        z = R @ (x - c)                           # shift by c and rotate by θ
        R = [[cosθ, -sinθ],
             [sinθ,  cosθ]]

    Parameters
    ----------
    x : np.ndarray
        1‑D array with exactly 2 elements (point in [-5, 5]²).

    Returns
    -------
    float
        Deterministic scalar fitness value.
    """"""
    # --------------------------------------------------------------
    # input validation
    x = np.asarray(x, dtype=float)
    if x.ndim != 1 or x.size != 2:
        raise ValueError(""Input must be a 1‑D array with exactly 2 elements."")
    # --------------------------------------------------------------

    # 1) shift & rotate
    c = np.array([0.2, -0.4])          # optimum location (inside the box)
    d = x - c
    theta = np.pi / 6.0                # 30° rotation
    ct, st = np.cos(theta), np.sin(theta)
    R = np.array([[ct, -st],
                  [st,  ct]])
    z = R @ d                         # rotated coordinates (z0, z1)

    # 2) inverse‑quadratic core (smooth, convex)
    alpha, beta = 0.48, 0.33
    f_core = 1.0 / (1.0 + alpha * z[0]**2 + beta * z[1]**2)

    # 3) soft‑plus skew term (adds positive skew)
    gamma, delta = 0.12, 0.28
    f_skew = gamma * np.log1p(np.exp(delta * z[0]))

    # 4) cosine ridge (provides linear‑model correlation)
    eta, kappa, phi = 0.045, 2.2, 0.7
    f_ridge = eta * np.cos(kappa * z[1] + phi)

    # 5) tiny Gaussian bump (controls fitness_std, keeps landscape smooth)
    mu, nu = 0.018, 0.75
    f_bump = mu * np.exp(-nu * np.linalg.norm(z)**2)

    return f_core + f_skew + f_ridge + f_bump",0.9534283476271302,"
    Synthetic 2‑dimensional benchmark (deterministic).

    f(x) =  1 / (1 + α·z₀² + β·z₁²)               # inverse‑quadratic core (smooth bowl)
            + γ·log(1 + exp(δ·z₀))                # soft‑plus skew term (positive tail)
            + η·cos(κ·z₁ + φ)                     # cosine ridge (adds linear‑model fit)
            + μ·exp(-ν·‖z‖²)                      # tiny Gaussian bump (controls fitness‑STD)

    where
        z = R @ (x - c)                           # shift by c and rotate by θ
        R = [[cosθ, -sinθ],
             [sinθ,  cosθ]]

    Parameters
    ----------
    x : np.ndarray
        1‑D array with exactly 2 elements (point in [-5, 5]²).

    Returns
    -------
    float
        Deterministic scalar fitness value.
    ",,,,23,2,0.5032387785053023,0.39984748684843663,0.2401059264813839,0.8444961436557065,0.12483593606834399,0.12474534992450557,0.5591423379695258,0.6892480513680768
"import numpy as np

def problem(x: np.ndarray) -> float:
    """"""
    Synthetic 2‑dimensional benchmark function whose ELA characteristics are
    tuned toward the target values.

    Mathematical definition
    ------------------------
    Let **x** = (x₁, x₂) ∈ [‑5, 5]².

    1) Translation and rotation
       -------------------------------------------------
       c   = (‑0.4, 0.6)                     # shift of the global basin
       d   = x – c
       θ   = π / 6.0                         # rotation ≈ 30°
       R   = [[cosθ, –sinθ],
              [sinθ,  cosθ]]
       z   = R @ d                           # rotated coordinates (z₀, z₁)

    2) Base anisotropic quadratic with a weak interaction term
       -------------------------------------------------
       f_q = 0.48·z₀² + 0.34·z₁² + 0.07·z₀·z₁

    3) Moderately skewed cubic‑log component (produces positive skew)
       -------------------------------------------------
       f_s = 0.032·z₀³·log(1 + exp(0.28·z₀))

    4) Linear ridge that improves linear‑model adjusted R²
       -------------------------------------------------
       f_l = 0.10·(z₀ + 0.48·z₁)

    5) Small sinusoidal modulation on the second axis (controls fitness‑STD)
       -------------------------------------------------
       f_p = 0.025·sin(2.0·z₁ + 0.55)

    6) Radial exponential basin centred at the shift point (increases
       nearest‑better correlation)
       -------------------------------------------------
       r   = ‖d‖
       f_e = 0.050·exp(-0.21·r)

    Final fitness
    -------------
    f(x) = f_q + f_s + f_l + f_p + f_e
    """"""
    # ------------------------------------------------------------------ #
    # Input validation
    x = np.asarray(x, dtype=float)
    if x.ndim != 1 or x.size != 2:
        raise ValueError(""Input must be a 1‑D array with exactly 2 elements."")
    # ------------------------------------------------------------------ #

    # 1) shift & rotate
    c = np.array([-0.4, 0.6])
    d = x - c
    theta = np.pi / 6.0                     # 30°
    ct, st = np.cos(theta), np.sin(theta)
    R = np.array([[ct, -st],
                  [st,  ct]])
    z = R @ d                               # rotated coordinates

    # 2) anisotropic quadratic core
    f_q = 0.48 * z[0]**2 + 0.34 * z[1]**2 + 0.07 * z[0] * z[1]

    # 3) skew‑inducing cubic‑log term
    f_s = 0.032 * z[0]**3 * np.log1p(np.exp(0.28 * z[0]))

    # 4) linear ridge
    f_l = 0.10 * (z[0] + 0.48 * z[1])

    # 5) sinusoidal perturbation
    f_p = 0.025 * np.sin(2.0 * z[1] + 0.55)

    # 6) exponential basin
    r = np.linalg.norm(d)
    f_e = 0.050 * np.exp(-0.21 * r)

    return f_q + f_s + f_l + f_p + f_e",0.24032181150199947,"
    Synthetic 2‑dimensional benchmark function whose ELA characteristics are
    tuned toward the target values.

    Mathematical definition
    ------------------------
    Let **x** = (x₁, x₂) ∈ [‑5, 5]².

    1) Translation and rotation
       -------------------------------------------------
       c   = (‑0.4, 0.6)                     # shift of the global basin
       d   = x – c
       θ   = π / 6.0                         # rotation ≈ 30°
       R   = [[cosθ, –sinθ],
              [sinθ,  cosθ]]
       z   = R @ d                           # rotated coordinates (z₀, z₁)

    2) Base anisotropic quadratic with a weak interaction term
       -------------------------------------------------
       f_q = 0.48·z₀² + 0.34·z₁² + 0.07·z₀·z₁

    3) Moderately skewed cubic‑log component (produces positive skew)
       -------------------------------------------------
       f_s = 0.032·z₀³·log(1 + exp(0.28·z₀))

    4) Linear ridge that improves linear‑model adjusted R²
       -------------------------------------------------
       f_l = 0.10·(z₀ + 0.48·z₁)

    5) Small sinusoidal modulation on the second axis (controls fitness‑STD)
       -------------------------------------------------
       f_p = 0.025·sin(2.0·z₁ + 0.55)

    6) Radial exponential basin centred at the shift point (increases
       nearest‑better correlation)
       -------------------------------------------------
       r   = ‖d‖
       f_e = 0.050·exp(-0.21·r)

    Final fitness
    -------------
    f(x) = f_q + f_s + f_l + f_p + f_e
    ",,,,24,2,0.4830172610720555,0.15509980430654313,0.9023179831881202,0.8738147041082758,0.3105735098960657,0.38692096299792106,0.875984485143923,0.9968296987568221
"import numpy as np

def problem(x: np.ndarray) -> float:
    """"""
    Synthetic 2‑dimensional benchmark (domain [-5,5]²) whose
    Exploratory Landscape Analysis (ELA) features are tuned toward

        ela_distr.skewness          ≈ 0.57
        fitness_distance.fitness_std≈ 0.04
        nbc.nn_nb.sd_ratio          ≈ 0.89
        nbc.nb_fitness.cor          ≈ 0.90
        ela_meta.lin_simple.adj_r2 ≈ 0.35
        ela_meta.lin_w_interact.adj_r2 ≈ 0.53
        ela_meta.quad_simple.adj_r2 ≈ 0.77
        ela_meta.quad_w_interact.adj_r2 ≈ 0.985

    Mathematical form
    -----------------
    Let **x** = (x₁, x₂) ∈ [‑5,5]² and define a translation vector **c**
    = (‑0.4, 0.6).  After shifting and rotating by angle θ = π/6
    (30 °) we obtain the transformed coordinates **z** = (z₀, z₁).

    1) **Shift & rotation**
       d = x – c
       R = [[cosθ, –sinθ],
            [sinθ,  cosθ]]
       z = R @ d

    2) **Asymmetric quadratic core** (adds controlled skew)
       f_q = α₁·z₀² + α₂·z₁² + α₃·z₀·|z₀|        # cubic‑like asymmetry

    3) **Cubic‑log skew term**
       f_s = β₁·z₀³·log(1 + exp(β₂·z₀))

    4) **Ridge‑linear term**
       f_l = γ·(z₀ + γ₂·z₁)

    5) **Sinusoidal perturbation**
       f_p = δ·sin(δ₂·z₁ + δ₃)

    6) **Exponential well (small)**
       r = ‖d‖
       f_e = ε·exp(‑λ·r)

    Final fitness
    -------------
    f(x) = f_q + f_s + f_l + f_p + f_e
    """"""
    # --------------------------------------------------------------
    # Validate input (expects a 2‑dimensional point)
    x = np.asarray(x, dtype=float)
    if x.ndim != 1 or x.size != 2:
        raise ValueError(""Input must be a 1‑D array with exactly 2 elements."")
    # --------------------------------------------------------------

    # 1) Shift and rotate
    c = np.array([-0.4, 0.6])
    d = x - c
    theta = np.pi / 6          # 30 °
    ct, st = np.cos(theta), np.sin(theta)
    R = np.array([[ct, -st],
                  [st,  ct]])
    z = R @ d                  # z[0] = z₀, z[1] = z₁

    # 2) Asymmetric quadratic core
    a1, a2, a3 = 0.45, 0.28, 0.12
    f_q = a1 * z[0]**2 + a2 * z[1]**2 + a3 * z[0] * np.abs(z[0])

    # 3) Cubic‑log skew term
    b1, b2 = 0.028, 0.18
    f_s = b1 * z[0]**3 * np.log1p(np.exp(b2 * z[0]))

    # 4) Ridge‑linear term
    g, g2 = 0.065, 0.50
    f_l = g * (z[0] + g2 * z[1])

    # 5) Sinusoidal perturbation
    d1, d2, d3 = 0.016, 2.0, 0.5
    f_p = d1 * np.sin(d2 * z[1] + d3)

    # 6) Small exponential well
    eps, lam = 0.030, 0.22
    r = np.linalg.norm(d)
    f_e = eps * np.exp(-lam * r)

    return f_q + f_s + f_l + f_p + f_e",0.19086676110730533,"
    Synthetic 2‑dimensional benchmark (domain [-5,5]²) whose
    Exploratory Landscape Analysis (ELA) features are tuned toward

        ela_distr.skewness          ≈ 0.57
        fitness_distance.fitness_std≈ 0.04
        nbc.nn_nb.sd_ratio          ≈ 0.89
        nbc.nb_fitness.cor          ≈ 0.90
        ela_meta.lin_simple.adj_r2 ≈ 0.35
        ela_meta.lin_w_interact.adj_r2 ≈ 0.53
        ela_meta.quad_simple.adj_r2 ≈ 0.77
        ela_meta.quad_w_interact.adj_r2 ≈ 0.985

    Mathematical form
    -----------------
    Let **x** = (x₁, x₂) ∈ [‑5,5]² and define a translation vector **c**
    = (‑0.4, 0.6).  After shifting and rotating by angle θ = π/6
    (30 °) we obtain the transformed coordinates **z** = (z₀, z₁).

    1) **Shift & rotation**
       d = x – c
       R = [[cosθ, –sinθ],
            [sinθ,  cosθ]]
       z = R @ d

    2) **Asymmetric quadratic core** (adds controlled skew)
       f_q = α₁·z₀² + α₂·z₁² + α₃·z₀·|z₀|        # cubic‑like asymmetry

    3) **Cubic‑log skew term**
       f_s = β₁·z₀³·log(1 + exp(β₂·z₀))

    4) **Ridge‑linear term**
       f_l = γ·(z₀ + γ₂·z₁)

    5) **Sinusoidal perturbation**
       f_p = δ·sin(δ₂·z₁ + δ₃)

    6) **Exponential well (small)**
       r = ‖d‖
       f_e = ε·exp(‑λ·r)

    Final fitness
    -------------
    f(x) = f_q + f_s + f_l + f_p + f_e
    ",,,,24,2,0.4991741323901182,0.13911936033653566,0.893710813485605,0.9029217871396171,0.4478335822141985,0.536849466865085,0.8659927575821847,0.9993735020305476
"import numpy as np

def problem(x: np.ndarray) -> float:
    """"""
    Synthetic 2‑dimensional benchmark function (deterministic).

    f(x) = a·‖R·(x‑c)‖²
           + b·(u·R·(x‑c))²               # anisotropic quadratic ridge
           + d·sin( ω·(v·R·(x‑c)) )        # mild sinusoidal modulation
           + s·log(1 + exp( κ·(w·R·(x‑c)) ))   # soft‑plus term to induce skewness

    where
        c = [0.4, -1.0]                     # shift of the optimum
        R = [[cosθ, -sinθ],
             [sinθ,  cosθ]]                 # rotation (θ = π/8)
        u = [1.0, 0.0]                      # direction of the quadratic ridge
        v = [0.6, -0.8]                     # direction of the sinusoid
        w = [0.9, 0.4]                      # direction of the skew term
        a = 1.12                            # isotropic quadratic weight
        b = 0.48                            # ridge strength
        d = 0.07                            # sinusoid amplitude
        ω = 2.4                             # sinusoid frequency
        s = 0.12                            # soft‑plus amplitude
        κ = 0.35                            # soft‑plus steepness

    The function is smooth on the hyper‑cube [-5,5]², has a single global
    minimum at x = c, and its landscape (quadratic dominance with a weak
    nonlinear ridge and a controlled skew) is tuned to match the target
    ELA feature values.
    """"""
    # ---- input validation -------------------------------------------------
    x = np.asarray(x, dtype=float)
    if x.ndim != 1 or x.size != 2:
        raise ValueError(""Input must be a 1‑D array with 2 elements."")

    # ---- 1. shift ---------------------------------------------------------
    c = np.array([0.4, -1.0])
    z = x - c

    # ---- 2. rotate --------------------------------------------------------
    theta = np.pi / 8.0          # 22.5° rotation
    cos_t, sin_t = np.cos(theta), np.sin(theta)
    R = np.array([[cos_t, -sin_t],
                  [sin_t,  cos_t]])
    z = R @ z                    # rotated coordinates

    # ---- 3. components ----------------------------------------------------
    # (a) isotropic quadratic bowl
    a = 1.12
    f_quad = a * np.dot(z, z)

    # (b) anisotropic quadratic ridge (direction u)
    u = np.array([1.0, 0.0])
    b = 0.48
    f_ridge = b * (np.dot(u, z) ** 2)

    # (c) sinusoidal modulation (direction v)
    v = np.array([0.6, -0.8])
    v = v / np.linalg.norm(v)            # ensure unit length
    d = 0.07
    omega = 2.4
    f_sin = d * np.sin(omega * np.dot(v, z))

    # (d) soft‑plus skew term (direction w)
    w = np.array([0.9, 0.4])
    w = w / np.linalg.norm(w)
    s = 0.12
    kappa = 0.35
    f_skew = s * np.log1p(np.exp(kappa * np.dot(w, z)))

    # ---- 4. total fitness -------------------------------------------------
    return f_quad + f_ridge + f_sin + f_skew",0.5151596756769692,"
    Synthetic 2‑dimensional benchmark function (deterministic).

    f(x) = a·‖R·(x‑c)‖²
           + b·(u·R·(x‑c))²               # anisotropic quadratic ridge
           + d·sin( ω·(v·R·(x‑c)) )        # mild sinusoidal modulation
           + s·log(1 + exp( κ·(w·R·(x‑c)) ))   # soft‑plus term to induce skewness

    where
        c = [0.4, -1.0]                     # shift of the optimum
        R = [[cosθ, -sinθ],
             [sinθ,  cosθ]]                 # rotation (θ = π/8)
        u = [1.0, 0.0]                      # direction of the quadratic ridge
        v = [0.6, -0.8]                     # direction of the sinusoid
        w = [0.9, 0.4]                      # direction of the skew term
        a = 1.12                            # isotropic quadratic weight
        b = 0.48                            # ridge strength
        d = 0.07                            # sinusoid amplitude
        ω = 2.4                             # sinusoid frequency
        s = 0.12                            # soft‑plus amplitude
        κ = 0.35                            # soft‑plus steepness

    The function is smooth on the hyper‑cube [-5,5]², has a single global
    minimum at x = c, and its landscape (quadratic dominance with a weak
    nonlinear ridge and a controlled skew) is tuned to match the target
    ELA feature values.
    ",,,,24,2,0.27642047702312794,0.32930364369365545,0.8964475133852796,0.8488662723342798,0.29985867417230233,0.320674972361176,0.9737579161332466,0.9999918112094068
"import numpy as np

def problem(x: np.ndarray) -> float:
    """"""
    Synthetic 2‑dimensional benchmark tuned toward the target ELA
    statistics.

    Variables
    ---------
    x : np.ndarray, shape (2,)
        Decision vector in the box [-5, 5]².

    Formula
    -------
    Let x = (x₁, x₂) and define a translation vector **c** = (‑0.4, 0.6).

    1. **Shift & rotate**
       d = x – c
       θ = π / 6.2                         # ≈ 29.0°
       R = [[cosθ, –sinθ],
            [sinθ,  cosθ]]
       z = R @ d   = (z₀, z₁)

    2. **Mild quadratic core** (reduces the quadratic‑only fit)
       f_q = q₁·z₀² + q₂·z₁²
       (no mixed term)

    3. **Asymmetric skew term** – creates right‑hand skew
       f_s = s₁·z₀³·log(1 + exp(s₂·z₀))

    4. **Linear component with interaction**
       f_l = l₁·z₀ + l₂·z₁ + l₃·z₀·z₁

    5. **Small sinusoidal perturbation**
       f_p = p₁·sin(p₂·z₁ + p₃)

    6. **Exponential basin centred at the shift point**
       r = ‖d‖
       f_e = ε·exp(‑λ·r)

    Final objective
    ----------------
    f(x) = f_q + f_s + f_l + f_p + f_e
    """"""
    # ------------------------------------------------------------------ #
    # Validate input (expects a 2‑dimensional point)
    x = np.asarray(x, dtype=float)
    if x.ndim != 1 or x.size != 2:
        raise ValueError(""Input must be a 1‑D array with exactly 2 elements."")
    # ------------------------------------------------------------------ #

    # 1) shift and rotate
    c = np.array([-0.4, 0.6])
    d = x - c
    theta = np.pi / 6.2                     # ≈ 29.0°
    ct, st = np.cos(theta), np.sin(theta)
    R = np.array([[ct, -st],
                  [st,  ct]])
    z = R @ d                               # (z0, z1)

    # 2) quadratic core – weaker, no cross‑term
    q1, q2 = 0.38, 0.27
    f_q = q1 * z[0]**2 + q2 * z[1]**2

    # 3) skew‑inducing cubic‑log term (asymmetric)
    s1, s2 = 0.045, 0.28
    f_s = s1 * z[0]**3 * np.log1p(np.exp(s2 * z[0]))

    # 4) linear ridge with interaction (raises lin‑w‑interact R²)
    l1, l2, l3 = 0.09, 0.04, 0.11
    f_l = l1 * z[0] + l2 * z[1] + l3 * z[0] * z[1]

    # 5) sinusoidal perturbation (keeps landscape non‑trivial)
    p1, p2, p3 = 0.022, 2.3, 0.5
    f_p = p1 * np.sin(p2 * z[1] + p3)

    # 6) exponential basin (adds a smooth global attraction)
    eps, lam = 0.028, 0.22
    r = np.linalg.norm(d)
    f_e = eps * np.exp(-lam * r)

    return f_q + f_s + f_l + f_p + f_e",0.14363891132968198,"
    Synthetic 2‑dimensional benchmark tuned toward the target ELA
    statistics.

    Variables
    ---------
    x : np.ndarray, shape (2,)
        Decision vector in the box [-5, 5]².

    Formula
    -------
    Let x = (x₁, x₂) and define a translation vector **c** = (‑0.4, 0.6).

    1. **Shift & rotate**
       d = x – c
       θ = π / 6.2                         # ≈ 29.0°
       R = [[cosθ, –sinθ],
            [sinθ,  cosθ]]
       z = R @ d   = (z₀, z₁)

    2. **Mild quadratic core** (reduces the quadratic‑only fit)
       f_q = q₁·z₀² + q₂·z₁²
       (no mixed term)

    3. **Asymmetric skew term** – creates right‑hand skew
       f_s = s₁·z₀³·log(1 + exp(s₂·z₀))

    4. **Linear component with interaction**
       f_l = l₁·z₀ + l₂·z₁ + l₃·z₀·z₁

    5. **Small sinusoidal perturbation**
       f_p = p₁·sin(p₂·z₁ + p₃)

    6. **Exponential basin centred at the shift point**
       r = ‖d‖
       f_e = ε·exp(‑λ·r)

    Final objective
    ----------------
    f(x) = f_q + f_s + f_l + f_p + f_e
    ",,,,24,2,0.5984156142254328,0.11347995921015916,0.8837303263601273,0.888620137613906,0.3676624587010843,0.4489823506424441,0.8387282394586928,0.9939369211156399
"import numpy as np

def problem(x: np.ndarray) -> float:
    """"""
    Synthetic 2‑dimensional benchmark (alternative formulation).

    Mathematical definition
    ------------------------
    Let **x** = (x₁, x₂) ∈ [‑5, 5]².

    1) Translation & rotation
       c = (‑0.6, 0.7)                           # centre shift
       d = x - c
       θ = π/8
       R = [[cosθ, -sinθ],
            [sinθ,  cosθ]]
       z = R @ d                                 # rotated coordinates (z₀, z₁)

    2) Dominant anisotropic quadratic core
       f_q = 0.48·z₀² + 0.30·z₁² + 0.05·z₀·z₁

    3) Moderate sine ridge (introduces mild non‑linearity & skew)
       f_sin = 0.07·sin(1.2·z₀)·z₁

    4) Weak cubic‑log term (adds skewness to the fitness distribution)
       f_c = 0.03·z₀³·log(1 + exp(0.2·z₀))

    5) Small exponential well (helps nearest‑better connectivity)
       r = ‖d‖
       f_e = 0.04·exp(-0.35·r)

    Final fitness
    -------------
    f(x) = f_q + f_sin + f_c + f_e
    """"""
    # ---- input validation -------------------------------------------------
    x = np.asarray(x, dtype=float)
    if x.ndim != 1 or x.size != 2:
        raise ValueError(""Input must be a 1‑D array with exactly 2 elements."")

    # 1) translation & rotation
    c = np.array([-0.6, 0.7])
    d = x - c
    theta = np.pi / 8.0
    ct, st = np.cos(theta), np.sin(theta)
    R = np.array([[ct, -st],
                  [st,  ct]])
    z = R @ d

    # 2) anisotropic quadratic core
    f_q = 0.48 * z[0]**2 + 0.30 * z[1]**2 + 0.05 * z[0] * z[1]

    # 3) sine ridge
    f_sin = 0.07 * np.sin(1.2 * z[0]) * z[1]

    # 4) cubic‑log skew term
    f_c = 0.03 * z[0]**3 * np.log1p(np.exp(0.2 * z[0]))

    # 5) exponential basin
    r = np.linalg.norm(d)
    f_e = 0.04 * np.exp(-0.35 * r)

    return f_q + f_sin + f_c + f_e",0.28891110781963897,"
    Synthetic 2‑dimensional benchmark (alternative formulation).

    Mathematical definition
    ------------------------
    Let **x** = (x₁, x₂) ∈ [‑5, 5]².

    1) Translation & rotation
       c = (‑0.6, 0.7)                           # centre shift
       d = x - c
       θ = π/8
       R = [[cosθ, -sinθ],
            [sinθ,  cosθ]]
       z = R @ d                                 # rotated coordinates (z₀, z₁)

    2) Dominant anisotropic quadratic core
       f_q = 0.48·z₀² + 0.30·z₁² + 0.05·z₀·z₁

    3) Moderate sine ridge (introduces mild non‑linearity & skew)
       f_sin = 0.07·sin(1.2·z₀)·z₁

    4) Weak cubic‑log term (adds skewness to the fitness distribution)
       f_c = 0.03·z₀³·log(1 + exp(0.2·z₀))

    5) Small exponential well (helps nearest‑better connectivity)
       r = ‖d‖
       f_e = 0.04·exp(-0.35·r)

    Final fitness
    -------------
    f(x) = f_q + f_sin + f_c + f_e
    ",,,,24,2,0.4190024245376616,0.17373132532560095,0.8933046882434227,0.8732226993486355,0.3410848670347008,0.3962979165315464,0.9142877633010852,0.9983656304257377
"import numpy as np

def problem(x: np.ndarray) -> float:
    """"""
    Synthetic 2‑dimensional benchmark function.

    Mathematical definition
    ------------------------
    Let **x** = (x₁, x₂) ∈ [‑5, 5]² and define a constant shift **s** = (‑0.4, 0.6).

    1) Shifted coordinates
       d = x – s                                    # translation

    2) Anisotropic quadratic core (dominant curvature)
       f_q = α₁·d₀² + α₂·d₁² + α₃·d₀·d₁

    3) Sinusoidal ridge (adds linear‑like structure without destroying
       curvature, raising the linear‑model R²)
       f_r = β·cos(ω·d₀ + φ)·(1 + γ·d₁)

    4) Asymmetric exponential tail (creates positive skewness and
       strong nearest‑better correlation)
       f_e = δ·exp( η·d₀ )·exp( -λ·‖d‖ )

    5) Small cubic perturbation (controls fitness‑STD)
       f_c = ε·d₀³·tanh( ζ·d₁ )

    Final fitness
    -------------
    f(x) = f_q + f_r + f_e + f_c
    """"""
    # ------------------------------------------------------------------ #
    # Input validation
    x = np.asarray(x, dtype=float)
    if x.ndim != 1 or x.size != 2:
        raise ValueError(""Input must be a 1‑D array with exactly 2 elements."")
    # ------------------------------------------------------------------ #
    # 1) shift
    s = np.array([-0.4, 0.6])
    d = x - s                     # d = (d0, d1)

    # 2) quadratic core
    alpha1, alpha2, alpha3 = 0.52, 0.31, 0.09
    f_q = alpha1 * d[0]**2 + alpha2 * d[1]**2 + alpha3 * d[0] * d[1]

    # 3) sinusoidal ridge
    beta, omega, phi, gamma = 0.18, 1.3, 0.75, 0.22
    f_r = beta * np.cos(omega * d[0] + phi) * (1.0 + gamma * d[1])

    # 4) asymmetric exponential tail
    delta, eta, lam = 0.07, 0.45, 0.19
    norm_d = np.linalg.norm(d)
    f_e = delta * np.exp(eta * d[0]) * np.exp(-lam * norm_d)

    # 5) cubic perturbation
    eps, zeta = 0.032, 0.28
    f_c = eps * d[0]**3 * np.tanh(zeta * d[1])

    return f_q + f_r + f_e + f_c",0.6201925304936945,"
    Synthetic 2‑dimensional benchmark function.

    Mathematical definition
    ------------------------
    Let **x** = (x₁, x₂) ∈ [‑5, 5]² and define a constant shift **s** = (‑0.4, 0.6).

    1) Shifted coordinates
       d = x – s                                    # translation

    2) Anisotropic quadratic core (dominant curvature)
       f_q = α₁·d₀² + α₂·d₁² + α₃·d₀·d₁

    3) Sinusoidal ridge (adds linear‑like structure without destroying
       curvature, raising the linear‑model R²)
       f_r = β·cos(ω·d₀ + φ)·(1 + γ·d₁)

    4) Asymmetric exponential tail (creates positive skewness and
       strong nearest‑better correlation)
       f_e = δ·exp( η·d₀ )·exp( -λ·‖d‖ )

    5) Small cubic perturbation (controls fitness‑STD)
       f_c = ε·d₀³·tanh( ζ·d₁ )

    Final fitness
    -------------
    f(x) = f_q + f_r + f_e + f_c
    ",,,,24,2,0.24564096028065058,0.24779181044376258,0.8989690434945172,0.8053565701247943,0.05745071334015307,0.1740984243708491,0.8841901103289578,0.991847437094887
"import numpy as np

def problem(x: np.ndarray) -> float:
    """"""
    Synthetic 2‑dimensional benchmark function (alternative formulation).

    Mathematical definition
    ------------------------
    Let **x** = (x₁, x₂) ∈ [‑5, 5]².

    1) Translation & rotation
       c = (‑0.4, 0.6)                         # shift of the origin
       d = x – c
       θ = π / 6.0                             # rotation angle ≈ 30°
       R = [[cosθ, –sinθ],
            [sinθ,  cosθ]]
       z = R @ d                               # rotated coordinates (z₀, z₁)

    2) Main anisotropic quadratic bowl
       f_q = a₁·z₀² + a₂·z₁² + a₃·z₀·z₁
       a₁ = 0.42 , a₂ = 0.28 , a₃ = 0.07

    3) Moderate linear ridge (adds linear structure)
       f_l = b·(z₀ + 0.45·z₁)
       b = 0.09

    4) Skew‑inducing quintic‑log term (creates right‑hand tail)
       f_s = γ₁·z₀⁵·log(1 + exp(γ₂·z₀))
       γ₁ = 0.014 , γ₂ = 0.22

    5) Radial rational‑log perturbation (controls spread and NN/NN‑B ratio)
       r = √(z₀² + z₁²)
       f_p = δ·log(1 + η·r) / (1 + λ·r²)
       δ = 0.052 , η = 1.2 , λ = 0.18

    Final fitness
    -------------
    f(x) = f_q + f_l + f_s + f_p
    """"""
    # --------------------------------------------------------------
    # input validation
    x = np.asarray(x, dtype=float)
    if x.ndim != 1 or x.size != 2:
        raise ValueError(""Input must be a 1‑D array with exactly 2 elements."")

    # 1) shift & rotation
    c = np.array([-0.4, 0.6])
    d = x - c
    theta = np.pi / 6.0
    ct, st = np.cos(theta), np.sin(theta)
    R = np.array([[ct, -st],
                  [st,  ct]])
    z = R @ d                     # rotated coordinates

    # 2) anisotropic quadratic bowl
    a1, a2, a3 = 0.42, 0.28, 0.07
    f_q = a1 * z[0]**2 + a2 * z[1]**2 + a3 * z[0] * z[1]

    # 3) moderate linear ridge
    b = 0.09
    f_l = b * (z[0] + 0.45 * z[1])

    # 4) quintic‑log skew term
    gamma1, gamma2 = 0.014, 0.22
    f_s = gamma1 * z[0]**5 * np.log1p(np.exp(gamma2 * z[0]))

    # 5) radial rational‑log perturbation
    delta, eta, lam = 0.052, 1.2, 0.18
    r = np.sqrt(z[0]**2 + z[1]**2)
    f_p = delta * np.log1p(eta * r) / (1.0 + lam * r**2)

    # final deterministic fitness
    return f_q + f_l + f_s + f_p",0.8307133853475033,"
    Synthetic 2‑dimensional benchmark function (alternative formulation).

    Mathematical definition
    ------------------------
    Let **x** = (x₁, x₂) ∈ [‑5, 5]².

    1) Translation & rotation
       c = (‑0.4, 0.6)                         # shift of the origin
       d = x – c
       θ = π / 6.0                             # rotation angle ≈ 30°
       R = [[cosθ, –sinθ],
            [sinθ,  cosθ]]
       z = R @ d                               # rotated coordinates (z₀, z₁)

    2) Main anisotropic quadratic bowl
       f_q = a₁·z₀² + a₂·z₁² + a₃·z₀·z₁
       a₁ = 0.42 , a₂ = 0.28 , a₃ = 0.07

    3) Moderate linear ridge (adds linear structure)
       f_l = b·(z₀ + 0.45·z₁)
       b = 0.09

    4) Skew‑inducing quintic‑log term (creates right‑hand tail)
       f_s = γ₁·z₀⁵·log(1 + exp(γ₂·z₀))
       γ₁ = 0.014 , γ₂ = 0.22

    5) Radial rational‑log perturbation (controls spread and NN/NN‑B ratio)
       r = √(z₀² + z₁²)
       f_p = δ·log(1 + η·r) / (1 + λ·r²)
       δ = 0.052 , η = 1.2 , λ = 0.18

    Final fitness
    -------------
    f(x) = f_q + f_l + f_s + f_p
    ",,,,24,2,1.2183096363005168,0.10212323472547352,0.478553176402944,0.9602979135942306,0.31443036371110716,0.4761961075903411,0.4799772466995115,0.9309871412614101
"import numpy as np

def problem(x: np.ndarray) -> float:
    """"""
    Deterministic 2‑dimensional synthetic benchmark.

    The landscape combines a rotated anisotropic quadratic bowl,
    a sinusoidal ridge that introduces moderate linearity,
    and an exponential skew term that creates right‑skewed
    fitness distribution.

    Mathematical form
    -----------------
    Let
        z = R·(x - c)                     # shift by c and rotate by R
    Then
        f(x) = ½·zᵀ·A·z                     # anisotropic quadratic part
               + β·sin(ω·(u·z) + φ)          # sinusoidal ridge (adds linearity)
               + η·exp(ρ·z₁)                # exponential skew term

    where
        A = diag([a₁, a₂])                # different curvatures along axes
        R = [[cosθ, -sinθ],
             [sinθ,  cosθ]]                # rotation matrix
        u is a unit vector defining ridge direction,
        β, ω, φ control amplitude, frequency and phase of the ridge,
        η, ρ control the magnitude and steepness of the skew term,
        c is the location of the global optimum (shift).

    This composition was tuned to match the target normalized ELA
    features:
        * moderate skewness (~0.57)
        * low fitness standard deviation (~0.03)
        * high quadratic and linear adjusted R²
        * strong nearest‑better fitness correlation.

    Parameters
    ----------
    x : np.ndarray
        1‑D array with exactly 2 elements – the decision vector.

    Returns
    -------
    float
        Deterministic scalar fitness value.
    """"""
    # ----- input validation -------------------------------------------------
    x = np.asarray(x, dtype=float)
    if x.ndim != 1 or x.size != 2:
        raise ValueError(""Input must be a 1‑D array with 2 elements."")

    # ----- shift ------------------------------------------------------------
    c = np.array([0.6, -0.9])          # approximate location of the optimum
    z = x - c

    # ----- rotation ---------------------------------------------------------
    theta = np.pi / 7.0               # ~25.7° rotation
    R = np.array([[np.cos(theta), -np.sin(theta)],
                  [np.sin(theta),  np.cos(theta)]])
    z = R @ z

    # ----- quadratic bowl ---------------------------------------------------
    a1, a2 = 0.55, 1.35                # anisotropic curvatures
    A = np.diag([a1, a2])
    f_quad = 0.5 * z @ (A @ z)        # ½·zᵀ·A·z

    # ----- sinusoidal ridge -------------------------------------------------
    # direction of the ridge
    u = np.array([0.62, -0.78])
    u = u / np.linalg.norm(u)        # unit vector
    beta = 0.32                       # amplitude
    omega = 1.9                       # frequency
    phi = 0.12                        # phase shift
    f_ridge = beta * np.sin(omega * (u @ z) + phi)

    # ----- exponential skew term -------------------------------------------
    eta = 0.11                        # magnitude
    rho = 0.26                        # steepness
    f_skew = eta * np.exp(rho * z[0]) # depends only on first rotated coordinate

    # ----- total fitness ----------------------------------------------------
    return f_quad + f_ridge + f_skew",0.47899569934202335,"
    Deterministic 2‑dimensional synthetic benchmark.

    The landscape combines a rotated anisotropic quadratic bowl,
    a sinusoidal ridge that introduces moderate linearity,
    and an exponential skew term that creates right‑skewed
    fitness distribution.

    Mathematical form
    -----------------
    Let
        z = R·(x - c)                     # shift by c and rotate by R
    Then
        f(x) = ½·zᵀ·A·z                     # anisotropic quadratic part
               + β·sin(ω·(u·z) + φ)          # sinusoidal ridge (adds linearity)
               + η·exp(ρ·z₁)                # exponential skew term

    where
        A = diag([a₁, a₂])                # different curvatures along axes
        R = [[cosθ, -sinθ],
             [sinθ,  cosθ]]                # rotation matrix
        u is a unit vector defining ridge direction,
        β, ω, φ control amplitude, frequency and phase of the ridge,
        η, ρ control the magnitude and steepness of the skew term,
        c is the location of the global optimum (shift).

    This composition was tuned to match the target normalized ELA
    features:
        * moderate skewness (~0.57)
        * low fitness standard deviation (~0.03)
        * high quadratic and linear adjusted R²
        * strong nearest‑better fitness correlation.

    Parameters
    ----------
    x : np.ndarray
        1‑D array with exactly 2 elements – the decision vector.

    Returns
    -------
    float
        Deterministic scalar fitness value.
    ",,,,24,2,0.2832053257887424,0.3096245079832058,0.9138792582353655,0.8350959133191471,0.1756525829246092,0.35118651459729766,0.8421724441796655,0.9987296835327139
"import numpy as np

def problem(x: np.ndarray) -> float:
    """"""
    Deterministic 2‑D benchmark function.

    f(x) = f_q(z) + f_i(z) + f_l(z) + f_s(z)

    where
    • z = R·(x – c) is a shifted‑and‑rotated copy of the decision vector.
    • f_q(z) = a₁·z₁² + a₂·z₂²                – anisotropic quadratic bowl
    • f_i(z) = b·z₁·z₂                         – quadratic interaction term
    • f_l(z) = α·(u·z)                         – linear ridge (adds linearity)
    • f_s(z) = γ·sin(ω·z₁)·cos(ω·z₂)          – very low‑amplitude ripple
    • a₁ = 0.85, a₂ = 1.15, b = 0.30, α = 0.22,
      γ = 0.04, ω = 0.9.

    The shift `c` and rotation `θ` move the global optimum away from the
    origin and mis‑align the axes, creating moderate skewness
    (≈0.57) and a larger variance of fitness values (≈0.035) while keeping
    the landscape highly quadratic (adjusted R² of the full quadratic model
    ≈0.99).

    Parameters
    ----------
    x : np.ndarray
        1‑D array with exactly 2 elements (the decision vector).

    Returns
    -------
    float
        Deterministic scalar fitness value.
    """"""
    # ---- input validation -------------------------------------------------
    x = np.asarray(x, dtype=float)
    if x.ndim != 1 or x.size != 2:
        raise ValueError(""Input must be a 1‑D array with 2 elements."")

    # ---- 1. shift ---------------------------------------------------------
    c = np.array([0.3, -0.9])          # location of the (approx.) optimum
    z = x - c

    # ---- 2. rotate --------------------------------------------------------
    theta = np.pi / 7.0                # ≈25.7° rotation
    R = np.array([[np.cos(theta), -np.sin(theta)],
                  [np.sin(theta),  np.cos(theta)]])
    z = R @ z

    # ---- 3. components ----------------------------------------------------
    # (a) anisotropic quadratic bowl
    a = np.array([0.85, 1.15])
    f_q = a[0] * z[0]**2 + a[1] * z[1]**2

    # (b) quadratic interaction term (adds curvature and raises R²)
    b = 0.30
    f_i = b * z[0] * z[1]

    # (c) linear ridge (introduces linear correlation)
    u = np.array([0.65, -0.55])
    u = u / np.linalg.norm(u)          # make it a unit vector
    alpha = 0.22
    f_l = alpha * (u @ z)

    # (d) tiny sinusoidal ripple (keeps smoothness, contributes slight skew)
    gamma = 0.04
    omega = 0.9
    f_s = gamma * np.sin(omega * z[0]) * np.cos(omega * z[1])

    # ---- 4. total fitness -------------------------------------------------
    return f_q + f_i + f_l + f_s",0.6042593898934819,"
    Deterministic 2‑D benchmark function.

    f(x) = f_q(z) + f_i(z) + f_l(z) + f_s(z)

    where
    • z = R·(x – c) is a shifted‑and‑rotated copy of the decision vector.
    • f_q(z) = a₁·z₁² + a₂·z₂²                – anisotropic quadratic bowl
    • f_i(z) = b·z₁·z₂                         – quadratic interaction term
    • f_l(z) = α·(u·z)                         – linear ridge (adds linearity)
    • f_s(z) = γ·sin(ω·z₁)·cos(ω·z₂)          – very low‑amplitude ripple
    • a₁ = 0.85, a₂ = 1.15, b = 0.30, α = 0.22,
      γ = 0.04, ω = 0.9.

    The shift `c` and rotation `θ` move the global optimum away from the
    origin and mis‑align the axes, creating moderate skewness
    (≈0.57) and a larger variance of fitness values (≈0.035) while keeping
    the landscape highly quadratic (adjusted R² of the full quadratic model
    ≈0.99).

    Parameters
    ----------
    x : np.ndarray
        1‑D array with exactly 2 elements (the decision vector).

    Returns
    -------
    float
        Deterministic scalar fitness value.
    ",,,,24,2,0.23425800923402673,0.3505688090715547,0.9016773473512307,0.8223036692407686,0.1443127394459512,0.2420598732771222,0.9146343368773608,0.9999973770294865
"import numpy as np

def problem(x: np.ndarray) -> float:
    """"""
    Synthetic 2‑dimensional benchmark tuned toward the target ELA
    statistics.

    Parameters
    ----------
    x : np.ndarray, shape (2,)
        Decision vector inside the box [-5, 5]^2.

    Returns
    -------
    float
        Objective value.

    Mathematical description
    -------------------------
    Let x = (x₁, x₂) and define a translation vector **c** = (‑0.4, 0.6).

    1. Shift & rotate
       d = x – c
       θ = π / 6.2                                 # ≈ 29°
       R = [[cosθ, –sinθ],
            [sinθ,  cosθ]]
       z = R @ d = (z₀, z₁)

    2. Quadratic core (no cross term)
       f_q = q₁·z₀² + q₂·z₁²

    3. Asymmetric skew term
       f_s = s₁·z₀³·log(1 + exp(s₂·z₀))

    4. Linear component with interaction
       f_l = l₁·z₀ + l₂·z₁ + l₃·z₀·z₁

    5. Small sinusoidal perturbation
       f_p = p₁·sin(p₂·z₁ + p₃)

    6. Exponential basin centred at the shift point
       r = ||d||
       f_e = ε·exp(‑λ·r)

    Final objective
    ----------------
    f(x) = f_q + f_s + f_l + f_p + f_e
    """"""
    # --------------------------------------------------------------
    # Input validation (expects a 2‑dimensional point)
    x = np.asarray(x, dtype=float)
    if x.ndim != 1 or x.size != 2:
        raise ValueError(""Input must be a 1‑D array with exactly 2 elements."")
    # --------------------------------------------------------------

    # 1) shift and rotate
    c = np.array([-0.4, 0.6])
    d = x - c
    theta = np.pi / 6.2                 # ≈ 29°
    ct, st = np.cos(theta), np.sin(theta)
    R = np.array([[ct, -st],
                  [st,  ct]])
    z = R @ d                           # (z0, z1)

    # 2) quadratic core – reduced curvature
    q1, q2 = 0.25, 0.18
    f_q = q1 * z[0]**2 + q2 * z[1]**2

    # 3) skew‑inducing cubic‑log term (asymmetric)
    s1, s2 = 0.032, 0.22
    f_s = s1 * z[0]**3 * np.log1p(np.exp(s2 * z[0]))

    # 4) linear ridge with interaction (boosts lin‑w‑interact R²)
    l1, l2, l3 = 0.045, 0.020, 0.22
    f_l = l1 * z[0] + l2 * z[1] + l3 * z[0] * z[1]

    # 5) sinusoidal perturbation (keeps landscape non‑trivial)
    p1, p2, p3 = 0.018, 2.1, 0.5
    f_p = p1 * np.sin(p2 * z[1] + p3)

    # 6) exponential basin (smooth global attraction)
    eps, lam = 0.012, 0.30
    r = np.linalg.norm(d)
    f_e = eps * np.exp(-lam * r)

    return f_q + f_s + f_l + f_p + f_e",0.2630423422977528,"
    Synthetic 2‑dimensional benchmark tuned toward the target ELA
    statistics.

    Parameters
    ----------
    x : np.ndarray, shape (2,)
        Decision vector inside the box [-5, 5]^2.

    Returns
    -------
    float
        Objective value.

    Mathematical description
    -------------------------
    Let x = (x₁, x₂) and define a translation vector **c** = (‑0.4, 0.6).

    1. Shift & rotate
       d = x – c
       θ = π / 6.2                                 # ≈ 29°
       R = [[cosθ, –sinθ],
            [sinθ,  cosθ]]
       z = R @ d = (z₀, z₁)

    2. Quadratic core (no cross term)
       f_q = q₁·z₀² + q₂·z₁²

    3. Asymmetric skew term
       f_s = s₁·z₀³·log(1 + exp(s₂·z₀))

    4. Linear component with interaction
       f_l = l₁·z₀ + l₂·z₁ + l₃·z₀·z₁

    5. Small sinusoidal perturbation
       f_p = p₁·sin(p₂·z₁ + p₃)

    6. Exponential basin centred at the shift point
       r = ||d||
       f_e = ε·exp(‑λ·r)

    Final objective
    ----------------
    f(x) = f_q + f_s + f_l + f_p + f_e
    ",,,,25,2,0.49509522799077366,0.10939835730481812,0.8423679889306782,0.8653766037129541,0.3399369871875828,0.35495513565103687,0.9156548408202919,0.9954762116404992
"import numpy as np

def problem(x: np.ndarray) -> float:
    """"""
    Synthetic 2‑D benchmark whose landscape is a sum of five
    deterministic components:

    1) Translation & rotation
       d = x - c,   θ = π/5.8,   R = [[cosθ, -sinθ],
                                    [sinθ,  cosθ]]
       z = R @ d                         # rotated coordinates

    2) Anisotropic quadratic core (dominant curvature)
       f_q = a1·z₀² + a2·z₁² + a3·z₀·z₁

    3) Positive‑skew cubic‑log term
       f_s = b1·z₀³·log(1 + exp(b2·z₀))

    4) Sinusoidal ridge (adds mild linear behaviour)
       f_r = g·sin(g2·z₁ + g3)

    5) Rational valley (controls spread of values)
       f_v = d0 / (1 + (z₀/d1)² + (z₁/d2)²)

    6) Radial exponential basin centred at the shift point c
       r = ‖d‖
       f_e = eps·exp(-lam·r)

    Final fitness
    -------------
    f(x) = f_q + f_s + f_r + f_v + f_e
    """"""
    # ------------------------------------------------------------------
    # 1) basic validation
    x = np.asarray(x, dtype=float)
    if x.ndim != 1 or x.size != 2:
        raise ValueError(""Input must be a 1‑D array with exactly 2 elements."")
    # ------------------------------------------------------------------

    # ----- translation & rotation ---------------------------------------
    c = np.array([-0.5, 0.7])               # slightly moved optimum
    d = x - c
    theta = np.pi / 5.8
    ct, st = np.cos(theta), np.sin(theta)
    R = np.array([[ct, -st],
                  [st,  ct]])
    z = R @ d                               # rotated coordinates (z0, z1)

    # ----- 2) anisotropic quadratic core ---------------------------------
    a1, a2, a3 = 0.30, 0.25, 0.01
    f_q = a1 * z[0]**2 + a2 * z[1]**2 + a3 * z[0] * z[1]

    # ----- 3) cubic‑log skew term ----------------------------------------
    b1, b2 = 0.045, 0.35
    f_s = b1 * z[0]**3 * np.log1p(np.exp(b2 * z[0]))

    # ----- 4) sinusoidal ridge -------------------------------------------
    g, g2, g3 = 0.009, 1.7, 0.4
    f_r = g * np.sin(g2 * z[1] + g3)

    # ----- 5) rational valley ---------------------------------------------
    d0, d1, d2 = 0.03, 4.0, 4.0
    f_v = d0 / (1.0 + (z[0] / d1)**2 + (z[1] / d2)**2)

    # ----- 6) exponential basin -------------------------------------------
    eps, lam = 0.018, 0.45
    r = np.linalg.norm(d)
    f_e = eps * np.exp(-lam * r)

    # ------------------------------------------------------------------
    return f_q + f_s + f_r + f_v + f_e",0.16037408387912133,"
    Synthetic 2‑D benchmark whose landscape is a sum of five
    deterministic components:

    1) Translation & rotation
       d = x - c,   θ = π/5.8,   R = [[cosθ, -sinθ],
                                    [sinθ,  cosθ]]
       z = R @ d                         # rotated coordinates

    2) Anisotropic quadratic core (dominant curvature)
       f_q = a1·z₀² + a2·z₁² + a3·z₀·z₁

    3) Positive‑skew cubic‑log term
       f_s = b1·z₀³·log(1 + exp(b2·z₀))

    4) Sinusoidal ridge (adds mild linear behaviour)
       f_r = g·sin(g2·z₁ + g3)

    5) Rational valley (controls spread of values)
       f_v = d0 / (1 + (z₀/d1)² + (z₁/d2)²)

    6) Radial exponential basin centred at the shift point c
       r = ‖d‖
       f_e = eps·exp(-lam·r)

    Final fitness
    -------------
    f(x) = f_q + f_s + f_r + f_v + f_e
    ",,,,25,2,0.7068285345190298,0.08579938911964738,0.880897459802678,0.9151351181047763,0.40182079432563367,0.5288873835516353,0.7618175595325936,0.9913641744738166
"import numpy as np

def problem(x: np.ndarray) -> float:
    """"""
    Synthetic 2‑dimensional benchmark tuned toward the target ELA
    statistics.

    Parameters
    ----------
    x : np.ndarray, shape (2,)
        Decision vector inside the box [-5, 5]².

    Returns
    -------
    float
        Objective value.

    Landscape composition
    ---------------------
    1. Shift & rotate
       d = x - c,   c = (-0.4, 0.6)
       θ = π/6.2   (≈29°)
       R = [[cosθ, -sinθ],
            [sinθ,  cosθ]]
       z = R @ d  = (z0, z1)

    2. Weak quadratic core (no cross‑term)
       f_q = q1·z0² + q2·z1²

    3. Asymmetric skew term
       f_s = s1·z0³·log(1 + exp(s2·z0))

    4. Linear part with a strong bilinear interaction
       f_l = l1·z0 + l2·z1 + l3·z0·z1

    5. Small sinusoidal wiggle
       f_p = p1·sin(p2·z1 + p3)

    6. Smooth exponential basin centred at the shift point
       r = ‖d‖
       f_e = eps·exp(-lam·r)

    Final objective
    ---------------
    f(x) = f_q + f_s + f_l + f_p + f_e
    """"""
    # ------------------------------------------------------------------ #
    # Input validation (expects a 2‑dimensional point)
    x = np.asarray(x, dtype=float)
    if x.ndim != 1 or x.size != 2:
        raise ValueError(""Input must be a 1‑D array with exactly 2 elements."")
    # ------------------------------------------------------------------ #

    # 1) shift and rotate
    c = np.array([-0.4, 0.6])
    d = x - c
    theta = np.pi / 6.2                     # ≈ 29°
    ct, st = np.cos(theta), np.sin(theta)
    R = np.array([[ct, -st],
                  [st,  ct]])
    z = R @ d                               # (z0, z1)

    # 2) quadratic core – weaker, no mixed term
    q1, q2 = 0.30, 0.22
    f_q = q1 * z[0]**2 + q2 * z[1]**2

    # 3) skew‑inducing cubic‑log term (asymmetric)
    s1, s2 = 0.018, 0.18
    f_s = s1 * z[0]**3 * np.log1p(np.exp(s2 * z[0]))

    # 4) linear ridge with strong interaction
    l1, l2, l3 = 0.008, 0.006, 0.20
    f_l = l1 * z[0] + l2 * z[1] + l3 * z[0] * z[1]

    # 5) sinusoidal perturbation (tiny wiggle)
    p1, p2, p3 = 0.008, 2.3, 0.5
    f_p = p1 * np.sin(p2 * z[1] + p3)

    # 6) exponential basin (smooth global attraction)
    eps, lam = 0.020, 0.22
    r = np.linalg.norm(d)
    f_e = eps * np.exp(-lam * r)

    return f_q + f_s + f_l + f_p + f_e",0.4941472574059153,"
    Synthetic 2‑dimensional benchmark tuned toward the target ELA
    statistics.

    Parameters
    ----------
    x : np.ndarray, shape (2,)
        Decision vector inside the box [-5, 5]².

    Returns
    -------
    float
        Objective value.

    Landscape composition
    ---------------------
    1. Shift & rotate
       d = x - c,   c = (-0.4, 0.6)
       θ = π/6.2   (≈29°)
       R = [[cosθ, -sinθ],
            [sinθ,  cosθ]]
       z = R @ d  = (z0, z1)

    2. Weak quadratic core (no cross‑term)
       f_q = q1·z0² + q2·z1²

    3. Asymmetric skew term
       f_s = s1·z0³·log(1 + exp(s2·z0))

    4. Linear part with a strong bilinear interaction
       f_l = l1·z0 + l2·z1 + l3·z0·z1

    5. Small sinusoidal wiggle
       f_p = p1·sin(p2·z1 + p3)

    6. Smooth exponential basin centred at the shift point
       r = ‖d‖
       f_e = eps·exp(-lam·r)

    Final objective
    ---------------
    f(x) = f_q + f_s + f_l + f_p + f_e
    ",,,,25,2,0.3221439748928664,0.18517721417570712,0.8753951977451849,0.834919319463714,0.2205823667024467,0.22196181102937013,0.9743990738541686,0.9987341381173781
"import numpy as np

def problem(x: np.ndarray) -> float:
    """"""
    Synthetic 2‑dimensional benchmark (deterministic).

    f(x) = f_q(z) + f_l(z) + f_sk(z)

    where
        z = R·(x - c)                                   # shifted & rotated coordinates
        f_q(z) = λ₁·z₁⁴ + λ₂·z₂⁴                         # anisotropic quartic bowl
        f_l(z) = α·(v·z)                                 # linear ridge (adds linearity)
        f_sk(z)= γ·log(1 + exp(κ·z₁))                    # asymmetric log‑exp term (controls skew)

    Parameters
    ----------
    x : np.ndarray
        1‑D array with exactly 2 elements – the decision vector.

    Returns
    -------
    float
        Deterministic scalar fitness value.
    """"""
    # ---- input validation -------------------------------------------------
    x = np.asarray(x, dtype=float)
    if x.ndim != 1 or x.size != 2:
        raise ValueError(""Input must be a 1‑D array with 2 elements."")

    # ---- 1. shift ---------------------------------------------------------
    c = np.array([0.2, -0.9])            # new centre (close to global optimum)
    z = x - c

    # ---- 2. rotate --------------------------------------------------------
    theta = np.pi / 10.0                 # 18° rotation (milder than before)
    R = np.array([[np.cos(theta), -np.sin(theta)],
                  [np.sin(theta),  np.cos(theta)]])
    z = R @ z

    # ---- 3. components ----------------------------------------------------
    # (a) anisotropic quartic bowl
    lam = np.array([0.55, 1.45])         # softened anisotropy
    f_q = lam[0] * z[0]**4 + lam[1] * z[1]**4

    # (b) linear ridge
    v = np.array([0.92, -0.38])          # direction, later normalised
    v = v / np.linalg.norm(v)           # unit vector
    alpha = 0.38                         # stronger linear contribution
    f_l = alpha * np.dot(v, z)

    # (c) asymmetric log‑exp skew term
    gamma = 0.14                         # amplitude of skew term
    kappa = 0.30                         # slope controlling skew intensity
    f_sk = gamma * np.log1p(np.exp(kappa * z[0]))

    # ---- 4. total fitness -------------------------------------------------
    return f_q + f_l + f_sk",0.17895561540891486,"
    Synthetic 2‑dimensional benchmark (deterministic).

    f(x) = f_q(z) + f_l(z) + f_sk(z)

    where
        z = R·(x - c)                                   # shifted & rotated coordinates
        f_q(z) = λ₁·z₁⁴ + λ₂·z₂⁴                         # anisotropic quartic bowl
        f_l(z) = α·(v·z)                                 # linear ridge (adds linearity)
        f_sk(z)= γ·log(1 + exp(κ·z₁))                    # asymmetric log‑exp term (controls skew)

    Parameters
    ----------
    x : np.ndarray
        1‑D array with exactly 2 elements – the decision vector.

    Returns
    -------
    float
        Deterministic scalar fitness value.
    ",,,,25,2,0.6473561040332085,0.016410606350049244,0.8950767998588939,0.8737196317242284,0.2793817523759093,0.3972569704517568,0.7738136595625444,0.9484917762709453
"import numpy as np

def problem(x: np.ndarray) -> float:
    """"""
    Synthetic 2‑dimensional benchmark tuned to the target ELA statistics.

    Mathematical definition
    ------------------------
    Let x = (x1, x2) ∈ [-5, 5]^2 and c = (-0.6, 0.7) be a shift.
    1) Shift & rotation (θ = π/6):
           d = x - c
           z = R @ d,   R = [[cosθ, -sinθ],
                              [sinθ,  cosθ]]

    2) Anisotropic quadratic core (with cross‑term):
           f_q = a1·z0² + a2·z1² + a3·z0·z1
           a1 = 0.38,  a2 = 0.22,  a3 = 0.09

    3) Skew‑inducing cubic‑log term:
           f_s = b1·z0³·log(1 + exp(b2·z0))
           b1 = 0.035,  b2 = 0.30

    4) Linear ridge (small magnitude):
           f_l = g·(z0 + g2·z1)
           g  = 0.045,  g2 = 0.45

    5) Low‑amplitude sinusoidal perturbation:
           f_p = d1·sin(d2·z1 + d3)
           d1 = 0.006,  d2 = 1.2,  d3 = 0.6

    6) Exponential basin centred at the shift point:
           r = ‖d‖
           f_e = eps·exp(-lam·r)
           eps = 0.05,  lam = 0.22

    Final fitness
    -------------
    f(x) = f_q + f_s + f_l + f_p + f_e
    """"""
    # ------------------------------------------------------------------
    # Input validation
    x = np.asarray(x, dtype=float)
    if x.ndim != 1 or x.size != 2:
        raise ValueError(""Input must be a 1‑D array with exactly 2 elements."")
    # ------------------------------------------------------------------

    # 1) shift & rotate
    c = np.array([-0.6, 0.7])
    d = x - c
    theta = np.pi / 6.0                      # 30° rotation
    ct, st = np.cos(theta), np.sin(theta)
    R = np.array([[ct, -st],
                  [st,  ct]])
    z = R @ d

    # 2) quadratic core
    a1, a2, a3 = 0.38, 0.22, 0.09
    f_q = a1 * z[0]**2 + a2 * z[1]**2 + a3 * z[0] * z[1]

    # 3) skew‑inducing cubic‑log term
    b1, b2 = 0.035, 0.30
    f_s = b1 * z[0]**3 * np.log1p(np.exp(b2 * z[0]))

    # 4) linear ridge
    g, g2 = 0.045, 0.45
    f_l = g * (z[0] + g2 * z[1])

    # 5) sinusoidal perturbation
    d1, d2, d3 = 0.006, 1.2, 0.6
    f_p = d1 * np.sin(d2 * z[1] + d3)

    # 6) exponential basin
    eps, lam = 0.05, 0.22
    r = np.linalg.norm(d)
    f_e = eps * np.exp(-lam * r)

    return f_q + f_s + f_l + f_p + f_e",0.11390140387562935,"
    Synthetic 2‑dimensional benchmark tuned to the target ELA statistics.

    Mathematical definition
    ------------------------
    Let x = (x1, x2) ∈ [-5, 5]^2 and c = (-0.6, 0.7) be a shift.
    1) Shift & rotation (θ = π/6):
           d = x - c
           z = R @ d,   R = [[cosθ, -sinθ],
                              [sinθ,  cosθ]]

    2) Anisotropic quadratic core (with cross‑term):
           f_q = a1·z0² + a2·z1² + a3·z0·z1
           a1 = 0.38,  a2 = 0.22,  a3 = 0.09

    3) Skew‑inducing cubic‑log term:
           f_s = b1·z0³·log(1 + exp(b2·z0))
           b1 = 0.035,  b2 = 0.30

    4) Linear ridge (small magnitude):
           f_l = g·(z0 + g2·z1)
           g  = 0.045,  g2 = 0.45

    5) Low‑amplitude sinusoidal perturbation:
           f_p = d1·sin(d2·z1 + d3)
           d1 = 0.006,  d2 = 1.2,  d3 = 0.6

    6) Exponential basin centred at the shift point:
           r = ‖d‖
           f_e = eps·exp(-lam·r)
           eps = 0.05,  lam = 0.22

    Final fitness
    -------------
    f(x) = f_q + f_s + f_l + f_p + f_e
    ",,,,25,2,0.6088379111123338,0.11104956106377709,0.8978004099520569,0.905910079863492,0.3989854791364374,0.5197572759799466,0.811087733392428,0.9953275257981313
"import numpy as np

def problem(x: np.ndarray) -> float:
    """"""
    Synthetic 2‑dimensional benchmark function.

    f(x) = f_q(z) + f_l(z) + f_s(z) + f_sk(z)

    where
        z = R·(x - c)                # shifted and rotated coordinates
        R  = [[cosθ, -sinθ],
              [sinθ,  cosθ]]          # rotation by θ = 12°

        f_q(z) = λ₁·z₁⁴ + λ₂·z₂⁴                # anisotropic quartic bowl
        f_l(z) = α·(v·z)                         # linear ridge
        f_s(z) = β·sin(ω·z₁)·cos(ω·z₂)           # low‑amplitude ripple
        f_sk(z)= γ·log(1 + exp(κ·z₁))            # asymmetric skew term

    Parameters
    ----------
    x : np.ndarray
        1‑D array of length 2, each component in [-5, 5].

    Returns
    -------
    float
        Deterministic fitness value.
    """"""
    # ------------------------------------------------------------------ #
    x = np.asarray(x, dtype=float)
    if x.ndim != 1 or x.size != 2:
        raise ValueError(""Input must be a 1‑D array with exactly 2 elements."")

    # 1️⃣ shift the global optimum
    c = np.array([0.3, -0.9])
    z = x - c

    # 2️⃣ rotate (θ = 12°)
    theta = np.deg2rad(12.0)
    R = np.array([[np.cos(theta), -np.sin(theta)],
                  [np.sin(theta),  np.cos(theta)]])
    z = R @ z

    # 3️⃣ components --------------------------------------------------- #
    # (a) anisotropic quartic bowl
    lam = np.array([0.40, 1.55])
    f_q = lam[0] * z[0]**4 + lam[1] * z[1]**4

    # (b) linear ridge
    v = np.array([0.78, -0.62])
    v = v / np.linalg.norm(v)          # unit direction
    alpha = 0.22
    f_l = alpha * (v @ z)

    # (c) sinusoidal ripple
    beta = 0.028
    omega = 1.1
    f_s = beta * np.sin(omega * z[0]) * np.cos(omega * z[1])

    # (d) asymmetric skew term
    gamma = 0.09
    kappa = 0.24
    f_sk = gamma * np.log1p(np.exp(kappa * z[0]))

    # 4️⃣ total fitness ------------------------------------------------ #
    return f_q + f_l + f_s + f_sk",0.159510417077214,"
    Synthetic 2‑dimensional benchmark function.

    f(x) = f_q(z) + f_l(z) + f_s(z) + f_sk(z)

    where
        z = R·(x - c)                # shifted and rotated coordinates
        R  = [[cosθ, -sinθ],
              [sinθ,  cosθ]]          # rotation by θ = 12°

        f_q(z) = λ₁·z₁⁴ + λ₂·z₂⁴                # anisotropic quartic bowl
        f_l(z) = α·(v·z)                         # linear ridge
        f_s(z) = β·sin(ω·z₁)·cos(ω·z₂)           # low‑amplitude ripple
        f_sk(z)= γ·log(1 + exp(κ·z₁))            # asymmetric skew term

    Parameters
    ----------
    x : np.ndarray
        1‑D array of length 2, each component in [-5, 5].

    Returns
    -------
    float
        Deterministic fitness value.
    ",,,,25,2,0.6193846239111996,0.016669861162915498,0.91551290245771,0.874076481222267,0.30630772488090585,0.40451186142436313,0.8061327178764387,0.9530550493750167
"import numpy as np

def problem(x: np.ndarray) -> float:
    """"""
    Synthetic 2‑dimensional benchmark tuned to the target ELA statistics.

    Definition
    ----------
    Let **x** = (x₁, x₂) ∈ [‑5, 5]².

    1) Translation & rotation
       c = (-0.8, 0.9)                     # centre of the landscape
       d = x - c
       θ = π/6
       R = [[cosθ, -sinθ],
            [sinθ,  cosθ]]
       z = R @ d                           # rotated coordinates (z₀, z₁)

    2) Anisotropic quadratic core (reduced strength)
       f_q = 0.25·z₀² + 0.20·z₁² + 0.04·z₀·z₁

    3) Weak linear ridge
       f_l = 0.07·(z₀ + 0.6·z₁)

    4) Skew‑inducing cubic‑log term
       f_s = 0.045·z₀³·log₁₊ₑˣᴾ(0.25·z₀)

    5) Small sinusoidal perturbation (non‑quadratic)
       f_p = 0.015·sin(1.8·z₀)·cos(2.3·z₁)

    6) Isotropic exponential basin (nearest‑better connectivity)
       r   = ‖d‖
       f_e = 0.060·exp(-0.30·r)

    Final fitness
    -------------
    f(x) = f_q + f_l + f_s + f_p + f_e
    """"""
    # ---- input validation -------------------------------------------------
    x = np.asarray(x, dtype=float)
    if x.ndim != 1 or x.size != 2:
        raise ValueError(""Input must be a 1‑D array with exactly 2 elements."")

    # 1) translation & rotation
    c = np.array([-0.8, 0.9])
    d = x - c
    theta = np.pi / 6.0
    ct, st = np.cos(theta), np.sin(theta)
    R = np.array([[ct, -st],
                  [st,  ct]])
    z = R @ d               # rotated coordinates

    # 2) reduced quadratic core
    f_q = 0.25 * z[0]**2 + 0.20 * z[1]**2 + 0.04 * z[0] * z[1]

    # 3) weak linear ridge
    f_l = 0.07 * (z[0] + 0.6 * z[1])

    # 4) skew‑inducing cubic‑log term
    f_s = 0.045 * z[0]**3 * np.log1p(np.exp(0.25 * z[0]))

    # 5) sinusoidal perturbation (adds non‑quadratic structure)
    f_p = 0.015 * np.sin(1.8 * z[0]) * np.cos(2.3 * z[1])

    # 6) exponential basin for nearest‑better connectivity
    r = np.linalg.norm(d)
    f_e = 0.060 * np.exp(-0.30 * r)

    return f_q + f_l + f_s + f_p + f_e",0.20921295871535744,"
    Synthetic 2‑dimensional benchmark tuned to the target ELA statistics.

    Definition
    ----------
    Let **x** = (x₁, x₂) ∈ [‑5, 5]².

    1) Translation & rotation
       c = (-0.8, 0.9)                     # centre of the landscape
       d = x - c
       θ = π/6
       R = [[cosθ, -sinθ],
            [sinθ,  cosθ]]
       z = R @ d                           # rotated coordinates (z₀, z₁)

    2) Anisotropic quadratic core (reduced strength)
       f_q = 0.25·z₀² + 0.20·z₁² + 0.04·z₀·z₁

    3) Weak linear ridge
       f_l = 0.07·(z₀ + 0.6·z₁)

    4) Skew‑inducing cubic‑log term
       f_s = 0.045·z₀³·log₁₊ₑˣᴾ(0.25·z₀)

    5) Small sinusoidal perturbation (non‑quadratic)
       f_p = 0.015·sin(1.8·z₀)·cos(2.3·z₁)

    6) Isotropic exponential basin (nearest‑better connectivity)
       r   = ‖d‖
       f_e = 0.060·exp(-0.30·r)

    Final fitness
    -------------
    f(x) = f_q + f_l + f_s + f_p + f_e
    ",,,,25,2,0.649486591102897,0.06984900089712315,0.905429981001147,0.9280495505296622,0.5084554228267364,0.6145398954562382,0.8048220944568397,0.9950012624283906
"import numpy as np

def problem(x: np.ndarray) -> float:
    """"""
    Synthetic 2‑dimensional benchmark tuned toward the target ELA
    characteristics.

    Mathematical definition
    -----------------------
    Let x = (x₁, x₂) ∈ [-5,5]².
    1) Shift & rotate
       c = (-0.4, 0.9)                        # new global centre
       d = x - c
       θ = np.pi / 6.0                        # 30° rotation
       R = [[cosθ, -sinθ],
            [sinθ,  cosθ]]
       z = R @ d                               # rotated coordinates (z₀,z₁)

    2) Anisotropic quadratic core
       f_q = a1·z₀² + a2·z₁² + a3·z₀·z₁
       a1 = 0.38,  a2 = 0.22,  a3 = 0.05

    3) Positive‑skew cubic‑log term
       f_s = b1·z₀³·log(1 + exp(b2·z₀))
       b1 = 0.036,  b2 = 0.27

    4) Linear ridge
       f_l = g·(z₀ + g2·z₁)
       g = 0.090,  g2 = 0.70

    5) Sinusoidal perturbation
       f_p = d1·sin(d2·z₁ + d3)
       d1 = 0.018,  d2 = 1.6,  d3 = 0.6

    6) Exponential basin centred at the shift point
       r = ||d||
       f_e = eps·exp(-lam·r)
       eps = 0.045,  lam = 0.25

    Final fitness
    -------------
    f(x) = f_q + f_s + f_l + f_p + f_e
    """"""
    # ------------------------------------------------------------------
    # Input validation (kept minimal, deterministic)
    x = np.asarray(x, dtype=float)
    if x.ndim != 1 or x.size != 2:
        raise ValueError(""Input must be a 1‑D array with exactly 2 elements."")
    # ------------------------------------------------------------------

    # 1) shift & rotate
    c = np.array([-0.4, 0.9])
    d = x - c
    theta = np.pi / 6.0
    ct, st = np.cos(theta), np.sin(theta)
    R = np.array([[ct, -st],
                  [st,  ct]])
    z = R @ d

    # 2) quadratic core
    a1, a2, a3 = 0.38, 0.22, 0.05
    f_q = a1 * z[0]**2 + a2 * z[1]**2 + a3 * z[0] * z[1]

    # 3) skew‑inducing cubic‑log term
    b1, b2 = 0.036, 0.27
    f_s = b1 * z[0]**3 * np.log1p(np.exp(b2 * z[0]))

    # 4) linear ridge
    g, g2 = 0.090, 0.70
    f_l = g * (z[0] + g2 * z[1])

    # 5) sinusoidal perturbation
    d1, d2, d3 = 0.018, 1.6, 0.6
    f_p = d1 * np.sin(d2 * z[1] + d3)

    # 6) exponential basin
    eps, lam = 0.045, 0.25
    r = np.linalg.norm(d)
    f_e = eps * np.exp(-lam * r)

    return f_q + f_s + f_l + f_p + f_e",0.10936608477570894,"
    Synthetic 2‑dimensional benchmark tuned toward the target ELA
    characteristics.

    Mathematical definition
    -----------------------
    Let x = (x₁, x₂) ∈ [-5,5]².
    1) Shift & rotate
       c = (-0.4, 0.9)                        # new global centre
       d = x - c
       θ = np.pi / 6.0                        # 30° rotation
       R = [[cosθ, -sinθ],
            [sinθ,  cosθ]]
       z = R @ d                               # rotated coordinates (z₀,z₁)

    2) Anisotropic quadratic core
       f_q = a1·z₀² + a2·z₁² + a3·z₀·z₁
       a1 = 0.38,  a2 = 0.22,  a3 = 0.05

    3) Positive‑skew cubic‑log term
       f_s = b1·z₀³·log(1 + exp(b2·z₀))
       b1 = 0.036,  b2 = 0.27

    4) Linear ridge
       f_l = g·(z₀ + g2·z₁)
       g = 0.090,  g2 = 0.70

    5) Sinusoidal perturbation
       f_p = d1·sin(d2·z₁ + d3)
       d1 = 0.018,  d2 = 1.6,  d3 = 0.6

    6) Exponential basin centred at the shift point
       r = ||d||
       f_e = eps·exp(-lam·r)
       eps = 0.045,  lam = 0.25

    Final fitness
    -------------
    f(x) = f_q + f_s + f_l + f_p + f_e
    ",,,,25,2,0.5999544786564385,0.11439792592006799,0.9010006222532886,0.9073550942846162,0.3947615015371857,0.5240527876942185,0.8062641620660468,0.9958706398491557
"import numpy as np

def problem(x: np.ndarray) -> float:
    """"""
    Synthetic 2‑dimensional benchmark function tuned to the target ELA
    statistics.

    Mathematical definition
    ------------------------
    Let **x** = (x₁, x₂) ∈ [‑5, 5]² and a constant shift **c** = (‑0.6, 0.7).

    1) Shift & rotation
       d = x – c                                 # translation
       θ = π / 5.4                               # ≈ 33.3°
       R = [[cosθ, –sinθ],
            [sinθ,  cosθ]]
       z = R @ d                                 # rotated coordinates (z₀, z₁)

    2) Core anisotropic quadratic (dominant term)
       f_q = a₁·z₀² + a₂·z₁² + a₃·z₀·z₁

    3) Skew‑inducing cubic‑log component (creates positive skew)
       f_s = b₁·z₀³·log(1 + exp(b₂·z₀))

    4) Linear ridge (adds linear trend)
       f_l = g·(z₀ + g₂·z₁)

    5) Small sinusoidal perturbation (fine‑scale variability)
       f_p = d₁·sin(d₂·z₁ + d₃)

    6) Exponential basin centred at the shift point (keeps nearest‑better
       correlation high)
       r   = ||d||                              # Euclidean distance to centre
       f_e = ε·exp(-λ·r)

    Final fitness
    -------------
    f(x) = f_q + f_s + f_l + f_p + f_e

    All coefficients are deterministic constants chosen to bring the
    normalised ELA feature vector as close as possible to the supplied
    target values while remaining smooth on the domain [-5,5]².
    """"""
    # ------------------------------------------------------------------ #
    # Input validation
    x = np.asarray(x, dtype=float)
    if x.ndim != 1 or x.size != 2:
        raise ValueError(""Input must be a 1‑D array with exactly 2 elements."")
    # ------------------------------------------------------------------ #

    # 1) shift & rotate
    c = np.array([-0.6, 0.7])
    d = x - c
    theta = np.pi / 5.4                # ≈ 33.3°
    ct, st = np.cos(theta), np.sin(theta)
    R = np.array([[ct, -st],
                  [st,  ct]])
    z = R @ d

    # 2) anisotropic quadratic core (dominant)
    a1, a2, a3 = 0.38, 0.24, 0.09       # scaled down quadratic amplitudes
    f_q = a1 * z[0]**2 + a2 * z[1]**2 + a3 * z[0] * z[1]

    # 3) skew‑inducing cubic‑log term (reduced weight)
    b1, b2 = 0.030, 0.30
    f_s = b1 * z[0]**3 * np.log1p(np.exp(b2 * z[0]))

    # 4) linear ridge (weaker)
    g, g2 = 0.07, 0.55
    f_l = g * (z[0] + g2 * z[1])

    # 5) sinusoidal perturbation (smaller amplitude)
    d1, d2, d3 = 0.018, 2.1, 0.6
    f_p = d1 * np.sin(d2 * z[1] + d3)

    # 6) exponential basin (slightly smaller depth)
    eps, lam = 0.040, 0.19
    r = np.linalg.norm(d)
    f_e = eps * np.exp(-lam * r)

    return f_q + f_s + f_l + f_p + f_e",0.11996556862478071,"
    Synthetic 2‑dimensional benchmark function tuned to the target ELA
    statistics.

    Mathematical definition
    ------------------------
    Let **x** = (x₁, x₂) ∈ [‑5, 5]² and a constant shift **c** = (‑0.6, 0.7).

    1) Shift & rotation
       d = x – c                                 # translation
       θ = π / 5.4                               # ≈ 33.3°
       R = [[cosθ, –sinθ],
            [sinθ,  cosθ]]
       z = R @ d                                 # rotated coordinates (z₀, z₁)

    2) Core anisotropic quadratic (dominant term)
       f_q = a₁·z₀² + a₂·z₁² + a₃·z₀·z₁

    3) Skew‑inducing cubic‑log component (creates positive skew)
       f_s = b₁·z₀³·log(1 + exp(b₂·z₀))

    4) Linear ridge (adds linear trend)
       f_l = g·(z₀ + g₂·z₁)

    5) Small sinusoidal perturbation (fine‑scale variability)
       f_p = d₁·sin(d₂·z₁ + d₃)

    6) Exponential basin centred at the shift point (keeps nearest‑better
       correlation high)
       r   = ||d||                              # Euclidean distance to centre
       f_e = ε·exp(-λ·r)

    Final fitness
    -------------
    f(x) = f_q + f_s + f_l + f_p + f_e

    All coefficients are deterministic constants chosen to bring the
    normalised ELA feature vector as close as possible to the supplied
    target values while remaining smooth on the domain [-5,5]².
    ",,,,25,2,0.5824254867530265,0.11940373016844155,0.9093512404523338,0.8994654115765384,0.3977000809028577,0.5138768204471292,0.8227260481067403,0.9962908769280231
"import numpy as np

def problem(x: np.ndarray) -> float:
    """"""
    Synthetic 2‑dimensional benchmark function (deterministic).

    f(x) = λ₁·z₁⁴ + λ₂·z₂⁴               # anisotropic quartic bowl
           + α·(v·z)                     # linear ridge (direction v)
           + γ·log(1 + exp(κ·z₁))        # soft‑plus skew term

    where
        z = R·(x - c)                     # shift by optimum c and rotate by θ
        R = [[cosθ, -sinθ],
             [sinθ,  cosθ]]                # 20° rotation (θ = π/9)

    The constants have been tuned so that the function’s
    Exploratory Landscape Analysis (ELA) features match the
    target values provided in the specification.
    """"""
    # --------------------------------------------------------------
    # 1. input handling
    x = np.asarray(x, dtype=float)
    if x.ndim != 1 or x.size != 2:
        raise ValueError(""Input must be a 1‑D array with 2 elements."")

    # --------------------------------------------------------------
    # 2. shift (optimum location)
    c = np.array([0.45, -1.05])           # unchanged optimum
    z = x - c

    # --------------------------------------------------------------
    # 3. rotation (20°)
    theta = np.pi / 9.0                   # 20 degrees
    ct, st = np.cos(theta), np.sin(theta)
    R = np.array([[ct, -st],
                  [st,  ct]])
    z = R @ z

    # --------------------------------------------------------------
    # 4. components
    # (a) anisotropic quartic bowl
    lam = np.array([0.52, 1.25])          # reduced curvature on axis 2
    f_quad = lam[0] * z[0]**4 + lam[1] * z[1]**4

    # (b) linear ridge (strength increased)
    v = np.array([0.77, -0.64])
    v = v / np.linalg.norm(v)            # unit direction
    alpha = 0.42                          # larger linear contribution
    f_lin = alpha * (v @ z)

    # (c) soft‑plus skew term (amplitude and steepness reduced)
    gamma = 0.045                         # lower amplitude → less skew
    kappa = 0.18                          # gentler transition
    f_skew = gamma * np.log1p(np.exp(kappa * z[0]))

    # --------------------------------------------------------------
    # 5. total fitness
    return f_quad + f_lin + f_skew",0.15661673093232883,"
    Synthetic 2‑dimensional benchmark function (deterministic).

    f(x) = λ₁·z₁⁴ + λ₂·z₂⁴               # anisotropic quartic bowl
           + α·(v·z)                     # linear ridge (direction v)
           + γ·log(1 + exp(κ·z₁))        # soft‑plus skew term

    where
        z = R·(x - c)                     # shift by optimum c and rotate by θ
        R = [[cosθ, -sinθ],
             [sinθ,  cosθ]]                # 20° rotation (θ = π/9)

    The constants have been tuned so that the function’s
    Exploratory Landscape Analysis (ELA) features match the
    target values provided in the specification.
    ",,,,25,2,0.6188404455021091,0.015549968251201534,0.8926786783702619,0.8804329631256393,0.30132958789238234,0.40100835230081183,0.7858301485973479,0.9537730949114571
"import numpy as np

def problem(x: np.ndarray) -> float:
    """"""
    Simple 2‑D synthetic benchmark tuned to the supplied ELA statistics.

    Construction
    ------------
    * Shift & rotation:    z = R·(x‑c)    with c = (‑0.6, 0.7), θ = π/5.4.
    * Global anisotropic quadratic core (dominant term):
          f_q = a1·z0² + a2·z1² + a3·z0·z1
    * Mild skew:           f_s = b1·z0³·log(1+exp(b2·z0))
    * Linear ridge:        f_l = g·(z0 + g2·z1)
    * Global shallow basin: f_e = eps·‖x‑c‖²
    The final fitness is  f(x) = f_q + f_s + f_l + f_e .

    All constants are deterministic and chosen so that the normalised
    ELA feature vector is close to the target values.
    """"""
    # ---- input check -------------------------------------------------
    x = np.asarray(x, dtype=float)
    if x.ndim != 1 or x.size != 2:
        raise ValueError(""Input must be a 1‑D array with exactly 2 elements."")

    # ---- 1) shift & rotation -----------------------------------------
    c = np.array([-0.6, 0.7])
    d = x - c
    theta = np.pi / 5.4
    ct, st = np.cos(theta), np.sin(theta)
    R = np.array([[ct, -st],
                  [st,  ct]])
    z = R @ d

    # ---- 2) anisotropic quadratic core --------------------------------
    a1, a2, a3 = 0.38, 0.24, 0.09
    f_q = a1 * z[0]**2 + a2 * z[1]**2 + a3 * z[0] * z[1]

    # ---- 3) skew‑inducing cubic‑log term -------------------------------
    b1, b2 = 0.020, 0.30
    f_s = b1 * z[0]**3 * np.log1p(np.exp(b2 * z[0]))

    # ---- 4) linear ridge -----------------------------------------------
    g, g2 = 0.05, 0.55
    f_l = g * (z[0] + g2 * z[1])

    # ---- 5) shallow global basin ---------------------------------------
    eps = 0.020
    f_e = eps * np.dot(d, d)   # ‖x‑c‖²

    return f_q + f_s + f_l + f_e",0.20214248525878029,"
    Simple 2‑D synthetic benchmark tuned to the supplied ELA statistics.

    Construction
    ------------
    * Shift & rotation:    z = R·(x‑c)    with c = (‑0.6, 0.7), θ = π/5.4.
    * Global anisotropic quadratic core (dominant term):
          f_q = a1·z0² + a2·z1² + a3·z0·z1
    * Mild skew:           f_s = b1·z0³·log(1+exp(b2·z0))
    * Linear ridge:        f_l = g·(z0 + g2·z1)
    * Global shallow basin: f_e = eps·‖x‑c‖²
    The final fitness is  f(x) = f_q + f_s + f_l + f_e .

    All constants are deterministic and chosen so that the normalised
    ELA feature vector is close to the target values.
    ",,,,26,2,0.4854722933240994,0.15534138206114748,0.9065777776650692,0.8840943638291752,0.3564337379841689,0.4464581944771969,0.8705695119002541,0.9978057060481288
"import numpy as np

def problem(x: np.ndarray) -> float:
    """"""
    Synthetic 2‑dimensional benchmark tuned to the target ELA statistics.

    Mathematical definition
    ------------------------
    Let x = (x1, x2) ∈ [-5, 5]^2 and c = (‑0.5, 0.8) be a shift.
    1) Shift & rotation (θ = π/5):
           d = x - c
           R = [[cosθ, -sinθ],
                [sinθ,  cosθ]]
           z = R @ d                     # rotated coordinates

    2) Anisotropic quadratic core with cross‑term:
           f_q = α1·z0² + α2·z1² + α3·z0·z1
           α1 = 0.42,   α2 = 0.24,   α3 = 0.07

    3) Small linear ridge (adds a gentle tilt):
           f_l = β·(z0 + γ·z1)
           β = 0.048,   γ = 0.42

    4) Smooth exponential basin centred at the shift point:
           r = ‖d‖
           f_e = δ·exp(‑ε·r)
           δ = 0.052,   ε = 0.21

    Final fitness
    -------------
    f(x) = f_q + f_l + f_e
    """"""
    # ---- input validation -------------------------------------------------
    x = np.asarray(x, dtype=float)
    if x.ndim != 1 or x.size != 2:
        raise ValueError(""Input must be a 1‑D array with exactly 2 elements."")
    # -----------------------------------------------------------------------

    # 1) shift & rotation
    c = np.array([-0.5, 0.8])
    d = x - c
    theta = np.pi / 5.0                     # 36° rotation
    ct, st = np.cos(theta), np.sin(theta)
    R = np.array([[ct, -st],
                  [st,  ct]])
    z = R @ d

    # 2) anisotropic quadratic core
    a1, a2, a3 = 0.42, 0.24, 0.07
    f_q = a1 * z[0]**2 + a2 * z[1]**2 + a3 * z[0] * z[1]

    # 3) linear ridge
    beta, gamma = 0.048, 0.42
    f_l = beta * (z[0] + gamma * z[1])

    # 4) exponential basin
    delta, eps = 0.052, 0.21
    r = np.linalg.norm(d)
    f_e = delta * np.exp(-eps * r)

    return f_q + f_l + f_e",0.49184512005201353,"
    Synthetic 2‑dimensional benchmark tuned to the target ELA statistics.

    Mathematical definition
    ------------------------
    Let x = (x1, x2) ∈ [-5, 5]^2 and c = (‑0.5, 0.8) be a shift.
    1) Shift & rotation (θ = π/5):
           d = x - c
           R = [[cosθ, -sinθ],
                [sinθ,  cosθ]]
           z = R @ d                     # rotated coordinates

    2) Anisotropic quadratic core with cross‑term:
           f_q = α1·z0² + α2·z1² + α3·z0·z1
           α1 = 0.42,   α2 = 0.24,   α3 = 0.07

    3) Small linear ridge (adds a gentle tilt):
           f_l = β·(z0 + γ·z1)
           β = 0.048,   γ = 0.42

    4) Smooth exponential basin centred at the shift point:
           r = ‖d‖
           f_e = δ·exp(‑ε·r)
           δ = 0.052,   ε = 0.21

    Final fitness
    -------------
    f(x) = f_q + f_l + f_e
    ",,,,26,2,0.2554635256873182,0.26593831265538304,0.8958631420089413,0.8518734875461081,0.22650714547998727,0.30437594627300113,0.9126941382637817,0.9999997623255782
"import numpy as np

def problem(x: np.ndarray) -> float:
    """"""
    Simple 2‑dimensional synthetic benchmark.

    f(x) = a1*z0**2 + a2*z1**2 + a3*z0*z1 + b*z0**3

    where
        c = (-0.6, 0.7)                     # translation (shifts the optimum)
        θ = π / 5.4                         # rotation angle (~33.3°)
        R = [[cosθ, -sinθ],
             [sinθ,  cosθ]]                # rotation matrix
        d = x - c
        z = R @ d   →  (z0, z1)            # rotated coordinates

    The quadratic part dominates the landscape and yields the high
    quadratic‑model adj‑R² values.  The cubic term adds a positive
    skew to the distribution of objective values without introducing
    high‑frequency artefacts, helping to match `ela_distr.skewness`
    while keeping the function smooth on the whole domain [-5, 5]^2.

    Parameters
    ----------
    x : np.ndarray
        1‑D array of length 2 containing the decision variables.

    Returns
    -------
    float
        The deterministic fitness value.
    """"""
    # --------------------------------------------------------------
    # Input validation (keeps the function safe to call from a benchmark)
    x = np.asarray(x, dtype=float)
    if x.ndim != 1 or x.size != 2:
        raise ValueError(""Input must be a 1‑D array with exactly 2 elements."")
    # --------------------------------------------------------------

    # 1) shift & rotation
    c = np.array([-0.6, 0.7])
    d = x - c
    theta = np.pi / 5.4               # ≈ 33.3°
    ct, st = np.cos(theta), np.sin(theta)
    R = np.array([[ct, -st],
                  [st,  ct]])
    z = R @ d                         # rotated coordinates (z0, z1)

    # 2) dominant anisotropic quadratic term
    a1, a2, a3 = 0.40, 0.22, 0.08      # chosen to give the target quadratic R²
    f_quad = a1 * z[0]**2 + a2 * z[1]**2 + a3 * z[0] * z[1]

    # 3) mild cubic term to control skewness (positive coefficient → right‑skew)
    b = 0.035                         # small enough not to destroy quadratic dominance
    f_cubic = b * z[0]**3

    return f_quad + f_cubic",0.2262855546334361,"
    Simple 2‑dimensional synthetic benchmark.

    f(x) = a1*z0**2 + a2*z1**2 + a3*z0*z1 + b*z0**3

    where
        c = (-0.6, 0.7)                     # translation (shifts the optimum)
        θ = π / 5.4                         # rotation angle (~33.3°)
        R = [[cosθ, -sinθ],
             [sinθ,  cosθ]]                # rotation matrix
        d = x - c
        z = R @ d   →  (z0, z1)            # rotated coordinates

    The quadratic part dominates the landscape and yields the high
    quadratic‑model adj‑R² values.  The cubic term adds a positive
    skew to the distribution of objective values without introducing
    high‑frequency artefacts, helping to match `ela_distr.skewness`
    while keeping the function smooth on the whole domain [-5, 5]^2.

    Parameters
    ----------
    x : np.ndarray
        1‑D array of length 2 containing the decision variables.

    Returns
    -------
    float
        The deterministic fitness value.
    ",,,,26,2,0.47841027725878044,0.162987323297282,0.8861912980937308,0.9038690949431258,0.462622663164361,0.5423376592710342,0.8783071842444944,1.0
"import numpy as np

def problem(x: np.ndarray) -> float:
    """"""
    Synthetic 2‑dimensional benchmark whose ELA statistics
    are tuned toward the supplied target values.

    Variables
    ---------
    x : np.ndarray, shape (2,)
        Decision vector in the box [-5, 5]^2.

    Formula
    -------
    Let x = (x1, x2).

    f(x) = a1·x1² + a2·x2²               # quadratic core
         + b·x1·x2                       # linear interaction (also part of full quadratic)
         + c·x1³                         # right‑hand skew term
         + d·exp( -λ·‖x‖₂ )              # smooth isotropic basin

    where the constants are chosen as
        a1 = 0.30,  a2 = 0.27,
        b  = 0.12,
        c  = 0.045,
        d  = 0.025,
        λ  = 0.20.
    """"""
    # ----------------------------------------------------------------------
    # Input validation (expects a 2‑dimensional point)
    # ----------------------------------------------------------------------
    x = np.asarray(x, dtype=float)
    if x.ndim != 1 or x.size != 2:
        raise ValueError(""Input must be a 1‑D array with exactly 2 elements."")

    # coefficients
    a1, a2 = 0.30, 0.27
    b       = 0.12
    c       = 0.045
    d       = 0.025
    lam     = 0.20

    x1, x2 = x[0], x[1]

    # quadratic core + interaction
    quad = a1 * x1**2 + a2 * x2**2 + b * x1 * x2

    # skew term (applied only to x1 to keep the skew positive)
    skew = c * x1**3

    # smooth exponential basin centred at the origin
    basin = d * np.exp(-lam * np.linalg.norm(x))

    return quad + skew + basin",0.4060347015009606,"
    Synthetic 2‑dimensional benchmark whose ELA statistics
    are tuned toward the supplied target values.

    Variables
    ---------
    x : np.ndarray, shape (2,)
        Decision vector in the box [-5, 5]^2.

    Formula
    -------
    Let x = (x1, x2).

    f(x) = a1·x1² + a2·x2²               # quadratic core
         + b·x1·x2                       # linear interaction (also part of full quadratic)
         + c·x1³                         # right‑hand skew term
         + d·exp( -λ·‖x‖₂ )              # smooth isotropic basin

    where the constants are chosen as
        a1 = 0.30,  a2 = 0.27,
        b  = 0.12,
        c  = 0.045,
        d  = 0.025,
        λ  = 0.20.
    ",,,,26,2,0.34183353249805304,0.25658717197368563,0.798884026513012,0.8408860995573987,0.26616045990390436,0.3487760348293326,0.8753253612453694,0.9999999359341765
"import numpy as np

def problem(x: np.ndarray) -> float:
    """"""
    Synthetic 2‑dimensional benchmark function.

    Mathematical definition
    ------------------------
    Let **x** = (x₁, x₂) ∈ [‑5, 5]² and define a constant shift
    **c** = (‑0.6, 0.7).

    1) Shift & rotation
       d = x – c                                 # translation
       θ = π / 6                                 # 30°
       R = [[cosθ, –sinθ],
            [sinθ,  cosθ]]
       z = R @ d                                 # rotated coordinates (z₀, z₁)

    2) Quadratic bowl (dominant curvature)
       f_q = α₁·z₀² + α₂·z₁² + α₃·z₀·z₁
       α₁ = 0.48 , α₂ = 0.30 , α₃ = 0.07

    3) Mild linear ridge (helps the linear‑model R²)
       f_l = β·(z₀ + γ·z₁)
       β = 0.06 , γ = 0.55

    4) Skew‑inducing cubic‑log term (creates right‑hand tail)
       f_s = δ₁·z₀³·log(1 + exp(δ₂·z₀))
       δ₁ = 0.035 , δ₂ = 0.25

    5) Radial rational‑log perturbation (controls spread,
       NN/NN‑B distance ratio and adds a mild non‑linear decay)
       r = √(z₀² + z₁²)                         # Euclidean radius
       f_p = ε·log(1 + η·r) / (1 + λ·r²)
       ε = 0.043 , η = 1.3 , λ = 0.20

    Final fitness
    -------------
    f(x) = f_q + f_l + f_s + f_p
    """"""
    # --------------------------------------------------------------
    # validate input
    x = np.asarray(x, dtype=float)
    if x.ndim != 1 or x.size != 2:
        raise ValueError(""Input must be a 1‑D array with exactly 2 elements."")

    # 1) shift & rotation
    c = np.array([-0.6, 0.7])
    d = x - c
    theta = np.pi / 6.0                      # 30 degrees
    ct, st = np.cos(theta), np.sin(theta)
    R = np.array([[ct, -st],
                  [st,  ct]])
    z = R @ d                                 # rotated coordinates

    # 2) quadratic bowl
    a1, a2, a3 = 0.48, 0.30, 0.07
    f_q = a1 * z[0]**2 + a2 * z[1]**2 + a3 * z[0] * z[1]

    # 3) mild linear ridge
    beta, gamma = 0.06, 0.55
    f_l = beta * (z[0] + gamma * z[1])

    # 4) cubic‑log skew term
    delta1, delta2 = 0.035, 0.25
    f_s = delta1 * z[0]**3 * np.log1p(np.exp(delta2 * z[0]))

    # 5) radial rational‑log perturbation
    eps, eta, lam = 0.043, 1.3, 0.20
    r = np.sqrt(z[0]**2 + z[1]**2)
    f_p = eps * np.log1p(eta * r) / (1.0 + lam * r**2)

    # deterministic fitness value
    return f_q + f_l + f_s + f_p",0.1571201607386075,"
    Synthetic 2‑dimensional benchmark function.

    Mathematical definition
    ------------------------
    Let **x** = (x₁, x₂) ∈ [‑5, 5]² and define a constant shift
    **c** = (‑0.6, 0.7).

    1) Shift & rotation
       d = x – c                                 # translation
       θ = π / 6                                 # 30°
       R = [[cosθ, –sinθ],
            [sinθ,  cosθ]]
       z = R @ d                                 # rotated coordinates (z₀, z₁)

    2) Quadratic bowl (dominant curvature)
       f_q = α₁·z₀² + α₂·z₁² + α₃·z₀·z₁
       α₁ = 0.48 , α₂ = 0.30 , α₃ = 0.07

    3) Mild linear ridge (helps the linear‑model R²)
       f_l = β·(z₀ + γ·z₁)
       β = 0.06 , γ = 0.55

    4) Skew‑inducing cubic‑log term (creates right‑hand tail)
       f_s = δ₁·z₀³·log(1 + exp(δ₂·z₀))
       δ₁ = 0.035 , δ₂ = 0.25

    5) Radial rational‑log perturbation (controls spread,
       NN/NN‑B distance ratio and adds a mild non‑linear decay)
       r = √(z₀² + z₁²)                         # Euclidean radius
       f_p = ε·log(1 + η·r) / (1 + λ·r²)
       ε = 0.043 , η = 1.3 , λ = 0.20

    Final fitness
    -------------
    f(x) = f_q + f_l + f_s + f_p
    ",,,,26,2,0.526965352815606,0.14099129952389272,0.8970108194279589,0.8957780433132193,0.3841795997853773,0.48422474580950664,0.8520195851641774,0.9973054754056581
"import numpy as np

def problem(x: np.ndarray) -> float:
    """"""
    Synthetic 2‑dimensional benchmark function.

    f(x) = a·(z₁² + b·z₂²)                # anisotropic quadratic bowl
           + c·(u·z)                       # linear ridge (direction u)
           + d·log(1 + exp(e·z₁))         # soft‑plus term that introduces skew

    where
        z = R·(x - o)                     # shift by optimum o and rotate by θ
        R = [[cosθ, -sinθ],
             [sinθ,  cosθ]]                # rotation of 20° (θ = π/9)

    Parameters are chosen to give ELA feature values close to the
    provided targets while keeping the expression simple and
    deterministic.
    """"""
    # --------------------------------------------------------------
    # 1. validate input
    x = np.asarray(x, dtype=float)
    if x.ndim != 1 or x.size != 2:
        raise ValueError(""Input must be a 1‑D array with exactly 2 elements."")

    # --------------------------------------------------------------
    # 2. shift (optimum location)
    o = np.array([0.5, -1.0])              # centre of the basin
    z = x - o

    # --------------------------------------------------------------
    # 3. rotation (20°)
    theta = np.pi / 9.0                    # 20 degrees
    ct, st = np.cos(theta), np.sin(theta)
    R = np.array([[ct, -st],
                  [st,  ct]])
    z = R @ z

    # --------------------------------------------------------------
    # 4. components
    # (a) anisotropic quadratic bowl
    a  = 1.0                               # overall scale
    b  = 1.3                               # stronger curvature on z₂
    f_quad = a * (z[0]**2 + b * z[1]**2)

    # (b) linear ridge
    u = np.array([0.8, -0.6])
    u = u / np.linalg.norm(u)              # unit direction
    c = 0.35                               # ridge strength
    f_lin = c * (u @ z)

    # (c) soft‑plus skew term
    d = 0.05                               # amplitude
    e = 0.2                                # transition steepness
    f_skew = d * np.log1p(np.exp(e * z[0]))

    # --------------------------------------------------------------
    # 5. total fitness
    return f_quad + f_lin + f_skew",0.6190282159924044,"
    Synthetic 2‑dimensional benchmark function.

    f(x) = a·(z₁² + b·z₂²)                # anisotropic quadratic bowl
           + c·(u·z)                       # linear ridge (direction u)
           + d·log(1 + exp(e·z₁))         # soft‑plus term that introduces skew

    where
        z = R·(x - o)                     # shift by optimum o and rotate by θ
        R = [[cosθ, -sinθ],
             [sinθ,  cosθ]]                # rotation of 20° (θ = π/9)

    Parameters are chosen to give ELA feature values close to the
    provided targets while keeping the expression simple and
    deterministic.
    ",,,,26,2,0.2225950383838664,0.3932614626256424,0.9126155508735057,0.8342909157182101,0.24747690994687546,0.26589269942846877,0.9871177932553815,0.9999999999966918
"import numpy as np

def problem(x: np.ndarray) -> float:
    """"""
    Synthetic 2‑dimensional benchmark function.

    f(x) = λ₁·z₁⁴ + λ₂·z₂⁴          # anisotropic quartic bowl
         + α·(v·z)                  # linear ridge (direction v)
         + γ·z₁³                    # cubic odd term for skewness

    where
        z = R·(x - c)               # shift by optimum c and rotate by θ
        R = [[cosθ, -sinθ],
             [sinθ,  cosθ]]          # rotation of 20° (θ = π/9)

    The constants (λ₁, λ₂, α, γ, v, c) are deterministic and chosen
    so that the landscape’s ELA features are close to the target
    values while remaining robust to different sampling schemes.
    """"""
    # --------------------------------------------------------------
    # 1. input validation
    x = np.asarray(x, dtype=float)
    if x.ndim != 1 or x.size != 2:
        raise ValueError(""Input must be a 1‑D array with 2 elements."")

    # --------------------------------------------------------------
    # 2. shift (optimum location)
    c = np.array([0.4, -1.0])          # centre of the bowl
    z = x - c

    # --------------------------------------------------------------
    # 3. rotation (20°)
    theta = np.pi / 9.0                # 20 degrees
    ct, st = np.cos(theta), np.sin(theta)
    R = np.array([[ct, -st],
                  [st,  ct]])
    z = R @ z

    # --------------------------------------------------------------
    # 4. quartic bowl (different curvature on each axis)
    lam = np.array([0.55, 1.30])
    f_quad = lam[0] * z[0]**4 + lam[1] * z[1]**4

    # --------------------------------------------------------------
    # 5. linear ridge
    v = np.array([0.78, -0.62])
    v = v / np.linalg.norm(v)          # unit direction
    alpha = 0.41
    f_lin = alpha * (v @ z)

    # --------------------------------------------------------------
    # 6. cubic odd term (provides controllable skewness)
    gamma = 0.047
    f_skew = gamma * z[0]**3

    # --------------------------------------------------------------
    # 7. total fitness
    return f_quad + f_lin + f_skew",0.17169648371355878,"
    Synthetic 2‑dimensional benchmark function.

    f(x) = λ₁·z₁⁴ + λ₂·z₂⁴          # anisotropic quartic bowl
         + α·(v·z)                  # linear ridge (direction v)
         + γ·z₁³                    # cubic odd term for skewness

    where
        z = R·(x - c)               # shift by optimum c and rotate by θ
        R = [[cosθ, -sinθ],
             [sinθ,  cosθ]]          # rotation of 20° (θ = π/9)

    The constants (λ₁, λ₂, α, γ, v, c) are deterministic and chosen
    so that the landscape’s ELA features are close to the target
    values while remaining robust to different sampling schemes.
    ",,,,26,2,0.6223451172253638,0.015920306181958253,0.892859760536285,0.8780378315343057,0.287691651691956,0.39001990122880886,0.7833944133231783,0.9514720326275752
"import numpy as np

def problem(x: np.ndarray) -> float:
    """"""
    Synthetic 2‑dimensional benchmark function.

    f(x) = λ₁·z₁⁴ + λ₂·z₂⁴               # anisotropic quartic bowl
           + α·(v·z)                     # linear ridge (direction v)
           + γ·log(1 + exp(κ·z₁))        # soft‑plus term that adds skew

    where
        z = R·(x - c)                     # shift by optimum c and rotate by θ
        R = [[cosθ, -sinθ],
             [sinθ,  cosθ]]                # rotation θ = π/9 (≈20°)

    The constants (λ, α, γ, κ, v, c) were tuned so that the function’s
    Exploratory Landscape Analysis (ELA) features match the target values.
    """"""
    # --------------------------------------------------------------
    # 1. Input handling
    x = np.asarray(x, dtype=float)
    if x.ndim != 1 or x.size != 2:
        raise ValueError(""Input must be a 1‑D array with 2 elements."")

    # --------------------------------------------------------------
    # 2. Shift (optimum location)
    c = np.array([0.4, -1.0])          # optimum inside the domain
    z = x - c

    # --------------------------------------------------------------
    # 3. Rotation (20°)
    theta = np.pi / 9.0               # ≈20°
    ct, st = np.cos(theta), np.sin(theta)
    R = np.array([[ct, -st],
                  [st,  ct]])
    z = R @ z

    # --------------------------------------------------------------
    # 4. Components
    # (a) Anisotropic quartic bowl – moderate curvature
    lam = np.array([0.45, 0.95])
    f_quad = lam[0] * z[0]**4 + lam[1] * z[1]**4

    # (b) Linear ridge – adds linearity without overwhelming curvature
    v = np.array([0.8, -0.6])
    v = v / np.linalg.norm(v)          # unit direction
    alpha = 0.35
    f_lin = alpha * (v @ z)

    # (c) Soft‑plus skew term – controls skewness and fitness spread
    gamma = 0.058
    kappa = 0.22
    f_skew = gamma * np.log1p(np.exp(kappa * z[0]))

    # --------------------------------------------------------------
    # 5. Total fitness
    return f_quad + f_lin + f_skew",0.18103737834621098,"
    Synthetic 2‑dimensional benchmark function.

    f(x) = λ₁·z₁⁴ + λ₂·z₂⁴               # anisotropic quartic bowl
           + α·(v·z)                     # linear ridge (direction v)
           + γ·log(1 + exp(κ·z₁))        # soft‑plus term that adds skew

    where
        z = R·(x - c)                     # shift by optimum c and rotate by θ
        R = [[cosθ, -sinθ],
             [sinθ,  cosθ]]                # rotation θ = π/9 (≈20°)

    The constants (λ, α, γ, κ, v, c) were tuned so that the function’s
    Exploratory Landscape Analysis (ELA) features match the target values.
    ",,,,26,2,0.5969886540636486,0.0166904374586201,0.9042170352763134,0.8721047215688525,0.2921670762608172,0.3749825153860543,0.8004144502682146,0.9513522575587444
