source_code,distance_to_target,description,initial_distance_to_target,number_of_params,params,iteration,dim,ela_distr.skewness,fitness_distance.fitness_std,nbc.nn_nb.sd_ratio,nbc.nb_fitness.cor,ela_meta.lin_simple.adj_r2,ela_meta.lin_w_interact.adj_r2,ela_meta.quad_simple.adj_r2,ela_meta.quad_w_interact.adj_r2
"import numpy as np

def problem(x: np.ndarray) -> float:
    """"""
    A synthetic benchmark function combining a quadratic bowl,
    a sum of cosines, and a skewed barrier, designed to mimic
    the target ELA features. The function is deterministic.

    f(x) = 0.5 * sum(x^2) + 0.2 * sum(cos(3*x)) + skewness_term

    where skewness_term =  if x[0] > 2, then add (x[0]-2)^3,  else 0.
    """"""
    n = len(x)
    quadratic_bowl = 0.5 * np.sum(x**2)
    cosine_term = 0.2 * np.sum(np.cos(3 * x))
    skewness_term = 0.0
    if x[0] > 2:
        skewness_term = (x[0] - 2)**3
    return quadratic_bowl + cosine_term + skewness_term",1.1429177158502815,"
    A synthetic benchmark function combining a quadratic bowl,
    a sum of cosines, and a skewed barrier, designed to mimic
    the target ELA features. The function is deterministic.

    f(x) = 0.5 * sum(x^2) + 0.2 * sum(cos(3*x)) + skewness_term

    where skewness_term =  if x[0] > 2, then add (x[0]-2)^3,  else 0.
    ",,,,1,4,0.23287396734729535,0.1924519604632239,0.964229604202314,0.5052185779363214,0.07734426212079311,0.08838060382398613,0.9230490614058194,0.9762117682609566
"import numpy as np

def problem(x: np.ndarray) -> float:
    """"""
    Synthetic benchmark function with targeted ELA features.
    It combines a skewed quadratic bowl with interaction terms and a linear component,
    modulated by a Gaussian-like envelope, to control landscape ruggedness and correlation.

    Formula:
    f(x) = gaussian_envelope(x) * (skewed_quadratic_bowl(x) + linear_term(x))

    Components:
    - skewed_quadratic_bowl: A quadratic function with skewness introduced through different coefficients.
    - linear_term: Adds a linear trend to influence the overall landscape.
    - gaussian_envelope: A Gaussian-like function that confines the function's influence within the domain and introduces non-separability.
    """"""
    x = np.asarray(x)  # Ensure x is a NumPy array

    def gaussian_envelope(x):
        """"""Gaussian-like envelope to modulate the function's behavior.""""""
        center = np.array([0.5, -1.0, 2.0, -0.5])
        sigma = 1.5
        return np.exp(-np.sum((x - center)**2) / (2 * sigma**2))


    def skewed_quadratic_bowl(x):
        """"""Quadratic bowl with skewness controlled by coefficients.""""""
        Q = np.array([[1.0, 0.2, -0.1,0.05],
                      [0.2, 1.2, 0.15, -0.1],
                      [-0.1, 0.15, 0.8, 0.08],
                      [0.05, -0.1, 0.08, 0.9]])

        return 0.5 * x @ Q @ x

    def linear_term(x):
        """"""Linear component to introduce a trend.""""""
        b = np.array([0.1, -0.2, 0.3, -0.15])
        return np.sum(b * x)

    return gaussian_envelope(x) * (skewed_quadratic_bowl(x) + linear_term(x))",0.9256128582518642,"
    Synthetic benchmark function with targeted ELA features.
    It combines a skewed quadratic bowl with interaction terms and a linear component,
    modulated by a Gaussian-like envelope, to control landscape ruggedness and correlation.

    Formula:
    f(x) = gaussian_envelope(x) * (skewed_quadratic_bowl(x) + linear_term(x))

    Components:
    - skewed_quadratic_bowl: A quadratic function with skewness introduced through different coefficients.
    - linear_term: Adds a linear trend to influence the overall landscape.
    - gaussian_envelope: A Gaussian-like function that confines the function's influence within the domain and introduces non-separability.
    ",,,,1,4,0.5152819536381965,-0.000261110732028725,0.1245649716359844,0.8568400954708697,0.12159886017380103,0.14778520091837652,0.28481123705032024,0.5703428127689372
"import numpy as np

def problem(x: np.ndarray) -> float:
    """"""
    A synthetic benchmark function designed to exhibit specific ELA features.

    The function combines quadratic and polynomial terms with interactions, skewness induced by exponentiation and scaling,
    and a linear component to control for linearity.

    Formula:
    f(x) = sum((x_i - 2)^2) + sum(x_i^4) + sum(x_i * x_j) - 0.3 * sum(x)^3 +  0.05 * sum(x)

    where x_i are the elements of the input vector x, and the second sum is taken over all i < j.
    """"""
    n = len(x)
    quad_term = np.sum((x - 2)**2)  # shifted quadratic bowl
    poly_term = np.sum(x**4)  # higher order polynomial
    interaction_term = 0
    for i in range(n):
        for j in range(i + 1, n):
            interaction_term += x[i] * x[j] # pairwise interactions
    skew_term = - 0.3 * np.sum(x)**3  # introduces skewness via a cubic term
    linear_term = 0.05 * np.sum(x) # linear term to adjust linearity

    return quad_term + poly_term + interaction_term + skew_term + linear_term",1.0109003909178664,"
    A synthetic benchmark function designed to exhibit specific ELA features.

    The function combines quadratic and polynomial terms with interactions, skewness induced by exponentiation and scaling,
    and a linear component to control for linearity.

    Formula:
    f(x) = sum((x_i - 2)^2) + sum(x_i^4) + sum(x_i * x_j) - 0.3 * sum(x)^3 +  0.05 * sum(x)

    where x_i are the elements of the input vector x, and the second sum is taken over all i < j.
    ",,,,1,4,0.2769271135444958,0.0810985252578751,0.9430607061582922,0.5406336719557707,0.20207226022594296,0.22156071216969392,0.86130005475852,0.9084637650721543
"import numpy as np

def problem(x: np.ndarray) -> float:
    """"""
    A synthetic 4-dimensional benchmark function designed to exhibit specific Exploratory Landscape Analysis (ELA) features.

    The function combines a skewed exponential term, a full quadratic term,  and a linear term to control skewness and landscape ruggedness.

    Formula:
        f(x) = exp(0.1 * (sum(x) + 10)) + 0.5 * x @ Q @ x + b @ x

    Components:
        - Exponential Term: Introduces skewness.
        - Quadratic Term (x @ Q @ x):  Creates a complex, rugged landscape, controlled by Q.
        - Linear Term (b @ x): Introduces additional complexity and bias.
        - Q: A randomly generated symmetric matrix to couple variables.
        - b: Linear coefficients.
    """"""
    n = len(x)
    if n != 4:
        raise ValueError(""Function only defined for 4 dimensions."")

    # Define a symmetric matrix Q and a vector b to control quadratic and linear components
    Q = np.array([[ 0.19719645, -0.15535003,  0.07760387,  0.27015438],
                  [-0.15535003,  0.25794489, -0.04676747, -0.20260303],
                  [ 0.07760387, -0.04676747,  0.10918752,  0.12150701],
                  [ 0.27015438, -0.20260303,  0.12150701,  0.23451638]])

    b = np.array([-0.19465523, -0.13663213, -0.07293302, -0.25914074])

    # Exponential term for skew
    exp_term = np.exp(0.1 * (np.sum(x) + 10))

    # Quadratic term
    quad_term = 0.5 * x @ Q @ x

    # Linear term
    linear_term = b @ x

    return exp_term + quad_term + linear_term",0.1513322539024552,"
    A synthetic 4-dimensional benchmark function designed to exhibit specific Exploratory Landscape Analysis (ELA) features.

    The function combines a skewed exponential term, a full quadratic term,  and a linear term to control skewness and landscape ruggedness.

    Formula:
        f(x) = exp(0.1 * (sum(x) + 10)) + 0.5 * x @ Q @ x + b @ x

    Components:
        - Exponential Term: Introduces skewness.
        - Quadratic Term (x @ Q @ x):  Creates a complex, rugged landscape, controlled by Q.
        - Linear Term (b @ x): Introduces additional complexity and bias.
        - Q: A randomly generated symmetric matrix to couple variables.
        - b: Linear coefficients.
    ",,,,1,4,0.2861602008330964,0.08748701518959236,0.4901164628350216,0.7416179787250394,0.06439310396733967,0.8181701386771911,0.3046774866137109,0.9987029987811392
"import numpy as np

def problem(x: np.ndarray) -> float:
    """"""
    A synthetic benchmark function with targeted ELA features.

    The function combines a skewed quadratic term with a linear term,
    modulated by pairwise interactions and polynomial transformations,
    to mimic specific landscape characteristics.

    Formula:
    f(x) =  skewed_quadratic(x) + interaction_term(x) + lin_term(x)

    where:
    skewed_quadratic(x) = sum(x_i^2 * (1 + skewness_factor * i))
    interaction_term(x) = sum(c_ij * x_i * x_j) with randomly selected c_ij
    lin_term(x) = sum(x_i * lin_coeffs_i) with randomly selected lin_coeffs_i

    with N being the dimension of x.
    """"""
    N = x.shape[0]

    # Skewed quadratic term
    skewness_factor = 0.05
    quadratic_term = np.sum(x**2 * (1 + skewness_factor * np.arange(N)))

    # Interaction term
    interaction_matrix = np.array([[0.1, 0.2, 0.05,0.02],
                                    [0.2, -0.1, 0.1, 0.03],
                                    [0.05, 0.1, 0.15, -0.01],
                                   [0.02, 0.03, -0.01, 0.08]]) #Predefine interaction weights to ensure deterministic behavior.
    interaction_term = 0.0
    for i in range(N):
        for j in range(N):
             interaction_term += interaction_matrix[i, j] * x[i] * x[j]

    # Linear term
    linear_coefficients = np.array([0.05, -0.03, 0.02, 0.07]) # Fixed linear coefficients
    linear_term = np.sum(x * linear_coefficients)

    return quadratic_term + interaction_term + linear_term",1.18348656084424,"
    A synthetic benchmark function with targeted ELA features.

    The function combines a skewed quadratic term with a linear term,
    modulated by pairwise interactions and polynomial transformations,
    to mimic specific landscape characteristics.

    Formula:
    f(x) =  skewed_quadratic(x) + interaction_term(x) + lin_term(x)

    where:
    skewed_quadratic(x) = sum(x_i^2 * (1 + skewness_factor * i))
    interaction_term(x) = sum(c_ij * x_i * x_j) with randomly selected c_ij
    lin_term(x) = sum(x_i * lin_coeffs_i) with randomly selected lin_coeffs_i

    with N being the dimension of x.
    ",,,,1,4,0.1881173363097361,0.24907704849264534,0.946748646536701,0.49224608367627715,0.0024267320699780087,0.06418474383060119,0.9499066511222364,1.0
"import numpy as np

def problem(x: np.ndarray) -> float:
    """"""
    A synthetic benchmark function with a combination of quadratic, linear, and interaction terms
    designed to mimic ELA features such as moderate skewness, high quadratic interaction, and moderate linear interaction.
    Formula: sum(x^2) + 0.8 * sum(x_i * x_{i+1}) + 0.3 * sum(x) + 0.1 * sum(x^3).

    Args:
        x (np.ndarray): A 1D NumPy array of shape (N,) representing the input vector.

    Returns:
        float: The function value at the given input.
    """"""
    n = len(x)
    quadratic_term = np.sum(x**2)
    interaction_term = 0.
    for i in range(n - 1):
        interaction_term += x[i] * x[i+1]
    interaction_term *= 0.8
    linear_term = np.sum(x) * 0.3
    cubic_term = np.sum(x**3) * 0.1

    return quadratic_term + interaction_term + linear_term + cubic_term",0.730251539167371,"
    A synthetic benchmark function with a combination of quadratic, linear, and interaction terms
    designed to mimic ELA features such as moderate skewness, high quadratic interaction, and moderate linear interaction.
    Formula: sum(x^2) + 0.8 * sum(x_i * x_{i+1}) + 0.3 * sum(x) + 0.1 * sum(x^3).

    Args:
        x (np.ndarray): A 1D NumPy array of shape (N,) representing the input vector.

    Returns:
        float: The function value at the given input.
    ",,,,1,4,0.2670634591608282,0.09239860291242341,0.9215012177328938,0.6370553073732629,0.23169665403414566,0.5352427046504581,0.707846885667384,1.0
"import numpy as np

def problem(x: np.ndarray) -> float:
    """"""
    A synthetic benchmark function designed to mimic specific ELA features.

    The function combines a skewed term, a quadratic term with interactions, a linear term, and a noise component to control different aspects of the function's landscape, like skewness, ruggedness, and linearity.

    Formula:
    f(x) = skew * (x[0]**3) + quad * sum((x[i] - shift[i]) * (x[j] - shift[j]) for i in range(len(x)) for j in range(len(x))) + lin * np.sum(x) + noise * np.sin(np.sum(x))

    Where:
    - skew = 0.1  - Skewness factor
    - quad = 0.05 - Quadratic term factor
    - lin = 0.005 - Linear term factor
    - noise = 0.001 - Noise term factor
    - shift = [1.0, -0.5, 0.2, -1.5] - constant shift for all quadratic interactions in order to introduce asymmetry.
    """"""
    skew = 0.1
    quad = 0.05
    lin = 0.005
    noise = 0.001
    shift = np.array([1.0, -0.5, 0.2, -1.5])

    term1 = skew * (x[0]**3)  # Skewness primarily influenced by x[0]

    term2 = quad * sum((x[i] - shift[i]) * (x[j] - shift[j]) for i in range(len(x)) for j in range(len(x))) # Quadratic with interactions

    term3 = lin * np.sum(x) # Linear component

    term4 = noise * np.sin(np.sum(x))  # Add a bit of noise/oscillations for ruggedness

    return term1 + term2 + term3 + term4",0.9684450877151668,"
    A synthetic benchmark function designed to mimic specific ELA features.

    The function combines a skewed term, a quadratic term with interactions, a linear term, and a noise component to control different aspects of the function's landscape, like skewness, ruggedness, and linearity.

    Formula:
    f(x) = skew * (x[0]**3) + quad * sum((x[i] - shift[i]) * (x[j] - shift[j]) for i in range(len(x)) for j in range(len(x))) + lin * np.sum(x) + noise * np.sin(np.sum(x))

    Where:
    - skew = 0.1  - Skewness factor
    - quad = 0.05 - Quadratic term factor
    - lin = 0.005 - Linear term factor
    - noise = 0.001 - Noise term factor
    - shift = [1.0, -0.5, 0.2, -1.5] - constant shift for all quadratic interactions in order to introduce asymmetry.
    ",,,,1,4,0.2049551401845824,0.37794705459282185,0.37114064995040713,0.7162298705300403,0.7085353478595354,0.8668163048098251,0.7310242483607939,0.9999999844228329
"import numpy as np

def problem(x: np.ndarray) -> float:
    """"""
    A synthetic benchmark function combining quadratic, linear, and interaction terms
    to achieve specific ELA properties. It is designed for 4 dimensions and the domain [-5, 5]^N.

    Formula:
    f(x) = (x[0] - 1)**2 + 0.5 * (x[1] + 2)**2 + 0.1 * x[2] + 0.05 * x[3] + 0.2 * x[0] * x[1] + 0.01 * (x[0]**4 + x[1]**4 + x[2]**4 + x[3]**4)
    """"""
    return (x[0] - 1)**2 + 0.5 * (x[1] + 2)**2 + 0.1 * x[2] + 0.05 * x[3] + 0.2 * x[0] * x[1] + 0.01 * (x[0]**4 + x[1]**4 + x[2]**4 + x[3]**4)",1.049538926008586,"
    A synthetic benchmark function combining quadratic, linear, and interaction terms
    to achieve specific ELA properties. It is designed for 4 dimensions and the domain [-5, 5]^N.

    Formula:
    f(x) = (x[0] - 1)**2 + 0.5 * (x[1] + 2)**2 + 0.1 * x[2] + 0.05 * x[3] + 0.2 * x[0] * x[1] + 0.01 * (x[0]**4 + x[1]**4 + x[2]**4 + x[3]**4)
    ",,,,1,4,0.20871878995112247,0.12589999033840385,0.9412231497410954,0.6044398573841174,0.34609195321401215,0.3636618722195514,0.9804108462506556,0.9952806335316702
"import numpy as np

def problem(x: np.ndarray) -> float:
    """"""
    A synthetic benchmark function designed to exhibit specific ELA features.

    The function combines a skewed component, a quadratic term with interactions,
    and a simple linear term with diminishing impact to match the target landscape.
    Formula:
        f(x) = skewness_term + quadratic_term + linear_term

        skewness_term = (x[0] - 2)**3 + (x[1] + 1)**2 # Skewed distribution based on cubic and square terms from the first two dimensions

        quadratic_term = sum(x[i]*x[j] for i in range(len(x)) for j in range(len(x))) # Interaction quadratic form with all variables

        linear_term = sum(x) * 0.001 # Linear bias to slightly influence the surface
    """"""
    skewness_term = (x[0] - 2)**3 + (x[1] + 1)**2
    quadratic_term = np.sum(x[i]*x[j] for i in range(len(x)) for j in range(len(x)))
    linear_term = np.sum(x) * 0.001

    return skewness_term + quadratic_term * 0.0005 + linear_term",1.2434753610378733,"
    A synthetic benchmark function designed to exhibit specific ELA features.

    The function combines a skewed component, a quadratic term with interactions,
    and a simple linear term with diminishing impact to match the target landscape.
    Formula:
        f(x) = skewness_term + quadratic_term + linear_term

        skewness_term = (x[0] - 2)**3 + (x[1] + 1)**2 # Skewed distribution based on cubic and square terms from the first two dimensions

        quadratic_term = sum(x[i]*x[j] for i in range(len(x)) for j in range(len(x))) # Interaction quadratic form with all variables

        linear_term = sum(x) * 0.001 # Linear bias to slightly influence the surface
    ",,,,1,4,0.031043557376469497,0.6236002744471165,0.35607746634072224,0.7960176469207061,0.7186316030750283,0.7201736967875958,0.9581477161972427,1.0
"import numpy as np

def problem(x: np.ndarray) -> float:
    """"""
    A synthetic benchmark function with controlled Exploratory Landscape Analysis (ELA) features.

    The function combines a skewed quadratic component to control `ela_distr.skewness`,
    linear and interaction terms to manipulate linear and quadratic R^2 values,
    and a distance-based term to influence `nbc` and `fitness_distance` features.

    Formula:
    f(x) = (sum(x**2) + 0.5 * sum(x**3)) +  0.1 * sum(x) + 0.2 * sum(x[i] * x[(i+1)%len(x)] for i in range(len(x))) + 0.01 * np.linalg.norm(x)
    """"""
    n = len(x)
    quadratic_term = np.sum(x**2) + 0.5 * np.sum(x**3) # Skewed quadratic
    linear_term = 0.1 * np.sum(x)
    interaction_term = 0.2 * sum(x[i] * x[(i+1)%n] for i in range(n)) # Circular dependency for interactions
    distance_term = 0.01 * np.linalg.norm(x) # Euclidean Norm

    return quadratic_term + linear_term + interaction_term + distance_term",1.0480332229055551,"
    A synthetic benchmark function with controlled Exploratory Landscape Analysis (ELA) features.

    The function combines a skewed quadratic component to control `ela_distr.skewness`,
    linear and interaction terms to manipulate linear and quadratic R^2 values,
    and a distance-based term to influence `nbc` and `fitness_distance` features.

    Formula:
    f(x) = (sum(x**2) + 0.5 * sum(x**3)) +  0.1 * sum(x) + 0.2 * sum(x[i] * x[(i+1)%len(x)] for i in range(len(x))) + 0.01 * np.linalg.norm(x)
    ",,,,1,4,0.21926323521671517,0.24982736075875633,0.5000434895375664,0.6402987442260522,0.7785956748585287,0.7862954438881333,0.8633161380249653,0.9999999994002824
"import numpy as np

def problem(x: np.ndarray) -> float:
    """"""
    A synthetic benchmark function combining a sinusoidal component with a polynomial trend,
    designed to exhibit the target ELA features. It uses a product of sine waves modulated by polynomial components.

    Formula:
    f(x) = product_term(x) + polynomial_trend(x)

    Components:
    - product_term: Product of sinusoidal functions with different frequencies.
    - polynomial_trend: A quadratic function with interaction terms to add complexity.
    """"""

    def product_term(x):
        """"""Product of sine functions with varying frequencies.""""""
        return np.prod(np.sin(2 * np.pi * (x + np.array([0.1, -0.2, 0.3, -0.1])) * np.array([1, 2, 0.5, 1.5])))

    def polynomial_trend(x):
        """"""Polynomial trend with quadratic and interaction terms.""""""
        Q = np.array([[0.1, -0.05, 0.02, -0.01],
                      [-0.05, 0.15, -0.03, 0.02],
                      [0.02, -0.03, 0.08, -0.01],
                      [-0.01, 0.02, -0.01, 0.12]])
        return 0.5 * x @ Q @ x + np.sum(x) * 0.01 + x[0]**3 * 0.05


    return product_term(x) * 0.1 + polynomial_trend(x)",1.004984331757467,"
    A synthetic benchmark function combining a sinusoidal component with a polynomial trend,
    designed to exhibit the target ELA features. It uses a product of sine waves modulated by polynomial components.

    Formula:
    f(x) = product_term(x) + polynomial_trend(x)

    Components:
    - product_term: Product of sinusoidal functions with different frequencies.
    - polynomial_trend: A quadratic function with interaction terms to add complexity.
    ",,,,2,4,0.20408448832280052,0.36692700681446905,0.6850406701761063,0.6787218268547277,0.7039591770447577,0.7624249869385292,0.8160406299886201,0.999909393944446
"import numpy as np

def problem(x: np.ndarray) -> float:
    """"""
    A synthetic benchmark function designed to mimic specific ELA features, combining polynomial and trigonometric elements with interactions.

    Formula:
    f(x) = a * sum(x_i^4) + b * sum(cos(c * x_i)) + d * sum(x_i * x_{i+1}) + e * x[0]^3 * x[1] + g * x[2]
    where x_i are the elements of the input vector x, and a,b,c,d,e, g are constants.
    """"""
    a = 0.01
    b = 0.15
    c = 2.0
    d = 0.05
    e = 0.02
    g = 0.001

    n = len(x)

    term1 = a * np.sum(x**4) # Polynomial term
    term2 = b * np.sum(np.cos(c * x)) # Trigonometric term
    term3 = 0.0
    for i in range(n - 1):
        term3 += x[i] * x[i+1]
    term3 *= d # Interaction term
    term4 = e * x[0]**3 * x[1] # Skewed interaction
    term5 = g * x[2] # simple linear component

    return term1 + term2 + term3 + term4 + term5",0.5418384237905038,"
    A synthetic benchmark function designed to mimic specific ELA features, combining polynomial and trigonometric elements with interactions.

    Formula:
    f(x) = a * sum(x_i^4) + b * sum(cos(c * x_i)) + d * sum(x_i * x_{i+1}) + e * x[0]^3 * x[1] + g * x[2]
    where x_i are the elements of the input vector x, and a,b,c,d,e, g are constants.
    ",,,,2,4,0.2780024682851083,0.12073375290114502,0.39659695995085825,0.5859601350145757,0.007447956096586081,0.4369891896046138,0.49207450067239045,0.9106007434849867
"import numpy as np

def problem(x: np.ndarray) -> float:
    """"""
    A synthetic benchmark function with targeted ELA features, designed to avoid common function structures.

    The function uses trigonometric functions combined with polynomial components and a scaling factor to create a complex and rugged landscape.

    Formula:
    f(x) = scale * (sum(sin(x_i)**2 + cos(2*x_i) + poly_i * x_i**3) + prod(cos(x_i) + 0.1*x_i))
    where:
    scale = 0.01 (scaling factor for fitness_std)
    poly_i = 0.005 * i (polynomial factor to influence skewness and non-separability)
    """"""
    N = x.shape[0]
    scale = 0.01  #Scaling factor
    poly = 0.005 * np.arange(N) # Creates an array for non-separability and skewness.

    term1 = np.sum(np.sin(x)**2 + np.cos(2*x) + poly * x**3) # Sine, Cosine and polynomial components
    term2 = np.prod(np.cos(x) + 0.1 * x) # Product of cosines

    return scale * (term1 + term2)",1.0413865354917404,"
    A synthetic benchmark function with targeted ELA features, designed to avoid common function structures.

    The function uses trigonometric functions combined with polynomial components and a scaling factor to create a complex and rugged landscape.

    Formula:
    f(x) = scale * (sum(sin(x_i)**2 + cos(2*x_i) + poly_i * x_i**3) + prod(cos(x_i) + 0.1*x_i))
    where:
    scale = 0.01 (scaling factor for fitness_std)
    poly_i = 0.005 * i (polynomial factor to influence skewness and non-separability)
    ",,,,2,4,0.13168855663776202,0.45474103605888927,0.17599979647210434,0.3979432992267472,0.49417803568909774,0.4971236181912783,0.51830224816204,0.6059369266922698
"import numpy as np

def problem(x: np.ndarray) -> float:
    """"""
    A synthetic benchmark function with mixed characteristics. It combines an exponentiated term to induce skewness,
    sine-modulated interactions for non-separability, and a linear component for global trend.

    Formula:
    f(x) = exp_term(x) + interaction_term(x) + linear_term(x)

    where:
    exp_term(x) = sum(exp(x_i))
    interaction_term(x) = sum(sin(x_i) * cos(x_j)) for all i<j
    linear_term(x) = sum(x_i)
    """"""
    n = len(x)

    exp_term = np.sum(np.exp(x))

    interaction_term = 0.0
    for i in range(n):
        for j in range(i + 1, n):
            interaction_term += np.sin(x[i]) * np.cos(x[j])

    linear_term = np.sum(x)

    return exp_term + interaction_term + 0.01*linear_term",0.9029518769699519,"
    A synthetic benchmark function with mixed characteristics. It combines an exponentiated term to induce skewness,
    sine-modulated interactions for non-separability, and a linear component for global trend.

    Formula:
    f(x) = exp_term(x) + interaction_term(x) + linear_term(x)

    where:
    exp_term(x) = sum(exp(x_i))
    interaction_term(x) = sum(sin(x_i) * cos(x_j)) for all i<j
    linear_term(x) = sum(x_i)
    ",,,,2,4,0.25681968036392216,0.021489947314552237,0.8307774389335812,0.5972850555380246,0.49025935440915464,0.49839863143125945,0.8258219608499167,0.9584751909042123
"import numpy as np

def problem(x: np.ndarray) -> float:
    """"""
    A synthetic benchmark function combining trigonometric functions, polynomial, and a global coupling term.

    The function induces multimodality, moderate skewness and controls feature dependencies.

    Formula:
    f(x) = sum(sin(x_i)^2 + 0.1*x_i^4) + 0.05 * (sum(x))^2 + sum(cos(x_i))

    Where:
    - sum(sin(x_i)^2): creates local optima with a varying density landscape.
    - x_i^4: adds some gradient information
    - (sum(x))^2: introduces a global coupling of variables.
    - cos(x_i): adds variation.
    """"""
    term1 = np.sum(np.sin(x)**2 + 0.1 * x**4)
    term2 = 0.05 * (np.sum(x))**2
    term3 = np.sum(np.cos(x))
    return term1 + term2 + term3",1.1789136999240173,"
    A synthetic benchmark function combining trigonometric functions, polynomial, and a global coupling term.

    The function induces multimodality, moderate skewness and controls feature dependencies.

    Formula:
    f(x) = sum(sin(x_i)^2 + 0.1*x_i^4) + 0.05 * (sum(x))^2 + sum(cos(x_i))

    Where:
    - sum(sin(x_i)^2): creates local optima with a varying density landscape.
    - x_i^4: adds some gradient information
    - (sum(x))^2: introduces a global coupling of variables.
    - cos(x_i): adds variation.
    ",,,,2,4,0.2175432978254091,0.06546107414647002,0.9371219589841789,0.3989657942400016,0.001208884264182227,0.02801607973792816,0.9005098451046334,0.9060881306729606
"import numpy as np

def problem(x: np.ndarray) -> float:
    """"""
    A synthetic benchmark function combining trigonometric, polynomial, and exponential terms in a non-separable manner,
    designed for 4 dimensions and the domain [-5, 5]^N. The interactions are complex. Intended to create a rugged, skewed landscape.

    Formula:
    f(x) =  cos(2*x[0] + x[1]) + 0.5 * (x[2]**3 - x[3]**2) + 0.1 * exp(x[0] - x[3]) + 0.02 * (x[0]*x[1]*x[2]*x[3]) + 0.005 * sum(x**5)
    """"""

    return np.cos(2*x[0] + x[1]) + 0.5 * (x[2]**3 - x[3]**2) + 0.1 * np.exp(x[0] - x[3]) + 0.02 * (x[0]*x[1]*x[2]*x[3]) + 0.005 * np.sum(x**5)",0.733454871392102,"
    A synthetic benchmark function combining trigonometric, polynomial, and exponential terms in a non-separable manner,
    designed for 4 dimensions and the domain [-5, 5]^N. The interactions are complex. Intended to create a rugged, skewed landscape.

    Formula:
    f(x) =  cos(2*x[0] + x[1]) + 0.5 * (x[2]**3 - x[3]**2) + 0.1 * exp(x[0] - x[3]) + 0.02 * (x[0]*x[1]*x[2]*x[3]) + 0.005 * sum(x**5)
    ",,,,2,4,0.7689708099174077,0.05068080123876945,0.38421249552287007,0.8907995032307312,0.19281814404184014,0.3508164305379515,0.2899363396663848,0.8014684168133784
"import numpy as np

def problem(x: np.ndarray) -> float:
    """"""
    A synthetic 4-dimensional benchmark function designed to exhibit specific Exploratory Landscape Analysis (ELA) features.

    The function combines a sum of sine waves with varying frequencies, a rotated quartic term to introduce interactions, and a linear scaling term.

    Formula:
    f(x) = scale * (sum(amp[i] * np.sin(freq[i] * x[i] + phase[i]) for i in range(len(x))) + rotated_quartic + lin_term)

    Components:
    - Sine Wave Summation: Creates oscillatory behavior with controlled frequencies, amplitudes, and phases.
    - Rotated Quartic Term: Introduces higher-order non-linearity and variable interactions through a rotation matrix.
    - Linear Scaling Term: Adjusts the overall function range and introduces a linear trend.
    - scale: Overall scaling factor
    - amp: Amplitudes of the sine waves
    - freq: Frequencies of the sine waves
    - phase: Phases of the sine waves
    - rotation_matrix: Matrix to rotate quartic functions for interaction
    """"""
    n = len(x)
    if n != 4:
        raise ValueError(""Function only defined for 4 dimensions."")

    scale = 0.1

    # Sine wave parameters
    amp = np.array([0.5, 1.0, 0.75, 0.25])
    freq = np.array([1.0, 2.0, 0.5, 1.5])
    phase = np.array([0.0, np.pi/4, np.pi/2, np.pi])

    # Calculate sine wave summation
    sine_sum = sum(amp[i] * np.sin(freq[i] * x[i] + phase[i]) for i in range(n))

    # Rotated Quartic term
    rotation_matrix = np.array([[0.707, -0.707, 0, 0],
                                [0.707, 0.707, 0, 0],
                                [0, 0, 0.707, -0.707],
                                [0, 0, 0.707, 0.707]])

    rotated_x = rotation_matrix @ x

    rotated_quartic = np.sum(rotated_x**4) * 0.01

    # Linear component
    lin_term = np.sum(x) * 0.005

    return scale * (sine_sum + rotated_quartic + lin_term)",1.0331224684482863,"
    A synthetic 4-dimensional benchmark function designed to exhibit specific Exploratory Landscape Analysis (ELA) features.

    The function combines a sum of sine waves with varying frequencies, a rotated quartic term to introduce interactions, and a linear scaling term.

    Formula:
    f(x) = scale * (sum(amp[i] * np.sin(freq[i] * x[i] + phase[i]) for i in range(len(x))) + rotated_quartic + lin_term)

    Components:
    - Sine Wave Summation: Creates oscillatory behavior with controlled frequencies, amplitudes, and phases.
    - Rotated Quartic Term: Introduces higher-order non-linearity and variable interactions through a rotation matrix.
    - Linear Scaling Term: Adjusts the overall function range and introduces a linear trend.
    - scale: Overall scaling factor
    - amp: Amplitudes of the sine waves
    - freq: Frequencies of the sine waves
    - phase: Phases of the sine waves
    - rotation_matrix: Matrix to rotate quartic functions for interaction
    ",,,,2,4,0.26828640325263003,0.10384443979463102,0.7492146058196688,0.5513751917317287,0.005396767648871201,0.022927803872981482,0.8097642753314087,0.9790755087318024
"import numpy as np

def problem(x: np.ndarray) -> float:
    """"""
    A synthetic 4-dimensional benchmark function exhibiting specific Exploratory Landscape Analysis (ELA) features.

    The function uses a combination of trigonometric functions, a distance-based term, and a product of variables to create a complex, multimodal landscape.

    Formula:
        f(x) = sum(sin(x_i)^2 + 0.1 * cos(3*x_i)) + 0.05 * ||x||^2 + 0.2 * prod(x_i)

    Components:
        - Trigonometric Term: Creates multimodality and controls skewness and ruggedness.
        - Distance Term (||x||^2): Introduces a global trend and influences distance-based ELA features.
        - Product Term:  Interacts variables non-linearly, contributing to complexity.
    """"""
    n = len(x)
    if n != 4:
        raise ValueError(""Function only defined for 4 dimensions."")

    trig_term = np.sum(np.sin(x)**2 + 0.1 * np.cos(3*x))
    distance_term = 0.05 * np.sum(x**2)
    product_term = 0.2 * np.prod(x)

    return trig_term + distance_term + product_term",1.3813051218220453,"
    A synthetic 4-dimensional benchmark function exhibiting specific Exploratory Landscape Analysis (ELA) features.

    The function uses a combination of trigonometric functions, a distance-based term, and a product of variables to create a complex, multimodal landscape.

    Formula:
        f(x) = sum(sin(x_i)^2 + 0.1 * cos(3*x_i)) + 0.05 * ||x||^2 + 0.2 * prod(x_i)

    Components:
        - Trigonometric Term: Creates multimodality and controls skewness and ruggedness.
        - Distance Term (||x||^2): Introduces a global trend and influences distance-based ELA features.
        - Product Term:  Interacts variables non-linearly, contributing to complexity.
    ",,,,2,4,0.24648605408542132,0.4596785187681432,-0.002068058539978926,0.640938334252561,0.012471425876075897,0.02253414624448852,0.04458260618414718,0.1325441369371023
"import numpy as np

def problem(x: np.ndarray) -> float:
    """"""
    A synthetic benchmark function combining trigonometric functions, polynomial terms,
    and a global scaling factor to achieve desired ELA characteristics.

    Formula:
    f(x) = scale * (sum(sin(x_i)^2) + sum(x_i^3) - 0.2 * prod(cos(2*x_i)) + 0.1 * sum(x_i))

    Components:
    - sin(x_i)^2: Introduces multimodality and periodicity.
    - x_i^3: Introduces skewness.
    - prod(cos(2*x_i)): Creates complex interactions. This product, combined with cosine, will generate many local optima.
    - x_i: Introduces linearity.
    - scale: A global scaling factor to adjust the fitness standard deviation.
    """"""

    scale = 0.05
    sin_term = np.sum(np.sin(x)**2)
    cubic_term = np.sum(x**3)
    cos_term = np.prod(np.cos(2*x))
    linear_term = np.sum(x)

    return scale * (sin_term + cubic_term - 0.2 * cos_term + 0.1 * linear_term)",1.169039939378769,"
    A synthetic benchmark function combining trigonometric functions, polynomial terms,
    and a global scaling factor to achieve desired ELA characteristics.

    Formula:
    f(x) = scale * (sum(sin(x_i)^2) + sum(x_i^3) - 0.2 * prod(cos(2*x_i)) + 0.1 * sum(x_i))

    Components:
    - sin(x_i)^2: Introduces multimodality and periodicity.
    - x_i^3: Introduces skewness.
    - prod(cos(2*x_i)): Creates complex interactions. This product, combined with cosine, will generate many local optima.
    - x_i: Introduces linearity.
    - scale: A global scaling factor to adjust the fitness standard deviation.
    ",,,,2,4,0.15251963784903744,0.4587942239274596,0.47843786038409813,0.6300696499421109,0.8515823285493758,0.8518229821114225,0.8515760094126126,0.999945977341174
"import numpy as np

def problem(x: np.ndarray) -> float:
    """"""
    A synthetic 4-dimensional benchmark function created from radial basis functions, a polynomial, and a global interaction term,
    designed to exhibit specific Exploratory Landscape Analysis (ELA) features.

    Formula:
    f(x) = sum(rbf_weights[i] * exp(-||x - centers[i]||^2 / (2 * sigma**2)) for i in range(num_rbfs)) + poly_term + interaction_term

    Components:
    - Radial Basis Functions (RBFs): Create local features.
    - Polynomial Term: provides some global trend.
    - Global Interaction Term: Introduces complex connections between variables.
    - centers: centers of rbfs.
    - sigma: stardard deviation of rbfs.
    - rbf_weights: Weights of rbfs.
    """"""
    n = len(x)
    if n != 4:
        raise ValueError(""Function only defined for 4 dimensions."")

    # RBF parameters (example values)
    num_rbfs = 5
    centers = np.array([[ -1.0, -1.0, 1.0, 1.0],
                       [ 1.0, 1.0, -1.0, -1.0],
                       [ -2.0, 2.0, -2.0, 2.0],
                       [ 2.0, -2.0, 2.0, -2.0],
                       [0.0, 0.0, 0.0, 0.0]])

    sigma = 2.0
    rbf_weights = np.array([1.0, -0.5, 0.75, -0.25, 0.5]) # added example values

    # RBF term

    rbf_term = sum(rbf_weights[i] * np.exp(-np.sum((x - centers[i])**2) / (2 * sigma**2)) for i in range(num_rbfs))

    # Polynomial Term (example: cubic with some quadratic)
    poly_term = 0.1 * np.sum(x**3) + 0.05 * np.sum(x**2)  # adjusted coefficients

    # Interaction term (example: product of variables with scaling)
    interaction_term = 0.01 * np.prod(x)

    return rbf_term + poly_term + interaction_term",1.134973175698061,"
    A synthetic 4-dimensional benchmark function created from radial basis functions, a polynomial, and a global interaction term,
    designed to exhibit specific Exploratory Landscape Analysis (ELA) features.

    Formula:
    f(x) = sum(rbf_weights[i] * exp(-||x - centers[i]||^2 / (2 * sigma**2)) for i in range(num_rbfs)) + poly_term + interaction_term

    Components:
    - Radial Basis Functions (RBFs): Create local features.
    - Polynomial Term: provides some global trend.
    - Global Interaction Term: Introduces complex connections between variables.
    - centers: centers of rbfs.
    - sigma: stardard deviation of rbfs.
    - rbf_weights: Weights of rbfs.
    ",,,,3,4,0.16750392520901974,0.38232526226145735,0.3867562329919469,0.6339133114793659,0.8392411915105359,0.8398431914705724,0.8434553822147166,0.9951486644405323
"import numpy as np

def problem(x: np.ndarray) -> float:
    """"""
    A synthetic benchmark function combining quadratic forms, a skewing term,
    a linear component, and a sinusoidal term to achieve specific ELA characteristics.

    Formula:
    f(x) = skewed_term(x) * ((x @ Q1 @ x + a) / (x @ Q2 @ x + b)) + c @ x + np.sum(np.sin(x)) * d

    Components:
    - Q1, Q2: Symmetric matrices defining quadratic forms.
    - a, b: Constants ensuring the denominator is positive and scaling the ratio.
    - c: Vector for the linear term.
    - skewed_term: exponential term,  exp(0.1 * sum(x)).
    - d: Scaling factor for combined sinusoids.

    """"""
    x = np.asarray(x)

    Q1 = np.array([[0.5, 0.1, -0.05, 0.02],
                   [0.1, 0.6, 0.08, -0.03],
                   [-0.05, 0.08, 0.4, 0.01],
                   [0.02, -0.03, 0.01, 0.3]])

    Q2 = np.array([[0.3, -0.02, 0.01, -0.01],
                   [-0.02, 0.25, -0.015, 0.008],
                   [0.01, -0.015, 0.2, -0.005],
                   [-0.01, 0.008, -0.005, 0.15]])

    a = 0.1
    b = 0.2
    c = np.array([0.05, -0.03, 0.02, -0.01])
    d = 0.01

    quadratic_ratio = (x @ Q1 @ x + a) / (x @ Q2 @ x + b)
    skewed_term = np.exp(0.1 * np.sum(x)) # Skew the function
    linear_term = c @ x
    sinusoidal_term = np.sum(np.sin(x)) * d

    return skewed_term * quadratic_ratio + linear_term + sinusoidal_term",0.9525406233683561,"
    A synthetic benchmark function combining quadratic forms, a skewing term,
    a linear component, and a sinusoidal term to achieve specific ELA characteristics.

    Formula:
    f(x) = skewed_term(x) * ((x @ Q1 @ x + a) / (x @ Q2 @ x + b)) + c @ x + np.sum(np.sin(x)) * d

    Components:
    - Q1, Q2: Symmetric matrices defining quadratic forms.
    - a, b: Constants ensuring the denominator is positive and scaling the ratio.
    - c: Vector for the linear term.
    - skewed_term: exponential term,  exp(0.1 * sum(x)).
    - d: Scaling factor for combined sinusoids.

    ",,,,3,4,0.3240231281596604,0.07355267341212414,0.756740955079359,0.8612177751159132,0.7408328795846317,0.9330283895274146,0.764287584389213,0.9762269160407492
"import numpy as np

def problem(x: np.ndarray) -> float:
    """"""
    A synthetic 4-dimensional benchmark function designed with specific ELA features in mind.
    This function combines a skewed power function with a modulated quadratic term to achieve the desired characteristics.

    Formula:
        f(x) = (skewed_power_function(x) + modulated_quadratic_term(x)) * scaling_factor

    Components:
        - skewed_power_function:  `sum((x_i + shift_i)^power)`. Introduces skewness and non-linearity.
        - modulated_quadratic_term: `x @ Q @ x * cos(k @ x)`. A full quadratic form modulated by a cosine wave adds complexity and interactions.
        - scaling_factor: Applied to adjust the fitness std.
        - Q: A randomly generated symmetric matrix to couple variables within the quadratic term.
        - k: Frequencies for the modulating cosine.
    """"""
    n = len(x)
    if n != 4:
        raise ValueError(""Function only defined for 4 dimensions."")

    # Parameters
    power = 3  # Controls the skewness and non-linearity
    shift = np.array([1.0, -0.5, 0.2, -0.8])  # To shift the power function
    Q = np.array([[0.6, -0.2, 0.1, 0.05],
                  [-0.2, 0.5, -0.15, 0.1],
                  [0.1, -0.15, 0.4, -0.08],
                  [0.05, 0.1, -0.08, 0.7]])  # Adjust for landscape ruggedness and interactions
    k = np.array([0.5, -0.3, 0.25, 0.4]) # frequencies for modulation
    scaling_factor = 0.01 # Adjust the variance/scale

    # Skewed power function
    skewed_power = np.sum((x + shift)**power) # Using power

    # Modulated quadratic term
    modulated_quadratic = (x @ Q @ x) * np.cos(k @ x)

    return (skewed_power + modulated_quadratic) * scaling_factor",1.1657193195447801,"
    A synthetic 4-dimensional benchmark function designed with specific ELA features in mind.
    This function combines a skewed power function with a modulated quadratic term to achieve the desired characteristics.

    Formula:
        f(x) = (skewed_power_function(x) + modulated_quadratic_term(x)) * scaling_factor

    Components:
        - skewed_power_function:  `sum((x_i + shift_i)^power)`. Introduces skewness and non-linearity.
        - modulated_quadratic_term: `x @ Q @ x * cos(k @ x)`. A full quadratic form modulated by a cosine wave adds complexity and interactions.
        - scaling_factor: Applied to adjust the fitness std.
        - Q: A randomly generated symmetric matrix to couple variables within the quadratic term.
        - k: Frequencies for the modulating cosine.
    ",,,,3,4,0.15003757646637708,0.5163078692881986,0.4167135058523129,0.6578387120918674,0.796056250173556,0.7987890336420597,0.8706623101666299,0.9863112015073068
"import numpy as np

def problem(x: np.ndarray) -> float:
    """"""
    A synthetic benchmark function combining a skewed polynomial with interactions,
    sine wave modulation, and a domain-aware bias.

    The polynomial includes a term to specifically introduce skew, and
    interaction terms are both additive and multiplicative.
    Formula:
    f(x) = (polynomial_term(x) * sine_modulation(x)) + domain_bias(x)


    Components:
    - polynomial_term: A polynomial with quadratic, cubic and interaction terms.
    - sine_modulation: Sine waves multiplied together to create a complex surface.
    - domain_bias: a quadratic bias that helps push the function away from center.

    """"""
    x = np.asarray(x)

    def polynomial_term(x):
        """"""Skewed polynomial with interactions.""""""
        return (np.sum(x**2) +
                0.2 * np.sum(x**3) +  # Skewness
                0.1 * np.prod(x) +  # multiplicative interaction
                np.sum(x[i] * x[(i + 1) % len(x)] for i in range(len(x)))) # additive interaction

    def sine_modulation(x):
        """"""Sine wave modulation for complex surface.""""""
        return np.prod(np.sin(x + np.arange(len(x))))

    def domain_bias(x):
      """"""Bias against the center and to satisfy the target ELA""""""

      center = np.array([0.2, -0.1, 0.3, -0.2]) # Arbitrary center
      return 0.01*np.sum((x - center)**2)

    return (polynomial_term(x) * sine_modulation(x)) + domain_bias(x)",1.5002824341844296,"
    A synthetic benchmark function combining a skewed polynomial with interactions,
    sine wave modulation, and a domain-aware bias.

    The polynomial includes a term to specifically introduce skew, and
    interaction terms are both additive and multiplicative.
    Formula:
    f(x) = (polynomial_term(x) * sine_modulation(x)) + domain_bias(x)


    Components:
    - polynomial_term: A polynomial with quadratic, cubic and interaction terms.
    - sine_modulation: Sine waves multiplied together to create a complex surface.
    - domain_bias: a quadratic bias that helps push the function away from center.

    ",,,,3,4,0.13468201052037362,0.5578266028385871,0.03210242645102332,0.3798620463265411,0.005786530274849402,0.014702640822131822,0.016285919152813768,0.08132050677799864
"import numpy as np

def problem(x: np.ndarray) -> float:
    """"""
    A synthetic benchmark function combining fractional powers, polynomial terms, and interactions to target specific ELA features.

    Formula:
    f(x) = a * sum(abs(x_i)^(3/2)) + b * sum(sin(c * x_i)) + d * sum(x_i * x_{i+1}^2) + e * x[0]^3 * abs(x[1])^(1/2) + g * x[2]

    Components:
    - Fractional Power Term: Introduces non-linearity different from integer powers
    - Trigonometric Term: Adds oscillatory behaviour
    - Mixed Interaction Term: Combines linear and quadratic interactions
    - Skewed Term: Cubes the first dimension, and interacts it with abs and fractional power of a different dimension.
    - Linear term: simple linear component
    """"""
    a = 0.02
    b = 0.05
    c = 1.5
    d = 0.03
    e = 0.015
    g = -0.005

    n = len(x)

    term1 = a * np.sum(np.abs(x)**(3/2))  # Fractional power
    term2 = b * np.sum(np.sin(c * x))  # Trigonometric
    term3 = 0.0
    for i in range(n - 1):
        term3 += x[i] * x[i+1]**2 # Mixed interaction
    term3 *= d
    term4 = e * x[0]**3 * np.abs(x[1])**(1/2) # Skewed interaction
    term5 = g * x[2]  #linear component
    return term1 + term2 + term3 + term4 + term5",0.9718922126104464,"
    A synthetic benchmark function combining fractional powers, polynomial terms, and interactions to target specific ELA features.

    Formula:
    f(x) = a * sum(abs(x_i)^(3/2)) + b * sum(sin(c * x_i)) + d * sum(x_i * x_{i+1}^2) + e * x[0]^3 * abs(x[1])^(1/2) + g * x[2]

    Components:
    - Fractional Power Term: Introduces non-linearity different from integer powers
    - Trigonometric Term: Adds oscillatory behaviour
    - Mixed Interaction Term: Combines linear and quadratic interactions
    - Skewed Term: Cubes the first dimension, and interacts it with abs and fractional power of a different dimension.
    - Linear term: simple linear component
    ",,,,3,4,0.15865894943486958,0.4695332384942063,0.33992700189916714,0.6399599741710618,0.6641214590815344,0.6669011445141846,0.6678375743827045,0.9933527758165517
"import numpy as np

def problem(x: np.ndarray) -> float:
    """"""
    A synthetic 4-dimensional benchmark function combining a log-sum-exp term, a radial basis function, and polynomial interactions,
    designed to exhibit the target ELA features.

    Formula:
    f(x) = logsumexp_term(x) + rbf_term(x) + polynomial_interactions(x)

    Components:
    - logsumexp_term: Introduces skewness using the log-sum-exp trick.
    - rbf_term: Creates a radial bias around a fixed, non-origin center to add local structure.
    - polynomial_interactions: Polynomial terms with varying degrees to introduce complex interactions.
    """"""

    def logsumexp_term(x):
        """"""Log-sum-exp to introduce skewness.""""""
        return np.log(np.sum(np.exp(x)))

    def rbf_term(x):
        """"""Radial basis function creates a local bias.""""""
        center = np.array([1.0, -0.5, 0.2, -1.0])  # Center of the RBF
        return -np.exp(-np.sum((x - center)**2) / 0.5)  # Inverted Gaussian RBF

    def polynomial_interactions(x):
            """"""Polynomial interactions with varying degrees.""""""
            return (x[0] * x[1]**2) + (x[2]**3 * x[3]) - (x[0] * x[2] * x[3])


    return 0.01 * logsumexp_term(x) + 0.5 * rbf_term(x) + 0.05 * polynomial_interactions(x)",0.6587793462487014,"
    A synthetic 4-dimensional benchmark function combining a log-sum-exp term, a radial basis function, and polynomial interactions,
    designed to exhibit the target ELA features.

    Formula:
    f(x) = logsumexp_term(x) + rbf_term(x) + polynomial_interactions(x)

    Components:
    - logsumexp_term: Introduces skewness using the log-sum-exp trick.
    - rbf_term: Creates a radial bias around a fixed, non-origin center to add local structure.
    - polynomial_interactions: Polynomial terms with varying degrees to introduce complex interactions.
    ",,,,3,4,0.19007938739990987,0.4945373766853189,0.20392359419425893,0.6488805162677905,0.020732081679411905,0.790042065506144,0.054042705291548664,0.8334207917964823
"import numpy as np

def problem(x: np.ndarray) -> float:
    """"""
    A synthetic 4-dimensional benchmark function that applies a non-linear mapping to the input,
    followed by a quadratic form to shape the fitness landscape. This combination creates a
    complex, rugged landscape with targeted ELA features.

    Formula:
        f(x) = 0.5 * g(x) @ Q @ g(x) + b @ g(x)


    where:
        - g(x) is a non-linear mapping of x.
        - Q is a symmetric matrix defining the quadratic form.
        - b is a linear term coefficients.

    The function is designed to operate on 4-dimensional input vectors.
    """"""
    n = len(x)
    if n != 4:
        raise ValueError(""Function only defined for 4 dimensions."")

    # Define Q and b.
    Q = np.array([[ 0.32854335, -0.06972205,  0.20034934, -0.03579907],
                  [-0.06972205,  0.20695792, -0.11576566,  0.15488967],
                  [ 0.20034934, -0.11576566,  0.2663741 , -0.14075796],
                  [-0.03579907,  0.15488967, -0.14075796,  0.23892189]])

    b = np.array([-0.12328957,  0.02194027, -0.27799307,  0.04583628])

    # Non-linear mapping
    def g(x):
        return np.array([
            np.sin(x[0]) + x[1],
            np.cos(x[1]) * x[2],
            np.exp(0.1 * x[3]),
            x[0] * x[3]
        ])

    gx = g(x)

    # Quadratic term
    quad_term = 0.5 * gx @ Q @ gx

    # Linear term
    linear_term = b @ gx

    return quad_term + linear_term",0.920681698721568,"
    A synthetic 4-dimensional benchmark function that applies a non-linear mapping to the input,
    followed by a quadratic form to shape the fitness landscape. This combination creates a
    complex, rugged landscape with targeted ELA features.

    Formula:
        f(x) = 0.5 * g(x) @ Q @ g(x) + b @ g(x)


    where:
        - g(x) is a non-linear mapping of x.
        - Q is a symmetric matrix defining the quadratic form.
        - b is a linear term coefficients.

    The function is designed to operate on 4-dimensional input vectors.
    ",,,,3,4,0.33059211491613627,0.018821150888300334,0.625077261917742,0.6868849191022134,0.005430957678841592,0.022994969940536018,0.6861498281444169,0.9615602183054556
"import numpy as np

def problem(x: np.ndarray) -> float:
    """"""
    A synthetic benchmark function designed to mimic specific ELA features.

    The function combines scaled powers of x and interaction terms, attempting to achieve skewness and landscape ruggedness.

    Formula:
    f(x) = x @ A @ x + sum(b_i * |x_i|^3) + sum(c_i * sin(x_i)) + d @ x

    Components:
    - Quadratic Term: x @ A @ x (introduces interactions)
    - Cubic Term:  sum(b_i * |x_i|^3) (introduces skew and nonlinearity)
    - Sinusoidal Term: sum(c_i * sin(x_i)) (adds oscillations and non-linearity)
    - Linear Term: d @ x (contributes to bias and linear components)

    Args:
        x (np.ndarray): A 1D NumPy array of shape (N,) representing the input vector.

    Returns:
        float: The function value at the given input.
    """"""
    n = len(x)
    if n != 4:
        raise ValueError(""Function only defined for 4 dimensions."")

    # Coefficient matrix for quadratic term
    A = np.array([[0.1, 0.02, -0.01, 0.005],
                  [0.02, 0.15, 0.03, -0.02],
                  [-0.01, 0.03, 0.08, 0.01],
                  [0.005, -0.02, 0.01, 0.12]])

    # Coefficients for cubic term
    b = np.array([0.05, -0.03, 0.02, -0.01])

    # Coefficients for sinusoidal term
    c = np.array([0.01, -0.005, 0.002, -0.001])

    # Coefficients for linear term
    d = np.array([0.2, -0.1, 0.05, -0.02])

    quadratic_term = x @ A @ x
    cubic_term = np.sum(b * np.abs(x)**3)  # Absolute value to allow for negative x
    sinusoidal_term = np.sum(c * np.sin(x))
    linear_term = d @ x

    return quadratic_term + cubic_term + sinusoidal_term + linear_term",1.0855812666569558,"
    A synthetic benchmark function designed to mimic specific ELA features.

    The function combines scaled powers of x and interaction terms, attempting to achieve skewness and landscape ruggedness.

    Formula:
    f(x) = x @ A @ x + sum(b_i * |x_i|^3) + sum(c_i * sin(x_i)) + d @ x

    Components:
    - Quadratic Term: x @ A @ x (introduces interactions)
    - Cubic Term:  sum(b_i * |x_i|^3) (introduces skew and nonlinearity)
    - Sinusoidal Term: sum(c_i * sin(x_i)) (adds oscillations and non-linearity)
    - Linear Term: d @ x (contributes to bias and linear components)

    Args:
        x (np.ndarray): A 1D NumPy array of shape (N,) representing the input vector.

    Returns:
        float: The function value at the given input.
    ",,,,3,4,0.21106195866934213,0.16154209458237492,0.8405454290377365,0.5273084942929238,0.053404783551539166,0.1112345610279431,0.9322485468003711,0.98633349002457
"import numpy as np

def problem(x: np.ndarray) -> float:
    """"""
    A synthetic 4-dimensional benchmark function designed to exhibit specific Exploratory Landscape Analysis (ELA) features.
    This function combines hyperbolic and polynomial terms with interactions to shape a complex fitness landscape.

    Formula:
        f(x) = a*sum(np.sinh(x)) + 0.5 * x @ Q @ x + b @ x + c * np.prod(np.tanh(x))

    Components:
        - Hyperbolic Sine Term: Introduces skew due to its asymmetric nature.
        - Quadratic Term (x @ Q @ x): Creates ruggedness and correlations.
        - Linear Term (b @ x):  Adds a global trend.
        - Hyperbolic Tangent Product: Introduces non-separability and complex interactions.
        - Q: A predefined symmetric matrix for coupling.
        - b: Linear coefficients.
        - a, c: scaling coefficients.
    """"""
    n = len(x)
    if n != 4:
        raise ValueError(""Function only defined for 4 dimensions."")

    # Define a symmetric matrix Q and a vector b to control quadratic and linear components
    Q = np.array([[ 0.2, -0.1,  0.05,  0.1],
                  [-0.1,  0.3, -0.08, -0.05],
                  [ 0.05, -0.08,  0.15,  0.06],
                  [ 0.1, -0.05,  0.06,  0.25]])

    b = np.array([-0.1, -0.05, -0.02, -0.15])

    a = 0.05
    c = 0.02


    sinh_term = a * np.sum(np.sinh(x))

    quad_term = 0.5 * x @ Q @ x

    linear_term = b @ x

    tanh_prod = c * np.prod(np.tanh(x))

    return sinh_term + quad_term + linear_term + tanh_prod",0.5964365787234048,"
    A synthetic 4-dimensional benchmark function designed to exhibit specific Exploratory Landscape Analysis (ELA) features.
    This function combines hyperbolic and polynomial terms with interactions to shape a complex fitness landscape.

    Formula:
        f(x) = a*sum(np.sinh(x)) + 0.5 * x @ Q @ x + b @ x + c * np.prod(np.tanh(x))

    Components:
        - Hyperbolic Sine Term: Introduces skew due to its asymmetric nature.
        - Quadratic Term (x @ Q @ x): Creates ruggedness and correlations.
        - Linear Term (b @ x):  Adds a global trend.
        - Hyperbolic Tangent Product: Introduces non-separability and complex interactions.
        - Q: A predefined symmetric matrix for coupling.
        - b: Linear coefficients.
        - a, c: scaling coefficients.
    ",,,,3,4,0.2423837759110259,0.18784103333021052,0.5453501500489417,0.5907227962277363,0.2757371166189877,0.5880472428132438,0.6228622886193826,0.994188319794893
"import numpy as np

def problem(x: np.ndarray) -> float:
    """"""
    A synthetic 4-dimensional benchmark function created by multiplying a skewed polynomial
    with a modulated cosine function. This creates non-separable interactions and a complex landscape.

    Formula:
    f(x) = polynomial_term(x) * cosine_term(x)

    Components:
    - polynomial_term(x): A polynomial with quadratic, cubic, and linear elements.
    - cosine_term(x):  A cosine function with a quadratic modulation, creating oscillating behavior with spatially varying amplitude.

    """"""
    x = np.asarray(x)
    n = len(x)
    if n != 4:
        raise ValueError(""Function only defined for 4 dimensions."")

    def polynomial_term(x):
        """"""Polynomial term with skewness.""""""
        return (np.sum(x**2) + 0.1 * np.sum(x**3) + 0.5 * np.sum(x))

    def cosine_term(x):
        """"""Cosine function with quadratic modulation.""""""
        Q = np.array([[0.5, 0.1, -0.05, 0.02],
                      [0.1, 0.6, 0.08, -0.03],
                      [-0.05, 0.08, 0.7, 0.01],
                      [0.02, -0.03, 0.01, 0.8]])
        modulation = 0.5 * x @ Q @ x
        return np.cos(np.sum(x) + modulation)

    return polynomial_term(x) * cosine_term(x)",1.5802437887153082,"
    A synthetic 4-dimensional benchmark function created by multiplying a skewed polynomial
    with a modulated cosine function. This creates non-separable interactions and a complex landscape.

    Formula:
    f(x) = polynomial_term(x) * cosine_term(x)

    Components:
    - polynomial_term(x): A polynomial with quadratic, cubic, and linear elements.
    - cosine_term(x):  A cosine function with a quadratic modulation, creating oscillating behavior with spatially varying amplitude.

    ",,,,3,4,0.16086179009651716,0.42575753803361593,0.07125333097463248,0.10196966404033374,0.0032032206059297397,0.005044534365974406,0.0068331782808698956,0.029149127918316912
"import numpy as np

def problem(x: np.ndarray) -> float:
    """"""
    A synthetic 4-dimensional benchmark function combining a skewed power function, a multi-quadratic term, and cosine oscillations,
    designed to exhibit the target ELA features.

    Formula:
    f(x) = skewed_power(x) + multiquadratic_term(x) + cosine_oscillations(x)

    Components:
    - skewed_power: Uses a power function to introduce skewness and non-linearity.
    - multiquadratic_term: Creates a global structure with multi-quadratic properties.
    - cosine_oscillations: Cosine function adds local optima and ruggedness.
    """"""

    def skewed_power(x):
        """"""Skewed power function.""""""
        s = 1.5  # Skewness parameter
        return np.sum(np.sign(x) * np.abs(x)**s)

    def multiquadratic_term(x):
        """"""Multi-quadratic term.""""""
        c = 2.0 # Center parameter
        return np.sum(np.sqrt((x - c)**2 + 1))

    def cosine_oscillations(x):
        """"""Cosine oscillations for ruggedness.""""""
        f = 0.5 # Frequency parameter
        return -np.sum(np.cos(2 * np.pi * f * x))
    return 0.1 * skewed_power(x) + 0.3 * multiquadratic_term(x) + 0.15 * cosine_oscillations(x)",0.9713173071358049,"
    A synthetic 4-dimensional benchmark function combining a skewed power function, a multi-quadratic term, and cosine oscillations,
    designed to exhibit the target ELA features.

    Formula:
    f(x) = skewed_power(x) + multiquadratic_term(x) + cosine_oscillations(x)

    Components:
    - skewed_power: Uses a power function to introduce skewness and non-linearity.
    - multiquadratic_term: Creates a global structure with multi-quadratic properties.
    - cosine_oscillations: Cosine function adds local optima and ruggedness.
    ",,,,4,4,0.19560776437876212,0.2749813845930017,0.6392602748472569,0.4279933028655805,0.07992213144935856,0.08789041844885688,0.6651379699453372,0.9002115051819444
"import numpy as np

def problem(x: np.ndarray) -> float:
    """"""
    A synthetic benchmark function combining trigonometric, polynomial, exponential, and product terms in a non-separable manner,
    designed for 4 dimensions and the domain [-5, 5]^N. Intended to create a rugged, skewed landscape.

    Formula:
    f(x) =  cos(2*x[0] + x[1]) + 0.5 * (x[2]**3 - x[3]**2) + 0.1 * exp(x[0] - x[3]) + 0.02 * (x[0]*x[1]*x[2]*x[3]) + 0.005 * sum(x**5) + 0.2*np.sin(np.sum(x)) + 0.01*(x[0]**4 + x[1]**4)
    """"""

    return np.cos(2*x[0] + x[1]) + 0.5 * (x[2]**3 - x[3]**2) + 0.1 * np.exp(x[0] - x[3]) + 0.02 * (x[0]*x[1]*x[2]*x[3]) + 0.005 * np.sum(x**5) + 0.2*np.sin(np.sum(x)) + 0.01*(x[0]**4 + x[1]**4)",0.7214200189381946,"
    A synthetic benchmark function combining trigonometric, polynomial, exponential, and product terms in a non-separable manner,
    designed for 4 dimensions and the domain [-5, 5]^N. Intended to create a rugged, skewed landscape.

    Formula:
    f(x) =  cos(2*x[0] + x[1]) + 0.5 * (x[2]**3 - x[3]**2) + 0.1 * exp(x[0] - x[3]) + 0.02 * (x[0]*x[1]*x[2]*x[3]) + 0.005 * sum(x**5) + 0.2*np.sin(np.sum(x)) + 0.01*(x[0]**4 + x[1]**4)
    ",,,,4,4,0.7677366078727684,0.048901307357488565,0.45979882173465325,0.8930193821162897,0.19153009273318453,0.3480401684885554,0.29411858199762375,0.802099299604371
"import numpy as np

def problem(x: np.ndarray) -> float:
    """"""
    A synthetic 4-dimensional benchmark function designed to exhibit specific Exploratory Landscape Analysis (ELA) features.
    This function combines exponential, polynomial, and cosine terms with interactions to shape a complex fitness landscape.

    Formula:
        f(x) = a*sum(np.exp(-x**2)) + 0.5 * x @ Q @ x + b @ x + c * np.prod(np.cos(x))

    Components:
        - Gaussian/Exponential Term: Introduces multimodality and local optima.
        - Quadratic Term (x @ Q @ x): Creates ruggedness and correlations.
        - Linear Term (b @ x):  Adds a global trend and bias.
        - Cosine Product: Introduces periodicity and complex interactions.
        - Q: A predefined symmetric matrix for coupling.
        - b: Linear coefficients.
        - a, c: scaling coefficients.
    """"""
    n = len(x)
    if n != 4:
        raise ValueError(""Function only defined for 4 dimensions."")

    # Define a symmetric matrix Q and a vector b to control quadratic and linear components
    Q = np.array([[ 0.3, -0.1,  0.05,  0.1],
                  [-0.1,  0.4, -0.08, -0.05],
                  [ 0.05, -0.08,  0.2,  0.06],
                  [ 0.1, -0.05,  0.06,  0.3]])

    b = np.array([-0.2, -0.1, -0.05, -0.25])

    a = 0.1
    c = 0.05


    exp_term = a * np.sum(np.exp(-x**2))

    quad_term = 0.5 * x @ Q @ x

    linear_term = b @ x

    cos_prod = c * np.prod(np.cos(x))

    return exp_term + quad_term + linear_term + cos_prod",0.7866772918014575,"
    A synthetic 4-dimensional benchmark function designed to exhibit specific Exploratory Landscape Analysis (ELA) features.
    This function combines exponential, polynomial, and cosine terms with interactions to shape a complex fitness landscape.

    Formula:
        f(x) = a*sum(np.exp(-x**2)) + 0.5 * x @ Q @ x + b @ x + c * np.prod(np.cos(x))

    Components:
        - Gaussian/Exponential Term: Introduces multimodality and local optima.
        - Quadratic Term (x @ Q @ x): Creates ruggedness and correlations.
        - Linear Term (b @ x):  Adds a global trend and bias.
        - Cosine Product: Introduces periodicity and complex interactions.
        - Q: A predefined symmetric matrix for coupling.
        - b: Linear coefficients.
        - a, c: scaling coefficients.
    ",,,,4,4,0.2421188164104013,0.16071907540248134,0.9448354842052827,0.5928779969434211,0.09913190140455957,0.44810889710379226,0.7289492760310152,0.9997607316297875
"import numpy as np

def problem(x: np.ndarray) -> float:
    """"""
    A synthetic 4-dimensional benchmark function combining trigonometric components and a polynomial.

    Formula:
        f(x) = a + b + c + d

    where:
        a = sum(sin(x_i)^2)
        b = (x[0] - x[1])^2
        c = x[2]^4 - x[3]^2
        d = sum(cos(x_i)*x_i)

    This design aims to incorporate non-linearity through sine and cosine functions,
    and introduces interactions via differences and polynomial terms. The final sum
    creates a multi-modal, complex structure in the fitness landscape, with adjusted ELA features.

    """"""
    n = len(x)
    if n != 4:
        raise ValueError(""Function only defined for 4 dimensions."")

    a = np.sum(np.sin(x)**2)
    b = (x[0] - x[1])**2
    c = x[2]**4 - x[3]**2
    d = np.sum(np.cos(x)*x)

    return a + b + c + d",1.0735578776263304,"
    A synthetic 4-dimensional benchmark function combining trigonometric components and a polynomial.

    Formula:
        f(x) = a + b + c + d

    where:
        a = sum(sin(x_i)^2)
        b = (x[0] - x[1])^2
        c = x[2]^4 - x[3]^2
        d = sum(cos(x_i)*x_i)

    This design aims to incorporate non-linearity through sine and cosine functions,
    and introduces interactions via differences and polynomial terms. The final sum
    creates a multi-modal, complex structure in the fitness landscape, with adjusted ELA features.

    ",,,,4,4,0.2593010051190608,0.05083132953431035,0.583072490854736,0.5737301765614335,0.0009765028875010863,0.02294035284323106,0.9135331445229533,0.9221314278108808
"import numpy as np

def problem(x: np.ndarray) -> float:
    """"""
    A synthetic benchmark function combining trigonometric, polynomial, and exponential terms in a non-separable manner,
    designed for 4 dimensions and the domain [-5, 5]^N.  Introduces a sum of trigonometric terms and a shifted polynomial to shape the landscape.

    Formula:
    f(x) =  np.sum(np.cos(x)) + 0.25 * (x[0]**2 + x[1]**3 - x[2]**2 + x[3]) + 0.05 * np.exp(-(x[0] - x[3])) + 0.01 * (x[0]*x[1] - x[2]*x[3]) + 0.001 * np.sum((x + 1)**4)
    """"""

    return np.sum(np.cos(x)) + 0.25 * (x[0]**2 + x[1]**3 - x[2]**2 + x[3]) + 0.05 * np.exp(-(x[0] - x[3])) + 0.01 * (x[0]*x[1] - x[2]*x[3]) + 0.001 * np.sum((x + 1)**4)",0.7418703645064302,"
    A synthetic benchmark function combining trigonometric, polynomial, and exponential terms in a non-separable manner,
    designed for 4 dimensions and the domain [-5, 5]^N.  Introduces a sum of trigonometric terms and a shifted polynomial to shape the landscape.

    Formula:
    f(x) =  np.sum(np.cos(x)) + 0.25 * (x[0]**2 + x[1]**3 - x[2]**2 + x[3]) + 0.05 * np.exp(-(x[0] - x[3])) + 0.01 * (x[0]*x[1] - x[2]*x[3]) + 0.001 * np.sum((x + 1)**4)
    ",,,,4,4,0.759092138397637,0.043843876345909846,0.40841001098694835,0.9398821696810264,0.18512645253794183,0.33030441035573993,0.307644214767267,0.8082435381049707
"import numpy as np

def problem(x: np.ndarray) -> float:
    """"""
    A synthetic 4-dimensional benchmark function combining a cosine term, a polynomial function, and a sum of squares,
    designed to exhibit the target ELA features.

    Formula:
    f(x) = cosine_term(x) + polynomial_term(x) + sum_of_squares(x)

    Components:
    - cosine_term: Introduces oscillations and modality.
    - polynomial_term: Creates polynomial relationships between the variables.
    - sum_of_squares: Adds a quadratic bowl shape.
    """"""

    def cosine_term(x):
        """"""Cosine term to introduce oscillations.""""""
        return np.sum(np.cos(2 * x))

    def polynomial_term(x):
        """"""Polynomial relationships with interaction terms.""""""
        return x[0]**3 + x[1]*x[2] - 2*x[3]**2 + x[0]*x[1]*x[3]

    def sum_of_squares(x):
        """"""Sum of squares to add curvature.""""""
        return np.sum(x**2)

    return 0.05 * cosine_term(x) + 0.1 * polynomial_term(x) + 0.005 * sum_of_squares(x)",1.0484897595334841,"
    A synthetic 4-dimensional benchmark function combining a cosine term, a polynomial function, and a sum of squares,
    designed to exhibit the target ELA features.

    Formula:
    f(x) = cosine_term(x) + polynomial_term(x) + sum_of_squares(x)

    Components:
    - cosine_term: Introduces oscillations and modality.
    - polynomial_term: Creates polynomial relationships between the variables.
    - sum_of_squares: Adds a quadratic bowl shape.
    ",,,,4,4,0.14158268324231815,0.591578729572462,0.19742996780902233,0.6389583712352856,0.5931537640422894,0.6265904287679096,0.6562499968187534,0.8284318451614842
"import numpy as np

def problem(x: np.ndarray) -> float:
    """"""
    A synthetic 4-dimensional benchmark function designed to exhibit specific Exploratory Landscape Analysis (ELA) features.
    This function combines polynomial, exponential and cos terms with interactions to shape a complex fitness landscape.

    Formula:
        f(x) =  a * sum(x**4) + b * sum(np.exp(-(x - c)**2)) + d * np.prod(np.cos(x)) + (x @ Q @ x)

    Components:
        - Polynomial term sum(x**4): Introduces steepness and multi-modality.
        - Gaussian kernel: Introduces local optima and ruggedness.
        - cosine Product term: Introduces oscillatory pattern and non-separability.
        - Quadratic Term (x @ Q @ x): Creates ruggedness and correlations.
        - Q: A predefined symmetric matrix for coupling.
        - a,b,c,d: scaling coefficients.
    """"""
    n = len(x)
    if n != 4:
        raise ValueError(""Function only defined for 4 dimensions."")

    # Define a symmetric matrix Q and a vector b to control quadratic and linear components
    Q = np.array([[ 0.2, -0.1,  0.05,  0.1],
                  [-0.1,  0.3, -0.08, -0.05],
                  [ 0.05, -0.08,  0.15,  0.06],
                  [ 0.1, -0.05,  0.06,  0.25]])


    a = 0.01
    b = 0.1
    c = np.array([0.5, -0.2, 1.0, -0.8])
    d = 0.05

    polynomial_term = a * np.sum(x**4)

    gaussian_term = b * np.sum(np.exp(-(x - c)**2))

    cosine_term = d * np.prod(np.cos(x))

    quad_term = x @ Q @ x


    return polynomial_term  + gaussian_term + cosine_term + quad_term",0.9639355919645743,"
    A synthetic 4-dimensional benchmark function designed to exhibit specific Exploratory Landscape Analysis (ELA) features.
    This function combines polynomial, exponential and cos terms with interactions to shape a complex fitness landscape.

    Formula:
        f(x) =  a * sum(x**4) + b * sum(np.exp(-(x - c)**2)) + d * np.prod(np.cos(x)) + (x @ Q @ x)

    Components:
        - Polynomial term sum(x**4): Introduces steepness and multi-modality.
        - Gaussian kernel: Introduces local optima and ruggedness.
        - cosine Product term: Introduces oscillatory pattern and non-separability.
        - Quadratic Term (x @ Q @ x): Creates ruggedness and correlations.
        - Q: A predefined symmetric matrix for coupling.
        - a,b,c,d: scaling coefficients.
    ",,,,4,4,0.23226607938963142,0.12240822963252769,0.9574207957996347,0.5093849971970282,0.00041124496635780607,0.24812248404082252,0.8145843670029517,0.9846720401155852
"import numpy as np

def problem(x: np.ndarray) -> float:
    """"""
    A synthetic 4-dimensional benchmark function designed to exhibit specific Exploratory Landscape Analysis (ELA) features.
    This function combines sine, polynomial, and exponential terms with interactions to shape a complex fitness landscape.

    Formula:
        f(x) = a * sum(np.sin(x)) + 0.5 * x @ Q @ x + b @ x + c * np.exp(-(x**2).sum())

    Components:
        - Sine Term: Introduces oscillations and potential skewness.
        - Quadratic Term (x @ Q @ x): Creates ruggedness and correlations.
        - Linear Term (b @ x): Adds a global trend.
        - Gaussian Term: Creates a global optimum and influences the landscape's shape.
        - Q: A predefined symmetric matrix for coupling.
        - b: Linear coefficients.
        - a, c: scaling coefficients.
    """"""
    n = len(x)
    if n != 4:
        raise ValueError(""Function only defined for 4 dimensions."")

    # Define a symmetric matrix Q and a vector b to control quadratic and linear components
    Q = np.array([[0.3, -0.1,  0.05,  0.1],
                  [-0.1,  0.4, -0.08, -0.05],
                  [0.05, -0.08,  0.20,  0.06],
                  [0.1, -0.05,  0.06,  0.30]])

    b = np.array([-0.2, -0.10, -0.04, -0.20])

    a = 0.1
    c = 0.05

    sin_term = a * np.sum(np.sin(x))
    quad_term = 0.5 * x @ Q @ x
    linear_term = b @ x
    gaussian_term = c * np.exp(-(x**2).sum())

    return sin_term + quad_term + linear_term + gaussian_term",0.797237332549833,"
    A synthetic 4-dimensional benchmark function designed to exhibit specific Exploratory Landscape Analysis (ELA) features.
    This function combines sine, polynomial, and exponential terms with interactions to shape a complex fitness landscape.

    Formula:
        f(x) = a * sum(np.sin(x)) + 0.5 * x @ Q @ x + b @ x + c * np.exp(-(x**2).sum())

    Components:
        - Sine Term: Introduces oscillations and potential skewness.
        - Quadratic Term (x @ Q @ x): Creates ruggedness and correlations.
        - Linear Term (b @ x): Adds a global trend.
        - Gaussian Term: Creates a global optimum and influences the landscape's shape.
        - Q: A predefined symmetric matrix for coupling.
        - b: Linear coefficients.
        - a, c: scaling coefficients.
    ",,,,4,4,0.24260570322377317,0.1559912940518784,0.9546547190391483,0.5912073519665828,0.08412022295093707,0.4317500553661803,0.7291619068545062,0.9994753007479615
"import numpy as np

def problem(x: np.ndarray) -> float:
    """"""
    A synthetic 4-dimensional benchmark function combining a weighted sum of sinusoidal components, a polynomial term, and a global bias,
    designed to exhibit target ELA features.

    Formula:
    f(x) = sinusoidal_term(x) + polynomial_term(x) + global_bias

    Components:
    - sinusoidal_term: Introduce non-linearity and multi-modality through sinusoidal functions of different frequencies.
    - polynomial_term: Adds complexity via a fourth-order polynomial.
    - global_bias: Shifts the fitness landscape vertically.
    """"""

    def sinusoidal_term(x):
        """"""Weighted sum of sinusoidal components.""""""
        weights = np.array([0.2, 0.3, 0.1, 0.4])
        frequencies = np.array([1.0, 2.0, 0.5, 1.5])
        return np.sum(weights * np.sin(2 * np.pi * frequencies * x))

    def polynomial_term(x):
        """"""Fourth-order polynomial term to add complexity.""""""
        return 0.1 * (x[0]**4 - 2*x[1]**2 + x[2]*x[3]**3 - x[0]*x[1]*x[2])

    global_bias = 1.5  # Shifts the whole landscape upwards

    return sinusoidal_term(x) + polynomial_term(x) + global_bias",0.7871039603054344,"
    A synthetic 4-dimensional benchmark function combining a weighted sum of sinusoidal components, a polynomial term, and a global bias,
    designed to exhibit target ELA features.

    Formula:
    f(x) = sinusoidal_term(x) + polynomial_term(x) + global_bias

    Components:
    - sinusoidal_term: Introduce non-linearity and multi-modality through sinusoidal functions of different frequencies.
    - polynomial_term: Adds complexity via a fourth-order polynomial.
    - global_bias: Shifts the fitness landscape vertically.
    ",,,,4,4,0.21699288884855858,0.4175878377585492,0.3995939439724381,0.5402950273859669,0.007037896580639385,0.3326228914916449,0.5776999270264648,0.8834419227903008
"import numpy as np

def problem(x: np.ndarray) -> float:
    """"""
    A synthetic 4-dimensional benchmark function combining a log-sum-exp term, a radial basis function, and polynomial interactions,
    designed to exhibit the target ELA features.

    Formula:
    f(x) = logsumexp_term(x) + rbf_term(x) + polynomial_interactions(x)

    Components:
    - logsumexp_term: Introduces skewness using the log-sum-exp trick.
    - rbf_term: Creates a radial bias around a fixed, non-origin center to add local structure.
    - polynomial_interactions: Polynomial terms with varying degrees to introduce complex interactions.
    """"""

    def logsumexp_term(x):
        """"""Log-sum-exp to introduce skewness.""""""
        return np.log(np.sum(np.exp(x)))

    def rbf_term(x):
        """"""Radial basis function creates a local bias.""""""
        center = np.array([2.0, -1.5, 0.5, -0.5])  # Adjusted center of the RBF
        return -np.exp(-np.sum((x - center)**2) / 1.0)  # Adjusted width of the RBF

    def polynomial_interactions(x):
        """"""Polynomial interactions with varying degrees.""""""
        return 2*(x[0] * x[1]**2) +  3*(x[2]**3 * x[3]) - (x[0] * x[2] * x[3]**2) # Modified coefficients and exponent


    return 0.05 * logsumexp_term(x) + 0.1 * rbf_term(x) + 0.2 * polynomial_interactions(x)",0.6715070987046007,"
    A synthetic 4-dimensional benchmark function combining a log-sum-exp term, a radial basis function, and polynomial interactions,
    designed to exhibit the target ELA features.

    Formula:
    f(x) = logsumexp_term(x) + rbf_term(x) + polynomial_interactions(x)

    Components:
    - logsumexp_term: Introduces skewness using the log-sum-exp trick.
    - rbf_term: Creates a radial bias around a fixed, non-origin center to add local structure.
    - polynomial_interactions: Polynomial terms with varying degrees to introduce complex interactions.
    ",,,,5,4,0.1897155555745676,0.4817438533632278,0.17032398184243563,0.6449304456765748,0.009682928217677498,0.8098290446693037,0.03960858629930191,0.8366396661686261
"import numpy as np

def problem(x: np.ndarray) -> float:
    """"""
    A synthetic benchmark function designed to mimic specific ELA features, combining polynomial and trigonometric elements with interactions.

    Formula:
    f(x) = a * sum(x_i^4) + b * sum(cos(c * x_i)) + d * sum(x_i * x_{i+1}) + e * x[0]^3 * x[1] + g * x[2]
    where x_i are the elements of the input vector x, and a,b,c,d,e, g are constants.
    """"""
    a = 0.001
    b = 0.02
    c = 4.0
    d = 0.2
    e = 0.05
    g = 0.0001

    n = len(x)

    term1 = a * np.sum(x**4) # Polynomial term
    term2 = b * np.sum(np.cos(c * x)) # Trigonometric term
    term3 = 0.0
    for i in range(n - 1):
        term3 += x[i] * x[i+1]
    term3 *= d # Interaction term
    term4 = e * x[0]**3 * x[1] # Skewed interaction
    term5 = g * x[2] # simple linear component

    return term1 + term2 + term3 + term4 + term5",0.7342408615773198,"
    A synthetic benchmark function designed to mimic specific ELA features, combining polynomial and trigonometric elements with interactions.

    Formula:
    f(x) = a * sum(x_i^4) + b * sum(cos(c * x_i)) + d * sum(x_i * x_{i+1}) + e * x[0]^3 * x[1] + g * x[2]
    where x_i are the elements of the input vector x, and a,b,c,d,e, g are constants.
    ",,,,5,4,0.15488173314429102,0.6063643470406289,0.25051050226949734,0.649256122070817,0.007533571819757939,0.9032006154454463,0.014095956505059163,0.9073132260905551
"import numpy as np

def problem(x: np.ndarray) -> float:
    """"""
    A synthetic 4-dimensional benchmark function designed to exhibit specific Exploratory Landscape Analysis (ELA) features.
    This function combines exponential, polynomial, and cosine terms with interactions to shape a complex fitness landscape.

    Formula:
        f(x) = a*sum(np.exp(-x**2)) + 0.5 * x @ Q @ x + b @ x + c * np.prod(np.cos(x))

    Components:
        - Gaussian/Exponential Term: Introduces multimodality and local optima.
        - Quadratic Term (x @ Q @ x): Creates ruggedness and correlations.
        - Linear Term (b @ x):  Adds a global trend and bias.
        - Cosine Product: Introduces periodicity and complex interactions.
        - Q: A predefined symmetric matrix for coupling.
        - b: Linear coefficients.
        - a, c: scaling coefficients.
    """"""
    n = len(x)
    if n != 4:
        raise ValueError(""Function only defined for 4 dimensions."")

    # Define a symmetric matrix Q and a vector b to control quadratic and linear components
    Q = np.array([[ 0.3, -0.1,  0.05,  0.1],
                  [-0.1,  0.4, -0.08, -0.05],
                  [ 0.05, -0.08,  0.2,  0.06],
                  [ 0.1, -0.05,  0.06,  0.3]])

    b = np.array([-0.02, -0.01, -0.005, -0.025])

    a = 0.005
    c = 0.002


    exp_term = a * np.sum(np.exp(-x**2))

    quad_term = 0.5 * x @ Q @ x

    linear_term = b @ x

    cos_prod = c * np.prod(np.cos(x))

    return exp_term + quad_term + linear_term + cos_prod",0.8047139620541797,"
    A synthetic 4-dimensional benchmark function designed to exhibit specific Exploratory Landscape Analysis (ELA) features.
    This function combines exponential, polynomial, and cosine terms with interactions to shape a complex fitness landscape.

    Formula:
        f(x) = a*sum(np.exp(-x**2)) + 0.5 * x @ Q @ x + b @ x + c * np.prod(np.cos(x))

    Components:
        - Gaussian/Exponential Term: Introduces multimodality and local optima.
        - Quadratic Term (x @ Q @ x): Creates ruggedness and correlations.
        - Linear Term (b @ x):  Adds a global trend and bias.
        - Cosine Product: Introduces periodicity and complex interactions.
        - Q: A predefined symmetric matrix for coupling.
        - b: Linear coefficients.
        - a, c: scaling coefficients.
    ",,,,5,4,0.24591238683698158,0.1525855979902529,0.9483788549735985,0.5691245046096672,0.0009322893928874602,0.38239413909949516,0.7048924909702973,0.9999993618541619
"import numpy as np

def problem(x: np.ndarray) -> float:
    """"""
    A synthetic 4-dimensional benchmark function designed to exhibit specific Exploratory Landscape Analysis (ELA) features.

    The function combines a skewed exponential term, a full quadratic term,  and a linear term to control skewness and landscape ruggedness.

    Formula:
        f(x) = exp(0.12 * (sum(x) + 10)) + 0.5 * x @ Q @ x + b @ x

    Components:
        - Exponential Term: Introduces skewness.
        - Quadratic Term (x @ Q @ x):  Creates a complex, rugged landscape, controlled by Q.
        - Linear Term (b @ x): Introduces additional complexity and bias.
        - Q: A randomly generated symmetric matrix to couple variables.
        - b: Linear coefficients.
    """"""
    n = len(x)
    if n != 4:
        raise ValueError(""Function only defined for 4 dimensions."")

    # Define a symmetric matrix Q and a vector b to control quadratic and linear components
    Q = np.array([[ 0.19719645, -0.15535003,  0.07760387,  0.27015438],
                  [-0.15535003,  0.25794489, -0.04676747, -0.20260303],
                  [ 0.07760387, -0.04676747,  0.10918752,  0.12150701],
                  [ 0.27015438, -0.20260303,  0.12150701,  0.23451638]]) / 2

    b = np.array([-0.19465523, -0.13663213, -0.07293302, -0.25914074]) / 2

    # Exponential term for skew
    exp_term = np.exp(0.12 * (np.sum(x) + 10))

    # Quadratic term
    quad_term = 0.5 * x @ Q @ x

    # Linear term
    linear_term = b @ x

    return exp_term + quad_term + linear_term",0.6304289858092805,"
    A synthetic 4-dimensional benchmark function designed to exhibit specific Exploratory Landscape Analysis (ELA) features.

    The function combines a skewed exponential term, a full quadratic term,  and a linear term to control skewness and landscape ruggedness.

    Formula:
        f(x) = exp(0.12 * (sum(x) + 10)) + 0.5 * x @ Q @ x + b @ x

    Components:
        - Exponential Term: Introduces skewness.
        - Quadratic Term (x @ Q @ x):  Creates a complex, rugged landscape, controlled by Q.
        - Linear Term (b @ x): Introduces additional complexity and bias.
        - Q: A randomly generated symmetric matrix to couple variables.
        - b: Linear coefficients.
    ",,,,5,4,0.3099558218310884,0.05018726486202688,0.5269695045117819,0.8045823333443429,0.4791859597660944,0.8699527068486869,0.6267208547134488,0.9910545654932321
"import numpy as np

def problem(x: np.ndarray) -> float:
    """"""
    A synthetic benchmark function combining trigonometric, polynomial, and exponential terms in a non-separable manner,
    designed for 4 dimensions and the domain [-5, 5]^N. Emphasizes interactions and creates a rugged, partially skewed landscape.

    Formula:
    f(x) = 0.01 * (cos(2*x[0] + x[1]) + 0.1 * (x[2]**3 - x[3]**2) + 0.05 * exp(x[0] - x[3]) + 0.5 * (x[0]*x[1]*x[2]*x[3]) + 0.001 * sum(x**3) ) - 0.005
    """"""
    return 0.01 * (np.cos(2*x[0] + x[1]) + 0.1 * (x[2]**3 - x[3]**2) + 0.05 * np.exp(x[0] - x[3]) + 0.5 * (x[0]*x[1]*x[2]*x[3]) + 0.001 * np.sum(x**3) ) - 0.005",0.9327820139524015,"
    A synthetic benchmark function combining trigonometric, polynomial, and exponential terms in a non-separable manner,
    designed for 4 dimensions and the domain [-5, 5]^N. Emphasizes interactions and creates a rugged, partially skewed landscape.

    Formula:
    f(x) = 0.01 * (cos(2*x[0] + x[1]) + 0.1 * (x[2]**3 - x[3]**2) + 0.05 * exp(x[0] - x[3]) + 0.5 * (x[0]*x[1]*x[2]*x[3]) + 0.001 * sum(x**3) ) - 0.005
    ",,,,5,4,0.5509985072102401,0.21917557015095707,0.023005534159542675,0.7579200962070631,0.10006271486535373,0.24149839709405485,0.19904930669054013,0.5881857918954388
"import numpy as np

def problem(x: np.ndarray) -> float:
    """"""
    A synthetic 4-dimensional benchmark function combining a weighted sum of sinusoidal components, a polynomial term, and a global bias,
    designed to exhibit target ELA features.

    Formula:
    f(x) = scale * (sinusoidal_term(x) + polynomial_term(x) + global_bias)

    Components:
    - sinusoidal_term: Introduce non-linearity and multi-modality through sinusoidal functions of different frequencies.
    - polynomial_term: Adds complexity via a tailored fourth-order polynomial with interaction terms.
    - global_bias: Shifts the fitness landscape vertically.
    - scale: Scaling factor to reduce `fitness_std`.
    """"""

    def sinusoidal_term(x):
        """"""Weighted sum of sinusoidal components.""""""
        weights = np.array([0.01, 0.02, 0.015, 0.005])  # Reduced Weights
        frequencies = np.array([1.0, 2.0, 0.5, 1.5])
        return np.sum(weights * np.sin(2 * np.pi * frequencies * x))

    def polynomial_term(x):
        """"""Fourth-order polynomial term to add complexity, including interaction terms.""""""
        return 0.2 * (x[0]**4 - 0.5*x[1]**2 + 2*x[2]*x[3]**3 - x[0]*x[1]*x[2] + 0.5*x[0]*x[2]**2 + x[1]*x[3])

    global_bias = 0.75  # Adjusted bias
    scale = 0.04 # add scaling
    return scale * (sinusoidal_term(x) + polynomial_term(x) + global_bias)",0.651700609573453,"
    A synthetic 4-dimensional benchmark function combining a weighted sum of sinusoidal components, a polynomial term, and a global bias,
    designed to exhibit target ELA features.

    Formula:
    f(x) = scale * (sinusoidal_term(x) + polynomial_term(x) + global_bias)

    Components:
    - sinusoidal_term: Introduce non-linearity and multi-modality through sinusoidal functions of different frequencies.
    - polynomial_term: Adds complexity via a tailored fourth-order polynomial with interaction terms.
    - global_bias: Shifts the fitness landscape vertically.
    - scale: Scaling factor to reduce `fitness_std`.
    ",,,,5,4,0.19054104835862423,0.5213026585773003,0.3482238994946074,0.5642738354252811,0.008958719296972254,0.6017678262684274,0.2973810368726549,0.8644486487083277
"import numpy as np

def problem(x: np.ndarray) -> float:
    """"""
    A synthetic 4-dimensional benchmark function designed to exhibit specific Exploratory Landscape Analysis (ELA) features.
    This function combines exponential, polynomial, and cosine terms with interactions to shape a complex fitness landscape.

    Formula:
        f(x) = a*sum(np.exp(-(x-0.2)**2)) + 0.5 * x @ Q @ x + b @ x + c * np.prod(np.cos(x))

    Components:
        - Gaussian/Exponential Term: Introduces multimodality and local optima.
        - Quadratic Term (x @ Q @ x): Creates ruggedness and correlations.
        - Linear Term (b @ x):  Adds a global trend and bias.
        - Cosine Product: Introduces periodicity and complex interactions.
        - Q: A predefined symmetric matrix for coupling.
        - b: Linear coefficients.
        - a, c: scaling coefficients.
    """"""
    n = len(x)
    if n != 4:
        raise ValueError(""Function only defined for 4 dimensions."")

    # Define a symmetric matrix Q and a vector b to control quadratic and linear components
    Q = np.array([[ 0.32, -0.12,  0.07,  0.11],
                  [-0.12,  0.42, -0.1, -0.07],
                  [ 0.07, -0.1,  0.22,  0.08],
                  [ 0.11, -0.07,  0.08,  0.32]])

    b = np.array([-0.05, -0.02, -0.01, -0.06])

    a = 0.05
    c = 0.1


    exp_term = a * np.sum(np.exp(-(x-0.2)**2))

    quad_term = 0.5 * x @ Q @ x

    linear_term = b @ x

    cos_prod = c * np.prod(np.cos(x))

    return exp_term + quad_term + linear_term + cos_prod",0.7238934385584131,"
    A synthetic 4-dimensional benchmark function designed to exhibit specific Exploratory Landscape Analysis (ELA) features.
    This function combines exponential, polynomial, and cosine terms with interactions to shape a complex fitness landscape.

    Formula:
        f(x) = a*sum(np.exp(-(x-0.2)**2)) + 0.5 * x @ Q @ x + b @ x + c * np.prod(np.cos(x))

    Components:
        - Gaussian/Exponential Term: Introduces multimodality and local optima.
        - Quadratic Term (x @ Q @ x): Creates ruggedness and correlations.
        - Linear Term (b @ x):  Adds a global trend and bias.
        - Cosine Product: Introduces periodicity and complex interactions.
        - Q: A predefined symmetric matrix for coupling.
        - b: Linear coefficients.
        - a, c: scaling coefficients.
    ",,,,5,4,0.2579588308579791,0.13662717309369168,0.952908209063688,0.6024699051699394,0.004291750287237156,0.45231883056620426,0.6457992654053865,0.9999034661216212
"import numpy as np

def problem(x: np.ndarray) -> float:
    """"""
    A synthetic 4-dimensional benchmark function designed to exhibit specific Exploratory Landscape Analysis (ELA) features.

    The function combines a skewed exponential term, a full quadratic term,  and a linear term to control skewness and landscape ruggedness.

    Formula:
        f(x) = exp(0.09 * (sum(x) + 10)) + 0.5 * x @ Q @ x + b @ x

    Components:
        - Exponential Term: Introduces skewness.
        - Quadratic Term (x @ Q @ x):  Creates a complex, rugged landscape, controlled by Q.
        - Linear Term (b @ x): Introduces additional complexity and bias.
        - Q: A randomly generated symmetric matrix to couple variables.
        - b: Linear coefficients.
    """"""
    n = len(x)
    if n != 4:
        raise ValueError(""Function only defined for 4 dimensions."")

    # Define a symmetric matrix Q and a vector b to control quadratic and linear components
    Q = np.array([[ 0.19719645, -0.15535003,  0.07760387,  0.27015438],
                  [-0.15535003,  0.25794489, -0.04676747, -0.20260303],
                  [ 0.07760387, -0.04676747,  0.10918752,  0.12150701],
                  [ 0.27015438, -0.20260303,  0.12150701,  0.23451638]]) / 10.0

    b = np.array([-0.19465523, -0.13663213, -0.07293302, -0.25914074]) / 5.0

    # Exponential term for skew
    exp_term = np.exp(0.09 * (np.sum(x) + 10))

    # Quadratic term
    quad_term = 0.5 * x @ Q @ x

    # Linear term
    linear_term = b @ x

    return exp_term + quad_term + linear_term",1.0028117731327477,"
    A synthetic 4-dimensional benchmark function designed to exhibit specific Exploratory Landscape Analysis (ELA) features.

    The function combines a skewed exponential term, a full quadratic term,  and a linear term to control skewness and landscape ruggedness.

    Formula:
        f(x) = exp(0.09 * (sum(x) + 10)) + 0.5 * x @ Q @ x + b @ x

    Components:
        - Exponential Term: Introduces skewness.
        - Quadratic Term (x @ Q @ x):  Creates a complex, rugged landscape, controlled by Q.
        - Linear Term (b @ x): Introduces additional complexity and bias.
        - Q: A randomly generated symmetric matrix to couple variables.
        - b: Linear coefficients.
    ",,,,5,4,0.293486775642882,0.060704226140483965,0.7438290613221826,0.8256620271653649,0.7642852090454295,0.9440672990327069,0.8261280506574691,0.9957256163992899
"import numpy as np

def problem(x: np.ndarray) -> float:
    """"""
    A synthetic 4-dimensional benchmark function combining a log-sum-exp term, a radial basis function, and polynomial interactions,
    designed to exhibit the target ELA features.

    Formula:
    f(x) = logsumexp_term(x) + rbf_term(x) + polynomial_interactions(x)

    Components:
    - logsumexp_term: Introduces skewness using the log-sum-exp trick.
    - rbf_term: Creates a radial bias around a fixed, non-origin center to add local structure.
    - polynomial_interactions: Polynomial terms with varying degrees to introduce complex interactions.
    """"""

    def logsumexp_term(x):
        """"""Log-sum-exp to introduce skewness.""""""
        return np.log(np.sum(np.exp(x)))

    def rbf_term(x):
        """"""Radial basis function creates a local bias.""""""
        center = np.array([1.0, -0.5, 0.2, -1.0])  # Center of the RBF
        return -np.exp(-np.sum((x - center)**2) / 0.5)  # Inverted Gaussian RBF

    def polynomial_interactions(x):
        """"""Polynomial interactions with varying degrees.""""""
        return (x[0] * x[1]**2) + (x[2]**3 * x[3]) - (x[0] * x[2] * x[3])


    return 0.025 * logsumexp_term(x) + 0.1 * rbf_term(x) + 0.2 * polynomial_interactions(x)",0.659241566813628,"
    A synthetic 4-dimensional benchmark function combining a log-sum-exp term, a radial basis function, and polynomial interactions,
    designed to exhibit the target ELA features.

    Formula:
    f(x) = logsumexp_term(x) + rbf_term(x) + polynomial_interactions(x)

    Components:
    - logsumexp_term: Introduces skewness using the log-sum-exp trick.
    - rbf_term: Creates a radial bias around a fixed, non-origin center to add local structure.
    - polynomial_interactions: Polynomial terms with varying degrees to introduce complex interactions.
    ",,,,5,4,0.1900119669063119,0.49450238581744427,0.2038856276525662,0.6469100852819932,0.020633250593264287,0.7900430626175767,0.05385806840394555,0.8334078071590453
"import numpy as np

def problem(x: np.ndarray) -> float:
    """"""
    A synthetic benchmark function designed to mimic specific ELA features, combining polynomial and trigonometric elements with interactions.

    Formula:
    f(x) = a * sum(x_i^4) + b * sum(cos(c * x_i)) + d * sum(x_i * x_{i+1}) + e * x[0]^3 * x[1] + g * x[2]
    where x_i are the elements of the input vector x, and a,b,c,d,e, g are constants.
    """"""
    a = 0.001
    b = 0.05
    c = 1.0
    d = 0.1
    e = 0.025
    g = 0.001

    n = len(x)

    term1 = a * np.sum(x**4) # Polynomial term
    term2 = b * np.sum(np.cos(c * x)) # Trigonometric term
    term3 = 0.0
    for i in range(n - 1):
        term3 += x[i] * x[i+1]
    term3 *= d # Interaction term
    term4 = e * x[0]**3 * x[1] # Skewed interaction
    term5 = g * x[2] # simple linear component

    return term1 + term2 + term3 + term4 + term5",0.7106008290566469,"
    A synthetic benchmark function designed to mimic specific ELA features, combining polynomial and trigonometric elements with interactions.

    Formula:
    f(x) = a * sum(x_i^4) + b * sum(cos(c * x_i)) + d * sum(x_i * x_{i+1}) + e * x[0]^3 * x[1] + g * x[2]
    where x_i are the elements of the input vector x, and a,b,c,d,e, g are constants.
    ",,,,5,4,0.16512995425548302,0.5871129611840347,0.2586286580193622,0.6566580675959367,0.007742950337928734,0.8994158879430307,0.017719556759266165,0.9065066413776685
"import numpy as np

def problem(x: np.ndarray) -> float:
    """"""
    A synthetic 4-dimensional benchmark function designed to exhibit specific Exploratory Landscape Analysis (ELA) features.

    The function combines a skewed exponential term, a full quadratic term,  and a linear term to control skewness and landscape ruggedness.

    Formula:
        f(x) = exp(0.08 * (sum(x) + 8)) + 0.05 * x @ Q @ x + b @ x

    Components:
        - Exponential Term: Introduces skewness.
        - Quadratic Term (x @ Q @ x):  Creates a complex, rugged landscape, controlled by Q.
        - Linear Term (b @ x): Introduces additional complexity and bias.
        - Q: A randomly generated symmetric matrix to couple variables.
        - b: Linear coefficients.
    """"""
    n = len(x)
    if n != 4:
        raise ValueError(""Function only defined for 4 dimensions."")

    # Define a symmetric matrix Q and a vector b to control quadratic and linear components
    Q = np.array([[ 0.19719645, -0.15535003,  0.07760387,  0.27015438],
                  [-0.15535003,  0.25794489, -0.04676747, -0.20260303],
                  [ 0.07760387, -0.04676747,  0.10918752,  0.12150701],
                  [ 0.27015438, -0.20260303,  0.12150701,  0.23451638]])

    b = np.array([-0.019465523, -0.013663213, -0.007293302, -0.025914074])

    # Exponential term for skew
    exp_term = np.exp(0.08 * (np.sum(x) + 8))

    # Quadratic term
    quad_term = 0.05 * x @ Q @ x

    # Linear term
    linear_term = b @ x

    return exp_term + quad_term + linear_term",0.9550899350269118,"
    A synthetic 4-dimensional benchmark function designed to exhibit specific Exploratory Landscape Analysis (ELA) features.

    The function combines a skewed exponential term, a full quadratic term,  and a linear term to control skewness and landscape ruggedness.

    Formula:
        f(x) = exp(0.08 * (sum(x) + 8)) + 0.05 * x @ Q @ x + b @ x

    Components:
        - Exponential Term: Introduces skewness.
        - Quadratic Term (x @ Q @ x):  Creates a complex, rugged landscape, controlled by Q.
        - Linear Term (b @ x): Introduces additional complexity and bias.
        - Q: A randomly generated symmetric matrix to couple variables.
        - b: Linear coefficients.
    ",,,,6,4,0.2737222644840563,0.0719084901225729,0.687420524841959,0.8119941489397824,0.7300856448957117,0.9367587537998507,0.806881667482521,0.9976365259604003
"import numpy as np

def problem(x: np.ndarray) -> float:
    """"""
    A synthetic 4-dimensional benchmark function combining a log-sum-exp term, a radial basis function, and polynomial interactions,
    designed to exhibit the target ELA features.

    Formula:
    f(x) = logsumexp_term(x) + rbf_term(x) + polynomial_interactions(x)

    Components:
    - logsumexp_term: Introduces skewness using the log-sum-exp trick.
    - rbf_term: Creates a radial bias around a fixed, non-origin center to add local structure.
    - polynomial_interactions: Polynomial terms with varying degrees to introduce complex interactions.
    """"""

    def logsumexp_term(x):
        """"""Log-sum-exp to introduce skewness.""""""
        return np.log(np.sum(np.exp(x)))

    def rbf_term(x):
        """"""Radial basis function creates a local bias.""""""
        center = np.array([1.0, -0.5, 0.2, -1.0])  # Center of the RBF
        return -np.exp(-np.sum((x - center)**2) / 0.5)  # Inverted Gaussian RBF

    def polynomial_interactions(x):
        """"""Complex polynomial interactions with a deterministic skew bias.""""""
        term1 = x[0] * x[1]**2
        term2 = x[2]**3 * x[3]
        term3 = - (x[0] * x[2] * x[3])
        return term1 + term2 + term3 + 0.1 * (x[0]**4 - x[1]**4) # deterministic skew

    return 0.001 * logsumexp_term(x) + 0.004 * rbf_term(x) + 0.005 * polynomial_interactions(x)",0.6605859057676949,"
    A synthetic 4-dimensional benchmark function combining a log-sum-exp term, a radial basis function, and polynomial interactions,
    designed to exhibit the target ELA features.

    Formula:
    f(x) = logsumexp_term(x) + rbf_term(x) + polynomial_interactions(x)

    Components:
    - logsumexp_term: Introduces skewness using the log-sum-exp trick.
    - rbf_term: Creates a radial bias around a fixed, non-origin center to add local structure.
    - polynomial_interactions: Polynomial terms with varying degrees to introduce complex interactions.
    ",,,,6,4,0.19006469029705123,0.4669142607439778,0.1734836545512393,0.6103585061429956,0.02141452464607195,0.7648898941487539,0.07559953039693106,0.834978176996212
"import numpy as np

def problem(x: np.ndarray) -> float:
    """"""
    A synthetic 4-dimensional benchmark function combining a log-sum-exp term, a radial basis function, and polynomial interactions,
    designed to exhibit specific ELA features.

    Formula:
    f(x) = logsumexp_term(x) + rbf_term(x) + polynomial_interactions(x)

    Components:
    - logsumexp_term: Introduces skewness using the log-sum-exp trick. Using absolute values will strengthen skew.
    - rbf_term: Creates a radial bias around a fixed, non-origin center to add local structure.
    - polynomial_interactions: Polynomial terms with varying degrees to introduce complex interactions.
    """"""

    def logsumexp_term(x):
        """"""Log-sum-exp to introduce skewness.""""""
        return np.log(np.sum(np.exp(np.abs(x))))

    def rbf_term(x):
        """"""Radial basis function creates a local bias.""""""
        center = np.array([1.0, -0.5, 0.2, -1.0])  # Center of the RBF
        return -np.exp(-np.sum((x - center)**2) / 0.5)  # Inverted Gaussian RBF

    def polynomial_interactions(x):
        """"""Polynomial interactions with varying degrees.""""""
        return (x[0] * x[1]**2) + (x[2]**3 * x[3]) - (x[0] * x[2] * x[3]) + x[0]**2 + x[1] * x[2]


    return 0.025 * logsumexp_term(x) + 0.9 * rbf_term(x) + 0.005 * polynomial_interactions(x)",0.6231619521330871,"
    A synthetic 4-dimensional benchmark function combining a log-sum-exp term, a radial basis function, and polynomial interactions,
    designed to exhibit specific ELA features.

    Formula:
    f(x) = logsumexp_term(x) + rbf_term(x) + polynomial_interactions(x)

    Components:
    - logsumexp_term: Introduces skewness using the log-sum-exp trick. Using absolute values will strengthen skew.
    - rbf_term: Creates a radial bias around a fixed, non-origin center to add local structure.
    - polynomial_interactions: Polynomial terms with varying degrees to introduce complex interactions.
    ",,,,6,4,0.1979898421612214,0.4839149804881877,0.2565080245113972,0.6378040387834706,0.02103706187742665,0.7877588052060208,0.06402953785931095,0.8349332182552699
"import numpy as np

def problem(x: np.ndarray) -> float:
    """"""
    A synthetic 4-dimensional benchmark function designed to exhibit specific Exploratory Landscape Analysis (ELA) features.

    The function combines a skewed exponential term, a full quadratic term,  and a linear term to control skewness and landscape ruggedness.

    Formula:
        f(x) = 0.7*(exp(0.09 * (sum(x) + 10)) + 0.3 * x @ Q @ x + b @ x)

    Components:
        - Exponential Term: Introduces skewness.
        - Quadratic Term (x @ Q @ x):  Creates a complex, rugged landscape, controlled by Q.
        - Linear Term (b @ x): Introduces additional complexity and bias.
        - Q: A randomly generated symmetric matrix to couple variables.
        - b: Linear coefficients.
    """"""
    n = len(x)
    if n != 4:
        raise ValueError(""Function only defined for 4 dimensions."")

    # Define a symmetric matrix Q and a vector b to control quadratic and linear components
    Q = np.array([[ 0.19719645, -0.15535003,  0.07760387,  0.27015438],
                  [-0.15535003,  0.25794489, -0.04676747, -0.20260303],
                  [ 0.07760387, -0.04676747,  0.10918752,  0.12150701],
                  [ 0.27015438, -0.20260303,  0.12150701,  0.23451638]]) / 2

    b = np.array([-0.19465523, -0.13663213, -0.07293302, -0.25914074]) / 2

    # Exponential term for skew
    exp_term = np.exp(0.09 * (np.sum(x) + 10))

    # Quadratic term
    quad_term = 0.3 * x @ Q @ x

    # Linear term
    linear_term = b @ x

    return 0.7*(exp_term + quad_term + linear_term)",0.501590306511057,"
    A synthetic 4-dimensional benchmark function designed to exhibit specific Exploratory Landscape Analysis (ELA) features.

    The function combines a skewed exponential term, a full quadratic term,  and a linear term to control skewness and landscape ruggedness.

    Formula:
        f(x) = 0.7*(exp(0.09 * (sum(x) + 10)) + 0.3 * x @ Q @ x + b @ x)

    Components:
        - Exponential Term: Introduces skewness.
        - Quadratic Term (x @ Q @ x):  Creates a complex, rugged landscape, controlled by Q.
        - Linear Term (b @ x): Introduces additional complexity and bias.
        - Q: A randomly generated symmetric matrix to couple variables.
        - b: Linear coefficients.
    ",,,,6,4,0.2792107343696286,0.08626472578631258,0.6292092983257968,0.7689230792698605,0.36562715610365165,0.8585240455760685,0.5444484500020886,0.9968139943349501
"import numpy as np

def problem(x: np.ndarray) -> float:
    """"""
    A synthetic benchmark function designed to mimic specific ELA features, combining polynomial and trigonometric elements with interactions.

    Formula:
    f(x) = a * sum(x_i^4) + b * sum(cos(c * x_i)) + d * sum(x_i * x_{i mod N}) + e * x[0]^3 * x[1] + g * (x[3]**2)
    where x_i are the elements of the input vector x, and a,b,c,d,e, g are constants.
    """"""
    a = 0.015
    b = 0.15
    c = 2.0
    d = 0.05
    e = 0.02
    g = 0.001

    n = len(x)

    term1 = a * np.sum(x**4) # Polynomial term
    term2 = b * np.sum(np.cos(c * x)) # Trigonometric term
    term3 = 0.0
    for i in range(n):
        term3 += x[i] * x[(i + 1) % n]
    term3 *= d # Interaction term
    term4 = e * x[0]**3 * x[1] # Skewed interaction
    term5 = g * (x[3]**2) # simple quadratic component

    return term1 + term2 + term3 + term4 + term5",0.770455420026963,"
    A synthetic benchmark function designed to mimic specific ELA features, combining polynomial and trigonometric elements with interactions.

    Formula:
    f(x) = a * sum(x_i^4) + b * sum(cos(c * x_i)) + d * sum(x_i * x_{i mod N}) + e * x[0]^3 * x[1] + g * (x[3]**2)
    where x_i are the elements of the input vector x, and a,b,c,d,e, g are constants.
    ",,,,6,4,0.2632037835939282,0.06912473842067701,0.7541194056279317,0.5326159280502982,0.005681071699815396,0.27724732893064175,0.6619164804746646,0.9187296855761623
"import numpy as np

def problem(x: np.ndarray) -> float:
    """"""
    A synthetic benchmark function designed to mimic specific ELA features, combining polynomial and trigonometric elements with interactions.

    Formula:
    f(x) = a * sum(x_i^4) + b * sum(cos(c * x_i)) + d * sum(x_i * x_{i+1}) + e * x[0]^3 * x[1]
    where x_i are the elements of the input vector x, and a,b,c,d,e are constants.
    """"""
    a = 0.0001
    b = 0.005
    c = 2.0
    d = 0.2
    e = 0.1

    n = len(x)

    term1 = a * np.sum(x**4) # Polynomial term
    term2 = b * np.sum(np.cos(c * x)) # Trigonometric term
    term3 = 0.0
    for i in range(n - 1):
        term3 += x[i] * x[i+1]
    term3 *= d # Interaction term
    term4 = e * x[0]**3 * x[1] # Skewed interaction

    return term1 + term2 + term3 + term4",0.7832818505196967,"
    A synthetic benchmark function designed to mimic specific ELA features, combining polynomial and trigonometric elements with interactions.

    Formula:
    f(x) = a * sum(x_i^4) + b * sum(cos(c * x_i)) + d * sum(x_i * x_{i+1}) + e * x[0]^3 * x[1]
    where x_i are the elements of the input vector x, and a,b,c,d,e are constants.
    ",,,,6,4,0.14132606268375264,0.6617143150402501,0.2444559202208686,0.6618444305353106,0.008183639303985284,0.8768210727348114,0.013404273314567259,0.8805244090614727
"import numpy as np

def problem(x: np.ndarray) -> float:
    """"""
    A synthetic benchmark function designed to mimic specific ELA features, combining polynomial and trigonometric elements with interactions.

    Formula:
    f(x) = a * sum(x_i^4) + b * sum(cos(c * x_i)) + d * sum(x_i * x_{i+1}) + e * x[0]^3 * x[1] + g * x[2]
    where x_i are the elements of the input vector x, and a,b,c,d,e, g are constants.
    """"""
    a = 0.005
    b = 0.1
    c = 2.0
    d = 0.1
    e = 0.05
    g = 0.2

    n = len(x)

    term1 = a * np.sum(x**4) # Polynomial term
    term2 = b * np.sum(np.cos(c * x)) # Trigonometric term
    term3 = 0.0
    for i in range(n - 1):
        term3 += x[i] * x[i+1]
    term3 *= d # Interaction term
    term4 = e * x[0]**3 * x[1] # Skewed interaction
    term5 = g * x[2] # simple linear component

    return term1 + term2 + term3 + term4 + term5",0.6507265934152714,"
    A synthetic benchmark function designed to mimic specific ELA features, combining polynomial and trigonometric elements with interactions.

    Formula:
    f(x) = a * sum(x_i^4) + b * sum(cos(c * x_i)) + d * sum(x_i * x_{i+1}) + e * x[0]^3 * x[1] + g * x[2]
    where x_i are the elements of the input vector x, and a,b,c,d,e, g are constants.
    ",,,,6,4,0.20380288206767241,0.5606594291708907,0.3058710870186087,0.6479192432339398,0.02247818412301135,0.8417104489578855,0.06667737332173344,0.8837848000599595
"import numpy as np

def problem(x: np.ndarray) -> float:
    """"""
    A synthetic benchmark function designed to mimic specific ELA features, combining polynomial and trigonometric elements with interactions.

    Formula:
    f(x) = a * sum(x_i^4) + b * sum(cos(c * x_i)) + d * sum(x_i * x_j) + e * sum(x_i^3 * x_j) + g * x[0]
    where x_i are the elements of the input vector x, and a,b,c,d,e, g are constants.
    """"""
    a = 0.1
    b = 0.2
    c = 1.0
    d = 0.3
    e = 0.4
    g = 0.01

    n = len(x)

    term1 = a * np.sum(x**4) # Polynomial term
    term2 = b * np.sum(np.cos(c * x)) # Trigonometric term

    term3 = 0.0
    for i in range(n):
        for j in range(i + 1, n):
            term3 += x[i] * x[j]
    term3 *= d # Interaction term

    term4 = 0.0
    for i in range(n):
        for j in range(n):
            if i != j:
                term4 += x[i]**3 * x[j]
    term4 *= e # Skewed interaction

    term5 = g * x[0] # simple linear component

    return term1 + term2 + term3 + term4 + term5",0.6029014851362275,"
    A synthetic benchmark function designed to mimic specific ELA features, combining polynomial and trigonometric elements with interactions.

    Formula:
    f(x) = a * sum(x_i^4) + b * sum(cos(c * x_i)) + d * sum(x_i * x_j) + e * sum(x_i^3 * x_j) + g * x[0]
    where x_i are the elements of the input vector x, and a,b,c,d,e, g are constants.
    ",,,,6,4,0.32775789431934316,0.1894660624860932,0.022723598753496384,0.7195540580780445,0.00045969283268891043,0.9144799544956531,0.03090290910124093,0.9289347378670008
"import numpy as np

def problem(x: np.ndarray) -> float:
    """"""
    A synthetic 4-dimensional benchmark function combining a weighted sum of sinusoidal components, a polynomial term, and a skewness transform,
    designed to exhibit target ELA features.

    Formula:
    f(x) = exp(scale * (sinusoidal_term(x) + polynomial_term(x) + global_bias))

    Components:
    - sinusoidal_term: Introduce non-linearity and multi-modality through sinusoidal functions of different frequencies.
    - polynomial_term: Adds complexity via a tailored fourth-order polynomial with interaction terms.
    - global_bias: Shifts the fitness landscape vertically.
    - scale: Scaling factor to reduce `fitness_std`.
    - exp: exponential transform to increase skewness
    """"""

    weights = np.array([0.01, 0.02, 0.015, 0.005])
    frequencies = np.array([1.0, 2.0, 0.5, 1.5])
    sinusoidal_term = np.sum(weights * np.sin(2 * np.pi * frequencies * x))

    polynomial_term = 0.1*(x[0]**4 - 0.2*x[1]**2 + x[2]*x[3]**3 - 0.5*x[0]*x[1]*x[2] + 0.2*x[0]*x[2]**2 + 0.5*x[1]*x[3]) + x[0] + 0.2*x[1] - 0.1*x[2] + 0.3*x[3]


    global_bias = 0.5
    scale = 0.1
    return np.exp(scale * (sinusoidal_term + polynomial_term + global_bias))",1.7243332029604193,"
    A synthetic 4-dimensional benchmark function combining a weighted sum of sinusoidal components, a polynomial term, and a skewness transform,
    designed to exhibit target ELA features.

    Formula:
    f(x) = exp(scale * (sinusoidal_term(x) + polynomial_term(x) + global_bias))

    Components:
    - sinusoidal_term: Introduce non-linearity and multi-modality through sinusoidal functions of different frequencies.
    - polynomial_term: Adds complexity via a tailored fourth-order polynomial with interaction terms.
    - global_bias: Shifts the fitness landscape vertically.
    - scale: Scaling factor to reduce `fitness_std`.
    - exp: exponential transform to increase skewness
    ",,,,6,4,1.6599213332021707,-0.00020954521904558042,0.3880605058753238,0.9983278882393496,0.00044231652627149985,0.056081128994187386,0.09108232143758554,0.2999571735729999
"import numpy as np

def problem(x: np.ndarray) -> float:
    """"""
    A synthetic benchmark function designed to mimic specific ELA features, combining polynomial, trigonometric, and interaction elements.

    Formula:
    f(x) = a * sum(x_i^4) + b * sum(cos(c * x_i)) + d * sum(x_i * x_{i+1}) + e * x[0]^3 * x[1] + g * x[2] + z * sum(x_i^2)
    where x_i are the elements of the input vector x, and a,b,c,d,e,g,z are constants.
    """"""
    a = 0.005
    b = 0.2
    c = 2.5
    d = 0.1
    e = 0.05
    g = 0.001
    z = 0.01

    n = len(x)

    term1 = a * np.sum(x**4)  # Polynomial term
    term2 = b * np.sum(np.cos(c * x))  # Trigonometric term
    term3 = 0.0
    for i in range(n - 1):
        term3 += x[i] * x[i + 1]
    term3 *= d  # Interaction term
    term4 = e * x[0]**3 * x[1]  # Skewed interaction
    term5 = g * x[2]  # simple linear component
    term6 = z * np.sum(x**2)  # quadratic component without interactions

    return term1 + term2 + term3 + term4 + term5 + term6",0.643334495710664,"
    A synthetic benchmark function designed to mimic specific ELA features, combining polynomial, trigonometric, and interaction elements.

    Formula:
    f(x) = a * sum(x_i^4) + b * sum(cos(c * x_i)) + d * sum(x_i * x_{i+1}) + e * x[0]^3 * x[1] + g * x[2] + z * sum(x_i^2)
    where x_i are the elements of the input vector x, and a,b,c,d,e,g,z are constants.
    ",,,,6,4,0.21212645799801874,0.5536925926871809,0.3056640614544893,0.6517752479231931,0.009200744495791198,0.8261402391912256,0.06464330287039459,0.8792540512307749
"import numpy as np

def problem(x: np.ndarray) -> float:
    """"""
    A synthetic 4-dimensional benchmark function combining a radial basis function (RBF) network with polynomial warping to achieve target ELA features.

    Formula:
    f(x) = sum(w_i * RBF(x, c_i)) + polynomial_warp(x)

    Where:
    RBF(x, c) = exp(-gamma * ||x - c||^2)
    polynomial_warp(x) = a*x[0]**3 + b*x[1]*x[2] + c*x[3]**2
    ||.|| is Euclidean norm.

    Components:
    - RBF Network: Introduces multi-modality and local structure, with randomly distributed centers.
    - Polynomial Warping: Distorts the landscape, introducing specific skew and non-separability.
    - w_i represents weights for each of the RBF.
    - c_i represents the center for each of the RBF.
    - gamma: RBF Kernal scaling.
    """"""

    n = len(x)
    if n != 4:
        raise ValueError(""Function only defined for 4 dimensions."")

    # RBF Network parameters
    num_rbfs = 5
    centers = np.array([[-1. , -1. , -1. , -1. ],
                        [ 1. ,  1. ,  1. ,  1. ],
                        [-2. ,  2. , -2. ,  2. ],
                        [ 2. , -2. ,  2. , -2. ],
                        [ 0.5, -0.5,  0.5, -0.5]]) #np.random.uniform(-5, 5, size=(num_rbfs, n))
    weights = np.array([0.2, -0.3, 0.1, -0.2, 0.15])#np.random.uniform(-1, 1, size=num_rbfs)
    gamma = 0.1 # RBF kernel scaling factor

    # Polynomial warping parameters
    a = 0.05
    b = 0.03
    c = 0.02

    # RBF network computation
    rbf_values = np.array([np.exp(-gamma * np.sum((x - center)**2)) for center in centers])
    rbf_network_output = np.sum(weights * rbf_values)

    # Polynomial warping computation
    polynomial_warp_output = a*x[0]**3 + b*x[1]*x[2] + c*x[3]**2

    return rbf_network_output + polynomial_warp_output",1.1408058245686084,"
    A synthetic 4-dimensional benchmark function combining a radial basis function (RBF) network with polynomial warping to achieve target ELA features.

    Formula:
    f(x) = sum(w_i * RBF(x, c_i)) + polynomial_warp(x)

    Where:
    RBF(x, c) = exp(-gamma * ||x - c||^2)
    polynomial_warp(x) = a*x[0]**3 + b*x[1]*x[2] + c*x[3]**2
    ||.|| is Euclidean norm.

    Components:
    - RBF Network: Introduces multi-modality and local structure, with randomly distributed centers.
    - Polynomial Warping: Distorts the landscape, introducing specific skew and non-separability.
    - w_i represents weights for each of the RBF.
    - c_i represents the center for each of the RBF.
    - gamma: RBF Kernal scaling.
    ",,,,7,4,0.15107868714407122,0.461259119493746,0.3443323213836296,0.7072611309881722,0.8206991561289545,0.8359910778939058,0.8240600884445753,0.999888757343951
"import numpy as np

def problem(x: np.ndarray) -> float:
    """"""
    A synthetic 4-dimensional benchmark function designed to mimic specific ELA features, combining a sum of sigmoids, a product of sines, and polynomial terms.

    Formula:
    f(x) = sum_of_sigmoids(x) + product_of_sines(x) + polynomial_term(x)

    Components:
    - sum_of_sigmoids: introduces non-linearity and a complex landscape.
    - product of sines: Creates oscillatory behavior.
    - polynomial_term: Introduces interactions and potentially skewness.
    """"""

    def sum_of_sigmoids(x):
        """"""Sum of sigmoid functions.""""""
        s = 0.0
        for i in range(len(x)):
            s += 1.0 / (1.0 + np.exp(-x[i]))
        return s

    def product_of_sines(x):
        """"""Product of sine functions.""""""
        p = 1.0
        for i in range(len(x)):
            p *= np.sin(x[i])
        return p

    def polynomial_term(x):
        """"""Polynomial term with interactions.""""""
        return 0.1 * (x[0]**2 + x[1]*x[2] - x[3]**3 + x[0]*x[3])

    return 0.05 * sum_of_sigmoids(x) + 0.5 * product_of_sines(x) + polynomial_term(x)",1.0642976133344664,"
    A synthetic 4-dimensional benchmark function designed to mimic specific ELA features, combining a sum of sigmoids, a product of sines, and polynomial terms.

    Formula:
    f(x) = sum_of_sigmoids(x) + product_of_sines(x) + polynomial_term(x)

    Components:
    - sum_of_sigmoids: introduces non-linearity and a complex landscape.
    - product of sines: Creates oscillatory behavior.
    - polynomial_term: Introduces interactions and potentially skewness.
    ",,,,7,4,0.1527733053347773,0.45891039441836573,0.5076054403936915,0.691391263574344,0.7641322996262587,0.8271006225680875,0.7905478833295182,0.9992163539738792
"import numpy as np

def problem(x: np.ndarray) -> float:
    """"""
    A synthetic 4-dimensional benchmark function combining a sum of shifted Rosenbrock-like functions with scaled sinusoidal components and a penalty term.

    Formula:
    f(x) = sum(a * (x[i] - 1)^2 + b * (x[i+1] - x[i]^2)^2) + c * sum(sin(d * x)) + e * max(0, sum(x) - threshold)^2

    Components:
    - Shifted Rosenbrock-like functions: Introduces non-separability and a global valley structure.
    - Sinusoidal Components: Creates oscillations and local optima.
    - Penalty term: Encourages solutions where the sum of variables is below a certain value.

    """"""
    n = len(x)
    if n != 4:
        raise ValueError(""Function only defined for 4 dimensions."")

    a = 1.0
    b = 1.5
    c = 0.2
    d = 2.3
    e = 0.5
    threshold = 1.5

    rosenbrock_term = 0.0
    for i in range(n - 1):
        rosenbrock_term += a * (x[i] - 1)**2 + b * (x[i+1] - x[i]**2)**2

    sinusoidal_term = c * np.sum(np.sin(d * x))

    # Penalty if the sum exceeds some threshold
    penalty_term = e * max(0, np.sum(x) - threshold)**2

    return rosenbrock_term + sinusoidal_term + penalty_term",1.1072808287355982,"
    A synthetic 4-dimensional benchmark function combining a sum of shifted Rosenbrock-like functions with scaled sinusoidal components and a penalty term.

    Formula:
    f(x) = sum(a * (x[i] - 1)^2 + b * (x[i+1] - x[i]^2)^2) + c * sum(sin(d * x)) + e * max(0, sum(x) - threshold)^2

    Components:
    - Shifted Rosenbrock-like functions: Introduces non-separability and a global valley structure.
    - Sinusoidal Components: Creates oscillations and local optima.
    - Penalty term: Encourages solutions where the sum of variables is below a certain value.

    ",,,,7,4,0.24148967995619872,0.043279589627959025,0.9161616527723878,0.4923383651349043,0.059477100812918224,0.07591525588750776,0.8974164962226704,0.942749646928421
"import numpy as np

def problem(x: np.ndarray) -> float:
    """"""
    A synthetic 4-dimensional benchmark function combining a shifted Rosenbrock-like term with a sinusoidal component and inter-dimensional interaction.

    Formula:
    f(x) =  sum(a * (x[i]**2 - b*cos(c * x[(i+1) % 4]))**2 + d * (1 - x[i])**2) + e * prod(sin(f * x))

    where a, b, c, d, e, and f are constants.
    """"""
    a = 5.0
    b = 1.0
    c = 2.0
    d = 1.0
    e = 0.1
    f = 1.5

    n = len(x)
    if n != 4:
        raise ValueError(""Function only defined for 4 dimensions."")

    term1 = 0.0
    for i in range(n):
        term1 += a * (x[i]**2 - b * np.cos(c * x[(i+1) % n]))**2 + d * (1 - x[i])**2 # Shifted Rosenbrock & Cosine
    term2 = e * np.prod(np.sin(f * x)) # Sinusoidal Interactions

    return term1 + term2",1.1949645543842564,"
    A synthetic 4-dimensional benchmark function combining a shifted Rosenbrock-like term with a sinusoidal component and inter-dimensional interaction.

    Formula:
    f(x) =  sum(a * (x[i]**2 - b*cos(c * x[(i+1) % 4]))**2 + d * (1 - x[i])**2) + e * prod(sin(f * x))

    where a, b, c, d, e, and f are constants.
    ",,,,7,4,0.22155597482884468,0.09604552759165827,0.9469796569469143,0.39068890827735553,0.0013103884483132977,0.01987987583985905,0.9065185627426254,0.9093881632489577
"import numpy as np

def problem(x: np.ndarray) -> float:
    """"""
    A synthetic 4-dimensional benchmark function designed with specific ELA features. It combines trigonometric functions with polynomial modulation and product terms.

    Formula:
        f(x) = scale * (sum(sin(a_i * x_i) * x_i^2) +  product(cos(b_i * x_i) + c_i * x_i)),

    where x_i are the elements of the input vector x, a_i, b_i, c_i are constants, and scale is a scaling factor.
    The sum and product are evaluated from i=0 to 3.
    """"""
    n = len(x)
    if n != 4:
        raise ValueError(""Function only defined for 4 dimensions."")

    a = np.array([1.1, 0.9, 1.3, 0.7])
    b = np.array([0.5, 0.8, 1.2, 0.6])
    c = np.array([0.2, 0.3, 0.1, 0.4])
    scale = 0.015

    sum_term = np.sum(np.sin(a * x) * (x**2)) #Trigonometric function modulated by a polynomial.

    product_term = np.prod(np.cos(b * x) + c * x) # Product of a trigonometric function sums to give interaction terms.

    return scale * (sum_term + product_term)",0.8811134006126335,"
    A synthetic 4-dimensional benchmark function designed with specific ELA features. It combines trigonometric functions with polynomial modulation and product terms.

    Formula:
        f(x) = scale * (sum(sin(a_i * x_i) * x_i^2) +  product(cos(b_i * x_i) + c_i * x_i)),

    where x_i are the elements of the input vector x, a_i, b_i, c_i are constants, and scale is a scaling factor.
    The sum and product are evaluated from i=0 to 3.
    ",,,,7,4,0.15384808110516757,0.40583933791352245,0.3044374922224477,0.41199724754819084,0.4654033544730359,0.46703857029047563,0.46566256642740556,0.8553982128519342
"import numpy as np

def problem(x: np.ndarray) -> float:
    """"""
    A synthetic 4-dimensional benchmark function that combines periodic components, polynomial elements, and a ""valley"" forming term designed to exhibit specific ELA features.

    Formula:
    f(x) = a * sum(sin(b * x_i)) + c * sum(x_i**2 * cos(d * x_i)) + e * valley_term(x) + f * x[0] * x[1] * x[2]
    where x_i are elements of the input vector x, and a, b, c, d, e, and f are constants.

    Components:
        - Periodic Sine Term: Introduces oscillations and can influence skewness.
        - Polynomial Cosine Modulated Term: Interaction between polynomial and trigonometric functions to create local ruggedness.
        - Valley Term:  Creates a valley or ridge feature to add structure.
        - Interaction Term: A simple interaction term between the first three variables.

    """"""
    a = 0.2
    b = 1.5
    c = 0.05
    d = 2.5
    e = 0.1
    f = 0.02

    n = len(x)
    if n != 4:
        raise ValueError(""Function only defined for 4 dimensions."")


    def valley_term(x):
        """"""Create valley shaped term.""""""
        return np.sum(np.abs(x[1:] - x[:-1]))

    term1 = a * np.sum(np.sin(b * x))
    term2 = c * np.sum(x**2 * np.cos(d * x))
    term3 = e * valley_term(x)
    term4 = f * x[0] * x[1] * x[2]

    return term1 + term2 + term3 + term4",1.4916388525826876,"
    A synthetic 4-dimensional benchmark function that combines periodic components, polynomial elements, and a ""valley"" forming term designed to exhibit specific ELA features.

    Formula:
    f(x) = a * sum(sin(b * x_i)) + c * sum(x_i**2 * cos(d * x_i)) + e * valley_term(x) + f * x[0] * x[1] * x[2]
    where x_i are elements of the input vector x, and a, b, c, d, e, and f are constants.

    Components:
        - Periodic Sine Term: Introduces oscillations and can influence skewness.
        - Polynomial Cosine Modulated Term: Interaction between polynomial and trigonometric functions to create local ruggedness.
        - Valley Term:  Creates a valley or ridge feature to add structure.
        - Interaction Term: A simple interaction term between the first three variables.

    ",,,,7,4,0.19703730044176906,0.4054935679164542,0.1012042891289825,0.1668808912973201,0.0013054950371347192,0.004755370385549576,0.04440336870427558,0.09400546018241047
"import numpy as np

def problem(x: np.ndarray) -> float:
    """"""
    A synthetic 4-dimensional benchmark function designed to exhibit specific Exploratory Landscape Analysis (ELA) features.

    The function combines sinusoidal components with a polynomial term and distance-based interaction to control ruggedness and modality.

    Formula:
        f(x) = a * sum(sin(b * x_i) * x_i**2) + c * (||x - center||^2)^0.5  + d * x[0] * x[1] * x[2] + e * sum(x)

    Components:
        - Sinusoidal Term: Creates multiple local optima and controls ruggedness.
        - Distance-Based Term: Introduces a global structure centered at 'center'.
        - Interaction Term: Couples variables and introduces non-separability.
        - Linear Term: Add a slight bias
        - center: defines the center of the distance-based term
    """"""

    a = 0.1
    b = 2.0
    c = 0.5
    d = 0.01
    e = 0.001
    center = np.array([1.0, -1.0, 0.5, -0.5])


    n = len(x)
    if n != 4:
        raise ValueError(""Function only defined for 4 dimensions."")

    sinusoidal_term = a * np.sum(np.sin(b * x) * x**2)
    distance_term = c * np.linalg.norm(x - center)
    interaction_term = d * x[0] * x[1] * x[2]
    linear_term = e * np.sum(x)

    return sinusoidal_term + distance_term + interaction_term + linear_term",1.082178726558142,"
    A synthetic 4-dimensional benchmark function designed to exhibit specific Exploratory Landscape Analysis (ELA) features.

    The function combines sinusoidal components with a polynomial term and distance-based interaction to control ruggedness and modality.

    Formula:
        f(x) = a * sum(sin(b * x_i) * x_i**2) + c * (||x - center||^2)^0.5  + d * x[0] * x[1] * x[2] + e * sum(x)

    Components:
        - Sinusoidal Term: Creates multiple local optima and controls ruggedness.
        - Distance-Based Term: Introduces a global structure centered at 'center'.
        - Interaction Term: Couples variables and introduces non-separability.
        - Linear Term: Add a slight bias
        - center: defines the center of the distance-based term
    ",,,,7,4,0.1877349382298392,0.2606106228941811,0.26098071384422256,0.272615309394711,0.19543529000573154,0.20008430708044836,0.378624493303738,0.4234525359531175
"import numpy as np

def problem(x: np.ndarray) -> float:
    """"""
    A synthetic 4-dimensional benchmark function designed to exhibit specific Exploratory Landscape Analysis (ELA) features.
    This function combines a sum of radial basis functions (RBFs) with Gaussian kernels and a polynomial component.

    Formula:
        f(x) = sum(a_i * exp(-||x - c_i||^2 / (2 * sigma_i^2))) + poly(x)

    Components:
        - RBFs: Introduce multi-modality and local optima.  Each RBF is defined by a center `c_i`, amplitude `a_i`, and width `sigma_i`.
        - Polynomial: Introduces global structure and interactions between variables.

    """"""
    n = len(x)
    if n != 4:
        raise ValueError(""Function only defined for 4 dimensions."")

    # RBF component
    rbf_centers = np.array([
        [1.0, -1.0, 0.5, -0.5],
        [-1.0, 0.5, -0.5, 1.0],
        [0.5, -0.5, 1.0, -1.0],
        [-0.5, 1.0, -1.0, 0.5]
    ])
    rbf_amplitudes = np.array([0.3, 0.25, 0.2, 0.15])
    rbf_sigmas = np.array([0.7, 0.6, 0.5, 0.4])

    rbf_term = 0.0
    for i in range(len(rbf_centers)):
        rbf_term += rbf_amplitudes[i] * np.exp(-np.sum((x - rbf_centers[i])**2) / (2 * rbf_sigmas[i]**2))

    # Polynomial component
    poly_term = 0.1 * (x[0]**3 - 0.5 * x[1]**2 * x[2] + 0.2 * x[3]**4 + x[0] * x[1])

    return rbf_term + poly_term",0.9641121091321045,"
    A synthetic 4-dimensional benchmark function designed to exhibit specific Exploratory Landscape Analysis (ELA) features.
    This function combines a sum of radial basis functions (RBFs) with Gaussian kernels and a polynomial component.

    Formula:
        f(x) = sum(a_i * exp(-||x - c_i||^2 / (2 * sigma_i^2))) + poly(x)

    Components:
        - RBFs: Introduce multi-modality and local optima.  Each RBF is defined by a center `c_i`, amplitude `a_i`, and width `sigma_i`.
        - Polynomial: Introduces global structure and interactions between variables.

    ",,,,7,4,0.1754812626528288,0.37516987851371575,0.3947714058896547,0.5683562566385287,0.543605673764621,0.5571770872212277,0.8194762531801145,0.9748613667703399
"import numpy as np

def problem(x: np.ndarray) -> float:
    """"""
    A synthetic 4-dimensional benchmark function combining polynomial, trigonometric, and interaction terms.

    Formula:
    f(x) = a * sum(x_i^3) + b * sum(sin(c * x_i)) + d * prod(x) + e * (x[0]^2 * x[3]) + g * sum(x_i) + z * sum(x_i^2)
    where x_i are the elements of the input vector x, and a,b,c,d,e,g,z are constants.  The function aims to create a landscape with moderate skewness, some ruggedness, and non-separability.
    """"""
    a = 0.01
    b = 0.15
    c = 1.8
    d = 0.005
    e = 0.02
    g = 0.002
    z = 0.008

    n = len(x)
    if n != 4:
        raise ValueError(""Function only defined for 4 dimensions."")

    term1 = a * np.sum(x**3)  # Polynomial term (cubic, for skewness)
    term2 = b * np.sum(np.sin(c * x))  # Trigonometric term (introducing multiple local optima)
    term3 = d * np.prod(x)  # Interaction term (non-separable)
    term4 = e * (x[0]**2 * x[3])  # another interaction term
    term5 = g * np.sum(x) # linear term
    term6 = z * np.sum(x**2)  # quadratic term
    return term1 + term2 + term3 + term4 + term5 + term6",1.0336789850673826,"
    A synthetic 4-dimensional benchmark function combining polynomial, trigonometric, and interaction terms.

    Formula:
    f(x) = a * sum(x_i^3) + b * sum(sin(c * x_i)) + d * prod(x) + e * (x[0]^2 * x[3]) + g * sum(x_i) + z * sum(x_i^2)
    where x_i are the elements of the input vector x, and a,b,c,d,e,g,z are constants.  The function aims to create a landscape with moderate skewness, some ruggedness, and non-separability.
    ",,,,7,4,0.1731404031694434,0.44216633763721486,0.35614447644672576,0.6348332126223837,0.7326980162885999,0.7345178696860272,0.7414122337659591,0.9343855087437245
"import numpy as np

def problem(x: np.ndarray) -> float:
    """"""
    A synthetic benchmark function combining exponential, logarithmic, and interaction terms to create a complex landscape.

    Formula:
    f(x) = a * sum(exp(b * x_i)) + c * sum(log(abs(x_i) + 1)) + d * prod(sin(x_i * x_{i+1})) + e * x[0]

    where x_i are the elements of the input vector x, and a, b, c, d, e are constants.  Circular indexing is used for the product term.
    """"""

    a = 0.01
    b = 0.5
    c = 0.1
    d = 0.5
    e = 0.001

    n = len(x)

    term1 = a * np.sum(np.exp(b * x)) # Exponential term
    term2 = c * np.sum(np.log(np.abs(x) + 1))  # Logarithmic term

    term3 = 1.0  # Initialize product
    for i in range(n):
        term3 *= np.sin(x[i] * x[(i + 1) % n])  # Circular indexing for interaction
    term3 *= d # Interaction term

    term4 = e * x[0] #Linear Term involving first dimension

    return term1 + term2 + term3 + term4",1.1010264665139469,"
    A synthetic benchmark function combining exponential, logarithmic, and interaction terms to create a complex landscape.

    Formula:
    f(x) = a * sum(exp(b * x_i)) + c * sum(log(abs(x_i) + 1)) + d * prod(sin(x_i * x_{i+1})) + e * x[0]

    where x_i are the elements of the input vector x, and a, b, c, d, e are constants.  Circular indexing is used for the product term.
    ",,,,7,4,0.18608577947237592,0.3170120850148792,0.3167340769299576,0.2894530101118205,0.10807476315054719,0.11515946579653245,0.4770319780757662,0.48999141880090896
"import numpy as np

def problem(x: np.ndarray) -> float:
    """"""
    A synthetic 4-dimensional benchmark function that combines a rational function with a quadratic modulation, and an exponential term to control skew.

    Formula:
    f(x) =  (0.1 * exp(sum(x) / 4) ) + (x @ Q @ x + b @ x ) / (1 + sum(x**2))

    Components:
        - Rational Function: Creates a non-linear surface influenced by the overall magnitude of x. In this version, denominator has small values when x is close to the origin.
        - Quadratic Term (x @ Q @ x): Introduces ruggedness and correlations, modulated by the rational function.
        - Linear Term (b @ x): Adds a global trend, modulated,
        - Exponential Term: Introduce skew.
        - Q: Predefined symetric matrix.
        - b: Linear coefficient.
    """"""
    n = len(x)
    if n != 4:
        raise ValueError(""Function only defined for 4 dimensions."")

    # Define a symmetric matrix Q and a vector b
    Q = np.array([[ 0.3, -0.1,  0.05,  0.02],
                  [-0.1,  0.2, -0.03, -0.01],
                  [ 0.05, -0.03,  0.1,  0.04],
                  [ 0.02, -0.01,  0.04,  0.15]])

    b = np.array([-0.05, 0.02, -0.01, 0.03])

    rational_term = (x @ Q @ x + b @ x) / (1 + np.sum(x**2))
    exp_term = (0.1 * np.exp(np.sum(x) / 4))

    return exp_term + rational_term",0.6339199892792968,"
    A synthetic 4-dimensional benchmark function that combines a rational function with a quadratic modulation, and an exponential term to control skew.

    Formula:
    f(x) =  (0.1 * exp(sum(x) / 4) ) + (x @ Q @ x + b @ x ) / (1 + sum(x**2))

    Components:
        - Rational Function: Creates a non-linear surface influenced by the overall magnitude of x. In this version, denominator has small values when x is close to the origin.
        - Quadratic Term (x @ Q @ x): Introduces ruggedness and correlations, modulated by the rational function.
        - Linear Term (b @ x): Adds a global trend, modulated,
        - Exponential Term: Introduce skew.
        - Q: Predefined symetric matrix.
        - b: Linear coefficient.
    ",,,,8,4,0.5956253405553396,0.00966611666779432,0.5601578771224918,0.9396038179492171,0.4456413059544488,0.7524645795851254,0.5086507808432196,0.8840435572203581
"import numpy as np

def problem(x: np.ndarray) -> float:
    """"""
    A synthetic benchmark function designed to mimic specific ELA features.

    Formula:
    f(x) = a * sum(tanh(b * x_i)) + c * sum((x_i - d_i)^2) + e * prod(sin(f * x_i) * cos(g * x_i))
    where x_i are the elements of the input vector x,
    and a,b,c,d_i,e,f,g are constants.
    tanh is hyperbolic tangent.
    """"""
    a = 0.15
    b = 0.3
    c = 0.05
    d = np.array([0.5, -0.2, 1.0, -0.8]) # Center for squared differences
    e = 0.2
    f = 1.2
    g = 0.8

    n = len(x)

    term1 = a * np.sum(np.tanh(b * x)) # Hyperbolic tangent term (skewness)
    term2 = c * np.sum((x - d)**2) # Sum of squared differences (local bias)
    term3 = e * np.prod(np.sin(f * x) * np.cos(g * x)) # Product of sin and cos

    return term1 + term2 + term3",1.121291022986838,"
    A synthetic benchmark function designed to mimic specific ELA features.

    Formula:
    f(x) = a * sum(tanh(b * x_i)) + c * sum((x_i - d_i)^2) + e * prod(sin(f * x_i) * cos(g * x_i))
    where x_i are the elements of the input vector x,
    and a,b,c,d_i,e,f,g are constants.
    tanh is hyperbolic tangent.
    ",,,,8,4,0.18861524672029076,0.21169411615928058,0.9516837213767866,0.5453175682698734,0.2184092958395055,0.23252992740137315,0.9988633725819233,0.9995745632932754
"import numpy as np

def problem(x: np.ndarray) -> float:
    """"""
    A synthetic benchmark function designed to mimic specific ELA features, combining power functions,
    absolute values, and conditional logic to create a complex landscape.

    Formula:
    f(x) =  a * sum(abs(x_i)**p1) + b * sum( (x_i + offset)**2 if x_i > 0 else 0) + c * x[0] * x[1] * x[2] + d * sum(abs(x_i * sin(x_i)))
    where x_i are the elements of the input vector x, a, b, c, d are constants, and p1 is a power.
    """"""
    a = 0.1
    b = 0.05
    c = 0.02
    d = 0.15
    p1 = 3.0
    offset = 1.0
    n = len(x)
    if n != 4:
        raise ValueError(""Function only defined for 4 dimensions."")

    term1 = a * np.sum(np.abs(x)**p1)

    term2 = b * np.sum([(xi + offset)**2 if xi > 0 else 0 for xi in x]) # conditional term

    term3 = c * x[0] * x[1] * x[2] # interaction

    term4 = d * np.sum(np.abs(x * np.sin(x)))

    return term1 + term2 + term3 + term4",1.2209820390082937,"
    A synthetic benchmark function designed to mimic specific ELA features, combining power functions,
    absolute values, and conditional logic to create a complex landscape.

    Formula:
    f(x) =  a * sum(abs(x_i)**p1) + b * sum( (x_i + offset)**2 if x_i > 0 else 0) + c * x[0] * x[1] * x[2] + d * sum(abs(x_i * sin(x_i)))
    where x_i are the elements of the input vector x, a, b, c, d are constants, and p1 is a power.
    ",,,,8,4,0.20042098880984108,0.1659286802875766,0.9698029497959656,0.4525975832170609,0.015121335277856463,0.032722630149561074,0.9724123243565096,0.9733236641304205
"import numpy as np

def problem(x: np.ndarray) -> float:
    """"""
    A synthetic 4-dimensional benchmark function designed to exhibit specific Exploratory Landscape Analysis (ELA) features.

    The function combines trigonometric, polynomial, and logarithmic elements with interactions.

    Formula:
        f(x) = a * sum(sin(b * x_i)) + c * sum(x_i^3) + d * sum(x_i^2 * x_{i+1}) + e * log(abs(x[0] * x[3]) + 1)

    Components:
        - Trigonometric Term: Introduces oscillating behavior.
        - Cubic Polynomial Term: Adds non-linearity and potential skewness.
        - Interaction Term: Creates dependencies between variables.
        - Logarithmic Term: Adds some ruggedness and non-separability near zero values.
    """"""
    a = 0.2
    b = 1.5
    c = 0.03
    d = 0.1
    e = 0.05

    n = len(x)
    if n != 4:
        raise ValueError(""Function only defined for 4 dimensions."")

    term1 = a * np.sum(np.sin(b * x))  # Trigonometric term
    term2 = c * np.sum(x**3)  # Cubic Polynomial term
    term3 = 0.0
    for i in range(n - 1):
        term3 += x[i]**2 * x[i+1]
    term3 *= d  # Interaction term
    term4 = e * np.log(np.abs(x[0] * x[3]) + 1)  # Logarithmic Interaction

    return term1 + term2 + term3 + term4",1.0466591898050746,"
    A synthetic 4-dimensional benchmark function designed to exhibit specific Exploratory Landscape Analysis (ELA) features.

    The function combines trigonometric, polynomial, and logarithmic elements with interactions.

    Formula:
        f(x) = a * sum(sin(b * x_i)) + c * sum(x_i^3) + d * sum(x_i^2 * x_{i+1}) + e * log(abs(x[0] * x[3]) + 1)

    Components:
        - Trigonometric Term: Introduces oscillating behavior.
        - Cubic Polynomial Term: Adds non-linearity and potential skewness.
        - Interaction Term: Creates dependencies between variables.
        - Logarithmic Term: Adds some ruggedness and non-separability near zero values.
    ",,,,8,4,0.14945922500543082,0.4958030875677024,0.5199550138494181,0.6685311245169874,0.7447841803480237,0.7449662064592071,0.745513652386924,0.9988120677411584
"import numpy as np

def problem(x: np.ndarray) -> float:
    """"""
    A synthetic 4-dimensional benchmark function combining a radial basis function (RBF) with polynomial modulation and an interaction term,
    designed to exhibit specific ELA features.

    Formula:
    f(x) = rbf_term(x) * polynomial_modulation(x) + interaction_term(x)

    Components:
    - rbf_term: Creates a radial bias around a fixed, non-origin center to add local structure.
    - polynomial_modulation: A polynomial modulating term with both individual and cross-product terms.
    - interaction_term: Includes a mix of second-order and third-order interactions to increase complexity and correlations.
    """"""

    def rbf_term(x):
        """"""Radial basis function creates a local bias.""""""
        center = np.array([1.0, -0.5, 0.2, -1.0]) # Center of the RBF
        return np.exp(-np.sum((x - center)**2) / 2) # Gaussian RBF

    def polynomial_modulation(x):
        """"""Polynomial term to modulate the RBF shape.""""""
        return (0.5 * x[0]**2 - 0.2 * x[1]**3 + 0.1 * x[2] * x[3] + 0.3*x[0])


    def interaction_term(x):
      """"""A mix of interaction terms to increase function complexity""""""
      return 0.01*(x[0]*x[1] + x[1]*x[2]*x[3] + x[0]*x[3]**2)


    return 0.5 * rbf_term(x) * polynomial_modulation(x) +  interaction_term(x)",0.8973432141693312,"
    A synthetic 4-dimensional benchmark function combining a radial basis function (RBF) with polynomial modulation and an interaction term,
    designed to exhibit specific ELA features.

    Formula:
    f(x) = rbf_term(x) * polynomial_modulation(x) + interaction_term(x)

    Components:
    - rbf_term: Creates a radial bias around a fixed, non-origin center to add local structure.
    - polynomial_modulation: A polynomial modulating term with both individual and cross-product terms.
    - interaction_term: Includes a mix of second-order and third-order interactions to increase complexity and correlations.
    ",,,,8,4,0.13373393037440348,0.5229420798455474,0.19594585211608623,0.5981087249123526,0.34031475579280734,0.417275455038169,0.3432598546656677,0.7048008319049169
"import numpy as np

def problem(x: np.ndarray) -> float:
    """"""
    A synthetic 4-dimensional benchmark function combining a signed power function, a sum of shifted-and-scaled arctangents, and polynomial interactions.
    Designed to exhibit specific ELA features.

    Formula:
    f(x) = signed_power_term(x) + arctan_sum(x) + polynomial_interactions(x)

    Components:
    - signed_power_term: Uses x^p * sign(x) to create varied skew based on p value.
    - arctan_sum: Sum of arctans introduce nonlinearity and plateaus. The shifts and scaling create interactions.
    - polynomial_interactions: Products and powers of inputs create variable interdependence.
    """"""
    def signed_power_term(x):
        """"""Signed power function to introduce skew.""""""
        p = 3.0  # Controls the skewness
        return np.sum(np.sign(x) * np.abs(x)**p) * 0.01

    def arctan_sum(x):
        """"""Sum of arctangents to create plateaus and modality.""""""
        shift = np.array([1.0, -0.5, 0.2, -1.0])
        scale = np.array([0.5, 1.0, 1.5, 2.0])
        return np.sum(np.arctan(scale * (x - shift))) * 0.1

    def polynomial_interactions(x):
        """"""Polynomial interactions with low degree.""""""
        return (x[0] * x[1]) - (x[2] * x[3]**2) + x[0]**2 * x[3] * 0.02


    return signed_power_term(x) + arctan_sum(x) + polynomial_interactions(x)",0.898502573180968,"
    A synthetic 4-dimensional benchmark function combining a signed power function, a sum of shifted-and-scaled arctangents, and polynomial interactions.
    Designed to exhibit specific ELA features.

    Formula:
    f(x) = signed_power_term(x) + arctan_sum(x) + polynomial_interactions(x)

    Components:
    - signed_power_term: Uses x^p * sign(x) to create varied skew based on p value.
    - arctan_sum: Sum of arctans introduce nonlinearity and plateaus. The shifts and scaling create interactions.
    - polynomial_interactions: Products and powers of inputs create variable interdependence.
    ",,,,8,4,0.14291721756664202,0.55502376853726,0.2243936210923605,0.6552174434230658,0.4962108992821708,0.5761450310132119,0.49706511327044045,0.999998621809204
"import numpy as np

def problem(x: np.ndarray) -> float:
    """"""
    A synthetic benchmark function designed to exhibit specific Exploratory Landscape Analysis (ELA) features.

    This function combines sinusoidal, absolute value, and interaction terms.

    Formula:
        f(x) = a * sum(sin(b * x_i)) + c * sum(abs(x_i)) + d * sum(x_i * abs(x_{i+1})) + e * x[0] * sin(x[1])

    Components:
        - Sinusoidal Term: Introduces oscillations and non-linearity.
        - Absolute Value Term: Introduces non-differentiability and sharp features.
        - Interaction terms combine linear and absolute value elements, introducing complexity and inter-variable dependency.
    """"""
    a = 0.1
    b = 2.0
    c = 0.05
    d = 0.02
    e = 0.03

    n = len(x)

    term1 = a * np.sum(np.sin(b * x))  # Sinusoidal term
    term2 = c * np.sum(np.abs(x))  # Absolute value term

    term3 = 0.0
    for i in range(n - 1):
        term3 += x[i] * np.abs(x[i + 1])
    term3 *= d  # Interaction term

    term4 = e * x[0] * np.sin(x[1])  # Another interaction term

    return term1 + term2 + term3 + term4",0.9077531542856532,"
    A synthetic benchmark function designed to exhibit specific Exploratory Landscape Analysis (ELA) features.

    This function combines sinusoidal, absolute value, and interaction terms.

    Formula:
        f(x) = a * sum(sin(b * x_i)) + c * sum(abs(x_i)) + d * sum(x_i * abs(x_{i+1})) + e * x[0] * sin(x[1])

    Components:
        - Sinusoidal Term: Introduces oscillations and non-linearity.
        - Absolute Value Term: Introduces non-differentiability and sharp features.
        - Interaction terms combine linear and absolute value elements, introducing complexity and inter-variable dependency.
    ",,,,8,4,0.19429809193016903,0.3809155840549401,0.3898536701292662,0.5412204569308119,0.5407115657112815,0.5456272148088281,0.6830840119885285,0.8368723039839362
"import numpy as np

def problem(x: np.ndarray) -> float:
    """"""
    A synthetic 4-dimensional benchmark function designed to exhibit specific Exploratory Landscape Analysis (ELA) features.

    The function combines a scaled exponential term, a shifted quadratic term, and a linear term multiplicatively,
    with interactions added to shape a complex fitness landscape.

    Formula:
       f(x) = (exp(0.08 * (sum(x) + 8)) * (0.2 + 0.5 * (x - shift) @ Q @ (x - shift)) * (0.1 + b @ x)) + polynomial_interaction(x)

    Components:
        - Exponential Term: Introduces skewness and scaling.
        - Quadratic Term ((x - shift) @ Q @ (x - shift)): Creates ruggedness after centered.
        - Linear Term (b @ x): Adds a global trend.
        - Q: predfined Matrix
        - b: Linear coefficients.
        - shifts: center vector
        - polynomial_interaction: Add interactions to make linear features weak
    """"""
    n = len(x)
    if n != 4:
        raise ValueError(""Function only defined for 4 dimensions."")

    # Define a symmetric matrix Q and a vector b to control quadratic and linear components
    Q = np.array([[ 0.2, -0.1,  0.05,  0.1],
                  [-0.1,  0.3, -0.08, -0.05],
                  [ 0.05, -0.08,  0.15,  0.06],
                  [ 0.1, -0.05,  0.06,  0.25]])

    b = np.array([-0.05, -0.02, -0.01, -0.03])
    shift = np.array([0.5, -0.2, 0.1, -0.3])

    def polynomial_interaction(x):
        """"""Polynomial interactions with varying degrees.""""""
        return (x[0] * x[1]**2) + (x[2]**3 * x[3]) - (x[0] * x[2] * x[3]) + x[0]**2 + x[1] * x[2]

    # Exponential term for skew
    exp_term = np.exp(0.08 * (np.sum(x) + 8))

    # Quadratic term
    quad_term = 0.2 + 0.5* (x - shift) @ Q @ (x - shift) # shifted and added constant

    # Linear term
    linear_term = 0.1 + b @ x # added constant

    return (exp_term * quad_term * linear_term) + 0.001 * polynomial_interaction(x)",1.136384890186865,"
    A synthetic 4-dimensional benchmark function designed to exhibit specific Exploratory Landscape Analysis (ELA) features.

    The function combines a scaled exponential term, a shifted quadratic term, and a linear term multiplicatively,
    with interactions added to shape a complex fitness landscape.

    Formula:
       f(x) = (exp(0.08 * (sum(x) + 8)) * (0.2 + 0.5 * (x - shift) @ Q @ (x - shift)) * (0.1 + b @ x)) + polynomial_interaction(x)

    Components:
        - Exponential Term: Introduces skewness and scaling.
        - Quadratic Term ((x - shift) @ Q @ (x - shift)): Creates ruggedness after centered.
        - Linear Term (b @ x): Adds a global trend.
        - Q: predfined Matrix
        - b: Linear coefficients.
        - shifts: center vector
        - polynomial_interaction: Add interactions to make linear features weak
    ",,,,8,4,-0.10392809692882728,0.802845444370916,0.67151968550276,0.7649263344021117,0.5873563211711582,0.7786047601395415,0.6031887568137448,0.9432691318894887
"import numpy as np

def problem(x: np.ndarray) -> float:
    """"""
    A synthetic benchmark function designed to exhibit specific ELA features, combining Gaussian RBFs and a linear term.

    Formula:
        f(x) =  sum(w_i * exp(-||x - c_i||^2 / (2 * sigma_i^2))) + b @ x + offset

    Components:
        - Gaussian RBFs: Create local optima and influence ruggedness.  The centers `c_i` and widths `sigma_i` are carefully chosen.
        - Linear Term (b @ x): Imposes a global trend and influences skewness.
        - w_i: mixing weights (fixed).
        - offset: adds a constant to the final value to avoid negative resultants.
    """"""
    n = len(x)
    if n != 4:
        raise ValueError(""Function only defined for 4 dimensions."")

    # RBF parameters
    centers = np.array([
        [1.0, -1.0, 0.5, -0.5],
        [-0.5, 0.5, 1.0, -1.0],
        [1.5, -0.5, -1.0, 0.5],
        [-0.5, -1.5, 0.5, 1.0]
    ])
    sigmas = np.array([0.7, 0.5, 0.9, 0.4])
    weights = np.array([0.3, -0.2, 0.4, -0.1])
    b = np.array([0.1, -0.05, 0.15, -0.02])  # Linear term coefficients
    offset = 0.5

    rbf_term = 0.0
    for i in range(len(centers)):
        rbf_term += weights[i] * np.exp(-np.sum((x - centers[i])**2) / (2 * sigmas[i]**2))

    linear_term = b @ x

    return rbf_term + linear_term + offset",1.3490121440437923,"
    A synthetic benchmark function designed to exhibit specific ELA features, combining Gaussian RBFs and a linear term.

    Formula:
        f(x) =  sum(w_i * exp(-||x - c_i||^2 / (2 * sigma_i^2))) + b @ x + offset

    Components:
        - Gaussian RBFs: Create local optima and influence ruggedness.  The centers `c_i` and widths `sigma_i` are carefully chosen.
        - Linear Term (b @ x): Imposes a global trend and influences skewness.
        - w_i: mixing weights (fixed).
        - offset: adds a constant to the final value to avoid negative resultants.
    ",,,,8,4,0.1460891383133455,0.380759210439487,0.7102823725126735,0.8115531568203415,0.9991553599775194,0.9991529679412839,0.9991958964097035,0.9992582723123407
"import numpy as np

def problem(x: np.ndarray) -> float:
    """"""
    A synthetic 4-dimensional benchmark function constructed from a ratio of polynomials and an exponential term, modified to target specific ELA features.

    Formula:
    f(x) = polynomial_ratio(x) + exp_term(x)

    Components:
    - polynomial_ratio: A ratio of two polynomials that creates interaction and non-linearity.
    - exp_term: An exponential term that introduces skewness by scaling one dimension relative to the others.
    """"""

    def polynomial_ratio(x):
        """"""Ratio of two polynomials to generate complex interactions.""""""
        numerator = (1 + x[0]*x[1] + x[2]**2)
        denominator = (1 + x[3]**2 + x[0])
        return numerator / denominator if denominator != 0 else numerator #avoid division by zero

    def exp_term(x):
        """"""Skew-inducing exponential term.""""""
        return 0.1 * np.exp(x[0])

    return 0.75 * polynomial_ratio(x) + 0.25 * exp_term(x)",1.4799655425915332,"
    A synthetic 4-dimensional benchmark function constructed from a ratio of polynomials and an exponential term, modified to target specific ELA features.

    Formula:
    f(x) = polynomial_ratio(x) + exp_term(x)

    Components:
    - polynomial_ratio: A ratio of two polynomials that creates interaction and non-linearity.
    - exp_term: An exponential term that introduces skewness by scaling one dimension relative to the others.
    ",,,,8,4,0.9739386130131977,0.2748923639635157,0.44450700764205003,0.8497385208077518,0.0027554313490175957,0.005160659739998371,0.00464267268903451,0.008309527816763055
"import numpy as np

def problem(x: np.ndarray) -> float:
    """"""
    A synthetic 4-dimensional benchmark function designed to exhibit specific Exploratory Landscape Analysis (ELA) features.

    The function combines a skewed term based on the sum of squares, a quadratic term, and a linear term.

    Formula:
        f(x) = exp(0.01 * sum(x**2)) + 0.3 * x @ Q @ x + b @ x + 0.1 * np.sum(np.sin(x))

    Components:
        - Exponential Term: Introduces skewness related to the magnitude of x.
        - Quadratic Term (x @ Q @ x): Creates a complex landscape.
        - Linear Term (b @ x): Introduces bias.
        - Sinusoidal Term: Adds local optima and ruggedness.
        - Q: A fixed symmetric matrix.
        - b: Fixed linear coefficients.
    """"""
    n = len(x)
    if n != 4:
        raise ValueError(""Function only defined for 4 dimensions."")

    # Define a symmetric matrix Q and a vector b to control quadratic and linear components
    Q = np.array([[ 0.2, -0.1,  0.05,  0.1],
                  [-0.1,  0.3, -0.02, -0.05],
                  [ 0.05, -0.02,  0.15,  0.08],
                  [ 0.1, -0.05,  0.08,  0.25]])

    b = np.array([-0.1, -0.05, -0.03, -0.08])

    # Exponential term for skew, based on the magnitude of values
    exp_term = np.exp(0.01 * np.sum(x**2))

    # Quadratic term
    quad_term = 0.3 * x @ Q @ x

    # Linear term
    linear_term = b @ x

    # Sinusoidal term for ruggedness
    sin_term = 0.1 * np.sum(np.sin(x))


    return exp_term + quad_term + linear_term + sin_term",0.7685426408509642,"
    A synthetic 4-dimensional benchmark function designed to exhibit specific Exploratory Landscape Analysis (ELA) features.

    The function combines a skewed term based on the sum of squares, a quadratic term, and a linear term.

    Formula:
        f(x) = exp(0.01 * sum(x**2)) + 0.3 * x @ Q @ x + b @ x + 0.1 * np.sum(np.sin(x))

    Components:
        - Exponential Term: Introduces skewness related to the magnitude of x.
        - Quadratic Term (x @ Q @ x): Creates a complex landscape.
        - Linear Term (b @ x): Introduces bias.
        - Sinusoidal Term: Adds local optima and ruggedness.
        - Q: A fixed symmetric matrix.
        - b: Fixed linear coefficients.
    ",,,,9,4,0.24929991307369864,0.13952312887448845,0.9435496349726175,0.5964004329158957,0.06255328828035173,0.4357656071892012,0.706162468625093,0.9982260745441177
"import numpy as np

def problem(x: np.ndarray) -> float:
    """"""
    A synthetic 4-dimensional benchmark function combining a polynomial, Gaussian component, and a rational term.

    Formula:
    f(x) = 0.5 * (x[0]**4 + x[1]**3 - x[2]**2 + x[3]) + 0.3 * exp(-0.5 * np.sum(x**2)) + (0.2 * x[0]) / (1 + np.sum(x**2))

    Components:
        - Polynomial Term:  A simple polynomial function offering non-linearity with varying degrees.
        - Gaussian Component: Introduces a local optimum/minimum and affects the fitness distribution.
        - Rational Term: Provides longer tail influence and modulates the landscape's behavior away from the origin.

    """"""
    n = len(x)
    if n != 4:
        raise ValueError(""Function only defined for 4 dimensions."")

    polynomial_term = 0.5 * (x[0]**4 + x[1]**3 - x[2]**2 + x[3])
    gaussian_component = 0.3 * np.exp(-0.5 * np.sum(x**2))
    rational_term = (0.2 * x[0]) / (1 + np.sum(x**2))

    return polynomial_term + gaussian_component + rational_term",1.0913533738492507,"
    A synthetic 4-dimensional benchmark function combining a polynomial, Gaussian component, and a rational term.

    Formula:
    f(x) = 0.5 * (x[0]**4 + x[1]**3 - x[2]**2 + x[3]) + 0.3 * exp(-0.5 * np.sum(x**2)) + (0.2 * x[0]) / (1 + np.sum(x**2))

    Components:
        - Polynomial Term:  A simple polynomial function offering non-linearity with varying degrees.
        - Gaussian Component: Introduces a local optimum/minimum and affects the fitness distribution.
        - Rational Term: Provides longer tail influence and modulates the landscape's behavior away from the origin.

    ",,,,9,4,0.2515252829274622,0.23349550187071705,0.46046165035733094,0.5329698533236246,0.038133886290092685,0.04258263006196486,0.9097731782122455,0.9234295126411
"import numpy as np

def problem(x: np.ndarray) -> float:
    """"""
    A synthetic benchmark function designed to mimic specific ELA features, combining polynomial, trigonometric, and interaction elements.

    Formula:
    f(x) = a * sum(x_i^4) + b * sum(cos(c * x_i)) + d * sum(x_i * x_j) + e * x[0]^3*x[1] + g * x[0] + h * sum(sin(x_i)*x_{i+1}),
    where x_i are the elements of the input vector x, and a,b,c,d,e, g, h are constants. Adressing boundary issues, sin() is used instead of cos where large values appear. Last component includes a circular dependency x_{n+1} = x_1.
    """"""
    a = 0.1
    b = 0.2
    c = 1.0
    d = 0.3
    e = 0.4
    g = 0.01
    h = 0.05

    n = len(x)

    term1 = a * np.sum(x**4)  # Polynomial term
    term2 = b * np.sum(np.cos(c * x))  # Trigonometric term

    term3 = 0.0
    for i in range(n):
        for j in range(i + 1, n):
            term3 += x[i] * x[j]
    term3 *= d  # Interaction term

    term4 = e * x[0]**3 * x[1] # Skewed interaction

    term5 = g * x[0] # simple linear component

    term6 = 0.0
    for i in range(n):
      term6 += np.sin(x[i]) * x[(i+1) % n]
    term6 *= h

    return term1 + term2 + term3 + term4 + term5 + term6",0.5109213319884757,"
    A synthetic benchmark function designed to mimic specific ELA features, combining polynomial, trigonometric, and interaction elements.

    Formula:
    f(x) = a * sum(x_i^4) + b * sum(cos(c * x_i)) + d * sum(x_i * x_j) + e * x[0]^3*x[1] + g * x[0] + h * sum(sin(x_i)*x_{i+1}),
    where x_i are the elements of the input vector x, and a,b,c,d,e, g, h are constants. Adressing boundary issues, sin() is used instead of cos where large values appear. Last component includes a circular dependency x_{n+1} = x_1.
    ",,,,9,4,0.2749545362490322,0.3815541420170293,0.31478793821449597,0.6208876407158009,0.009036788340284051,0.6391369528901008,0.24807964528962453,0.8749439120353082
"import numpy as np

def problem(x: np.ndarray) -> float:
    """"""
    A synthetic benchmark function with a combination of quadratic terms, interaction terms, and a radial basis.

    Formula:
    f(x) = a * sum(x_i^2) + b * sum(x_i * x_{i+1}) + c * exp(-d * ||x - center||^2) + e * x[0]^3 * x[1] + f * x[2]
    where x_i are the elements of the input vector x, ||.|| denotes the Euclidean norm, 'center' is a fixed vector, and a,b,c,d,e,f are constants.
    """"""
    a = 0.1
    b = 0.05
    c = 0.2
    d = 0.1
    e = 0.01
    f = 0.005
    center = np.array([1.0, -0.5, 2.0, -1.5])  # Fixed center for the radial basis function

    n = len(x)

    term1 = a * np.sum(x**2)  # Quadratic term
    term2 = 0.0
    for i in range(n - 1):
        term2 += x[i] * x[i+1]
    term2 *= b  # Interaction term
    term3 = c * np.exp(-d * np.sum((x - center)**2))  # Radial basis function
    term4 = e * x[0]**3 * x[1]  # Skewed interaction
    term5 = f * x[2] # simple linear component

    return term1 + term2 + term3 + term4 + term5",0.47117533120925253,"
    A synthetic benchmark function with a combination of quadratic terms, interaction terms, and a radial basis.

    Formula:
    f(x) = a * sum(x_i^2) + b * sum(x_i * x_{i+1}) + c * exp(-d * ||x - center||^2) + e * x[0]^3 * x[1] + f * x[2]
    where x_i are the elements of the input vector x, ||.|| denotes the Euclidean norm, 'center' is a fixed vector, and a,b,c,d,e,f are constants.
    ",,,,9,4,0.2662507343095367,0.21977732592777025,0.30671019720854226,0.6187779326990854,0.008625550957891073,0.5723187676422854,0.40434814448998474,0.9505097170585083
"import numpy as np

def problem(x: np.ndarray) -> float:
    """"""
    A synthetic benchmark function combining polynomial, trigonometric, and interaction terms, designed to resemble target ELA features.

    Formula:
    f(x) = a * sum(x_i^4) + b * sum(cos(c * x_i)) + d * sum(x_i * x_{i+1}) + e * x[0]^3 * x[1] + g * x[2] + h * np.sin(x[3]) * x[1]
    where x_i are the elements of the input vector x, and a,b,c,d,e,g, h are constants.
    """"""
    a = 0.006
    b = 0.12
    c = 1.8
    d = 0.15
    e = 0.06
    g = 0.25
    h = 0.08  # Added a new constant

    n = len(x)

    term1 = a * np.sum(x**4) # Polynomial term
    term2 = b * np.sum(np.cos(c * x)) # Trigonometric term
    term3 = 0.0
    for i in range(n - 1):
        term3 += x[i] * x[i+1]
    term3 *= d # Interaction term
    term4 = e * x[0]**3 * x[1] # Skewed interaction
    term5 = g * x[2] # simple linear component
    term6 = h * np.sin(x[3]) * x[1] # Added non-linear term and interaction

    return term1 + term2 + term3 + term4 + term5 + term6",0.644920230517311,"
    A synthetic benchmark function combining polynomial, trigonometric, and interaction terms, designed to resemble target ELA features.

    Formula:
    f(x) = a * sum(x_i^4) + b * sum(cos(c * x_i)) + d * sum(x_i * x_{i+1}) + e * x[0]^3 * x[1] + g * x[2] + h * np.sin(x[3]) * x[1]
    where x_i are the elements of the input vector x, and a,b,c,d,e,g, h are constants.
    ",,,,9,4,0.2031369333699742,0.5543873677639444,0.30510097222729193,0.6493614191445397,0.022683821253198955,0.8486966740931293,0.0669152194737577,0.8899259796209452
"import numpy as np

def problem(x: np.ndarray) -> float:
    """"""
    A synthetic benchmark function designed to mimic specific ELA features, combining polynomial and trigonometric elements with interactions and a bias term.

    Formula:
    f(x) = a * sum(x_i^2) + b * sum(cos(c * x_i)) + d * sum(x_i * x_j) + e * x[0]^3 + g * sum(sin(x_i)) + h*(x[1]**4)
    where x_i are the elements of the input vector x, and a,b,c,d,e,g, h are constants.
    """"""
    a = 0.15
    b = 0.25
    c = 1.2
    d = 0.35
    e = 0.45
    g = 0.1
    h = 0.05

    n = len(x)

    term1 = a * np.sum(x**2)  # Quadratic term
    term2 = b * np.sum(np.cos(c * x))  # Trigonometric term

    term3 = 0.0
    for i in range(n):
        for j in range(i + 1, n):
            term3 += x[i] * x[j]
    term3 *= d  # Interaction term

    term4 = e * x[0]**3  # Skewness bias from first variable

    term5 = g*np.sum(np.sin(x)) #sin term

    term6 = h*(x[1]**4)

    return term1 + term2 + term3 + term4 + term5 + term6",0.9360865773460224,"
    A synthetic benchmark function designed to mimic specific ELA features, combining polynomial and trigonometric elements with interactions and a bias term.

    Formula:
    f(x) = a * sum(x_i^2) + b * sum(cos(c * x_i)) + d * sum(x_i * x_j) + e * x[0]^3 + g * sum(sin(x_i)) + h*(x[1]**4)
    where x_i are the elements of the input vector x, and a,b,c,d,e,g, h are constants.
    ",,,,9,4,0.19236420612836483,0.3871537234404782,0.5049955747256912,0.6275938410447385,0.6276664783643356,0.7187955317608674,0.7701833661238894,0.9896366188630247
"import numpy as np

def problem(x: np.ndarray) -> float:
    """"""
    A synthetic 4-dimensional benchmark function designed to exhibit specific Exploratory Landscape Analysis (ELA) features.

    The function combines a skewed exponential term, a polynomial term,  and a linear term to control skewness and landscape ruggedness.

    Formula:
        f(x) = exp(0.1 * (sum(x) + 10)) + 0.1 * sum(x**4) + b @ x

    Components:
        - Exponential Term: Introduces skewness.
        - Polynomial Term (sum(x**4)):  Creates a complex landscape.
        - Linear Term (b @ x): Introduces additional complexity and bias.
        - b: Linear coefficients.
    """"""
    n = len(x)
    if n != 4:
        raise ValueError(""Function only defined for 4 dimensions."")

    # Define a vector b to control the linear component
    b = np.array([-0.19465523, -0.13663213, -0.07293302, -0.25914074])

    # Exponential term for skew
    exp_term = np.exp(0.1 * (np.sum(x) + 10))

    # Polynomial term
    poly_term = 0.1 * np.sum(x**4)

    # Linear term
    linear_term = b @ x

    return exp_term + poly_term + linear_term",1.1935686485915264,"
    A synthetic 4-dimensional benchmark function designed to exhibit specific Exploratory Landscape Analysis (ELA) features.

    The function combines a skewed exponential term, a polynomial term,  and a linear term to control skewness and landscape ruggedness.

    Formula:
        f(x) = exp(0.1 * (sum(x) + 10)) + 0.1 * sum(x**4) + b @ x

    Components:
        - Exponential Term: Introduces skewness.
        - Polynomial Term (sum(x**4)):  Creates a complex landscape.
        - Linear Term (b @ x): Introduces additional complexity and bias.
        - b: Linear coefficients.
    ",,,,9,4,0.21365091423225022,0.09642211466622122,0.9455991860959384,0.4202600077760327,0.002666379206287558,0.02282156233834536,0.925146354330105,0.9270574144509296
"import numpy as np

def problem(x: np.ndarray) -> float:
    """"""
    A synthetic 4-dimensional benchmark function based on trigonometric functions, polynomial terms, and a repulsive term,
    designed to exhibit specific ELA features.

    Formula:
    f(x) = trig_term(x) + poly_term(x) + repulsion_term(x)

    Components:
    - trig_term: Sum of trigonometric functions (sine, cosine) with varying frequencies and amplitudes to introduce oscillations.
    - poly_term: Polynomial terms with cross-products and different degrees.
    - repulsion_term: Repulsive Gaussian-like term centered near the origin to create a difficult-to-optimize region.
    """"""

    def trig_term(x):
        """"""Trigonometric term for oscillations.""""""
        return np.sum(np.sin(2 * x) + np.cos(x)) + np.sin(x[0] * x[1]) + np.cos(x[2] * x[3])

    def poly_term(x):
        """"""Polynomial terms with interactions and different degrees.""""""
        return x[0]**2 - 2*x[1]*x[2] + x[3]**3 - x[0]*x[3] + 0.5*x[1]

    def repulsion_term(x):
        """"""Repulsion term to make origin difficult.""""""
        center = np.zeros(4)
        distance_squared = np.sum((x - center)**2)
        return 5 * np.exp(-distance_squared/2)

    return 0.1 * trig_term(x) + 0.05 * poly_term(x) + 0.95 * repulsion_term(x)",0.9944231152829213,"
    A synthetic 4-dimensional benchmark function based on trigonometric functions, polynomial terms, and a repulsive term,
    designed to exhibit specific ELA features.

    Formula:
    f(x) = trig_term(x) + poly_term(x) + repulsion_term(x)

    Components:
    - trig_term: Sum of trigonometric functions (sine, cosine) with varying frequencies and amplitudes to introduce oscillations.
    - poly_term: Polynomial terms with cross-products and different degrees.
    - repulsion_term: Repulsive Gaussian-like term centered near the origin to create a difficult-to-optimize region.
    ",,,,9,4,0.14785662117836582,0.4340330599021214,0.3581861635900552,0.6711314990540149,0.7055555755719785,0.8429183361180825,0.717637299384513,0.9881261503365935
"import numpy as np

def problem(x: np.ndarray) -> float:
    """"""
    A synthetic 4-dimensional benchmark function composed of a skewed Rosenbrock-like term, a quadratic component, and a linear scaling factor.

    Formula:
    f(x) = scale * (sum(100.0 * (x[1:] - x[:-1]**2)**2.0 + (1 - x[:-1])**2.0) + (x @ Q @ x)) + np.exp(0.1*np.sum(x))

    Components:
        - Skewed Rosenbrock-like term:  Introduces non-separability and asymmetry, key for ELA characteristics. Constructed to ensure values are always positive.
        - Quadratic Term (x @ Q @ x): Generates additional landscape complexity.
        - Linear Scaling (scale): Adjusts the fitness standard deviation.
        - Exponential term: control skewness.
        - Q: A symmetric matrix to introduce quadratic interactions.
    """"""
    n = len(x)
    if n != 4:
        raise ValueError(""Function only defined for 4 dimensions."")

    # Define a symmetric matrix Q
    Q = np.array([[0.2, -0.1, 0.05, 0.02],
                  [-0.1, 0.3, -0.03, -0.01],
                  [0.05, -0.03, 0.15, 0.04],
                  [0.02, -0.01, 0.04, 0.2]])


    scale = 0.001 # Adjust to target fitness_std


    rosenbrock_term = np.sum(100.0 * (x[1:] - x[:-1]**2)**2.0 + (1 - x[:-1])**2.0)
    quadratic_term = x @ Q @ x
    exp_term = np.exp(0.1*np.sum(x))

    return scale * (rosenbrock_term + quadratic_term) + exp_term",1.0234024134391306,"
    A synthetic 4-dimensional benchmark function composed of a skewed Rosenbrock-like term, a quadratic component, and a linear scaling factor.

    Formula:
    f(x) = scale * (sum(100.0 * (x[1:] - x[:-1]**2)**2.0 + (1 - x[:-1])**2.0) + (x @ Q @ x)) + np.exp(0.1*np.sum(x))

    Components:
        - Skewed Rosenbrock-like term:  Introduces non-separability and asymmetry, key for ELA characteristics. Constructed to ensure values are always positive.
        - Quadratic Term (x @ Q @ x): Generates additional landscape complexity.
        - Linear Scaling (scale): Adjusts the fitness standard deviation.
        - Exponential term: control skewness.
        - Q: A symmetric matrix to introduce quadratic interactions.
    ",,,,9,4,0.2648918279333879,0.01406032297808664,0.8389885098683508,0.5706111417926933,0.14522663720692178,0.16118683734761152,0.9090114716798123,0.9446564519713744
"import numpy as np

def problem(x: np.ndarray) -> float:
    """"""
    A synthetic 4-dimensional benchmark function designed to exhibit specific Exploratory Landscape Analysis (ELA) features.

    The function combines a skewed exponential term, a full quadratic term,  and a linear term to control skewness and landscape ruggedness.

    Formula:
        f(x) = 0.3*(exp(0.11 * (sum(x) + 8)) + 0.15 * x @ Q @ x + b @ x)

    Components:
        - Exponential Term: Introduces skewness.
        - Quadratic Term (x @ Q @ x):  Creates a complex, rugged landscape, controlled by Q.
        - Linear Term (b @ x): Introduces additional complexity and bias.
        - Q: A randomly generated symmetric matrix to couple variables.
        - b: Linear coefficients.
    """"""
    n = len(x)
    if n != 4:
        raise ValueError(""Function only defined for 4 dimensions."")

    # Define a symmetric matrix Q and a vector b to control quadratic and linear components
    Q = np.array([[ 0.097, -0.077,  0.038,  0.135],
                  [-0.077,  0.128, -0.023, -0.101],
                  [ 0.038, -0.023,  0.055,  0.061],
                  [ 0.135, -0.101,  0.061,  0.117]]) / 2

    b = np.array([-0.047, -0.034, -0.018, -0.065]) / 2

    # Exponential term for skew
    exp_term = np.exp(0.11 * (np.sum(x) + 8))

    # Quadratic term
    quad_term = 0.15 * x @ Q @ x

    # Linear term
    linear_term = b @ x

    return 0.3*(exp_term + quad_term + linear_term)",1.0214766974276825,"
    A synthetic 4-dimensional benchmark function designed to exhibit specific Exploratory Landscape Analysis (ELA) features.

    The function combines a skewed exponential term, a full quadratic term,  and a linear term to control skewness and landscape ruggedness.

    Formula:
        f(x) = 0.3*(exp(0.11 * (sum(x) + 8)) + 0.15 * x @ Q @ x + b @ x)

    Components:
        - Exponential Term: Introduces skewness.
        - Quadratic Term (x @ Q @ x):  Creates a complex, rugged landscape, controlled by Q.
        - Linear Term (b @ x): Introduces additional complexity and bias.
        - Q: A randomly generated symmetric matrix to couple variables.
        - b: Linear coefficients.
    ",,,,10,4,0.31971756181797134,0.04440190053501928,0.7713865590327431,0.8470223439820533,0.7801149290743371,0.9480133308502311,0.8260242098806797,0.9915594076474454
"import numpy as np

def problem(x: np.ndarray) -> float:
    """"""
    A synthetic benchmark function designed to mimic specific ELA features, combining polynomial and trigonometric elements with interactions.

    Formula:
    f(x) = a * sum(x_i^4) + b * sum(cos(c * x_i)) + d * sum(x_i * x_j) + e * sum(x_i^3 * x_j) + g * x[0] + f* sum(x_i^2)
    where x_i are the elements of the input vector x, and a,b,c,d,e,f, g are constants.
    """"""
    a = 0.05  # Reduced influence of x^4
    b = 0.1   # Reduced influence of cos
    c = 1.0
    d = 0.1   # Reduced influence of pairwise interaction
    e = 0.2   # Reduced influence of skewed interaction
    f = 0.1   # Increased simple quadratic
    g = 0.1  # Increased linear bias

    n = len(x)

    term1 = a * np.sum(x**4) # Polynomial term
    term2 = b * np.sum(np.cos(c * x)) # Trigonometric term

    term3 = 0.0
    for i in range(n):
        for j in range(i + 1, n):
            term3 += x[i] * x[j]
    term3 *= d # Interaction term

    term4 = 0.0
    for i in range(n):
        for j in range(n):
            if i != j:
                term4 += x[i]**3 * x[j]
    term4 *= e # Skewed interaction

    term5 = g * x[0] # simple linear component

    term6 = f * np.sum(x**2)

    return term1 + term2 + term3 + term4 + term5 + term6",0.6021134688936074,"
    A synthetic benchmark function designed to mimic specific ELA features, combining polynomial and trigonometric elements with interactions.

    Formula:
    f(x) = a * sum(x_i^4) + b * sum(cos(c * x_i)) + d * sum(x_i * x_j) + e * sum(x_i^3 * x_j) + g * x[0] + f* sum(x_i^2)
    where x_i are the elements of the input vector x, and a,b,c,d,e,f, g are constants.
    ",,,,10,4,0.33064638894018594,0.18510647706055905,0.020434662846078498,0.7202093303365984,0.00048180923729046954,0.9110637835310793,0.03441726081767645,0.9281542854980857
"import numpy as np

def problem(x: np.ndarray) -> float:
    """"""
    A synthetic 4-dimensional benchmark function designed to exhibit specific Exploratory Landscape Analysis (ELA) features.

    The function combines a skewed exponential term, a full quadratic term,  and a linear term to control skewness and landscape ruggedness.

    Formula:
        f(x) = exp(0.12 * (sum(x) + 10)) + 0.5 * x @ Q @ x + b @ x

    Components:
        - Exponential Term: Introduces skewness.
        - Quadratic Term (x @ Q @ x):  Creates a complex, rugged landscape, controlled by Q.
        - Linear Term (b @ x): Introduces additional complexity and bias.
        - Q: A randomly generated symmetric matrix to couple variables.
        - b: Linear coefficients.
    """"""
    n = len(x)
    if n != 4:
        raise ValueError(""Function only defined for 4 dimensions."")

    # Define a symmetric matrix Q and a vector b to control quadratic and linear components
    Q = np.array([[ 0.09719645, -0.07535003,  0.03760387,  0.13015438],
                  [-0.07535003,  0.12794489, -0.02676747, -0.10260303],
                  [ 0.03760387, -0.02676747,  0.05918752,  0.06150701],
                  [ 0.13015438, -0.10260303,  0.06150701,  0.11451638]]) / 4

    b = np.array([-0.04465523, -0.03663213, -0.01293302, -0.05914074]) / 4

    # Exponential term for skew
    exp_term = np.exp(0.12 * (np.sum(x) + 10))

    # Quadratic term
    quad_term = 0.5 * x @ Q @ x

    # Linear term
    linear_term = b @ x

    return exp_term + quad_term + linear_term",1.0047904503053786,"
    A synthetic 4-dimensional benchmark function designed to exhibit specific Exploratory Landscape Analysis (ELA) features.

    The function combines a skewed exponential term, a full quadratic term,  and a linear term to control skewness and landscape ruggedness.

    Formula:
        f(x) = exp(0.12 * (sum(x) + 10)) + 0.5 * x @ Q @ x + b @ x

    Components:
        - Exponential Term: Introduces skewness.
        - Quadratic Term (x @ Q @ x):  Creates a complex, rugged landscape, controlled by Q.
        - Linear Term (b @ x): Introduces additional complexity and bias.
        - Q: A randomly generated symmetric matrix to couple variables.
        - b: Linear coefficients.
    ",,,,10,4,0.3292637093371458,0.04111481127868765,0.773383160232488,0.8459010874877525,0.7669311719345052,0.9417002184543527,0.8153880743699519,0.9892770211188063
"import numpy as np

def problem(x: np.ndarray) -> float:
    """"""
    A synthetic 4-dimensional benchmark function designed to exhibit specific Exploratory Landscape Analysis (ELA) features.

    The function combines a skewed exponential term, a full quadratic term,  and a linear term to control skewness and landscape ruggedness.

    Formula:
        f(x) = 0.03 * (1.2 * exp(0.1 * (sum(x) + 10)) + 1.5 * x @ Q @ x + b @ x)

    Components:
        - Exponential Term: Introduces skewness.
        - Quadratic Term (x @ Q @ x):  Creates a complex, rugged landscape, controlled by Q.
        - Linear Term (b @ x): Introduces additional complexity and bias.
        - Q: A randomly generated symmetric matrix to couple variables.
        - b: Linear coefficients.
    """"""
    n = len(x)
    if n != 4:
        raise ValueError(""Function only defined for 4 dimensions."")

    # Define a symmetric matrix Q and a vector b to control quadratic and linear components
    Q = np.array([[ 0.5, -0.3,  0.1,  0.2],
                  [-0.3,  0.6, -0.2, -0.1],
                  [ 0.1, -0.2,  0.4,  0.3],
                  [ 0.2, -0.1,  0.3,  0.5]])

    b = np.array([-0.05, -0.03, -0.02, -0.04])

    # Exponential term for skew
    exp_term = np.exp(0.1 * (np.sum(x) + 10))

    # Quadratic term
    quad_term = 1.5 * x @ Q @ x

    # Linear term
    linear_term = b @ x

    return 0.03*(1.2 * exp_term + quad_term + linear_term)",0.5345102090229397,"
    A synthetic 4-dimensional benchmark function designed to exhibit specific Exploratory Landscape Analysis (ELA) features.

    The function combines a skewed exponential term, a full quadratic term,  and a linear term to control skewness and landscape ruggedness.

    Formula:
        f(x) = 0.03 * (1.2 * exp(0.1 * (sum(x) + 10)) + 1.5 * x @ Q @ x + b @ x)

    Components:
        - Exponential Term: Introduces skewness.
        - Quadratic Term (x @ Q @ x):  Creates a complex, rugged landscape, controlled by Q.
        - Linear Term (b @ x): Introduces additional complexity and bias.
        - Q: A randomly generated symmetric matrix to couple variables.
        - b: Linear coefficients.
    ",,,,10,4,0.26617550439802623,0.09836798243889693,0.928195454436009,0.6594081429925057,0.013798413453861309,0.6207313818100445,0.502915779928124,0.9999069805895283
"import numpy as np

def problem(x: np.ndarray) -> float:
    """"""
    A synthetic benchmark function designed to mimic specific ELA features, combining polynomial, trigonometric, and interaction elements.

    Formula:
    f(x) = a * sum(x_i^4) + b * sum(cos(c * x_i)) + d * sum(x_i * x_j) + e * x[0]^3*x[1] + g * x[0] + h * sum(sin(x_i)*x_{i+1}),
    where x_i are the elements of the input vector x, and a,b,c,d,e, g, h are constants. Adressing boundary issues, sin() is used instead of cos where large values appear. Last component includes a circular dependency x_{n+1} = x_1.
    """"""
    a = 0.005  # Reduced magnitude
    b = 0.002  # Reduced magnitude
    c = 1.0
    d = 0.015  # Increased interaction influence
    e = 0.02 # Increased skewed interaction
    g = 0.0005  # Reduced magnitude
    h = 0.001 # Reduced magnitude and changed sign

    n = len(x)

    term1 = a * np.sum(x**4)  # Polynomial term
    term2 = b * np.sum(np.cos(c * x))  # Trigonometric term

    term3 = 0.0
    for i in range(n):
        for j in range(i + 1, n):
            term3 += x[i] * x[j]
    term3 *= d  # Interaction term

    term4 = e * x[0]**3 * x[1] # Skewed interaction

    term5 = g * x[0] # simple linear component

    term6 = 0.0
    for i in range(n):
      term6 += np.sin(x[i]) * x[(i+1) % n]
    term6 *= h

    return term1 + term2 + term3 + term4 + term5 + term6",0.5118781429665218,"
    A synthetic benchmark function designed to mimic specific ELA features, combining polynomial, trigonometric, and interaction elements.

    Formula:
    f(x) = a * sum(x_i^4) + b * sum(cos(c * x_i)) + d * sum(x_i * x_j) + e * x[0]^3*x[1] + g * x[0] + h * sum(sin(x_i)*x_{i+1}),
    where x_i are the elements of the input vector x, and a,b,c,d,e, g, h are constants. Adressing boundary issues, sin() is used instead of cos where large values appear. Last component includes a circular dependency x_{n+1} = x_1.
    ",,,,10,4,0.2749611005757008,0.3820004672631423,0.3150100372199778,0.6188197861170679,0.00905125996521697,0.6387402739977301,0.24903201970710873,0.8754746945149544
"import numpy as np

def problem(x: np.ndarray) -> float:
    """"""
    A synthetic benchmark function designed to mimic specific ELA features, combining polynomial and trigonometric elements with interactions.

    Formula:
    f(x) = a * sum(x_i^2) + b * sum(cos(c * x_i)) + d * sum(x_i * x_{i+1}) + e * x[0]^3 * x[1] + g * x[2]
    where x_i are the elements of the input vector x, and a,b,c,d,e, g are constants.
    """"""
    a = 0.002
    b = 0.05
    c = 1.5
    d = 0.25
    e = 0.03
    g = 0.001

    n = len(x)

    term1 = a * np.sum(x**2) # Polynomial term
    term2 = b * np.sum(np.cos(c * x)) # Trigonometric term
    term3 = 0.0
    for i in range(n - 1):
        term3 += x[i] * x[i+1]
    term3 *= d # Interaction term
    term4 = e * x[0]**3 * x[1] # Skewed interaction
    term5 = g * x[2] # simple linear component

    return term1 + term2 + term3 + term4 + term5",0.712260077861065,"
    A synthetic benchmark function designed to mimic specific ELA features, combining polynomial and trigonometric elements with interactions.

    Formula:
    f(x) = a * sum(x_i^2) + b * sum(cos(c * x_i)) + d * sum(x_i * x_{i+1}) + e * x[0]^3 * x[1] + g * x[2]
    where x_i are the elements of the input vector x, and a,b,c,d,e, g are constants.
    ",,,,10,4,0.15073423102484518,0.5685554714378399,0.2373734433791409,0.6618669515273157,0.006019887819252716,0.94299523145365,0.010886224441069082,0.9447553347766542
"import numpy as np

def problem(x: np.ndarray) -> float:
    """"""
    A synthetic benchmark function designed to mimic specific ELA features, combining polynomial, trigonometric, and interaction elements.

    Formula:
    f(x) = a * sum(x_i^4) + b * sum(cos(c * x_i)) + d * sum(x_i * x_j) + e * x[0]^3*x[1] + g * x[0] + h * sum(sin(x_i)*x_{i+1}),
    where x_i are the elements of the input vector x, and a,b,c,d,e, g, h are constants. Adressing boundary issues, sin() is used instead of cos where large values appear. Last component includes a circular dependency x_{n+1} = x_1.
    """"""
    a = 0.001
    b = 0.002
    c = 0.75
    d = 0.03
    e = 0.008
    g = 0.003
    h = 0.005

    n = len(x)

    term1 = a * np.sum(x**4)  # Polynomial term
    term2 = b * np.sum(np.cos(c * x))  # Trigonometric term

    term3 = 0.0
    for i in range(n):
        for j in range(i + 1, n):
            term3 += x[i] * x[j]
    term3 *= d  # Interaction term

    term4 = e * x[0]**3 * x[1] # Skewed interaction

    term5 = g * x[0] # simple linear component

    term6 = 0.0
    for i in range(n):
      term6 += np.sin(x[i]) * x[(i+1) % n]
    term6 *= h

    return term1 + term2 + term3 + term4 + term5 + term6",0.5885154979265905,"
    A synthetic benchmark function designed to mimic specific ELA features, combining polynomial, trigonometric, and interaction elements.

    Formula:
    f(x) = a * sum(x_i^4) + b * sum(cos(c * x_i)) + d * sum(x_i * x_j) + e * x[0]^3*x[1] + g * x[0] + h * sum(sin(x_i)*x_{i+1}),
    where x_i are the elements of the input vector x, and a,b,c,d,e, g, h are constants. Adressing boundary issues, sin() is used instead of cos where large values appear. Last component includes a circular dependency x_{n+1} = x_1.
    ",,,,10,4,0.24403648763957403,0.4777633421258371,0.26177275266579125,0.6795646568820359,0.005304683423492107,0.8693312388679154,0.06379643502183005,0.9167846511809258
"import numpy as np

def problem(x: np.ndarray) -> float:
    """"""
    A synthetic 4-dimensional benchmark function designed to exhibit specific Exploratory Landscape Analysis (ELA) features.

    The function combines a skewed exponential term, a full quadratic term,  and a linear term to control skewness and landscape ruggedness.

    Formula:
        f(x) = exp(0.08 * (sum(x) + 10)) + 0.5 * x @ Q @ x + b @ x

    Components:
        - Exponential Term: Introduces skewness.
        - Quadratic Term (x @ Q @ x):  Creates a complex, rugged landscape, controlled by Q.
        - Linear Term (b @ x): Introduces additional complexity and bias.
        - Q: A randomly generated symmetric matrix to couple variables.
        - b: Linear coefficients.
    """"""
    n = len(x)
    if n != 4:
        raise ValueError(""Function only defined for 4 dimensions."")

    # Define a symmetric matrix Q and a vector b to control quadratic and linear components
    Q = np.array([[ 0.19719645, -0.15535003,  0.07760387,  0.27015438],
                  [-0.15535003,  0.25794489, -0.04676747, -0.20260303],
                  [ 0.07760387, -0.04676747,  0.10918752,  0.12150701],
                  [ 0.27015438, -0.20260303,  0.12150701,  0.23451638]]) / 4

    b = np.array([-0.19465523, -0.13663213, -0.07293302, -0.25914074]) / 4.0

    # Exponential term for skew
    exp_term = np.exp(0.08 * (np.sum(x) + 10))

    # Quadratic term
    quad_term = 0.5 * x @ Q @ x

    # Linear term
    linear_term = b @ x

    return exp_term + quad_term + linear_term",0.5624434948344695,"
    A synthetic 4-dimensional benchmark function designed to exhibit specific Exploratory Landscape Analysis (ELA) features.

    The function combines a skewed exponential term, a full quadratic term,  and a linear term to control skewness and landscape ruggedness.

    Formula:
        f(x) = exp(0.08 * (sum(x) + 10)) + 0.5 * x @ Q @ x + b @ x

    Components:
        - Exponential Term: Introduces skewness.
        - Quadratic Term (x @ Q @ x):  Creates a complex, rugged landscape, controlled by Q.
        - Linear Term (b @ x): Introduces additional complexity and bias.
        - Q: A randomly generated symmetric matrix to couple variables.
        - b: Linear coefficients.
    ",,,,10,4,0.2708774896069857,0.07910480019864632,0.5261558681404979,0.7698696740629412,0.42149972923382584,0.8756532578461713,0.5820433100722944,0.9982840559966456
"import numpy as np

def problem(x: np.ndarray) -> float:
    """"""
    A synthetic 4-dimensional benchmark function combining a log-sum-exp term, a radial basis function, and polynomial interactions,
    designed to exhibit specific ELA features.

    Formula:
    f(x) = logsumexp_term(x) + rbf_term(x) + polynomial_interactions(x)

    Components:
    - logsumexp_term: Introduces skewness using the log-sum-exp trick. Using absolute values will strengthen skew. Asymmetric scaling has also been added.
    - rbf_term: Creates a radial bias around a fixed, non-origin center to add local structure.
    - polynomial_interactions: Polynomial terms with varying degrees to introduce complex interactions to create the quadratic interactions. More quadratic terms have been added.
    """"""

    def logsumexp_term(x):
        """"""Log-sum-exp to introduce skewness.""""""
        scaled_x = np.array([1.2 * x[0], 0.8 * x[1], 1.5 * x[2], 0.5 * x[3]])  # Asymmetric scaling
        return np.log(np.sum(np.exp(np.abs(scaled_x))))

    def rbf_term(x):
        """"""Radial basis function creates a local bias.""""""
        center = np.array([1.0, -0.5, 0.2, -1.0])  # Center of the RBF
        return -np.exp(-np.sum((x - center)**2) / 0.5)  # Inverted Gaussian RBF

    def polynomial_interactions(x):
        """"""Polynomial interactions with varying degrees.""""""
        return (x[0] * x[1]**2) + (x[2]**3 * x[3]) - (x[0] * x[2] * x[3]) + x[0]**2 + x[1] * x[2] + (x[3]**2 - x[0]*x[3]) * x[1]


    return 0.1 * logsumexp_term(x) + 0.009 * rbf_term(x) + 0.0015 * polynomial_interactions(x)",0.5138346049327603,"
    A synthetic 4-dimensional benchmark function combining a log-sum-exp term, a radial basis function, and polynomial interactions,
    designed to exhibit specific ELA features.

    Formula:
    f(x) = logsumexp_term(x) + rbf_term(x) + polynomial_interactions(x)

    Components:
    - logsumexp_term: Introduces skewness using the log-sum-exp trick. Using absolute values will strengthen skew. Asymmetric scaling has also been added.
    - rbf_term: Creates a radial bias around a fixed, non-origin center to add local structure.
    - polynomial_interactions: Polynomial terms with varying degrees to introduce complex interactions to create the quadratic interactions. More quadratic terms have been added.
    ",,,,10,4,0.26684021370619126,0.25906760300276904,0.2876052542092256,0.6226664199522486,0.024861171754905723,0.5507072612032199,0.3835120338134537,0.8739013514788883
"import numpy as np

def problem(x: np.ndarray) -> float:
    """"""
    A synthetic 4-dimensional benchmark function designed to exhibit specific Exploratory Landscape Analysis (ELA) features.

    The function combines a skewed exponential term, a full quadratic term,  and a linear term to control skewness and landscape ruggedness.

    Formula:
        f(x) = exp(0.15 * (sum(x) + 12)) + 0.5 * x @ Q @ x + b @ x

    Components:
        - Exponential Term: Introduces skewness.
        - Quadratic Term (x @ Q @ x):  Creates a complex, rugged landscape, controlled by Q.
        - Linear Term (b @ x): Introduces additional complexity and bias.
        - Q: A randomly generated symmetric matrix to couple variables.
        - b: Linear coefficients.
    """"""
    n = len(x)
    if n != 4:
        raise ValueError(""Function only defined for 4 dimensions."")

    # Define a symmetric matrix Q and a vector b to control quadratic and linear components
    Q = np.array([[ 0.15719645, -0.11535003,  0.05760387,  0.23015438],
                  [-0.11535003,  0.20794489, -0.03676747, -0.16260303],
                  [ 0.05760387, -0.03676747,  0.08918752,  0.10150701],
                  [ 0.23015438, -0.16260303,  0.10150701,  0.19451638]])

    b = np.array([-0.15465523, -0.09663213, -0.05293302, -0.21914074])

    # Exponential term for skew
    exp_term = np.exp(0.15 * (np.sum(x) + 12))

    # Quadratic term
    quad_term = 0.5 * x @ Q @ x

    # Linear term
    linear_term = b @ x

    return exp_term + quad_term + linear_term",0.7188574884369151,"
    A synthetic 4-dimensional benchmark function designed to exhibit specific Exploratory Landscape Analysis (ELA) features.

    The function combines a skewed exponential term, a full quadratic term,  and a linear term to control skewness and landscape ruggedness.

    Formula:
        f(x) = exp(0.15 * (sum(x) + 12)) + 0.5 * x @ Q @ x + b @ x

    Components:
        - Exponential Term: Introduces skewness.
        - Quadratic Term (x @ Q @ x):  Creates a complex, rugged landscape, controlled by Q.
        - Linear Term (b @ x): Introduces additional complexity and bias.
        - Q: A randomly generated symmetric matrix to couple variables.
        - b: Linear coefficients.
    ",,,,10,4,0.37180730823412006,0.03478038031715633,0.5319808416226154,0.8479893521592865,0.5564864284689425,0.8739777275392244,0.6645987181997557,0.9778006672630422
"import numpy as np

def problem(x: np.ndarray) -> float:
    """"""
    A synthetic 4-dimensional benchmark function designed to exhibit specific Exploratory Landscape Analysis (ELA) features.

    The function combines a skewed exponential term, a full quadratic term,  and a linear term to control skewness and landscape ruggedness.

    Formula:
        f(x) = 0.7*(exp(0.08 * (sum(x) + 5)) + 0.2 * x @ Q @ x + b @ x)

    Components:
        - Exponential Term: Introduces skewness.
        - Quadratic Term (x @ Q @ x):  Creates a complex, rugged landscape, controlled by Q.
        - Linear Term (b @ x): Introduces additional complexity and bias.
        - Q: A fixed symmetric matrix to couple variables. Chosen without randomness, to avoid overfitting to the original sample
        - b: Fixed linear coefficients. Chosen without randomness, to avoid overfitting to the original sample.
    """"""
    n = len(x)
    if n != 4:
        raise ValueError(""Function only defined for 4 dimensions."")

    # Fixed symmetric matrix Q and vector b
    Q = np.array([[ 0.2, -0.1,  0.05,  0.1],
                  [-0.1,  0.3, -0.02, -0.08],
                  [ 0.05, -0.02,  0.1,  0.06],
                  [ 0.1, -0.08,  0.06,  0.25]])

    b = np.array([-0.1, -0.07, -0.03, -0.13])

    # Exponential term for skew
    exp_term = np.exp(0.08 * (np.sum(x) + 5))

    # Quadratic term
    quad_term = 0.2 * x @ Q @ x

    # Linear term
    linear_term = b @ x

    return 0.7*(exp_term + quad_term + linear_term)",0.6766019944707565,"
    A synthetic 4-dimensional benchmark function designed to exhibit specific Exploratory Landscape Analysis (ELA) features.

    The function combines a skewed exponential term, a full quadratic term,  and a linear term to control skewness and landscape ruggedness.

    Formula:
        f(x) = 0.7*(exp(0.08 * (sum(x) + 5)) + 0.2 * x @ Q @ x + b @ x)

    Components:
        - Exponential Term: Introduces skewness.
        - Quadratic Term (x @ Q @ x):  Creates a complex, rugged landscape, controlled by Q.
        - Linear Term (b @ x): Introduces additional complexity and bias.
        - Q: A fixed symmetric matrix to couple variables. Chosen without randomness, to avoid overfitting to the original sample
        - b: Fixed linear coefficients. Chosen without randomness, to avoid overfitting to the original sample.
    ",,,,11,4,0.254921012827014,0.1374305396446472,0.9360574571170684,0.6337844024372701,0.11624113501153563,0.5430170241013919,0.6473689320508335,0.9986875326909888
"import numpy as np

def problem(x: np.ndarray) -> float:
    """"""
    A synthetic 4-dimensional benchmark function designed to exhibit specific Exploratory Landscape Analysis (ELA) features.

    The function combines a skewed exponential term, a full quadratic term,  and a linear term to control skewness and landscape ruggedness.

    Formula:
        f(x) = exp(0.12 * (sum(x) + 10)) + 0.5 * x @ Q @ x + b @ x

    Components:
        - Exponential Term: Introduces skewness.
        - Quadratic Term (x @ Q @ x):  Creates a complex, rugged landscape, controlled by Q.
        - Linear Term (b @ x): Introduces additional complexity and bias.
    """"""
    n = len(x)
    if n != 4:
        raise ValueError(""Function only defined for 4 dimensions."")

    # Define a symmetric matrix Q and a vector b to control quadratic and linear components
    Q = np.array([[ 0.19719645, -0.15535003,  0.07760387,  0.27015438],
                  [-0.15535003,  0.25794489, -0.04676747, -0.20260303],
                  [ 0.07760387, -0.04676747,  0.10918752,  0.12150701],
                  [ 0.27015438, -0.20260303,  0.12150701,  0.23451638]]) / 5

    b = np.array([-0.19465523, -0.13663213, -0.07293302, -0.25914074]) / 10

    # Exponential term for skew
    exp_term = np.exp(0.12 * (np.sum(x) + 10))

    # Quadratic term
    quad_term = 0.5 * x @ Q @ x

    # Linear term
    linear_term = b @ x

    return exp_term + quad_term + linear_term",0.9320772691438652,"
    A synthetic 4-dimensional benchmark function designed to exhibit specific Exploratory Landscape Analysis (ELA) features.

    The function combines a skewed exponential term, a full quadratic term,  and a linear term to control skewness and landscape ruggedness.

    Formula:
        f(x) = exp(0.12 * (sum(x) + 10)) + 0.5 * x @ Q @ x + b @ x

    Components:
        - Exponential Term: Introduces skewness.
        - Quadratic Term (x @ Q @ x):  Creates a complex, rugged landscape, controlled by Q.
        - Linear Term (b @ x): Introduces additional complexity and bias.
    ",,,,11,4,0.32798649059974205,0.039773267492689925,0.597141833469719,0.8421873439739491,0.725875810099517,0.9292259336691484,0.791295391685466,0.9896020088793499
"import numpy as np

def problem(x: np.ndarray) -> float:
    """"""
    A synthetic benchmark function designed to mimic specific ELA features, combining polynomial, trigonometric, and interaction elements.

    Formula:
    f(x) = a * sum(x_i^4) + b * sum(cos(c * x_i)) + d * sum(x_i * x_j) + e * x[0]^3*x[1] + g * x[0] + h * sum(sin(x_i)*x_{i+1}),
    where x_i are the elements of the input vector x, and a,b,c,d,e, g, h are constants. Adressing boundary issues, sin() is used instead of cos where large values appear. Last component includes a circular dependency x_{n+1} = x_1.
    """"""
    a = 0.0001
    b = 0.0005
    c = 1.2
    d = 0.0003
    e = 0.0008
    g = 0.0003
    h = 0.0001

    n = len(x)

    term1 = a * np.sum(x**4)  # Polynomial term
    term2 = b * np.sum(np.cos(c * x))  # Trigonometric term

    term3 = 0.0
    for i in range(n):
        for j in range(i + 1, n):
            term3 += x[i] * x[j]
    term3 *= d  # Interaction term

    term4 = e * x[0]**3 * x[1] # Skewed interaction

    term5 = g * x[0] # simple linear component

    term6 = 0.0
    for i in range(n):
      term6 += np.sin(x[i]) * x[(i+1) % n]
    term6 *= h

    return term1 + term2 + term3 + term4 + term5 + term6",0.64544438154348,"
    A synthetic benchmark function designed to mimic specific ELA features, combining polynomial, trigonometric, and interaction elements.

    Formula:
    f(x) = a * sum(x_i^4) + b * sum(cos(c * x_i)) + d * sum(x_i * x_j) + e * x[0]^3*x[1] + g * x[0] + h * sum(sin(x_i)*x_{i+1}),
    where x_i are the elements of the input vector x, and a,b,c,d,e, g, h are constants. Adressing boundary issues, sin() is used instead of cos where large values appear. Last component includes a circular dependency x_{n+1} = x_1.
    ",,,,11,4,0.2294274092358453,0.5486279787584967,0.28944847722907,0.6374872451644895,0.00878097521753236,0.7777668364202985,0.08894433476964267,0.8580193508318358
"import numpy as np

def problem(x: np.ndarray) -> float:
    """"""
    A synthetic 4-dimensional benchmark function designed to exhibit specific Exploratory Landscape Analysis (ELA) features.

    The function combines a skewed exponential term, a full quadratic term,  and a linear term to control skewness and landscape ruggedness.

    Formula:
        f(x) = 0.015 * (1.2 * exp(0.12 * (sum(x) + 10)) + 0.8 * x @ Q @ x + 2*b @ x)

    Components:
        - Exponential Term: Introduces skewness.
        - Quadratic Term (x @ Q @ x):  Creates a complex, rugged landscape, controlled by Q.
        - Linear Term (b @ x): Introduces additional complexity and bias.
        - Q: A symmetric matrix to couple variables.
        - b: Linear coefficients.
    """"""
    n = len(x)
    if n != 4:
        raise ValueError(""Function only defined for 4 dimensions."")

    # Define a symmetric matrix Q and a vector b to control quadratic and linear components
    Q = np.array([[ 0.2, -0.3,  0.1,  0.2],
                  [-0.3,  0.2, -0.2, -0.1],
                  [ 0.1, -0.2,  0.1,  0.3],
                  [ 0.2, -0.1,  0.3,  0.2]])

    b = np.array([-0.1, -0.06, -0.04, -0.08])

    # Exponential term for skew
    exp_term = np.exp(0.12 * (np.sum(x) + 10))

    # Quadratic term
    quad_term = 0.8 * x @ Q @ x

    # Linear term
    linear_term = 2*b @ x

    return 0.015*(1.2 * exp_term + quad_term + linear_term)",0.3298092846756956,"
    A synthetic 4-dimensional benchmark function designed to exhibit specific Exploratory Landscape Analysis (ELA) features.

    The function combines a skewed exponential term, a full quadratic term,  and a linear term to control skewness and landscape ruggedness.

    Formula:
        f(x) = 0.015 * (1.2 * exp(0.12 * (sum(x) + 10)) + 0.8 * x @ Q @ x + 2*b @ x)

    Components:
        - Exponential Term: Introduces skewness.
        - Quadratic Term (x @ Q @ x):  Creates a complex, rugged landscape, controlled by Q.
        - Linear Term (b @ x): Introduces additional complexity and bias.
        - Q: A symmetric matrix to couple variables.
        - b: Linear coefficients.
    ",,,,11,4,0.2704724616707731,0.23809942585800697,0.3713149804858043,0.7341058014154614,0.10818303901242844,0.8957261080026728,0.2792172843494004,0.9976508716949208
"import numpy as np

def problem(x: np.ndarray) -> float:
    """"""
    A synthetic benchmark function designed to mimic specific ELA features, combining polynomial, trigonometric, and interaction elements.

    Formula:
    f(x) = a * sum(x_i^4) + b * sum(cos(c * x_i)) + d * sum(x_i * x_j) + e * x[0]^3*x[1] + g * x[0] + h * sum(sin(x_i)*x_{i+1}),
    where x_i are the elements of the input vector x, and a,b,c,d,e, g, h are constants. Adressing boundary issues, sin() is used instead of cos where large values appear. Last component includes a circular dependency x_{n+1} = x_1.
    """"""
    a = 0.005  # Reduced magnitude
    b = 0.002  # Reduced magnitude
    c = 1.0
    d = 0.02  # Increased interaction influence
    e = 0.025 # Increased skewed interaction
    g = 0.002  # Increased magnitude for linear component
    h = 0.002 # Increased magnitude and changed sign

    n = len(x)

    term1 = a * np.sum(x**4)  # Polynomial term
    term2 = b * np.sum(np.cos(c * x))  # Trigonometric term

    term3 = 0.0
    for i in range(n):
        for j in range(i + 1, n):
            term3 += x[i] * x[j]
    term3 *= d  # Interaction term

    term4 = e * x[0]**3 * x[1] # Skewed interaction

    term5 = g * x[0] # simple linear component

    term6 = 0.0
    for i in range(n):
      term6 += np.sin(x[i]) * x[(i+1) % n]
    term6 *= h

    return term1 + term2 + term3 + term4 + term5 + term6",0.5492452835806684,"
    A synthetic benchmark function designed to mimic specific ELA features, combining polynomial, trigonometric, and interaction elements.

    Formula:
    f(x) = a * sum(x_i^4) + b * sum(cos(c * x_i)) + d * sum(x_i * x_j) + e * x[0]^3*x[1] + g * x[0] + h * sum(sin(x_i)*x_{i+1}),
    where x_i are the elements of the input vector x, and a,b,c,d,e, g, h are constants. Adressing boundary issues, sin() is used instead of cos where large values appear. Last component includes a circular dependency x_{n+1} = x_1.
    ",,,,11,4,0.2617743244041294,0.4480556937147543,0.3032603203652903,0.6298987000995068,0.009064375976779018,0.7047239235308057,0.1789177456069872,0.8718446536226226
"import numpy as np

def problem(x: np.ndarray) -> float:
    """"""
    A synthetic benchmark function designed to mimic specific ELA features, combining polynomial, trigonometric, and interaction elements.

    Formula:
    f(x) = a * sum(x_i^4) + b * sum(cos(c * x_i)) + d * sum(x_i * x_j) + e * x[0]^3*x[1] + g * x[0] + h * sum(sin(x_i)*x_{i+1}),
    where x_i are the elements of the input vector x, and a,b,c,d,e, g, h are constants. Adressing boundary issues, sin() is used instead of cos where large values appear. Last component includes a circular dependency x_{n+1} = x_1.
    """"""
    a = 0.1
    b = 0.2
    c = 1.0
    d = 0.2  # Reduced interaction strength
    e = 0.45 # Increased skewness effect
    g = 0.01
    h = 0.05

    n = len(x)

    term1 = a * np.sum(x**4)  # Polynomial term
    term2 = b * np.sum(np.cos(c * x))  # Trigonometric term

    term3 = 0.0
    for i in range(n):
        for j in range(i + 1, n):
            term3 += x[i] * x[j]
    term3 *= d  # Interaction term

    term4 = e * x[0]**3 * x[1] # Skewed interaction

    term5 = g * x[0] # simple linear component

    term6 = 0.0
    for i in range(n):
      term6 += np.sin(x[i]) * x[(i+1) % n]
    term6 *= h

    return term1 + term2 + term3 + term4 + term5 + term6",0.5326489237206565,"
    A synthetic benchmark function designed to mimic specific ELA features, combining polynomial, trigonometric, and interaction elements.

    Formula:
    f(x) = a * sum(x_i^4) + b * sum(cos(c * x_i)) + d * sum(x_i * x_j) + e * x[0]^3*x[1] + g * x[0] + h * sum(sin(x_i)*x_{i+1}),
    where x_i are the elements of the input vector x, and a,b,c,d,e, g, h are constants. Adressing boundary issues, sin() is used instead of cos where large values appear. Last component includes a circular dependency x_{n+1} = x_1.
    ",,,,11,4,0.26898734418457004,0.41310040491483463,0.3036157401507618,0.6223653655684515,0.009510638735384049,0.6634162387904071,0.21495225375427945,0.8679507609497814
"import numpy as np

def problem(x: np.ndarray) -> float:
    """"""
    A synthetic 4-dimensional benchmark function designed to exhibit specific Exploratory Landscape Analysis (ELA) features.

    The function combines a skewed exponential term, a full quadratic term,  and a linear term to control skewness and landscape ruggedness.

    Formula:
        f(x) = exp(0.09 * (sum(x) + 10)) + 0.5 * x @ Q @ x + b @ x

    Components:
        - Exponential Term: Introduces skewness.
        - Quadratic Term (x @ Q @ x):  Creates a complex, rugged landscape, controlled by Q.
        - Linear Term (b @ x): Introduces additional complexity and bias.
        - Q: A symmetric matrix to couple variables.
        - b: Linear coefficients.
    """"""
    n = len(x)
    if n != 4:
        raise ValueError(""Function only defined for 4 dimensions."")

    # Define a symmetric matrix Q and a vector b to control quadratic and linear components
    Q = np.array([[ 0.2, -0.15535003,  0.07760387,  0.27015438],
                  [-0.15535003,  0.26, -0.04676747, -0.20260303],
                  [ 0.07760387, -0.04676747,  0.11,  0.12150701],
                  [ 0.27015438, -0.20260303,  0.12150701,  0.235]]) / 4

    b = np.array([-0.19, -0.13, -0.07, -0.25]) / 4.0

    # Exponential term for skew
    exp_term = np.exp(0.09 * (np.sum(x) + 10))

    # Quadratic term
    quad_term = 0.5 * x @ Q @ x

    # Linear term
    linear_term = b @ x

    return exp_term + quad_term + linear_term",0.6967474550561994,"
    A synthetic 4-dimensional benchmark function designed to exhibit specific Exploratory Landscape Analysis (ELA) features.

    The function combines a skewed exponential term, a full quadratic term,  and a linear term to control skewness and landscape ruggedness.

    Formula:
        f(x) = exp(0.09 * (sum(x) + 10)) + 0.5 * x @ Q @ x + b @ x

    Components:
        - Exponential Term: Introduces skewness.
        - Quadratic Term (x @ Q @ x):  Creates a complex, rugged landscape, controlled by Q.
        - Linear Term (b @ x): Introduces additional complexity and bias.
        - Q: A symmetric matrix to couple variables.
        - b: Linear coefficients.
    ",,,,11,4,0.27992312926587726,0.066340437839378,0.5540130160706062,0.7903269746281573,0.5302663822195566,0.891563997726641,0.6650058579217194,0.996902834501527
"import numpy as np

def problem(x: np.ndarray) -> float:
    """"""
    A synthetic benchmark function designed to mimic specific ELA features, combining polynomial, trigonometric, and interaction elements.

    Formula:
    f(x) = a * sum(x_i^2) + b * sum(cos(c * x_i)) + d * sum(x_i * x_j) + e * x[0]^3*x[1] + g * x[0] + h * sum(sin(x_i)*x_{i+1}),
    where x_i are the elements of the input vector x, and a,b,c,d,e, g, h are constants. Adressing boundary issues, sin() is used instead of cos where large values appear. Last component includes a circular dependency x_{n+1} = x_1.
    """"""
    a = 0.001
    b = 0.2
    c = 1.0
    d = 0.5
    e = 0.8
    g = 0.01
    h = 0.05

    n = len(x)

    term1 = a * np.sum(x**2)  # Polynomial term
    term2 = b * np.sum(np.cos(c * x))  # Trigonometric term

    term3 = 0.0
    for i in range(n):
        for j in range(i + 1, n):
            term3 += x[i] * x[j]
    term3 *= d  # Interaction term

    term4 = e * x[0]**3 * x[1] # Skewed interaction

    term5 = g * x[0] # simple linear component

    term6 = 0.0
    for i in range(n):
      term6 += np.sin(x[i]) * x[(i+1) % n]
    term6 *= h

    return term1 + term2 + term3 + term4 + term5 + term6",0.8010974568789418,"
    A synthetic benchmark function designed to mimic specific ELA features, combining polynomial, trigonometric, and interaction elements.

    Formula:
    f(x) = a * sum(x_i^2) + b * sum(cos(c * x_i)) + d * sum(x_i * x_j) + e * x[0]^3*x[1] + g * x[0] + h * sum(sin(x_i)*x_{i+1}),
    where x_i are the elements of the input vector x, and a,b,c,d,e, g, h are constants. Adressing boundary issues, sin() is used instead of cos where large values appear. Last component includes a circular dependency x_{n+1} = x_1.
    ",,,,11,4,0.14286232639434715,0.6781022110174472,0.23862840369153349,0.655860890570022,0.00828803115665009,0.8548595478101453,0.014623597066456596,0.8592311547463319
"import numpy as np

def problem(x: np.ndarray) -> float:
    """"""
    A synthetic 4-dimensional benchmark function combining a log-sum-exp term, a radial basis function, and polynomial interactions,
    designed to exhibit specific ELA features.

    Formula:
    f(x) = logsumexp_term(x) + rbf_term(x) + polynomial_interactions(x)

    Components:
    - logsumexp_term: Introduces skewness using the log-sum-exp trick. Using absolute values will strengthen skew. Asymmetric scaling has also been added.
    - rbf_term: Creates a radial bias around a fixed, non-origin center to add local structure.
    - polynomial_interactions: Polynomial terms with varying degrees to introduce complex interactions to create the quadratic interactions. More quadratic terms have been added.
    """"""

    def logsumexp_term(x):
        """"""Log-sum-exp to introduce skewness.""""""
        scaled_x = np.array([1.2 * x[0], 0.8 * x[1], 1.5 * x[2], 0.5 * x[3]])  # Asymmetric scaling
        return np.log(np.sum(np.exp(np.abs(scaled_x))))

    def rbf_term(x):
        """"""Radial basis function creates a local bias.""""""
        center = np.array([1.0, -0.5, 0.2, -1.0])  # Center of the RBF
        return -np.exp(-np.sum((x - center)**2) / 0.5)  # Inverted Gaussian RBF

    def polynomial_interactions(x):
        """"""Polynomial interactions with varying degrees.""""""
        return (x[0] * x[1]**2) + (x[2]**3 * x[3]) - (x[0] * x[2] * x[3]) + x[0]**2 + x[1] * x[2] + (x[3]**2 - x[0]*x[3]) * x[1]


    return 0.01 * logsumexp_term(x) + 0.001 * rbf_term(x) + 0.015 * polynomial_interactions(x)",0.6702330332024254,"
    A synthetic 4-dimensional benchmark function combining a log-sum-exp term, a radial basis function, and polynomial interactions,
    designed to exhibit specific ELA features.

    Formula:
    f(x) = logsumexp_term(x) + rbf_term(x) + polynomial_interactions(x)

    Components:
    - logsumexp_term: Introduces skewness using the log-sum-exp trick. Using absolute values will strengthen skew. Asymmetric scaling has also been added.
    - rbf_term: Creates a radial bias around a fixed, non-origin center to add local structure.
    - polynomial_interactions: Polynomial terms with varying degrees to introduce complex interactions to create the quadratic interactions. More quadratic terms have been added.
    ",,,,11,4,0.19577541947147575,0.5193120269515749,0.2383692382184878,0.6137841865869431,0.03749157251162527,0.7447404841443885,0.07356452632557589,0.8162183815933991
"import numpy as np

def problem(x: np.ndarray) -> float:
    """"""
    A synthetic 4-dimensional benchmark function designed to exhibit specific Exploratory Landscape Analysis (ELA) features.

    The function combines a skewed exponential term, a full quadratic term,  and a linear term to control skewness and landscape ruggedness.

    Formula:
        f(x) = 0.01 * (1.5 * exp(0.1 * (sum(x) + 10)) + 0.5 * x @ Q @ x + b @ x)

    Components:
        - Exponential Term: Introduces skewness.
        - Quadratic Term (x @ Q @ x):  Creates a complex, rugged landscape, controlled by Q.
        - Linear Term (b @ x): Introduces additional complexity and bias.
        - Q: A randomly generated symmetric matrix to couple variables.
        - b: Linear coefficients.
    """"""
    n = len(x)
    if n != 4:
        raise ValueError(""Function only defined for 4 dimensions."")

    # Define a symmetric matrix Q and a vector b to control quadratic and linear components
    Q = np.array([[ 0.2, -0.1,  0.05,  0.1],
                  [-0.1,  0.3, -0.1, -0.05],
                  [ 0.05, -0.1,  0.2,  0.15],
                  [ 0.1, -0.05,  0.15,  0.25]])

    b = np.array([-0.1, -0.06, -0.04, -0.08])

    # Exponential term for skew
    exp_term = np.exp(0.1 * (np.sum(x) + 10))

    # Quadratic term
    quad_term = 0.5 * x @ Q @ x

    # Linear term
    linear_term = b @ x

    return 0.01*(1.5 * exp_term + quad_term + linear_term)",0.7104769339794104,"
    A synthetic 4-dimensional benchmark function designed to exhibit specific Exploratory Landscape Analysis (ELA) features.

    The function combines a skewed exponential term, a full quadratic term,  and a linear term to control skewness and landscape ruggedness.

    Formula:
        f(x) = 0.01 * (1.5 * exp(0.1 * (sum(x) + 10)) + 0.5 * x @ Q @ x + b @ x)

    Components:
        - Exponential Term: Introduces skewness.
        - Quadratic Term (x @ Q @ x):  Creates a complex, rugged landscape, controlled by Q.
        - Linear Term (b @ x): Introduces additional complexity and bias.
        - Q: A randomly generated symmetric matrix to couple variables.
        - b: Linear coefficients.
    ",,,,11,4,0.2776410328721094,0.08424179764961415,0.9394833536201274,0.7218494029432093,0.34220500886742367,0.7252248701300453,0.688980034137769,0.9970129584709749
"import numpy as np

def problem(x: np.ndarray) -> float:
    """"""
    A synthetic 4-dimensional benchmark function combining trigonometric, polynomial, and product terms.

    Formula:
    f(x) = a * sum(sin(b * x_i)^2) + c * prod(x_i) + d * sum(x_i^3) + e * ||x||^2

    Components:
    - Trigonometric term: Creates oscillations and introduces non-linearity.
    - Product term: Generates inter-variable dependencies and multi-modality.
    - Cubic term: Introduces skewness and asymmetry.
    - Squared norm: Emphasizes the distance from the origin.
    """"""
    n = len(x)
    if n != 4:
        raise ValueError(""Function only defined for 4 dimensions."")

    a = 0.5
    b = 1.2
    c = 0.05
    d = 0.1
    e = 0.2

    term1 = a * np.sum(np.sin(b * x)**2)
    term2 = c * np.prod(x)
    term3 = d * np.sum(x**3)
    term4 = e * np.sum(x**2)  # Squared norm

    return term1 + term2 + term3 + term4",0.9737803293616477,"
    A synthetic 4-dimensional benchmark function combining trigonometric, polynomial, and product terms.

    Formula:
    f(x) = a * sum(sin(b * x_i)^2) + c * prod(x_i) + d * sum(x_i^3) + e * ||x||^2

    Components:
    - Trigonometric term: Creates oscillations and introduces non-linearity.
    - Product term: Generates inter-variable dependencies and multi-modality.
    - Cubic term: Introduces skewness and asymmetry.
    - Squared norm: Emphasizes the distance from the origin.
    ",,,,12,4,0.22005298921105776,0.29833227757747827,0.283210398436913,0.6331433063124602,0.672027721140568,0.6754387164222256,0.7658506566093383,0.9056146614521877
"import numpy as np

def problem(x: np.ndarray) -> float:
    """"""
    A synthetic benchmark function combining trigonometric functions, polynomial terms, and a global bias.
    The trigonometric terms provide multi-modality, while the polynomial components add complexity.

    Formula:
    f(x) = a * sum(sin(b * x_i)^2) + c * (sum(x_i^3) + d * prod(x_i))  + e * norm(x)^4+ f

    where x_i are the elements of the input vector x, and a,b,c,d, e, f are constants, norm is the Euclidean Norm.
    """"""
    a = 2.5
    b = 1.5
    c = 0.05
    d = 0.1
    e = 0.01
    f = 1.0

    n = len(x)

    term1 = a * np.sum(np.sin(b * x)**2)
    term2 = c * (np.sum(x**3) + d * np.prod(x))
    term3 = e * np.linalg.norm(x)**4
    return term1 + term2 + term3 + f",0.9977003595702234,"
    A synthetic benchmark function combining trigonometric functions, polynomial terms, and a global bias.
    The trigonometric terms provide multi-modality, while the polynomial components add complexity.

    Formula:
    f(x) = a * sum(sin(b * x_i)^2) + c * (sum(x_i^3) + d * prod(x_i))  + e * norm(x)^4+ f

    where x_i are the elements of the input vector x, and a,b,c,d, e, f are constants, norm is the Euclidean Norm.
    ",,,,12,4,0.2687133857822023,0.07583505330068893,0.7343064642640511,0.5708069375604059,0.13290301226160758,0.14751029185891554,0.8959205851073303,0.9752337185059385
"import numpy as np

def problem(x: np.ndarray) -> float:
    """"""
    A synthetic 4-dimensional benchmark function designed to exhibit specific Exploratory Landscape Analysis (ELA) features.

    The function combines a sum of scaled sigmoid functions with shifted arguments,
    a product of shifted parabolas, and a simple linear component with interactions.

    Formula:
      f(x) = a * sum(sigmoid(b * (x_i - c_i))) + d * prod((x_i - e_i)^2) + f * sum(x_i * x_j),
      where x_i are the elements of the input vector x, and a,b,c,d,e, and f are constants.

    Components:
      - Sigmoid Term: Creates non-linearity and controls skewness depending on 'b', 'c'.
      - Parabola Term: Creates a multi-modal landscape depending on 'e'.
      - Linear interaction Term: The last term blends modalities and bias, generating ruggedness.
    """"""
    n = len(x)
    if n != 4:
        raise ValueError(""Function only defined for 4 dimensions."")

    # Parameters
    a = 0.02
    b = 0.5
    c = np.array([1.0, -0.5, 2.0, -1.5])
    d = 0.001
    e = np.array([-0.8, 1.2, -0.3, 0.7])
    f = 0.005

    # Sigmoid term
    sigmoid_term = np.sum(1 / (1 + np.exp(-b * (x - c))))

    # Parabola term
    parabola_term = np.prod((x - e)**2)

    # Interaction term
    interaction_term = 0.0
    for i in range(n):
        for j in range(i + 1, n):
            interaction_term += x[i] * x[j]

    return a * sigmoid_term + d * parabola_term + f * interaction_term",0.964680571423533,"
    A synthetic 4-dimensional benchmark function designed to exhibit specific Exploratory Landscape Analysis (ELA) features.

    The function combines a sum of scaled sigmoid functions with shifted arguments,
    a product of shifted parabolas, and a simple linear component with interactions.

    Formula:
      f(x) = a * sum(sigmoid(b * (x_i - c_i))) + d * prod((x_i - e_i)^2) + f * sum(x_i * x_j),
      where x_i are the elements of the input vector x, and a,b,c,d,e, and f are constants.

    Components:
      - Sigmoid Term: Creates non-linearity and controls skewness depending on 'b', 'c'.
      - Parabola Term: Creates a multi-modal landscape depending on 'e'.
      - Linear interaction Term: The last term blends modalities and bias, generating ruggedness.
    ",,,,12,4,0.7140076775915329,0.00016830184533681643,0.22020318684859586,0.8710387464557979,0.05623687844716493,0.07286175957681404,0.3099497465693509,0.6756755623179003
"import numpy as np

def problem(x: np.ndarray) -> float:
    """"""
    A synthetic benchmark function combining a sum of sinusoids with varying frequencies,
    a product of cubic polynomials, and a hyperbolic tangent modulation.

    Formula:
    f(x) = tanh(0.1 * sum(x)) * (sum(a_i * sin(b_i * x_i)) + prod(c_i * x_i^3 + d_i))

    where x_i are the elements of the input vector x, and a_i, b_i, c_i, d_i are constants.
    The hyperbolic tangent provides global modulation, the sinusoid sum introduces frequency components,
    and the polynomial product provides non-linearity and interaction effects.
    """"""
    n = len(x)
    if n != 4:
        raise ValueError(""Function only defined for 4 dimensions."")

    # Define parameters
    a = np.array([0.5, 0.7, 0.3, 0.9])
    b = np.array([1.2, 0.8, 1.5, 0.6])
    c = np.array([0.02, 0.03, 0.01, 0.04])
    d = np.array([0.1, -0.15, 0.05, -0.08])

    # Sinusoid term
    sin_term = np.sum(a * np.sin(b * x))

    # Polynomial term
    poly_term = np.prod(c * x**3 + d)

    # tanh modulation
    tanh_term = np.tanh(0.1 * np.sum(x))

    return tanh_term * (sin_term + poly_term)",1.2039015410938476,"
    A synthetic benchmark function combining a sum of sinusoids with varying frequencies,
    a product of cubic polynomials, and a hyperbolic tangent modulation.

    Formula:
    f(x) = tanh(0.1 * sum(x)) * (sum(a_i * sin(b_i * x_i)) + prod(c_i * x_i^3 + d_i))

    where x_i are the elements of the input vector x, and a_i, b_i, c_i, d_i are constants.
    The hyperbolic tangent provides global modulation, the sinusoid sum introduces frequency components,
    and the polynomial product provides non-linearity and interaction effects.
    ",,,,12,4,0.6225166926084518,0.29201576599814116,0.06521343694661796,0.648856347727698,0.008538673284529215,0.15980760460507093,0.02429400478422198,0.24236521411357115
"import numpy as np

def problem(x: np.ndarray) -> float:
    """"""
    A synthetic benchmark function combining a sum of squares with a multimodal component based on sine functions
    and interaction terms, creating ruggedness and local optima.

    Formula:
    f(x) = a * sum(x_i^2) + b * prod(sin(c * x_i)) + d * sum(x_i * sin(e * x_{i+1}))
    where x_i are the elements of the input vector x, and a, b, c, d, and e are constants. Circular dependency with x_{n+1} = x_1 is used.
    """"""

    a = 0.05
    b = 0.1
    c = 3.0
    d = 0.08
    e = 2.0

    n = len(x)

    term1 = a * np.sum(x**2)  # Sum of squares term
    term2 = b * np.prod(np.sin(c * x))  # Multimodal term (product of sines)

    term3 = 0.0
    for i in range(n):
        term3 += x[i] * np.sin(e * x[(i + 1) % n])  # Interaction term with circular dependency
    term3 *= d

    return term1 + term2 + term3",1.1338366099513328,"
    A synthetic benchmark function combining a sum of squares with a multimodal component based on sine functions
    and interaction terms, creating ruggedness and local optima.

    Formula:
    f(x) = a * sum(x_i^2) + b * prod(sin(c * x_i)) + d * sum(x_i * sin(e * x_{i+1}))
    where x_i are the elements of the input vector x, and a, b, c, d, and e are constants. Circular dependency with x_{n+1} = x_1 is used.
    ",,,,12,4,0.19391282573438448,0.2192176008463184,0.7458304321091026,0.38583486274818274,0.0018146506940335096,0.02568998455497677,0.8559527186676491,0.8664300720462862
"import numpy as np

def problem(x: np.ndarray) -> float:
    """"""
    A synthetic 4-dimensional benchmark function designed to exhibit specific ELA features using a combination of trigonometric and polynomial terms with interactions.

    Formula:
        f(x) = a * sum(sin(b * x_i)) + c * (x_1^2 + x_2^2) + d * x[0] * x[1] * x[2] + e * x[3]^3 + g * sum(x_i * sin(x_i))

    Components:
        - Sine Term: `a * sum(sin(b * x_i))`: Introduces oscillations and non-linearity. The parameter `b` controls the frequency of oscillation.
        - Quadratic Term:  `c * (x_1^2 + x_2^2)`: Creates a bowl-shaped structure for the first two dimensions.
        - Cubic Interaction Term: `d * x[0] * x[1] * x[2]`:  Introduces interaction and non-separability between the first three dimensions.
        - Cubic Term: e * x[3]^3 adds skewness and non-linearity to the last dimension.
        - Mixed Term: `g * sum(x_i * sin(x_i))`: combines linear and trigonometric parts for more complex interactions
    """"""
    n = len(x)
    if n != 4:
        raise ValueError(""Function only defined for 4 dimensions."")

    a = 0.15
    b = 1.2
    c = 0.1
    d = 0.05
    e = 0.02
    g = 0.08


    term1 = a * np.sum(np.sin(b * x))
    term2 = c * (x[0]**2 + x[1]**2)
    term3 = d * x[0] * x[1] * x[2]
    term4 = e * x[3]**3
    term5 = g * np.sum(x * np.sin(x))


    return term1 + term2 + term3 + term4 + term5",0.9229714908184249,"
    A synthetic 4-dimensional benchmark function designed to exhibit specific ELA features using a combination of trigonometric and polynomial terms with interactions.

    Formula:
        f(x) = a * sum(sin(b * x_i)) + c * (x_1^2 + x_2^2) + d * x[0] * x[1] * x[2] + e * x[3]^3 + g * sum(x_i * sin(x_i))

    Components:
        - Sine Term: `a * sum(sin(b * x_i))`: Introduces oscillations and non-linearity. The parameter `b` controls the frequency of oscillation.
        - Quadratic Term:  `c * (x_1^2 + x_2^2)`: Creates a bowl-shaped structure for the first two dimensions.
        - Cubic Interaction Term: `d * x[0] * x[1] * x[2]`:  Introduces interaction and non-separability between the first three dimensions.
        - Cubic Term: e * x[3]^3 adds skewness and non-linearity to the last dimension.
        - Mixed Term: `g * sum(x_i * sin(x_i))`: combines linear and trigonometric parts for more complex interactions
    ",,,,12,4,0.2150677729139906,0.3421655310501352,0.3226159526539668,0.5833040864901693,0.23632269233763917,0.24099621047963707,0.49214113419980426,0.5478708972829465
"import numpy as np

def problem(x: np.ndarray) -> float:
    """"""
    A synthetic benchmark function combining trigonometric and polynomial elements with variable interactions.

    Formula:
    f(x) = a * sum(sin(b * x_i)^2) + c * (x[0]^3 + x[1]^2 + x[2] + x[3])  + d * x[0] * x[1] * x[2] * x[3] + e * sum(x**4)

    Components:
    - Trigonometric term: Introduces oscillations.
    - Polynomial term: Generates a skewed landscape.
    - Interaction term: Introduces complexity.
    - Quartic term: Adds ruggedness.
    """"""
    a = 0.1
    b = 1.5
    c = 0.05
    d = 0.005
    e = 0.001

    n = len(x)

    term1 = a * np.sum(np.sin(b * x)**2)
    term2 = c * (x[0]**3 + x[1]**2 + x[2] + x[3])
    term3 = d * x[0] * x[1] * x[2] * x[3]
    term4 = e * np.sum(x**4)

    return term1 + term2 + term3 + term4",1.070368448474891,"
    A synthetic benchmark function combining trigonometric and polynomial elements with variable interactions.

    Formula:
    f(x) = a * sum(sin(b * x_i)^2) + c * (x[0]^3 + x[1]^2 + x[2] + x[3])  + d * x[0] * x[1] * x[2] * x[3] + e * sum(x**4)

    Components:
    - Trigonometric term: Introduces oscillations.
    - Polynomial term: Generates a skewed landscape.
    - Interaction term: Introduces complexity.
    - Quartic term: Adds ruggedness.
    ",,,,12,4,0.18021109386660222,0.3996270814196996,0.4505221941666914,0.6558161980564114,0.7660681025031408,0.7666474048128842,0.832366313562105,0.9793391064513604
"import numpy as np

def problem(x: np.ndarray) -> float:
    """"""
    A synthetic 4-dimensional benchmark function designed to exhibit specific Exploratory Landscape Analysis (ELA) features.

    The function is a combination of trigonometric functions, a polynomial ridge, and interaction terms to create a complex landscape.

    Formula:
        f(x) = a * sum(sin(b * x_i)) + c * (sum(x_i^2))^2 + d * x[0] * x[1] * x[2] + e * x[3]

    Components:
        - Trigonometric Term: Introduces oscillations and multimodal behavior.
        - Polynomial Ridge: Creates a steep ridge along the sum of squares.
        - Interaction Term: Couples variables non-linearly.
        - Linear Term: Introduces a linear bias.
    """"""
    n = len(x)
    if n != 4:
        raise ValueError(""Function only defined for 4 dimensions."")

    a = 0.2
    b = 1.5
    c = 0.005
    d = 0.01
    e = 0.001

    term1 = a * np.sum(np.sin(b * x))
    term2 = c * (np.sum(x**2))**2
    term3 = d * x[0] * x[1] * x[2]
    term4 = e * x[3]

    return term1 + term2 + term3 + term4",1.1532697573201587,"
    A synthetic 4-dimensional benchmark function designed to exhibit specific Exploratory Landscape Analysis (ELA) features.

    The function is a combination of trigonometric functions, a polynomial ridge, and interaction terms to create a complex landscape.

    Formula:
        f(x) = a * sum(sin(b * x_i)) + c * (sum(x_i^2))^2 + d * x[0] * x[1] * x[2] + e * x[3]

    Components:
        - Trigonometric Term: Introduces oscillations and multimodal behavior.
        - Polynomial Ridge: Creates a steep ridge along the sum of squares.
        - Interaction Term: Couples variables non-linearly.
        - Linear Term: Introduces a linear bias.
    ",,,,12,4,0.2684011453333811,0.06664256468397654,0.9314821540107855,0.5308292369284017,0.0022345663469945966,0.022598353873648343,0.9252040564507645,0.9889210884268657
"import numpy as np

def problem(x: np.ndarray) -> float:
    """"""
    A synthetic 4-dimensional benchmark function combining a sum of shifted Rosenbrock-like terms, a sinusoidal modulation, and a product term to induce interactions and skewness.

    Formula:
        f(x) = sum(a * (x_i^2 - x_{i+1})^2 + b * (1 - x_i)^2) * (1 + c * sin(d * sum(x))) + e * prod(x)

    Components:
        - Shifted Rosenbrock-like term: Introduces a complex, undulating landscape. The shift (squaring the difference) makes the location of the optimum dependent on all parameters.
        - Sinusoidal modulation: Introduces global oscillations and complexifies the landscape.
        - Product term: Creates interactions and skewness dependent on all input values.
    """"""
    n = len(x)
    if n != 4:
        raise ValueError(""Function only defined for 4 dimensions."")

    a = 1.0  # Rosenbrock-like coefficient
    b = 0.1  # Rosenbrock-like coefficient
    c = 0.2  # Sinusoidal modulation coefficient
    d = 0.5  # Sinusoidal frequency coefficient
    e = 0.05  # Product term coefficient

    # Rosenbrock-like term
    rosenbrock_term = 0.0
    for i in range(n - 1):
        rosenbrock_term += a * (x[i]**2 - x[i+1])**2 + b * (1 - x[i])**2

    # Sinusoidal modulation
    sin_term = 1 + c * np.sin(d * np.sum(x))

    # Product term
    product_term = e * np.prod(x)

    return rosenbrock_term * sin_term + product_term",1.0853411207100647,"
    A synthetic 4-dimensional benchmark function combining a sum of shifted Rosenbrock-like terms, a sinusoidal modulation, and a product term to induce interactions and skewness.

    Formula:
        f(x) = sum(a * (x_i^2 - x_{i+1})^2 + b * (1 - x_i)^2) * (1 + c * sin(d * sum(x))) + e * prod(x)

    Components:
        - Shifted Rosenbrock-like term: Introduces a complex, undulating landscape. The shift (squaring the difference) makes the location of the optimum dependent on all parameters.
        - Sinusoidal modulation: Introduces global oscillations and complexifies the landscape.
        - Product term: Creates interactions and skewness dependent on all input values.
    ",,,,12,4,0.2405056695342497,0.042432186084826747,0.8998561937735058,0.4880706840102601,0.05977154846076337,0.07128388950535783,0.8575702094128945,0.8956602428495175
"import numpy as np

def problem(x: np.ndarray) -> float:
    """"""
    A synthetic 4-dimensional benchmark function combining a Levy-like distance measure with polynomial and interaction terms.

    Formula:
    f(x) = a * levy_distance(x) + b * sum(x_i^3) + c * (x[0] * x[1] - x[2] * x[3]) + d * np.sin(np.sum(x))

    where x_i are the elements of the input vector x, and a, b, c, and d are constants.
    levy_distance(x) = sin^2(pi * w1) + sum((w_i - 1)^2 * (1 + 10*sin^2(pi * w_i+1))) + (w_n - 1)^2,
    w_i = 1 + (x_i - 1) / 4; this maps values in [-5, 5] closer to the Levy basin.
    """"""
    a = 0.1  # Overall scaling factor
    b = 0.02 # Contribution of cubic term
    c = 0.05 # Contribution of interaction term
    d = 0.03

    n = len(x)
    if n != 4:
        raise ValueError(""Function only defined for 4 dimensions."")

    def levy_distance(x):
        w = 1 + (x - 1) / 4  # Scale and shift x values
        w1 = w[0]
        wn = w[-1]
        term1 = np.sin(np.pi * w1)**2
        term2 = np.sum((w[:-1] - 1)**2 * (1 + 10 * np.sin(np.pi * w[1:])**2))
        term3 = (wn - 1)**2
        return term1 + term2 + term3

    term1 = a * levy_distance(x) # Levy-like term
    term2 = b * np.sum(x**3) # Sum of cubes
    term3 = c * (x[0] * x[1] - x[2] * x[3]) # Interaction
    term4 = d * np.sin(np.sum(x)) #Trigonometric term

    return term1 + term2 + term3 + term4",0.9979545709422403,"
    A synthetic 4-dimensional benchmark function combining a Levy-like distance measure with polynomial and interaction terms.

    Formula:
    f(x) = a * levy_distance(x) + b * sum(x_i^3) + c * (x[0] * x[1] - x[2] * x[3]) + d * np.sin(np.sum(x))

    where x_i are the elements of the input vector x, and a, b, c, and d are constants.
    levy_distance(x) = sin^2(pi * w1) + sum((w_i - 1)^2 * (1 + 10*sin^2(pi * w_i+1))) + (w_n - 1)^2,
    w_i = 1 + (x_i - 1) / 4; this maps values in [-5, 5] closer to the Levy basin.
    ",,,,12,4,0.17428150450235957,0.4101349414327875,0.5982736214774225,0.6337722126287005,0.7091062793329163,0.7943780329067472,0.7685902903944339,0.9709551547236273
"import numpy as np

def problem(x: np.ndarray) -> float:
    """"""
    A synthetic 4-dimensional benchmark function combining Gaussian functions and polynomial interactions,
    designed to exhibit specific ELA features.

    Formula:
    f(x) = sum(a_i * exp(-||x - c_i||^2 / (2 * sigma_i^2))) + polynomial_interactions(x)

    Components:
    - Gaussian functions:  Introduce modality and local structure around centers c_i.
    - polynomial_interactions:  Capture complex pairwise interactions.
    """"""

    def gaussian_term(x, center, amplitude, sigma):
        """"""Gaussian function.""""""
        return amplitude * np.exp(-np.sum((x - center)**2) / (2 * sigma**2))

    def polynomial_interactions(x):
        """"""Polynomial interactions for complexity.""""""
        return 0.03 * (x[0] * x[1] + x[2] * x[3] - x[0]**2 + 0.5 * x[1]**3)

    # Define Gaussian parameters (centers, amplitudes, sigmas)
    centers = np.array([[1.0, -1.0, 0.5, -0.5],
                        [-0.5, 0.5, -1.0, 1.0],
                        [0.2, -0.8, 1.2, -0.3]])
    amplitudes = np.array([0.1, 0.08, 0.12])
    sigmas = np.array([0.7, 0.9, 0.6])

    gaussian_sum = np.sum([gaussian_term(x, centers[i], amplitudes[i], sigmas[i]) for i in range(len(centers))])

    return gaussian_sum + polynomial_interactions(x)",0.9890157179003609,"
    A synthetic 4-dimensional benchmark function combining Gaussian functions and polynomial interactions,
    designed to exhibit specific ELA features.

    Formula:
    f(x) = sum(a_i * exp(-||x - c_i||^2 / (2 * sigma_i^2))) + polynomial_interactions(x)

    Components:
    - Gaussian functions:  Introduce modality and local structure around centers c_i.
    - polynomial_interactions:  Capture complex pairwise interactions.
    ",,,,13,4,0.14469046451392412,0.5500384646094643,0.39066644090782826,0.6279371762241838,0.6265837270374142,0.8066451743145604,0.6992029293206389,0.9999804656488593
"import numpy as np

def problem(x: np.ndarray) -> float:
    """"""
    A synthetic 4-dimensional benchmark function designed to exhibit specific Exploratory Landscape Analysis (ELA) features.

    The function combines a skewed sine term, a product of absolute differences, and a polynomial term scaled with a constant.

    Formula:
        f(x) = a * sin(b * sum(x) + c) + d * prod(abs(x - center)) + e * sum(x**3)

    Components:
        - Sine Term: Introduces skewness due to non-linearity and oscillations.
        - Product of Absolute Differences: Creates a rugged landscape with sharp changes around the 'center'.
        - Cubic Term: Introduces additional skewness and complexity.
    """"""
    n = len(x)
    if n != 4:
        raise ValueError(""Function only defined for 4 dimensions."")

    # Parameters to control the behavior of each term
    a = 0.15  # Amplitude of the sine wave
    b = 0.2  # Frequency of the sine wave
    c = 1.0  # Phase shift of the sine wave
    d = 0.005   # Scaling factor for the product of absolute differences
    e = 0.001 # Scaling of the cubic terms
    center = np.array([0.5, -0.2, 1.0, -0.8])  # Center point for the absolute differences

    # Sine term
    sine_term = a * np.sin(b * np.sum(x) + c)

    # Product of absolute differences
    product_term = d * np.prod(np.abs(x - center))

    # Polynomial term
    cubic_term = e * np.sum(x**3)

    return sine_term + product_term + cubic_term",0.7161884168735041,"
    A synthetic 4-dimensional benchmark function designed to exhibit specific Exploratory Landscape Analysis (ELA) features.

    The function combines a skewed sine term, a product of absolute differences, and a polynomial term scaled with a constant.

    Formula:
        f(x) = a * sin(b * sum(x) + c) + d * prod(abs(x - center)) + e * sum(x**3)

    Components:
        - Sine Term: Introduces skewness due to non-linearity and oscillations.
        - Product of Absolute Differences: Creates a rugged landscape with sharp changes around the 'center'.
        - Cubic Term: Introduces additional skewness and complexity.
    ",,,,13,4,0.35750309590071067,0.11723778220383424,0.5580097044884182,0.6334071997271865,0.18144086972030807,0.2291057242036941,0.5353886856452336,0.8721707540567804
"import numpy as np

def problem(x: np.ndarray) -> float:
    """"""
    A synthetic 4-dimensional benchmark function combining trigonometric modulation,
    quartic components, and interaction terms to achieve desired ELA characteristics.

    Formula:
        f(x) = a * sum(x**4) + b * prod(cos(c * x)) * sum(x[:3]) + d * exp(-e * sum(x[1:]**2))

    Components:
        - Quartic Term: Provides a baseline multimodal landscape.
        - Modulated Sum Term: Introduces interactions and oscillations; the product
                              of cosines acts as a modulator, impacting the overall shape.
        - Exponential Term: Provide local bias.
    """"""
    a = 0.01
    b = 0.1
    c = 0.2
    d = 0.2
    e = 0.1

    n = len(x)
    if n != 4:
        raise ValueError(""Function only defined for 4 dimensions."")

    term1 = a * np.sum(x**4)
    term2 = b * np.prod(np.cos(c * x)) * np.sum(x[:3])
    term3 = d * np.exp(-e * np.sum(x[1:]**2)) # exponential centered on x[1:] components

    return term1 + term2 + term3",1.1923078361819288,"
    A synthetic 4-dimensional benchmark function combining trigonometric modulation,
    quartic components, and interaction terms to achieve desired ELA characteristics.

    Formula:
        f(x) = a * sum(x**4) + b * prod(cos(c * x)) * sum(x[:3]) + d * exp(-e * sum(x[1:]**2))

    Components:
        - Quartic Term: Provides a baseline multimodal landscape.
        - Modulated Sum Term: Introduces interactions and oscillations; the product
                              of cosines acts as a modulator, impacting the overall shape.
        - Exponential Term: Provide local bias.
    ",,,,13,4,0.2139182077335742,0.10105330224710109,0.9419880232287446,0.4142831995640305,0.005047154023165912,0.023169883581636488,0.9215141696216071,0.9239258416761231
"import numpy as np

def problem(x: np.ndarray) -> float:
    """"""
    A 4-dimensional synthetic benchmark function combining polynomial features, trigonometric components,
    interaction terms, and a hyperbolic tangent to introduce skewness and boundary control.

    Formula:
        f(x) = tanh(a * x[0]**3 + b * sum(x**2) + c * prod(cos(x)) + d * x[1]*x[2]*x[3] + e * x[0])

    Components:
        - Cubic Term (x[0]**3): Generates skewness.
        - Quadratic Term (sum(x**2)): Creates a bowl-shaped component.
        - Trigonometric Product (prod(cos(x))): Introduces oscillations and interactions.
        - Interaction Term (x[1]*x[2]*x[3]): Couples variables non-linearly.
        - Linear Term (x[0]): Adds a linear bias.
        - Hyperbolic Tangent (tanh): Bounds the function output, preventing extreme values and controlling skew.
    """"""
    a = 0.05
    b = 0.01
    c = 0.1
    d = 0.02
    e = 0.01

    term1 = a * x[0]**3  # Skewed cubic term
    term2 = b * np.sum(x**2)  # Quadratic term
    term3 = c * np.prod(np.cos(x))  # Trigonometric product
    term4 = d * x[1] * x[2] * x[3]  # Interaction term
    term5 = e * x[0]  # Linear term
    return np.tanh(term1 + term2 + term3 + term4 + term5)",1.1069507773627867,"
    A 4-dimensional synthetic benchmark function combining polynomial features, trigonometric components,
    interaction terms, and a hyperbolic tangent to introduce skewness and boundary control.

    Formula:
        f(x) = tanh(a * x[0]**3 + b * sum(x**2) + c * prod(cos(x)) + d * x[1]*x[2]*x[3] + e * x[0])

    Components:
        - Cubic Term (x[0]**3): Generates skewness.
        - Quadratic Term (sum(x**2)): Creates a bowl-shaped component.
        - Trigonometric Product (prod(cos(x))): Introduces oscillations and interactions.
        - Interaction Term (x[1]*x[2]*x[3]): Couples variables non-linearly.
        - Linear Term (x[0]): Adds a linear bias.
        - Hyperbolic Tangent (tanh): Bounds the function output, preventing extreme values and controlling skew.
    ",,,,13,4,0.12716034320718891,0.004801646548315601,0.2787156008232931,0.8549306958103088,0.8393357145533135,0.8400455276597035,0.8548071144068331,0.8622299173172635
"import numpy as np

def problem(x: np.ndarray) -> float:
    """"""
    A synthetic 4-dimensional benchmark function designed to exhibit specific Exploratory Landscape Analysis (ELA) features.

    The function combines inverse quadratic terms, a linear term, and an exponential term.

    Formula:
        f(x) = a / (1 + sum((x_i - c_i)^2)) + b @ x + scale * exp(-sum(x_i^2) / sigma^2)

    Components:
        - Inverse Quadratic Term: Creates local optima and influences landscape ruggedness with location shift.
        - Linear Term (b @ x): Introduces a global bias.
        - Exponential Term: Introduces skewness and local optimum.
    """"""
    a = 5.0
    b = np.array([0.1, -0.2, 0.3, -0.1])
    c = np.array([1.0, -0.5, 0.5, -1.0])  # Shift for inverse quadratic term
    scale = 2.0 # for modulating exponential term shape
    sigma = 2.0 # for modulating exponential term shape

    return a / (1 + np.sum((x - c)**2)) + b @ x + scale * np.exp(-np.sum(x**2) / sigma**2)",1.2545143037588509,"
    A synthetic 4-dimensional benchmark function designed to exhibit specific Exploratory Landscape Analysis (ELA) features.

    The function combines inverse quadratic terms, a linear term, and an exponential term.

    Formula:
        f(x) = a / (1 + sum((x_i - c_i)^2)) + b @ x + scale * exp(-sum(x_i^2) / sigma^2)

    Components:
        - Inverse Quadratic Term: Creates local optima and influences landscape ruggedness with location shift.
        - Linear Term (b @ x): Introduces a global bias.
        - Exponential Term: Introduces skewness and local optimum.
    ",,,,13,4,0.14259112859154535,0.32559307471205573,0.6781527405668744,0.7924170533701627,0.9383545911070165,0.938345859029651,0.9578072998431097,0.9708376300370372
"import numpy as np

def problem(x: np.ndarray) -> float:
    """"""
    A synthetic 4-dimensional benchmark function combining polynomial, interaction, exponential, and trigonometric elements to achieve target ELA features.

    Formula:
    f(x) = a * sum(x_i^4) + b * x @ Q @ x + c * exp(d * (sum(x) + 5)) + e * sum(cos(f * x_i)) + g * x[0]^3 * x[1]

    Components:
        - Polynomial Term (x_i^4): Introduces a steeper gradient.
        - Quadratic Term (x @ Q @ x): Captures interactions between variables.
        - Exponential Term: Induces skewness.
        - Trigonometric Term: Adds local optima and ruggedness.
        - Interaction term: Adds asymmetry.
        - Q: A symmetric matrix defining the quadratic form.
    """"""
    a = 0.005  # Polynomial coefficient
    b = 0.02 # Quadratic coefficient
    c = 0.01 # Exponential scaling factor
    d = 0.1 # Exponential rate
    e = 0.002 # Trigonometric coeff
    f = 1.0 #Trigonometric frequency
    g = 0.01 # Skewed interaction

    n = len(x)
    if n != 4:
        raise ValueError(""Function only defined for 4 dimensions."")

    # Symmetric matrix Q
    Q = np.array([[ 0.2, -0.1,  0.05,  0.1],
                  [-0.1,  0.3, -0.08, -0.05],
                  [ 0.05, -0.08,  0.15,  0.06],
                  [ 0.1, -0.05,  0.06,  0.25]])

    # Polynomial term
    term1 = a * np.sum(x**4)

    # Quadratic term
    term2 = b * x @ Q @ x

    # Exponential term
    term3 = c * np.exp(d * (np.sum(x) + 5))

    # Trigonometric term
    term4 = e * np.sum(np.cos(f * x))

    # Interaction term
    term5 = g * x[0]**3 * x[1]

    return term1 + term2 + term3 + term4 + term5",0.68251780671958,"
    A synthetic 4-dimensional benchmark function combining polynomial, interaction, exponential, and trigonometric elements to achieve target ELA features.

    Formula:
    f(x) = a * sum(x_i^4) + b * x @ Q @ x + c * exp(d * (sum(x) + 5)) + e * sum(cos(f * x_i)) + g * x[0]^3 * x[1]

    Components:
        - Polynomial Term (x_i^4): Introduces a steeper gradient.
        - Quadratic Term (x @ Q @ x): Captures interactions between variables.
        - Exponential Term: Induces skewness.
        - Trigonometric Term: Adds local optima and ruggedness.
        - Interaction term: Adds asymmetry.
        - Q: A symmetric matrix defining the quadratic form.
    ",,,,13,4,0.2754430166622175,0.05364777754672868,0.4577267377809842,0.535184037434117,0.007304599424456895,0.3147438391628555,0.593664496063443,0.894582949449089
"import numpy as np

def problem(x: np.ndarray) -> float:
    """"""
    A synthetic benchmark function combining radial basis functions (RBFs) and a linear trend to create a tunable landscape.

    The function is composed of several RBFs with varying centers and a linear term to control the overall trend.

    Formula:
        f(x) = sum(a_i * exp(-||x - c_i||^2 / (2 * sigma_i^2))) + b @ x + offset

    Components:
        - RBFs:  Create local optima and influence landscape ruggedness.
        - Linear Term (b @ x): Introduces a global trend and skewness.
        - a_i: Amplitude of each RBF.
        - c_i: Center of each RBF.
        - sigma_i: Standard deviation (width) of each RBF.
        - b: Coefficients for the linear term.
        - offset: Constant offset.
    """"""
    n = len(x)
    if n != 4:
        raise ValueError(""Function only defined for 4 dimensions."")

    # RBF parameters (amplitudes, centers, widths)
    a = np.array([0.8, 0.6, 0.7, 0.9])
    c = np.array([[1.0, -1.0, 0.5, -0.5],
                  [-1.0, 0.5, -0.5, 1.0],
                  [0.5, -0.5, 1.0, -1.0],
                  [-0.5, 1.0, -1.0, 0.5]])
    sigma = np.array([0.5, 0.7, 0.6, 0.4])

    # Linear trend parameters
    b = np.array([0.1, -0.05, 0.02, -0.01])
    offset = 0.1

    # Calculate RBF terms
    rbf_terms = np.array([a[i] * np.exp(-np.sum((x - c[i])**2) / (2 * sigma[i]**2)) for i in range(len(a))])

    # Calculate linear term
    linear_term = b @ x

    return np.sum(rbf_terms) + linear_term + offset",1.3376383862684127,"
    A synthetic benchmark function combining radial basis functions (RBFs) and a linear trend to create a tunable landscape.

    The function is composed of several RBFs with varying centers and a linear term to control the overall trend.

    Formula:
        f(x) = sum(a_i * exp(-||x - c_i||^2 / (2 * sigma_i^2))) + b @ x + offset

    Components:
        - RBFs:  Create local optima and influence landscape ruggedness.
        - Linear Term (b @ x): Introduces a global trend and skewness.
        - a_i: Amplitude of each RBF.
        - c_i: Center of each RBF.
        - sigma_i: Standard deviation (width) of each RBF.
        - b: Coefficients for the linear term.
        - offset: Constant offset.
    ",,,,13,4,0.1518964723181577,0.37134920809113636,0.6901552271606103,0.7857642145526839,0.9952757845378426,0.9952597831014312,0.995387250877674,0.9955261055042535
"import numpy as np

def problem(x: np.ndarray) -> float:
    """"""
    A synthetic 4-dimensional benchmark function targeting specific ELA features.

    This function combines a product of sigmoids for a non-linear, potentially multimodal landscape,
    a sum of squared differences from a target point to introduce a global structure,
    and a cross-term interaction for complexity.

    Formula:
    f(x) = a * prod(sigmoid(b * x_i + c)) + d * sum((x_i - t_i)^2) + e * x[0]*x[1]*x[2]*x[3]

    Components:
    - Sigmoid Product: Creates a complex, non-linear landscape potentially with multiple local optima.
    - Squared Difference: Introduces a global structure, attracting towards a target point t.
    - Cross-Term Interaction: Adds interactions between all variables.
    - a, b, c, d, e: Constants to adjust the contributions of each term.
    - t: vector of target values.
    """"""
    n = len(x)
    if n != 4:
        raise ValueError(""Function only defined for 4 dimensions."")

    a = 0.1  # Overall scaling
    b = 1.0  # Sigmoid steepness
    c = 0.5  # Sigmoid shift
    d = 0.02 # Attraction strength to taget
    e = 0.005 # cross-term interaction

    t = np.array([1.0, -0.5, 0.2, -1.0])  # Target point for sum of squares term

    # Sigmoid product
    sigmoid_term = np.prod(1 / (1 + np.exp(-b * x - c)))

    # Sum of squared differences
    sq_diff_term = np.sum((x - t)**2)

    # Cross-term interaction
    cross_term = x[0] * x[1] * x[2] * x[3]

    return a * sigmoid_term + d * sq_diff_term + e * cross_term",0.9095055453532539,"
    A synthetic 4-dimensional benchmark function targeting specific ELA features.

    This function combines a product of sigmoids for a non-linear, potentially multimodal landscape,
    a sum of squared differences from a target point to introduce a global structure,
    and a cross-term interaction for complexity.

    Formula:
    f(x) = a * prod(sigmoid(b * x_i + c)) + d * sum((x_i - t_i)^2) + e * x[0]*x[1]*x[2]*x[3]

    Components:
    - Sigmoid Product: Creates a complex, non-linear landscape potentially with multiple local optima.
    - Squared Difference: Introduces a global structure, attracting towards a target point t.
    - Cross-Term Interaction: Adds interactions between all variables.
    - a, b, c, d, e: Constants to adjust the contributions of each term.
    - t: vector of target values.
    ",,,,13,4,0.32266005617855076,0.14065877143213473,0.22329558934974386,0.6643536875579348,0.16188404915157542,0.17633281412876528,0.571474534802367,0.6123001662821591
"import numpy as np

def problem(x: np.ndarray) -> float:
    """"""
    A synthetic benchmark function designed to mimic specific ELA features by combining distance-based terms, polynomial terms, and a product of sines.

    Formula:
    f(x) = a * ||x - center1||^2 + b * ||x - center2||^4 + c * (x[0]^2 + x[1]^3 + x[2]^4 + x[3]^5) + d * prod(sin(e * x_i))

    where x_i are the elements of the input vector x, ||.|| denotes the Euclidean norm, 'center1' and 'center2' are fixed vectors, and a,b,c,d, e are constants.
    """"""
    a = 0.1
    b = 0.05
    c = 0.2
    d = 0.3
    e = 1.0
    center1 = np.array([1.0, -0.5, 2.0, -1.5])  # Fixed center
    center2 = np.array([-1.0, 1.5, -2.0, 0.5]) # Fixed center

    n = len(x)
    if n != 4:
        raise ValueError(""Function only defined for 4 dimensions."")

    term1 = a * np.sum((x - center1)**2)  # Distance-based quadratic
    term2 = b * np.sum((x - center2)**4)  # Distance-based quartic

    term3 = c * (x[0]**2 + x[1]**3 + x[2]**4 + x[3]**5)  #Polynomial
    term4 = d * np.prod(np.sin(e * x)) # Product of sines.
    return term1 + term2 + term3 + term4",1.0039668525155105,"
    A synthetic benchmark function designed to mimic specific ELA features by combining distance-based terms, polynomial terms, and a product of sines.

    Formula:
    f(x) = a * ||x - center1||^2 + b * ||x - center2||^4 + c * (x[0]^2 + x[1]^3 + x[2]^4 + x[3]^5) + d * prod(sin(e * x_i))

    where x_i are the elements of the input vector x, ||.|| denotes the Euclidean norm, 'center1' and 'center2' are fixed vectors, and a,b,c,d, e are constants.
    ",,,,13,4,0.1743576411999662,0.5654173196880576,0.52577670019027,0.6138518819840251,0.6307966068196686,0.6364725514854684,0.7083281110534366,0.981991602031901
"import numpy as np

def problem(x: np.ndarray) -> float:
    """"""
    A synthetic benchmark function combining polynomial and sigmoid functions coupled with cubic terms and with a final linear term for increased complexity.

    Formula:
    f(x) = a * sum(x**4) +  sum(logistic(b*x_i) * x_i**3) + c * x[0]
    where x_i are the elements of the input vector x, logistic(x) = 1 / (1 + exp(-x)), and a, b, c are constants.
    """"""
    a = 0.1
    b = 0.2
    c = 0.05

    n = len(x)

    term1 = a * np.sum(x**4)  # Polynomial term

    term2 = 0.0
    for i in range(n):
      term2 += (1 / (1 + np.exp(-b * x[i]))) * (x[i]**3) # Sigmoid * cubic

    term3 = c * x[0] # linear

    return term1 + term2 + term3",0.958866100347296,"
    A synthetic benchmark function combining polynomial and sigmoid functions coupled with cubic terms and with a final linear term for increased complexity.

    Formula:
    f(x) = a * sum(x**4) +  sum(logistic(b*x_i) * x_i**3) + c * x[0]
    where x_i are the elements of the input vector x, logistic(x) = 1 / (1 + exp(-x)), and a, b, c are constants.
    ",,,,13,4,0.24437575337458503,0.03313581129906619,0.886473165508254,0.5862625713110368,0.41109073952016895,0.42150715488588403,0.8884942752315288,0.9616318327662902
"import numpy as np

def problem(x: np.ndarray) -> float:
    """"""
    A synthetic benchmark function designed to mimic specific ELA features, combining polynomial, trigonometric, and interaction elements.

    Formula:
    f(x) = a * sum(x_i^4) + b * sum(cos(c * x_i)) + d * sum(x_i * x_j) + e * x[0]^3*x[1] + g * ||x||^2 + h * sum(sin(x_i)*x_{i+1}),
    where x_i are the elements of the input vector x, ||x|| is the Euclidean norm, and a,b,c,d,e, g, h are constants. Adressing boundary issues, sin() is used instead of cos where large values appear. Last component includes a circular dependency x_{n+1} = x_1.
    """"""
    a = 0.05
    b = 0.1
    c = 1.0
    d = 0.1
    e = 0.3
    g = 0.05
    h = 0.03

    n = len(x)

    term1 = a * np.sum(x**4)
    term2 = b * np.sum(np.cos(c * x))

    term3 = 0.0
    for i in range(n):
        for j in range(i + 1, n):
            term3 += x[i] * x[j]
    term3 *= d

    term4 = e * x[0]**3 * x[1]

    term5 = g * np.sum(x**2) # Euclidean norm squared

    term6 = 0.0
    for i in range(n):
      term6 += np.sin(x[i]) * x[(i+1) % n]
    term6 *= h

    return term1 + term2 + term3 + term4 + term5 + term6",0.5766897344141674,"
    A synthetic benchmark function designed to mimic specific ELA features, combining polynomial, trigonometric, and interaction elements.

    Formula:
    f(x) = a * sum(x_i^4) + b * sum(cos(c * x_i)) + d * sum(x_i * x_j) + e * x[0]^3*x[1] + g * ||x||^2 + h * sum(sin(x_i)*x_{i+1}),
    where x_i are the elements of the input vector x, ||x|| is the Euclidean norm, and a,b,c,d,e, g, h are constants. Adressing boundary issues, sin() is used instead of cos where large values appear. Last component includes a circular dependency x_{n+1} = x_1.
    ",,,,14,4,0.2527110645591681,0.4802069454066242,0.30412081416145126,0.6317668833003249,0.009878847802585992,0.7218118480133431,0.15049437577690275,0.8626279878236754
"import numpy as np

def problem(x: np.ndarray) -> float:
    """"""
    A synthetic benchmark function designed to mimic specific ELA features.
    This function combines a modified Rosenbrock-like structure, polynomial terms,
    and a scaled sinusoidal component.

    Formula:
    f(x) = sum(b * (x[i+1] - a * x[i]**2)**2 + (1 - x[i])**2) + c * sum(x**4) + d * sin(e * sum(x)),
    where x_i are the elements of the input vector x, and a, b, c, d, and e are constants.
    """"""
    n = len(x)
    a = 1.0  # Rosenbrock parameter
    b = 10.0 # Rosenbrock parameter
    c = 0.003  # Polynomial scaling factor (reduced from previous value)
    d = 0.1  # Sinusoidal scaling factor (reduced from previous value)
    e = 0.5  # Sinusoidal frequency scaling factor

    term1 = np.sum(b * (x[1:] - a * x[:-1]**2)**2 + (1 - x[:-1])**2) # Rosenbrock-like term
    term2 = c * np.sum(x**4) # Polynomial term
    term3 = d * np.sin(e * np.sum(x)) # Sinusoidal term

    return term1 + term2 + term3",1.0093550816602181,"
    A synthetic benchmark function designed to mimic specific ELA features.
    This function combines a modified Rosenbrock-like structure, polynomial terms,
    and a scaled sinusoidal component.

    Formula:
    f(x) = sum(b * (x[i+1] - a * x[i]**2)**2 + (1 - x[i])**2) + c * sum(x**4) + d * sin(e * sum(x)),
    where x_i are the elements of the input vector x, and a, b, c, d, and e are constants.
    ",,,,14,4,0.2653010144795876,0.008534884540318081,0.8078280799602324,0.5735461517620168,0.15833777106808128,0.17370879405417086,0.9105340721809119,0.9455639651013401
"import numpy as np

def problem(x: np.ndarray) -> float:
    """"""
    A synthetic 4-dimensional benchmark function designed to exhibit specific Exploratory Landscape Analysis (ELA) features.

    The function combines a skewed exponential term, a Rosenbrock-like term (but simplified), and a linear term to control skewness and landscape ruggedness.

    Formula:
        f(x) = exp(0.1 * (sum(x) + 10)) + sum(100.0 * (x[1:] - x[:-1]**2)**2 + (1 - x[:-1])**2) + b @ x

    Components:
        - Exponential Term: Introduces skewness.
        - Simplified Rosenbrock Term: Creates a complex, rugged landscape.
        - Linear Term (b @ x): Introduces additional complexity and bias.
        - b: Linear coefficients.
    """"""
    n = len(x)
    if n != 4:
        raise ValueError(""Function only defined for 4 dimensions."")

    # Define a vector b to control the linear component
    b = np.array([-0.2, -0.15, -0.1, -0.05])

    # Exponential term for skew
    exp_term = np.exp(0.1 * (np.sum(x) + 10))

    # Simplified Rosenbrock term
    rosenbrock_term = np.sum(100.0 * (x[1:] - x[:-1]**2)**2 + (1 - x[:-1])**2)


    # Linear term
    linear_term = b @ x

    return exp_term + rosenbrock_term + linear_term",0.9918148562328687,"
    A synthetic 4-dimensional benchmark function designed to exhibit specific Exploratory Landscape Analysis (ELA) features.

    The function combines a skewed exponential term, a Rosenbrock-like term (but simplified), and a linear term to control skewness and landscape ruggedness.

    Formula:
        f(x) = exp(0.1 * (sum(x) + 10)) + sum(100.0 * (x[1:] - x[:-1]**2)**2 + (1 - x[:-1])**2) + b @ x

    Components:
        - Exponential Term: Introduces skewness.
        - Simplified Rosenbrock Term: Creates a complex, rugged landscape.
        - Linear Term (b @ x): Introduces additional complexity and bias.
        - b: Linear coefficients.
    ",,,,14,4,0.26547848672129387,0.00812756236091171,0.7366019362625665,0.5805721790622803,0.15768479988764367,0.17306769803010524,0.9098201347394477,0.9451414122482107
"import numpy as np

def problem(x: np.ndarray) -> float:
    """"""
    A synthetic 4-dimensional benchmark function combining a sum of cosines, a product of squared terms, and polynomial interactions,
    designed to exhibit specific ELA features.

    Formula:
    f(x) = cosine_term(x) + squared_product_term(x) + polynomial_interactions(x)

    Components:
    - cosine_term: Introduces non-linearity and some skewness through cosine functions with varying frequencies.
    - squared_product_term: Creates a complex, multimodal surface with different scales for each dimension.
    - polynomial_interactions: Polynomial terms with varying degrees to introduce complex interactions and control quadratic properties including asymmetry.
    """"""

    def cosine_term(x):
        """"""Sum of cosine functions to introduce non-linearity.""""""
        frequencies = np.array([1.5, 0.7, 1.1, 0.9])
        return np.sum(np.cos(frequencies * x))

    def squared_product_term(x):
        """"""Product of squared terms to create multi-modality.""""""
        scales = np.array([0.3, 0.5, 0.7, 0.9])
        return np.prod((x * scales)**2 + 0.1) # Adding a small constant avoids zero values in gradient

    def polynomial_interactions(x):
        """"""Polynomial interactions with varying degrees.""""""
        return (x[0] * x[1]**2) - (x[2]**3 * x[3]) + (x[0] * x[2] * x[3]) + x[0]**2 - x[1] * x[2] + (x[3]**2 + x[0]*x[3]) * x[1]


    return 0.05 * cosine_term(x) + 0.001 * squared_product_term(x) + 0.0009 * polynomial_interactions(x)",0.7158827269928921,"
    A synthetic 4-dimensional benchmark function combining a sum of cosines, a product of squared terms, and polynomial interactions,
    designed to exhibit specific ELA features.

    Formula:
    f(x) = cosine_term(x) + squared_product_term(x) + polynomial_interactions(x)

    Components:
    - cosine_term: Introduces non-linearity and some skewness through cosine functions with varying frequencies.
    - squared_product_term: Creates a complex, multimodal surface with different scales for each dimension.
    - polynomial_interactions: Polynomial terms with varying degrees to introduce complex interactions and control quadratic properties including asymmetry.
    ",,,,14,4,0.44492156847719755,0.20649334679705933,0.3210441862797649,0.6097827903950385,0.022471333620062803,0.2593544593752726,0.16354128594970443,0.7211141552276283
"import numpy as np

def problem(x: np.ndarray) -> float:
    """"""
    A synthetic 4-dimensional benchmark function combining a sum of cosines, a shifted Rosenbrock-like term, and scaled polynomial terms,
    designed to exhibit specific ELA features.

    Formula:
    f(x) = cosine_term(x) + modified_rosenbrock(x) + scaled_polynomial(x)

    Components:
    - cosine_term: Introduces multi-modality and controlled interaction through cosine waves and scaling.
    - modified_rosenbrock: A modified version of the Rosenbrock function to induce non-separability and curvature.
    - scaled_polynomial: Weighted polynomial terms to introduce further non-linearity.  The scaling factor 0.1, and 0.01 help to constrain the fitness distance std.
    """"""

    def cosine_term(x):
        """"""Sum of cosine waves with varying frequencies and amplitudes.""""""
        return np.sum(np.cos(2 * x) + 0.5 * np.cos(x)) * 0.1

    def modified_rosenbrock(x):
        """"""Modified Rosenbrock function with shifted origin.""""""
        a = 1.0
        b = 100.0
        term1 = (a - (x[0] + 0.2))**2 + b * ((x[1] - (x[0] + 0.2)**2)**2)
        term2 = (a - (x[2] - 0.1))**2 + b * ((x[3] - (x[2] - 0.1)**2)**2)
        return 0.01*(term1 + term2)

    def scaled_polynomial(x):
        """"""Weighted polynomial terms to introduce non-linearity..""""""
        return 0.002*(x[0]**3 - x[1]*x[2]**2 + x[3]**4 - x[0]*x[1]*x[3])
        #return 0.001 * (x[0]**2 + 2*x[1]**3 -3*x[2]**2 + 4*x[3]**4)


    return cosine_term(x) + modified_rosenbrock(x) + scaled_polynomial(x)",1.0168671728368535,"
    A synthetic 4-dimensional benchmark function combining a sum of cosines, a shifted Rosenbrock-like term, and scaled polynomial terms,
    designed to exhibit specific ELA features.

    Formula:
    f(x) = cosine_term(x) + modified_rosenbrock(x) + scaled_polynomial(x)

    Components:
    - cosine_term: Introduces multi-modality and controlled interaction through cosine waves and scaling.
    - modified_rosenbrock: A modified version of the Rosenbrock function to induce non-separability and curvature.
    - scaled_polynomial: Weighted polynomial terms to introduce further non-linearity.  The scaling factor 0.1, and 0.01 help to constrain the fitness distance std.
    ",,,,14,4,0.24553540930886233,0.021145991764763974,0.7125094814364872,0.5454902029553245,0.08350527953696213,0.10179923194070443,0.8819630538755759,0.9364327570919442
"import numpy as np

def problem(x: np.ndarray) -> float:
    """"""
    A synthetic 4-dimensional benchmark function designed to exhibit specific Exploratory Landscape Analysis (ELA) features.

    The function combines a skewed exponential term, a polynomial term, and a linear term to control skewness and landscape ruggedness.

    Formula:
        f(x) = exp(0.1 * (sum(x) + 10)) + 0.1 * sum(x**4) + b @ x

    Components:
        - Exponential Term: Introduces skewness.
        - Polynomial Term (sum(x**4)): Creates a complex, rugged landscape.
        - Linear Term (b @ x): Introduces additional complexity and bias.
        - b: Linear coefficients.
    """"""
    n = len(x)
    if n != 4:
        raise ValueError(""Function only defined for 4 dimensions."")

    # Define a vector b to control linear components
    b = np.array([-0.2, -0.15, -0.05, -0.22])

    # Exponential term for skew
    exp_term = np.exp(0.1 * (np.sum(x) + 10))

    # Polynomial term
    poly_term = 0.1 * np.sum(x**4)

    # Linear term
    linear_term = b @ x

    return exp_term + poly_term + linear_term",1.194118170725187,"
    A synthetic 4-dimensional benchmark function designed to exhibit specific Exploratory Landscape Analysis (ELA) features.

    The function combines a skewed exponential term, a polynomial term, and a linear term to control skewness and landscape ruggedness.

    Formula:
        f(x) = exp(0.1 * (sum(x) + 10)) + 0.1 * sum(x**4) + b @ x

    Components:
        - Exponential Term: Introduces skewness.
        - Polynomial Term (sum(x**4)): Creates a complex, rugged landscape.
        - Linear Term (b @ x): Introduces additional complexity and bias.
        - b: Linear coefficients.
    ",,,,14,4,0.21369047086047938,0.09638482637746779,0.9467410086927042,0.41907066587805125,0.002978679149283438,0.023127550990503586,0.9251697936174091,0.9270802553186533
"import numpy as np

def problem(x: np.ndarray) -> float:
    """"""
    A synthetic 4-dimensional benchmark function designed to exhibit specific Exploratory Landscape Analysis (ELA) features.

    The function combines a skewed exponential term, a polynomial term, and a scaled sphere function to control skewness and landscape ruggedness.

    Formula:
        f(x) = exp(0.2 * (sum(x) + 10)) + 0.1 * sum(x**4) + 0.05 * sum(x**2)

    Components:
        - Exponential Term: Introduces skewness.
        - Polynomial Term (sum(x**4)):  Creates multimodality.
        - Scaled Sphere Function (sum(x**2)): Smooth bowl shape for global structure.
    """"""
    n = len(x)
    if n != 4:
        raise ValueError(""Function only defined for 4 dimensions."")

    # Exponential term for skew
    exp_term = np.exp(0.2 * (np.sum(x) + 10))

    # Polynomial term
    poly_term = 0.1 * np.sum(x**4)

    # Scaled sphere function
    sphere_term = 0.05 * np.sum(x**2)

    return exp_term + poly_term + sphere_term",1.0056665490302765,"
    A synthetic 4-dimensional benchmark function designed to exhibit specific Exploratory Landscape Analysis (ELA) features.

    The function combines a skewed exponential term, a polynomial term, and a scaled sphere function to control skewness and landscape ruggedness.

    Formula:
        f(x) = exp(0.2 * (sum(x) + 10)) + 0.1 * sum(x**4) + 0.05 * sum(x**2)

    Components:
        - Exponential Term: Introduces skewness.
        - Polynomial Term (sum(x**4)):  Creates multimodality.
        - Scaled Sphere Function (sum(x**2)): Smooth bowl shape for global structure.
    ",,,,14,4,0.28042061070225344,0.06292455727821393,0.9549585248986854,0.5168375344247189,0.14041621203364152,0.23419527464812137,0.8681900926786541,0.9429872764261077
"import numpy as np

def problem(x: np.ndarray) -> float:
    """"""
    A synthetic 4-dimensional benchmark function designed to exhibit specific Exploratory Landscape Analysis (ELA) features.

    The function combines a modified Rosenbrock-like term, a quadratic term with cross-terms, and a scaled sum of exponential terms to control landscape characteristics.

    Formula:
        f(x) = sum(a * (x[i+1] - x[i]**2)**2 + (1 - x[i])**2) + 0.5 * x @ Q @ x + sum(c * exp(-0.5 * (x - mu)**2))

    Components:
        - Modified Rosenbrock: Creates a banana-shaped valley and introduces non-separability.
        - Quadratic: Defines a base rugged landscape.
        - Sum of Exponentials: Adds local optima and affects the overall fitness distribution.
        - Q: A pre-defined symmetric matrix.
        - a: Rosenbrock coefficient
        - c: Exponential scaling factors
        - mu: exponential center location
    """"""
    n = len(x)
    if n != 4:
        raise ValueError(""Function only defined for 4 dimensions."")

    Q = np.array([[ 0.2, -0.1,  0.05,  0.01],
                  [-0.1,  0.3, -0.02, -0.03],
                  [ 0.05, -0.02,  0.11,  0.04],
                  [ 0.01, -0.03,  0.04,  0.08]])

    a = 2.5  # Rosenbrock coefficient

    # Modified Rosenbrock-like term
    rosenbrock_term = 0.0
    for i in range(n - 1):
        rosenbrock_term += a * (x[i+1] - x[i]**2)**2 + (1 - x[i])**2

    # Quadratic term
    quad_term = 0.5 * x @ Q @ x

    # Sum of exponentials (Gaussian peaks)
    exp_term = 0.0
    mu = np.array([[-1, 1, -2, 2], [0, 0, 0, 0]]) #centers of the gaussian peaks
    c = np.array([0.1, 0.05]) # scaling factors for each peak
    for j in range(len(c)):
        exp_term += c[j] * np.exp(-0.5 * np.sum((x - mu[j,:])**2))

    return rosenbrock_term + quad_term + exp_term",1.1013947926108414,"
    A synthetic 4-dimensional benchmark function designed to exhibit specific Exploratory Landscape Analysis (ELA) features.

    The function combines a modified Rosenbrock-like term, a quadratic term with cross-terms, and a scaled sum of exponential terms to control landscape characteristics.

    Formula:
        f(x) = sum(a * (x[i+1] - x[i]**2)**2 + (1 - x[i])**2) + 0.5 * x @ Q @ x + sum(c * exp(-0.5 * (x - mu)**2))

    Components:
        - Modified Rosenbrock: Creates a banana-shaped valley and introduces non-separability.
        - Quadratic: Defines a base rugged landscape.
        - Sum of Exponentials: Adds local optima and affects the overall fitness distribution.
        - Q: A pre-defined symmetric matrix.
        - a: Rosenbrock coefficient
        - c: Exponential scaling factors
        - mu: exponential center location
    ",,,,14,4,0.24303616074562875,0.04161617856816085,0.9143883198834438,0.49206479659559926,0.06660528240789547,0.08140863942410397,0.8941335520989517,0.9416032732651444
"import numpy as np

def problem(x: np.ndarray) -> float:
    """"""
    A synthetic 4-dimensional benchmark function designed to exhibit specific Exploratory Landscape Analysis (ELA) features.

    The function combines a skewed exponential term, a polynomial term including interactions,  and a linear term to control skewness and landscape ruggedness.

    Formula:
        f(x) = 0.01 * (0.8 * exp(0.1 * (sum(x**2) - np.mean(x) + 10)) + 0.5 * sum([x[i]*x[j] for i in range(len(x)) for j in range(len(x))])  + 1.5*np.sum(x))

    Components:
        - Exponential Term: Introduces skewness.  It considers squared values to modify the distribution.
        - Polynomial/Interaction Term:  creates a complex, rugged landscape by combining all pairwise product terms between variables.
        - Linear Term (sum(x)): Introduces a directional bias.
    """"""
    n = len(x)
    if n != 4:
        raise ValueError(""Function only defined for 4 dimensions."")

    # Exponential term for skew, incorporating squared values.
    exp_term = np.exp(0.1 * (np.sum(x**2) - np.mean(x) + 10))

    # Polynomial term with all pairwise variable interactions.
    interaction_term = sum([x[i]*x[j] for i in range(len(x)) for j in range(len(x))])


    # Linear term
    linear_term = np.sum(x)


    return 0.01*(0.8 * exp_term + 0.5 * interaction_term + 1.5*linear_term)",1.0438036490705107,"
    A synthetic 4-dimensional benchmark function designed to exhibit specific Exploratory Landscape Analysis (ELA) features.

    The function combines a skewed exponential term, a polynomial term including interactions,  and a linear term to control skewness and landscape ruggedness.

    Formula:
        f(x) = 0.01 * (0.8 * exp(0.1 * (sum(x**2) - np.mean(x) + 10)) + 0.5 * sum([x[i]*x[j] for i in range(len(x)) for j in range(len(x))])  + 1.5*np.sum(x))

    Components:
        - Exponential Term: Introduces skewness.  It considers squared values to modify the distribution.
        - Polynomial/Interaction Term:  creates a complex, rugged landscape by combining all pairwise product terms between variables.
        - Linear Term (sum(x)): Introduces a directional bias.
    ",,,,14,4,0.7915215393468892,0.0019993456576196103,0.9462985741135589,0.8235304117526517,0.012029289107287086,0.022108499222748983,0.36776105763277334,0.7545508954839698
"import numpy as np

def problem(x: np.ndarray) -> float:
    """"""
    A synthetic benchmark function designed to mimic specific ELA features, combining polynomial, trigonometric, and interaction elements.

    Formula:
    f(x) = a * sum(x_i^4) + b * sum(cos(c * x_i)) + d * sum(x_i * x_j) + e * x[0]^3*x[1] + g * x[0] + h * sum(sin(x_i)*x_{i+1}) + k * sum(sin(x_i * x_j)),
    where x_i are the elements of the input vector x, and a,b,c,d,e, g, h, k are constants. Adressing boundary issues, sin() is used instead of cos where large values appear. Last component includes a circular dependency x_{n+1} = x_1. Additional component captures interaction between x_i and x_j using sine
    """"""
    a = 0.001
    b = 0.002
    c = 1.0
    d = 0.2
    e = 0.2
    g = 0.001
    h = 0.1
    k = 0.1 # new interaction parameter

    n = len(x)

    term1 = a * np.sum(x**4)  # Polynomial term
    term2 = b * np.sum(np.cos(c * x))  # Trigonometric term

    term3 = 0.0
    for i in range(n):
        for j in range(i + 1, n):
            term3 += x[i] * x[j]
    term3 *= d  # Interaction term

    term4 = e * x[0]**3 * x[1] # Skewed interaction

    term5 = g * x[0] # simple linear component

    term6 = 0.0
    for i in range(n):
      term6 += np.sin(x[i]) * x[(i+1) % n]
    term6 *= h

    term7 = 0.0
    for i in range(n):
        for j in range(i + 1, n):
            term7 += np.sin(x[i] * x[j])
    term7 *= k  # Additional interaction term

    return term1 + term2 + term3 + term4 + term5 + term6 + term7",0.7904713797745648,"
    A synthetic benchmark function designed to mimic specific ELA features, combining polynomial, trigonometric, and interaction elements.

    Formula:
    f(x) = a * sum(x_i^4) + b * sum(cos(c * x_i)) + d * sum(x_i * x_j) + e * x[0]^3*x[1] + g * x[0] + h * sum(sin(x_i)*x_{i+1}) + k * sum(sin(x_i * x_j)),
    where x_i are the elements of the input vector x, and a,b,c,d,e, g, h, k are constants. Adressing boundary issues, sin() is used instead of cos where large values appear. Last component includes a circular dependency x_{n+1} = x_1. Additional component captures interaction between x_i and x_j using sine
    ",,,,15,4,0.15012545651554104,0.6662781051233282,0.23768992823850513,0.6493915828682234,0.007905763950693515,0.8649520356133414,0.014518643234121428,0.8690306821571903
"import numpy as np

def problem(x: np.ndarray) -> float:
    """"""
    A synthetic 4-dimensional benchmark function designed to exhibit specific Exploratory Landscape Analysis (ELA) features.

    The function combines a skewed exponential term, a full quadratic term,  and a linear term to control skewness and landscape ruggedness.

    Formula:
        f(x) = 0.015 * (1.2 * exp(0.15 * (sum(x) + 10)) + 0.8 * x @ Q @ x + 2*b @ x)

    Components:
        - Exponential Term: Introduces skewness.
        - Quadratic Term (x @ Q @ x):  Creates a complex, rugged landscape, controlled by Q.
        - Linear Term (b @ x): Introduces additional complexity and bias.
        - Q: A symmetric matrix to couple variables.
        - b: Linear coefficients.
    """"""
    n = len(x)
    if n != 4:
        raise ValueError(""Function only defined for 4 dimensions."")

    # Define a symmetric matrix Q and a vector b to control quadratic and linear components
    Q = np.array([[ 0.2, -0.3,  0.1,  0.2],
                  [-0.3,  0.2, -0.2, -0.1],
                  [ 0.1, -0.2,  0.1,  0.3],
                  [ 0.2, -0.1,  0.3,  0.2]])

    #Reduced to make it linear
    b = np.array([-0.02, -0.01, -0.005, -0.015])

    # Exponential term for skew
    exp_term = np.exp(0.15 * (np.sum(x) + 10))

    # Quadratic term
    quad_term = 0.8 * x @ Q @ x

    # Linear term
    linear_term = 2*b @ x

    return 0.015*(1.2 * exp_term + quad_term + linear_term)",0.5101773994559381,"
    A synthetic 4-dimensional benchmark function designed to exhibit specific Exploratory Landscape Analysis (ELA) features.

    The function combines a skewed exponential term, a full quadratic term,  and a linear term to control skewness and landscape ruggedness.

    Formula:
        f(x) = 0.015 * (1.2 * exp(0.15 * (sum(x) + 10)) + 0.8 * x @ Q @ x + 2*b @ x)

    Components:
        - Exponential Term: Introduces skewness.
        - Quadratic Term (x @ Q @ x):  Creates a complex, rugged landscape, controlled by Q.
        - Linear Term (b @ x): Introduces additional complexity and bias.
        - Q: A symmetric matrix to couple variables.
        - b: Linear coefficients.
    ",,,,15,4,0.29426276627968295,0.1875814534970249,0.6972388090579976,0.7716640964455032,0.3533261532345887,0.8853475345786084,0.5011258057814847,0.988073023379534
"import numpy as np

def problem(x: np.ndarray) -> float:
    """"""
    A synthetic 4-dimensional benchmark function designed to exhibit specific Exploratory Landscape Analysis (ELA) features.

    The function combines a skewed exponential term, a full quadratic term,  and a linear term to control skewness and landscape ruggedness.

    Formula:
        f(x) = 0.005 * (1.5 * exp(0.15 * (sum(x) + 10)) + 0.8 * x @ Q @ x + 2 * b @ x)

    Components:
        - Exponential Term: Introduces skewness.
        - Quadratic Term (x @ Q @ x):  Creates a complex, rugged landscape, controlled by Q.
        - Linear Term (b @ x): Introduces additional complexity and bias.
        - Q: A randomly generated symmetric matrix to couple variables.
        - b: Linear coefficients.
    """"""
    n = len(x)
    if n != 4:
        raise ValueError(""Function only defined for 4 dimensions."")

    # Define a symmetric matrix Q and a vector b to control quadratic and linear components
    Q = np.array([[ 0.1, -0.3,  0.1,  0.2],
                  [-0.3,  0.3, -0.2, -0.1],
                  [ 0.1, -0.2,  0.1,  0.3],
                  [ 0.2, -0.1,  0.3,  0.1]])

    b = np.array([-0.05, -0.03, -0.02, -0.04])

    # Exponential term for skew
    exp_term = np.exp(0.15 * (np.sum(x) + 10))

    # Quadratic term
    quad_term = 0.8 * x @ Q @ x

    # Linear term
    linear_term = 2 * b @ x

    return 0.005*(1.5 * exp_term + quad_term + linear_term)",0.5551443981699424,"
    A synthetic 4-dimensional benchmark function designed to exhibit specific Exploratory Landscape Analysis (ELA) features.

    The function combines a skewed exponential term, a full quadratic term,  and a linear term to control skewness and landscape ruggedness.

    Formula:
        f(x) = 0.005 * (1.5 * exp(0.15 * (sum(x) + 10)) + 0.8 * x @ Q @ x + 2 * b @ x)

    Components:
        - Exponential Term: Introduces skewness.
        - Quadratic Term (x @ Q @ x):  Creates a complex, rugged landscape, controlled by Q.
        - Linear Term (b @ x): Introduces additional complexity and bias.
        - Q: A randomly generated symmetric matrix to couple variables.
        - b: Linear coefficients.
    ",,,,15,4,0.30507172706519514,0.16640546976829898,0.5540783239451391,0.7931255888639054,0.4180647461953725,0.8897784897072285,0.5458020502254254,0.9849960984035976
"import numpy as np

def problem(x: np.ndarray) -> float:
    """"""
    A synthetic benchmark function designed to mimic specific ELA features, combining polynomial, trigonometric, and interaction elements.

    Formula:
    f(x) = a * sum(x_i^4) + b * sum(cos(c * x_i)) + d * sum(x_i * x_j) + e * x[0]^3*x[1] + g * x[0] + h * sum(sin(x_i)*x_{i+1}),
    where x_i are the elements of the input vector x, and a,b,c,d,e, g, h are constants. Adressing boundary issues, sin() is used instead of cos where large values appear. Last component includes a circular dependency x_{n+1} = x_1.
    """"""
    a = 0.01  # Reduced polynomial influence
    b = 0.02  # Increased trigonometric influence
    c = 1.5  # Change the frequency
    d = 0.08  # Increased interaction influence
    e = 0.15  # Increased skewed interaction
    g = 0.05  # Stonger linear factor
    h = 0.01 # Reduced trigonometric component

    n = len(x)

    term1 = a * np.sum(x**4)  # Polynomial term
    term2 = b * np.sum(np.cos(c * x))  # Trigonometric term

    term3 = 0.0
    for i in range(n):
        for j in range(i + 1, n):
            term3 += x[i] * x[j]
    term3 *= d  # Interaction term

    term4 = e * x[0]**3 * x[1] # Skewed interaction

    term5 = g * x[0] # simple linear component

    term6 = 0.0
    for i in range(n):
      term6 += np.sin(x[i]) * x[(i+1) % n]
    term6 *= h

    return term1 + term2 + term3 + term4 + term5 + term6",0.7250406109327876,"
    A synthetic benchmark function designed to mimic specific ELA features, combining polynomial, trigonometric, and interaction elements.

    Formula:
    f(x) = a * sum(x_i^4) + b * sum(cos(c * x_i)) + d * sum(x_i * x_j) + e * x[0]^3*x[1] + g * x[0] + h * sum(sin(x_i)*x_{i+1}),
    where x_i are the elements of the input vector x, and a,b,c,d,e, g, h are constants. Adressing boundary issues, sin() is used instead of cos where large values appear. Last component includes a circular dependency x_{n+1} = x_1.
    ",,,,15,4,0.19190134476841597,0.6131718839516713,0.2585726139960928,0.6529992892036693,0.008365730779392951,0.8315345744161201,0.03572740411373305,0.8580466041717835
"import numpy as np

def problem(x: np.ndarray) -> float:
    """"""
    A synthetic 4-dimensional benchmark function designed to exhibit specific Exploratory Landscape Analysis (ELA) features.

    The function combines a skewed exponential term, a full quadratic term,  and a linear term to control skewness and landscape ruggedness.

    Formula:
        f(x) = 0.01 * (1.5*exp(0.15 * (sum(x) + 10)) + 0.7 * x @ Q @ x + 1.5*b @ x)

    Components:
        - Exponential Term: Introduces skewness.
        - Quadratic Term (x @ Q @ x):  Creates a complex, rugged landscape, controlled by Q.
        - Linear Term (b @ x): Introduces additional complexity and bias.
        - Q: A symmetric matrix to couple variables.
        - b: Linear coefficients.
    """"""
    n = len(x)
    if n != 4:
        raise ValueError(""Function only defined for 4 dimensions."")

    # Define a symmetric matrix Q and a vector b to control quadratic and linear components
    Q = np.array([[ 0.1, -0.2,  0.05,  0.1],
                  [-0.2,  0.1, -0.1, -0.05],
                  [ 0.05, -0.1,  0.05,  0.15],
                  [ 0.1, -0.05,  0.15,  0.1]])

    b = np.array([-0.05, -0.03, -0.02, -0.04])

    # Exponential term for skew
    exp_term = np.exp(0.15 * (np.sum(x) + 10))

    # Quadratic term
    quad_term = 0.7 * x @ Q @ x

    # Linear term
    linear_term = 1.5 * b @ x

    return 0.01 * (1.5*exp_term + quad_term + linear_term)",0.8178840499985524,"
    A synthetic 4-dimensional benchmark function designed to exhibit specific Exploratory Landscape Analysis (ELA) features.

    The function combines a skewed exponential term, a full quadratic term,  and a linear term to control skewness and landscape ruggedness.

    Formula:
        f(x) = 0.01 * (1.5*exp(0.15 * (sum(x) + 10)) + 0.7 * x @ Q @ x + 1.5*b @ x)

    Components:
        - Exponential Term: Introduces skewness.
        - Quadratic Term (x @ Q @ x):  Creates a complex, rugged landscape, controlled by Q.
        - Linear Term (b @ x): Introduces additional complexity and bias.
        - Q: A symmetric matrix to couple variables.
        - b: Linear coefficients.
    ",,,,15,4,0.3502320333638598,0.10497808501956706,0.7657977501546248,0.8259776538179863,0.6131086443317807,0.9001040773360265,0.6995271309613253,0.9784329310070097
"import numpy as np

def problem(x: np.ndarray) -> float:
    """"""
    A synthetic benchmark function designed to mimic specific ELA features, combining polynomial, trigonometric, and interaction elements.

    Formula:
    f(x) = a * sum(x_i^4) + b * sum(cos(c * x_i)) + d * sum(x_i * x_j) + e * x[0]^3*x[1] + g * x[0] + h * sum(sin(x_i)*x_{i+1}),
    where x_i are the elements of the input vector x, and a,b,c,d,e, g, h are constants. Adressing boundary issues, sin() is used instead of cos where large values appear. Last component includes a circular dependency x_{n+1} = x_1.
    """"""
    a = 0.005
    b = 0.01
    c = 2.0
    d = 0.3  # Increased interaction strength
    e = 0.5 # Increased skewness effect
    g = 0.001
    h = 0.1

    n = len(x)

    term1 = a * np.sum(x**4)  # Polynomial term
    term2 = b * np.sum(np.cos(c * x))  # Trigonometric term

    term3 = 0.0
    for i in range(n):
        for j in range(i + 1, n):
            term3 += x[i] * x[j]
    term3 *= d  # Interaction term

    term4 = e * x[0]**3 * x[1] # Skewed interaction

    term5 = g * x[0] # simple linear component

    term6 = 0.0
    for i in range(n):
      term6 += np.sin(x[i]) * x[(i+1) % n]
    term6 *= h

    return term1 + term2 + term3 + term4 + term5 + term6",0.7893314286921189,"
    A synthetic benchmark function designed to mimic specific ELA features, combining polynomial, trigonometric, and interaction elements.

    Formula:
    f(x) = a * sum(x_i^4) + b * sum(cos(c * x_i)) + d * sum(x_i * x_j) + e * x[0]^3*x[1] + g * x[0] + h * sum(sin(x_i)*x_{i+1}),
    where x_i are the elements of the input vector x, and a,b,c,d,e, g, h are constants. Adressing boundary issues, sin() is used instead of cos where large values appear. Last component includes a circular dependency x_{n+1} = x_1.
    ",,,,15,4,0.15032555154175586,0.6697975602434662,0.24509162378481555,0.6607066671331439,0.008494099416173174,0.8546143577291948,0.015039071056561108,0.8593513103704162
"import numpy as np

def problem(x: np.ndarray) -> float:
    """"""
    A synthetic benchmark function with a combination of quadratic terms, interaction terms, and a radial basis.

    Formula:
    f(x) = a * sum(x_i^2) + b * sum(x_i * x_{i+1}) + c * exp(-d * ||x - center||^2) + e * x[0]^3 * x[1] + f * x[2]
    where x_i are the elements of the input vector x, ||.|| denotes the Euclidean norm, 'center' is a fixed vector, and a,b,c,d,e,f are constants.
    """"""
    a = 0.02 # Reduced quadratic term
    b = 0.4 # Increased interaction term
    c = 0.05 # Reduced RBF influence
    d = 0.5 # Increased Radial basis function exponent
    e = 0.02 # Increased skewness
    f = 0.01 # Increased linear
    center = np.array([1.0, -0.5, 2.0, -1.5])  # Fixed center for the radial basis function

    n = len(x)

    term1 = a * np.sum(x**2)  # Quadratic term
    term2 = 0.0
    for i in range(n - 1):
        term2 += x[i] * x[i+1]
    term2 *= b  # Interaction term
    term3 = c * np.exp(-d * np.sum((x - center)**2))  # Radial basis function
    term4 = e * x[0]**3 * x[1]  # Skewed interaction
    term5 = f * x[2] # simple linear component

    return term1 + term2 + term3 + term4 + term5",0.6357660346562253,"
    A synthetic benchmark function with a combination of quadratic terms, interaction terms, and a radial basis.

    Formula:
    f(x) = a * sum(x_i^2) + b * sum(x_i * x_{i+1}) + c * exp(-d * ||x - center||^2) + e * x[0]^3 * x[1] + f * x[2]
    where x_i are the elements of the input vector x, ||.|| denotes the Euclidean norm, 'center' is a fixed vector, and a,b,c,d,e,f are constants.
    ",,,,15,4,0.16499014913555557,0.4765202911772333,0.2607563042607499,0.6581527468000729,0.00492657931947884,0.9785756036336819,0.013389138970925717,0.9806022108838459
"import numpy as np

def problem(x: np.ndarray) -> float:
    """"""
    A synthetic 4-dimensional benchmark function designed to exhibit specific Exploratory Landscape Analysis (ELA) features.

    The function combines a skewed exponential term, a full quadratic term,  and a linear term to control skewness and landscape ruggedness.

    Formula:
        f(x) = 0.7*(exp(0.10 * (sum(x) + 10)) + 0.15 * x @ Q @ x + b @ x)

    Components:
        - Exponential Term: Introduces skewness.
        - Quadratic Term (x @ Q @ x):  Creates a complex, rugged landscape, controlled by Q.
        - Linear Term (b @ x): Introduces additional complexity and bias.
        - Q: A manually designed  symmetric matrix to couple variables.
        - b: Linear coefficients.
    """"""
    n = len(x)
    if n != 4:
        raise ValueError(""Function only defined for 4 dimensions."")

    # Define a symmetric matrix Q and a vector b to control quadratic and linear components
    Q = np.array([[ 0.39719645, -0.05535003,  0.02760387,  0.17015438],
                  [-0.05535003,  0.45794489, -0.01676747, -0.00260303],
                  [ 0.02760387, -0.01676747,  0.30918752,  0.02150701],
                  [ 0.17015438, -0.00260303,  0.02150701,  0.43451638]]) / 2

    b = np.array([-0.019465523, -0.013663213, -0.007293302, -0.025914074]) / 2

    # Exponential term for skew
    exp_term = np.exp(0.10 * (np.sum(x) + 10))

    # Quadratic term
    quad_term = 0.15 * x @ Q @ x

    # Linear term
    linear_term = b @ x

    return 0.7*(exp_term + quad_term + linear_term)",1.0359312972378896,"
    A synthetic 4-dimensional benchmark function designed to exhibit specific Exploratory Landscape Analysis (ELA) features.

    The function combines a skewed exponential term, a full quadratic term,  and a linear term to control skewness and landscape ruggedness.

    Formula:
        f(x) = 0.7*(exp(0.10 * (sum(x) + 10)) + 0.15 * x @ Q @ x + b @ x)

    Components:
        - Exponential Term: Introduces skewness.
        - Quadratic Term (x @ Q @ x):  Creates a complex, rugged landscape, controlled by Q.
        - Linear Term (b @ x): Introduces additional complexity and bias.
        - Q: A manually designed  symmetric matrix to couple variables.
        - b: Linear coefficients.
    ",,,,15,4,0.31339972065591765,0.043552259359708204,0.8926554359916073,0.8378212685534973,0.7388833102138957,0.8851830307505796,0.8566256205198743,0.9949552458416471
"import numpy as np

def problem(x: np.ndarray) -> float:
    """"""
    A synthetic 4-dimensional benchmark function combining a log-sum-exp term, a radial basis function, and polynomial interactions,
    designed to exhibit specific ELA features.

    Formula:
    f(x) = logsumexp_term(x) + rbf_term(x) + polynomial_interactions(x)

    Components:
    - logsumexp_term: Introduces skewness using the log-sum-exp trick.
    - rbf_term: Creates a radial bias around a fixed center to add local structure.
    - polynomial_interactions: Polynomial terms with varying degrees to introduce complex interactions.
    """"""

    def logsumexp_term(x):
        """"""Log-sum-exp to introduce skewness.""""""
        scaled_x = np.array([1.8 * x[0], 0.6 * x[1], 2.0 * x[2], 0.3 * x[3]])  # More asymmetric scaling
        return np.log(np.sum(np.exp(np.abs(scaled_x) + scaled_x**2)))

    def rbf_term(x):
        """"""Radial basis function creates a local bias.""""""
        center = np.array([1.2, -0.7, 0.5, -0.8])  # Refined center
        return -np.exp(-np.sum((x - center)**2) / 0.7)  # Inverted Gaussian RBF

    def polynomial_interactions(x):
        """"""Polynomial interactions with varying degrees.""""""
        return (
            0.8 * (x[0] * x[1]**2) +
            1.2 * (x[2]**3 * x[3]) -
            1.5 * (x[0] * x[2] * x[3]) +
            0.1 * (x[0]**2 + x[1] * x[2]) + #Weight reduction of non-interactions
            1.1 * ((x[3]**2) * x[1]) + #changed calculation slightly
            0.5 * (x[0] * x[1] * x[2] * x[3]) #Added more complex interaction
        )


    return 0.01 * logsumexp_term(x) + 0.001 * rbf_term(x) + 0.0002 * polynomial_interactions(x)",1.0762448082995775,"
    A synthetic 4-dimensional benchmark function combining a log-sum-exp term, a radial basis function, and polynomial interactions,
    designed to exhibit specific ELA features.

    Formula:
    f(x) = logsumexp_term(x) + rbf_term(x) + polynomial_interactions(x)

    Components:
    - logsumexp_term: Introduces skewness using the log-sum-exp trick.
    - rbf_term: Creates a radial bias around a fixed center to add local structure.
    - polynomial_interactions: Polynomial terms with varying degrees to introduce complex interactions.
    ",,,,15,4,0.16709688550924764,0.1404986069424563,0.7793113774134889,0.47464843075417107,0.0015805875905549626,0.045594076802200526,0.846143666492048,0.9589680362060484
"import numpy as np

def problem(x: np.ndarray) -> float:
    """"""
    A synthetic 4-dimensional benchmark function designed to exhibit specific Exploratory Landscape Analysis (ELA) features.

    The function combines a skewed exponential term, a full quadratic term,  and a linear term to control skewness and landscape ruggedness.

    Formula:
        f(x) = 0.003 * (1.5 * exp(0.15 * (sum(x) + 10)) + 1.5 * x @ Q @ x + b @ x)

    Components:
        - Exponential Term: Introduces skewness.
        - Quadratic Term (x @ Q @ x):  Creates a complex, rugged landscape, controlled by Q.
        - Linear Term (b @ x): Introduces additional complexity and bias.
        - Q: A randomly generated symmetric matrix to couple variables.
        - b: Linear coefficients.
    """"""
    n = len(x)
    if n != 4:
        raise ValueError(""Function only defined for 4 dimensions."")

    # Define a symmetric matrix Q and a vector b to control quadratic and linear components
    Q = np.array([[ 0.5, -0.3,  0.1,  0.2],
                  [-0.3,  0.6, -0.2, -0.1],
                  [ 0.1, -0.2,  0.4,  0.3],
                  [ 0.2, -0.1,  0.3,  0.5]]) * 0.1

    b = np.array([-0.05, -0.03, -0.02, -0.04]) / 2

    # Exponential term for skew
    exp_term = np.exp(0.15 * (np.sum(x) + 10))

    # Quadratic term
    quad_term = 1.5 * x @ Q @ x

    # Linear term
    linear_term = b @ x

    return 0.003 * (1.5 * exp_term + quad_term + linear_term)",0.9280711117424063,"
    A synthetic 4-dimensional benchmark function designed to exhibit specific Exploratory Landscape Analysis (ELA) features.

    The function combines a skewed exponential term, a full quadratic term,  and a linear term to control skewness and landscape ruggedness.

    Formula:
        f(x) = 0.003 * (1.5 * exp(0.15 * (sum(x) + 10)) + 1.5 * x @ Q @ x + b @ x)

    Components:
        - Exponential Term: Introduces skewness.
        - Quadratic Term (x @ Q @ x):  Creates a complex, rugged landscape, controlled by Q.
        - Linear Term (b @ x): Introduces additional complexity and bias.
        - Q: A randomly generated symmetric matrix to couple variables.
        - b: Linear coefficients.
    ",,,,15,4,0.379363980921317,0.032163599403698624,0.8889572172377468,0.8658303194796636,0.6663729907506769,0.8860616197574454,0.7567428740076542,0.9775674326624783
"import numpy as np

def problem(x: np.ndarray) -> float:
    """"""
    A synthetic benchmark function designed to mimic specific ELA features, combining polynomial, trigonometric, and interaction elements.

    Formula:
    f(x) = scale * (a * sum(x_i^4) + b * sum(cos(c * x_i)) + d * sum(x_i * x_j) + e * x[0]^3*x[1] + f * sum(x_i**2 * x_j**2) + g * x[0] + h * sum(sin(x_i)*x_{i+1})),
    where x_i are the elements of the input vector x, and a,b,c,d,e, f, g, h, and scale are constants. sin() is used, Adressing boundary issues, instead of cos where large values appear. Last component includes a circular dependency x_{n+1} = x_1.
    """"""
    scale = 0.005
    a = 0.1
    b = 0.2
    c = 1.0
    d = 0.3  # Increased interaction strength
    e = 0.5 # Increased skewness effect
    f = 0.1 # Added component for interaction
    g = 0.01
    h = 0.05

    n = len(x)

    term1 = a * np.sum(x**4)  # Polynomial term
    term2 = b * np.sum(np.cos(c * x))  # Trigonometric term

    term3 = 0.0
    for i in range(n):
        for j in range(i + 1, n):
            term3 += x[i] * x[j]
    term3 *= d  # Interaction term

    term4 = e * x[0]**3 * x[1] # Skewed interaction

    term5 = g * x[0] # simple linear component

    term6 = 0.0
    for i in range(n):
      term6 += np.sin(x[i]) * x[(i+1) % n]
    term6 *= h

    term7 = 0.0
    for i in range(n):
        for j in range(i+1, n):
            term7 += x[i]**2 * x[j]**2
    term7 *= f
    return scale * (term1 + term2 + term3 + term4 + term5 + term6 + term7)",0.5476054964996923,"
    A synthetic benchmark function designed to mimic specific ELA features, combining polynomial, trigonometric, and interaction elements.

    Formula:
    f(x) = scale * (a * sum(x_i^4) + b * sum(cos(c * x_i)) + d * sum(x_i * x_j) + e * x[0]^3*x[1] + f * sum(x_i**2 * x_j**2) + g * x[0] + h * sum(sin(x_i)*x_{i+1})),
    where x_i are the elements of the input vector x, and a,b,c,d,e, f, g, h, and scale are constants. sin() is used, Adressing boundary issues, instead of cos where large values appear. Last component includes a circular dependency x_{n+1} = x_1.
    ",,,,16,4,0.3082990986374464,0.17848191824278634,0.398305418281972,0.6109215229317133,0.008789404563819703,0.42989995086019267,0.48717817494224674,0.9211493081417687
"import numpy as np

def problem(x: np.ndarray) -> float:
    """"""
    A synthetic 4-dimensional benchmark function designed to exhibit specific Exploratory Landscape Analysis (ELA) features.

    The function combines a skewed exponential term, a quadratic term,  and a linear term to control skewness and landscape ruggedness.

    Formula:
        f(x) = 0.5*(exp(0.12 * (sum(x) + 10)) + 0.15 * x @ Q @ x + b @ x)

    Components:
        - Exponential Term: Introduces skewness.
        - Quadratic Term (x @ Q @ x):  Creates a complex, rugged landscape, controlled by Q.
        - Linear Term (b @ x): Introduces additional complexity and bias.
        - Q: A constant symmetric matrix to couple variables.
        - b: Linear coefficients.
    """"""
    n = len(x)
    if n != 4:
        raise ValueError(""Function only defined for 4 dimensions."")

    # Define a symmetric matrix Q and a vector b to control quadratic and linear components
    Q = np.array([[ 0.2, -0.1,  0.05,  0.1],
                  [-0.1,  0.3, -0.02, -0.08],
                  [ 0.05, -0.02,  0.15,  0.06],
                  [ 0.1, -0.08,  0.06,  0.18]])

    b = np.array([-0.02, -0.01, -0.01, -0.02])

    # Exponential term for skew
    exp_term = np.exp(0.12 * (np.sum(x) + 10))

    # Quadratic term
    quad_term = 0.15 * x @ Q @ x

    # Linear term
    linear_term = b @ x

    return 0.5*(exp_term + quad_term + linear_term)",1.0038289277124857,"
    A synthetic 4-dimensional benchmark function designed to exhibit specific Exploratory Landscape Analysis (ELA) features.

    The function combines a skewed exponential term, a quadratic term,  and a linear term to control skewness and landscape ruggedness.

    Formula:
        f(x) = 0.5*(exp(0.12 * (sum(x) + 10)) + 0.15 * x @ Q @ x + b @ x)

    Components:
        - Exponential Term: Introduces skewness.
        - Quadratic Term (x @ Q @ x):  Creates a complex, rugged landscape, controlled by Q.
        - Linear Term (b @ x): Introduces additional complexity and bias.
        - Q: A constant symmetric matrix to couple variables.
        - b: Linear coefficients.
    ",,,,16,4,0.33245216293007157,0.030937782557641288,0.8772152089363692,0.8534170327893251,0.7285194872246141,0.903481044253369,0.820152974045266,0.9896036650875049
"import numpy as np

def problem(x: np.ndarray) -> float:
    """"""
    A synthetic benchmark function designed to mimic specific ELA features, combining polynomial, trigonometric, and interaction elements.

    Formula:
    f(x) = a * sum(x_i^2) + b * sum(cos(c * x_i)) + d * sum(x_i * x_j) + e * x[0]^3*x[1] + g * x[0] + h * sum(sin(x_i)*x_{i+1}),
    where x_i are the elements of the input vector x, and a,b,c,d,e, g, h are constants. Adressing boundary issues, sin() is used instead of cos where large values appear. Last component includes a circular dependency x_{n+1} = x_1.
    """"""
    a = 0.01 # Reduced polynomial degree and adjusted magnitude
    b = 0.002  # Reduced magnitude (Trigonometric)
    c = 1.0
    d = 0.03 # Increased interaction influence significantly
    e = 0.04 # Increased skewed interaction significantly
    g = 0.0005  # Reduced magnitude (Linear component)
    h = 0.001  # Reduced magnitude and changed sign (Circularity)

    n = len(x)

    term1 = a * np.sum(x**2)  # Simplified Polynomial term
    term2 = b * np.sum(np.cos(c * x))  # Trigonometric term

    term3 = 0.0
    for i in range(n):
        for j in range(i + 1, n):
            term3 += x[i] * x[j]
    term3 *= d  # Interaction term

    term4 = e * x[0]**3 * x[1] # Skewed interaction component

    term5 = g * x[0] # simple linear component

    term6 = 0.0
    for i in range(n):
      term6 += np.sin(x[i]) * x[(i+1) % n]
    term6 *= h

    return term1 + term2 + term3 + term4 + term5 + term6",0.7895498302358328,"
    A synthetic benchmark function designed to mimic specific ELA features, combining polynomial, trigonometric, and interaction elements.

    Formula:
    f(x) = a * sum(x_i^2) + b * sum(cos(c * x_i)) + d * sum(x_i * x_j) + e * x[0]^3*x[1] + g * x[0] + h * sum(sin(x_i)*x_{i+1}),
    where x_i are the elements of the input vector x, and a,b,c,d,e, g, h are constants. Adressing boundary issues, sin() is used instead of cos where large values appear. Last component includes a circular dependency x_{n+1} = x_1.
    ",,,,16,4,0.1519153056083397,0.667312006816012,0.24185069470568243,0.6510840341466774,0.008315971805887648,0.8568033636299927,0.015064906881845376,0.8616093300035605
"import numpy as np

def problem(x: np.ndarray) -> float:
    """"""
    A synthetic 4-dimensional benchmark function with controlled Exploratory Landscape Analysis (ELA) features.

    The function combines:
        - A skewed exponential term: Introduces skewness.
        - A simplified quadratic term (diagonal): Creates a slightly rugged landscape.
        - A shifted linear term: Introduces additional complexity and bias from the origin

    Formula:
        f(x) = 0.6*(exp(0.08 * (sum(x) + 5)) + 0.1 * sum(x**2) + 0.05 * sum(x + [0.5, -0.5, 0.25, -0.25]))

    Components:
        - Exponential Term: Introduces skewness.
        - Simplified Quadratic Term: Creates a simple rugged landscape.
        - Shifted Linear Term: Introduces a direction vector from the origin to bias the optima.

    """"""

    n = len(x)
    if n != 4:
        raise ValueError(""Function only defined for 4 dimensions."")

    # Exponential term for skew
    exp_term = np.exp(0.08 * (np.sum(x) + 5))

    # Simplified quadratic term (diagonal matrix)
    quad_term = 0.1 * np.sum(x**2)

    # Shifted linear-like term.
    linear_shift = np.array([0.5, -0.5, 0.25, -0.25])
    shifted_term = 0.05 * np.sum(x + linear_shift)


    return 0.6*(exp_term + quad_term + shifted_term)",1.0718073632889429,"
    A synthetic 4-dimensional benchmark function with controlled Exploratory Landscape Analysis (ELA) features.

    The function combines:
        - A skewed exponential term: Introduces skewness.
        - A simplified quadratic term (diagonal): Creates a slightly rugged landscape.
        - A shifted linear term: Introduces additional complexity and bias from the origin

    Formula:
        f(x) = 0.6*(exp(0.08 * (sum(x) + 5)) + 0.1 * sum(x**2) + 0.05 * sum(x + [0.5, -0.5, 0.25, -0.25]))

    Components:
        - Exponential Term: Introduces skewness.
        - Simplified Quadratic Term: Creates a simple rugged landscape.
        - Shifted Linear Term: Introduces a direction vector from the origin to bias the optima.

    ",,,,16,4,0.21647381097067228,0.1675770248493386,0.9719270862810996,0.5818929871850956,0.3087750457065569,0.3425355137440064,0.9857898018505403,0.9995721647798459
"import numpy as np

def problem(x: np.ndarray) -> float:
    """"""
    A synthetic benchmark function designed to mimic specific ELA features, combining polynomial, trigonometric, and interaction elements.

    Formula:
    f(x) = a * sum(x_i^4) + b * sum(cos(c * x_i)) + d * sum(x_i * x_j) + e * x[0]^3*x[1] + g * sum(x_i) + h * sum(sin(x_i)*x_{i+1}),
    where x_i are the elements of the input vector x, and a,b,c,d,e,g, h are constants. Adressing boundary issues, sin() is used instead of cos where large values appear. Last component includes a circular dependency x_{n+1} = x_1.
    """"""
    a = 0.05
    b = 0.1
    c = 1.0
    d = 0.5
    e = 0.6
    g = 0.01
    h = 0.05

    n = len(x)

    term1 = a * np.sum(x**4)  # Polynomial term
    term2 = b * np.sum(np.cos(c * x))  # Trigonometric term

    term3 = 0.0
    for i in range(n):
        for j in range(i + 1, n):
            term3 += x[i] * x[j]
    term3 *= d  # Interaction term

    term4 = e * x[0]**3 * x[1] # Skewed interaction

    term5 = g * np.sum(x) # simple linear component

    term6 = 0.0
    for i in range(n):
      term6 += np.sin(x[i]) * x[(i+1) % n]
    term6 *= h

    return term1 + term2 + term3 + term4 + term5 + term6",0.7014125269047703,"
    A synthetic benchmark function designed to mimic specific ELA features, combining polynomial, trigonometric, and interaction elements.

    Formula:
    f(x) = a * sum(x_i^4) + b * sum(cos(c * x_i)) + d * sum(x_i * x_j) + e * x[0]^3*x[1] + g * sum(x_i) + h * sum(sin(x_i)*x_{i+1}),
    where x_i are the elements of the input vector x, and a,b,c,d,e,g, h are constants. Adressing boundary issues, sin() is used instead of cos where large values appear. Last component includes a circular dependency x_{n+1} = x_1.
    ",,,,16,4,0.2039253845216272,0.5907918821738594,0.2593930980527826,0.6471279407553534,0.008977120930578725,0.8278941225197786,0.047412229694588574,0.8645372461062193
"import numpy as np

def problem(x: np.ndarray) -> float:
    """"""
    A synthetic benchmark function designed to mimic specific ELA features, combining polynomial, trigonometric, and interaction elements.

    Formula:
    f(x) = a * sum(x_i^4) + b * sum(cos(c * x_i)) + d * sum(x_i * x_j) + e * sum(cos(x_i)*x_{i+1}^2) + g * x[0] + h * sum(sin(x_i)*x_{i+1}),
    where x_i are the elements of the input vector x, and a,b,c,d,e, g, h are constants. Adressing boundary issues, sin() is used instead of cos where large values appear. Last component includes a circular dependency x_{n+1} = x_1.
    """"""
    a = 0.05
    b = 0.15
    c = 0.9
    d = 0.15
    e = 0.1
    g = 0.1
    h = 0.05

    n = len(x)

    term1 = a * np.sum(x**4)  # Polynomial term
    term2 = b * np.sum(np.cos(c * x))  # Trigonometric term

    # Efficient interaction term using numpy
    row, col = np.triu_indices(n, 1)  # Indices for upper triangle (excluding diagonal)
    term3 = d * np.sum(x[row] * x[col])

    # Skewed interaction including circular dependency
    term4 = 0.0
    for i in range(n):
        term4 += np.cos(x[i]) * x[(i + 1) % n]**2
    term4 *= e

    term5 = g * x[0]  # simple linear component

    term6 = 0.0
    for i in range(n):
      term6 += np.sin(x[i]) * x[(i+1) % n]
    term6 *= h

    return term1 + term2 + term3 + term4 + term5 + term6",1.1862825471483536,"
    A synthetic benchmark function designed to mimic specific ELA features, combining polynomial, trigonometric, and interaction elements.

    Formula:
    f(x) = a * sum(x_i^4) + b * sum(cos(c * x_i)) + d * sum(x_i * x_j) + e * sum(cos(x_i)*x_{i+1}^2) + g * x[0] + h * sum(sin(x_i)*x_{i+1}),
    where x_i are the elements of the input vector x, and a,b,c,d,e, g, h are constants. Adressing boundary issues, sin() is used instead of cos where large values appear. Last component includes a circular dependency x_{n+1} = x_1.
    ",,,,16,4,0.21430232337821015,0.10494438463225855,0.9380706986188624,0.41185409876406687,0.00075259408378311,0.01913268228067925,0.9052233797096926,0.9069152442062866
"import numpy as np

def problem(x: np.ndarray) -> float:
    """"""
    A synthetic 4-dimensional benchmark function designed to exhibit specific Exploratory Landscape Analysis (ELA) features.

    The function combines a skewed exponential term, a full quadratic term,  and a linear term to control skewness and landscape ruggedness.

    Formula:
        f(x) = exp(0.11 * (sum(x) + 10)) + 0.5 * x @ Q @ x + b @ x

    Components:
        - Exponential Term: Introduces skewness.
        - Quadratic Term (x @ Q @ x):  Creates a complex, rugged landscape, controlled by Q.
        - Linear Term (b @ x): Introduces additional complexity and bias.
        - Q: A randomly generated symmetric matrix to couple variables.
        - b: Linear coefficients.
    """"""
    n = len(x)
    if n != 4:
        raise ValueError(""Function only defined for 4 dimensions."")

    # Define a symmetric matrix Q and a vector b to control quadratic and linear components
    Q = np.array([[ 0.19719645, -0.15535003,  0.07760387,  0.27015438],
                  [-0.15535003,  0.25794489, -0.04676747, -0.20260303],
                  [ 0.07760387, -0.04676747,  0.10918752,  0.12150701],
                  [ 0.27015438, -0.20260303,  0.12150701,  0.23451638]])

    b = np.array([-0.20, -0.14, -0.075, -0.26]) # slightly adjusted

    # Exponential term for skew
    exp_term = np.exp(0.11 * (np.sum(x) + 10))

    # Quadratic term
    quad_term = 0.5 * x @ Q @ x

    # Linear term
    linear_term = b @ x

    return exp_term + quad_term + linear_term",0.19994424326003288,"
    A synthetic 4-dimensional benchmark function designed to exhibit specific Exploratory Landscape Analysis (ELA) features.

    The function combines a skewed exponential term, a full quadratic term,  and a linear term to control skewness and landscape ruggedness.

    Formula:
        f(x) = exp(0.11 * (sum(x) + 10)) + 0.5 * x @ Q @ x + b @ x

    Components:
        - Exponential Term: Introduces skewness.
        - Quadratic Term (x @ Q @ x):  Creates a complex, rugged landscape, controlled by Q.
        - Linear Term (b @ x): Introduces additional complexity and bias.
        - Q: A randomly generated symmetric matrix to couple variables.
        - b: Linear coefficients.
    ",,,,16,4,0.28367299027461323,0.08866281025642446,0.5881716993453827,0.7390031138723462,0.11480101796965686,0.8178058761390892,0.35077964774039333,0.9973135740998093
"import numpy as np

def problem(x: np.ndarray) -> float:
    """"""
    A synthetic 4-dimensional benchmark function combining a log-sum-exp term, a radial basis function, and simplified polynomial interactions,
    designed to exhibit specific ELA features.

    Formula:
    f(x) = logsumexp_term(x) + rbf_term(x) + polynomial_interactions(x) + linear_term(x)

    Components:
    - logsumexp_term: Introduces skewness using the log-sum-exp trick. Using absolute values will strengthen skew. Asymmetric scaling has also been added.
    - rbf_term: Creates a radial basis around a fixed, non-origin center to add local structure.
    - polynomial_interactions: Simplified polynomial terms with pairwise interactions to create quadratic interactions. Adjusted to reduce complexity.
    -linear_term: adds a component that is linear to variables
    """"""

    def logsumexp_term(x):
        """"""Log-sum-exp to introduce skewness.""""""
        scaled_x = np.array([1.2 * x[0], 0.8 * x[1], 1.5 * x[2], 0.5 * x[3]])  # Asymmetric scaling
        return np.log(np.sum(np.exp(np.abs(scaled_x))))

    def rbf_term(x):
        """"""Radial basis function creates a local bias.""""""
        center = np.array([0.8, -0.3, 0.1, -0.8])  # Slightly adjusted center of the RBF
        return -np.exp(-np.sum((x - center)**2) / 0.6)  # Inverted Gaussian RBF with modified scale

    def polynomial_interactions(x):
        """"""Simplified polynomial interactions with pairwise terms.""""""
        return (x[0] * x[1]) - 0.5*(x[2] * x[3]) + 0.2 * x[0]**2 - 0.1*x[1] * x[2]

    def linear_term(x):
      weights = np.array([0.1, -0.2, 0.3, -0.4])
      return np.sum(weights * x)


    return 0.08 * logsumexp_term(x) + 0.01 * rbf_term(x) + 0.002 * polynomial_interactions(x) + 0.004 * linear_term(x)",1.184268957982586,"
    A synthetic 4-dimensional benchmark function combining a log-sum-exp term, a radial basis function, and simplified polynomial interactions,
    designed to exhibit specific ELA features.

    Formula:
    f(x) = logsumexp_term(x) + rbf_term(x) + polynomial_interactions(x) + linear_term(x)

    Components:
    - logsumexp_term: Introduces skewness using the log-sum-exp trick. Using absolute values will strengthen skew. Asymmetric scaling has also been added.
    - rbf_term: Creates a radial basis around a fixed, non-origin center to add local structure.
    - polynomial_interactions: Simplified polynomial terms with pairwise interactions to create quadratic interactions. Adjusted to reduce complexity.
    -linear_term: adds a component that is linear to variables
    ",,,,16,4,0.1541793415997922,0.36054235149290614,0.9090988153235368,0.48105545782523007,0.002331412272376953,0.04592263851361188,0.895381710229184,0.9883259244244657
"import numpy as np

def problem(x: np.ndarray) -> float:
    """"""
    A synthetic 4-dimensional benchmark function combining a log-sum-exp term, a radial basis function, and polynomial interactions,
    designed to exhibit specific ELA features.

    Formula:
    f(x) = logsumexp_term(x) + rbf_term(x) + polynomial_interactions(x)

    Components:
    - logsumexp_term: Introduces skewness using the log-sum-exp trick. Asymmetric scaling has also been added.
    - rbf_term: Creates a radial bias around a fixed, non-origin center to add local structure.
    - polynomial_interactions: Polynomial terms with varying degrees to introduce complex interactions. More quadratic terms have been added.
    """"""

    def logsumexp_term(x):
        """"""Log-sum-exp to introduce skewness.""""""
        scaled_x = np.array([1.1 * x[0], 0.9 * x[1], 1.3 * x[2], 0.6 * x[3]])  # Asymmetric scaling
        return np.log(np.sum(np.exp(scaled_x)))

    def rbf_term(x):
        """"""Radial basis function creates a local bias.""""""
        center = np.array([1.0, -0.5, 0.2, -1.0])  # Center of the RBF
        return -np.exp(-np.sum((x - center)**2) / 1.0)  # Inverted Gaussian RBF

    def polynomial_interactions(x):
        """"""Polynomial interactions with varying degrees.""""""
        return (x[0] * x[1]) + (x[2] * x[3]) - (x[0] * x[2]) + x[0]**2 + x[1] * x[2]


    return 0.1 * logsumexp_term(x) + 0.01 * rbf_term(x) + 0.001 * polynomial_interactions(x)",1.0496809462385794,"
    A synthetic 4-dimensional benchmark function combining a log-sum-exp term, a radial basis function, and polynomial interactions,
    designed to exhibit specific ELA features.

    Formula:
    f(x) = logsumexp_term(x) + rbf_term(x) + polynomial_interactions(x)

    Components:
    - logsumexp_term: Introduces skewness using the log-sum-exp trick. Asymmetric scaling has also been added.
    - rbf_term: Creates a radial bias around a fixed, non-origin center to add local structure.
    - polynomial_interactions: Polynomial terms with varying degrees to introduce complex interactions. More quadratic terms have been added.
    ",,,,16,4,0.13008562256851042,0.4547148116523594,0.8829086567948743,0.6902055128204163,0.6295646040709292,0.7248835907477508,0.8189576453661968,0.9680398154435392
"import numpy as np

def problem(x: np.ndarray) -> float:
    """"""
    A synthetic benchmark function designed to mimic specific ELA features, combining polynomial, trigonometric, and interaction elements.

    Formula:
    f(x) = a * sum(x_i^4) + b * sum(sin(c * x_i)) + d * sum(x_i * x_j) + e1 * x[0]^3*x[1] + e2 * x[1]^3 + g * sum(x_i) + h * sum(sin(x_i)*x_{i+1}),
    where x_i are the elements of the input vector x, and a,b,c,d,e1,e2, g, h are constants. Adressing boundary issues, sin() is used to introduce boundary interaction. Last component includes a circular dependency x_{n+1} = x_1.
    """"""
    a = 0.005 # Reduced
    b = 0.01 # Reduced
    c = 1.0
    d = 0.02 # Reduced
    e1 = 0.03 # Increased skewness magnitude
    e2 = 0.005 # Spread skewness to other dimension
    g = 0.001 # Linear component
    h = 0.005 # Reduced

    n = len(x)

    term1 = a * np.sum(x**4)  # Polynomial term
    term2 = b * np.sum(np.sin(c * x))  # Trigonometric term

    term3 = 0.0
    for i in range(n):
        for j in range(i + 1, n):
            term3 += x[i] * x[j]
    term3 *= d  # Interaction term

    term4 = e1 * x[0]**3 * x[1] + e2 * x[1]**3 # Skewed interaction, multi dim

    term5 = g * np.sum(x) # simple linear component - use sum to promote global connectivity

    term6 = 0.0
    for i in range(n):
      term6 += np.sin(x[i]) * x[(i+1) % n]
    term6 *= h

    return term1 + term2 + term3 + term4 + term5 + term6",0.5790679604041676,"
    A synthetic benchmark function designed to mimic specific ELA features, combining polynomial, trigonometric, and interaction elements.

    Formula:
    f(x) = a * sum(x_i^4) + b * sum(sin(c * x_i)) + d * sum(x_i * x_j) + e1 * x[0]^3*x[1] + e2 * x[1]^3 + g * sum(x_i) + h * sum(sin(x_i)*x_{i+1}),
    where x_i are the elements of the input vector x, and a,b,c,d,e1,e2, g, h are constants. Adressing boundary issues, sin() is used to introduce boundary interaction. Last component includes a circular dependency x_{n+1} = x_1.
    ",,,,16,4,0.24752457937334515,0.49020779019098726,0.3129510971980009,0.6350567951013697,0.009401949219207362,0.740292513745414,0.1369956942333998,0.867369894571148
"import numpy as np

def problem(x: np.ndarray) -> float:
    """"""
    A synthetic 4-dimensional benchmark function combining a sum of exponentials, a polynomial term with interactions, and a product term.

    Formula:
    f(x) = sum_exp + poly_interact + product_term

    Components:
    - sum_exp: A sum of exponentials with linearly transformed input, introducing multimodality and skew.
    - poly_interact: Polynomial interactions of degree three, creating complex non-linear dependencies.
    - product_term: A product of sine functions to add oscillations.
    """"""

    def sum_exp(x):
        """"""Sum of exponentials term for multi-modality and skewness.""""""
        transformed_x = np.array([0.7 * x[0] + 0.3 * x[1],
                                  0.5 * x[1] - 0.5 * x[2],
                                  0.2 * x[2] + 0.8 * x[3],
                                  0.6 * x[3] - 0.4 * x[0]]) # linear transformation to further increase interactions
        return np.sum(np.exp(transformed_x))

    def poly_interact(x):
        """"""Polynomial interactions with degree three.""""""
        return (x[0] * x[1] * x[2]) - (x[1]**2 * x[3]) + (x[0] * x[2]**2) + (x[3]**3 * x[0])

    def product_term(x):
        """"""Product of Sine functions for oscillations.""""""
        return np.prod(np.sin(x))

    return 0.006 * sum_exp(x) + 0.001 * poly_interact(x) + 0.004 * product_term(x)",0.616311164369576,"
    A synthetic 4-dimensional benchmark function combining a sum of exponentials, a polynomial term with interactions, and a product term.

    Formula:
    f(x) = sum_exp + poly_interact + product_term

    Components:
    - sum_exp: A sum of exponentials with linearly transformed input, introducing multimodality and skew.
    - poly_interact: Polynomial interactions of degree three, creating complex non-linear dependencies.
    - product_term: A product of sine functions to add oscillations.
    ",,,,17,4,0.29697041679470215,0.3147449018040834,0.43996355648349805,0.6461955268506904,0.3102934712293759,0.5610817482216972,0.5368002293934582,0.9235862409984892
"import numpy as np

def problem(x: np.ndarray) -> float:
    """"""
    A synthetic 4-dimensional benchmark function combining an inverse multi-quadratic term,
    a product of sines term, and a sum of absolute values term, designed to exhibit
    specific ELA features.

    Formula:
    f(x) = inv_multiquad(x) + prod_of_sines(x) + abs_sum(x)

    Components:
    - inv_multiquad: Inverse multiquadratic function providing a smooth, non-quadratic global structure.
    - prod_of_sines:  A product of sine functions to add oscillating, multimodal characteristics.
    - abs_sum: Sum of absolute values introduces non-differentiability and emphasizes specific regions.
    """"""
    def inv_multiquad(x):
        """"""Inverse multiquadratic function.""""""
        c = 1.0  # Shape parameter
        return -np.sum(1 / np.sqrt(1 + (x / c)**2))

    def prod_of_sines(x):
        """"""Product of sines function.""""""
        scaled_x = np.array([0.7 * x[0], 1.1 * x[1], 0.9 * x[2], 1.3 * x[3]]) # Different scaling
        return np.prod(np.sin(scaled_x))

    def abs_sum(x):
        """"""Sum of absolute values.""""""
        return 0.1 * np.sum(np.abs(x))


    return 0.07 * inv_multiquad(x) + 0.1 * prod_of_sines(x) + 0.005 * abs_sum(x)",1.151368205370384,"
    A synthetic 4-dimensional benchmark function combining an inverse multi-quadratic term,
    a product of sines term, and a sum of absolute values term, designed to exhibit
    specific ELA features.

    Formula:
    f(x) = inv_multiquad(x) + prod_of_sines(x) + abs_sum(x)

    Components:
    - inv_multiquad: Inverse multiquadratic function providing a smooth, non-quadratic global structure.
    - prod_of_sines:  A product of sine functions to add oscillating, multimodal characteristics.
    - abs_sum: Sum of absolute values introduces non-differentiability and emphasizes specific regions.
    ",,,,17,4,0.14427549763670766,0.4137799016097658,0.5536289199611844,0.33966650723168756,0.003092106836098795,0.010793594832926823,0.516770488117572,0.5234225920971991
"import numpy as np

def problem(x: np.ndarray) -> float:
    """"""
    A synthetic 4-dimensional benchmark function with a combination of trigonometric functions, polynomial terms, and a bias term.

    Formula:
    f(x) = a * sum(sin(b*x_i)) + c * sum(x_i^4) + d * prod(x_i) + e * (x[0] + x[1] - x[2] - x[3]) + f
    where x_i are the elements of the input vector x, and a,b,c,d,e,f are constants.
    """"""
    a = 0.15
    b = 1.2
    c = 0.02
    d = 0.005
    e = 0.01
    f = 0.5

    n = len(x)
    if n != 4:
        raise ValueError(""Function only defined for 4 dimensions."")

    term1 = a * np.sum(np.sin(b * x)) # Sum of sines
    term2 = c * np.sum(x**4) # Sum of quartic terms
    term3 = d * np.prod(x)  # Product of variables
    term4 = e * (x[0] + x[1] - x[2] - x[3]) # linear bias
    term5 = f # constant bias

    return term1 + term2 + term3 + term4 + term5",1.192808566119554,"
    A synthetic 4-dimensional benchmark function with a combination of trigonometric functions, polynomial terms, and a bias term.

    Formula:
    f(x) = a * sum(sin(b*x_i)) + c * sum(x_i^4) + d * prod(x_i) + e * (x[0] + x[1] - x[2] - x[3]) + f
    where x_i are the elements of the input vector x, and a,b,c,d,e,f are constants.
    ",,,,17,4,0.21695766369949857,0.09761978277346732,0.942257895293876,0.4192865428691112,0.0008489879678904455,0.01887670512660766,0.9207230248402869,0.9230183371451504
"import numpy as np

def problem(x: np.ndarray) -> float:
    """"""
    A synthetic 4-dimensional benchmark function based on a combination of radial basis functions,
    a product of sinusoids, and a polynomial component. These components create multimodality,
    non-separability, and controlled non-linearity in the landscape.

    Formula:
        f(x) = sum(rbf_i) + prod(sin(k * x_i)) + poly(x)

    Components:
        - RBFs: Multiple radial basis functions introduce multimodality.  The number, centers, and widths are pre-defined.
        - Product of sinusoids: Creates a global structure with oscillations.
        - Polynomial: A simple polynomial function adds non-linearity and bias.
    """"""
    n = len(x)
    if n != 4:
        raise ValueError(""Function only defined for 4 dimensions."")

    # Define RBF parameters (centers and widths)
    rbf_centers = np.array([[1, -1, 2, -2],
                            [-2, 0, 1, 1],
                            [0, 2, -1, -1]])
    rbf_widths = np.array([0.5, 1.0, 0.75])
    rbf_weights = np.array([0.3, 0.5, 0.2])

    # RBF term
    rbf_term = 0.0
    for i in range(len(rbf_centers)):
        rbf_term += rbf_weights[i] * np.exp(-np.sum((x - rbf_centers[i])**2) / (2 * rbf_widths[i]**2))
    # Product of sinusoids term
    k = 1.5  # Frequency scaling factor
    sin_term = np.prod(np.sin(k * x))

    # Polynomial term
    poly_term = 0.1 * (x[0]**2 - x[1]*x[2] + x[3])

    return rbf_term + sin_term + poly_term",0.6088833283645773,"
    A synthetic 4-dimensional benchmark function based on a combination of radial basis functions,
    a product of sinusoids, and a polynomial component. These components create multimodality,
    non-separability, and controlled non-linearity in the landscape.

    Formula:
        f(x) = sum(rbf_i) + prod(sin(k * x_i)) + poly(x)

    Components:
        - RBFs: Multiple radial basis functions introduce multimodality.  The number, centers, and widths are pre-defined.
        - Product of sinusoids: Creates a global structure with oscillations.
        - Polynomial: A simple polynomial function adds non-linearity and bias.
    ",,,,17,4,0.16817436312590797,0.41068319605528736,0.3960596011187063,0.5697406106796928,0.07932270794675268,0.5796715205541066,0.47666583556295117,0.9631722709404428
"import numpy as np

def problem(x: np.ndarray) -> float:
    """"""
    A synthetic 4-dimensional benchmark function exhibiting specific Exploratory Landscape Analysis (ELA) features.

    This function combines a skewed power function, a sum-of-absolute-differences term, and a product term. It produces discontinuities.
    These terms are chosen to create high non-linearity and multimodality combined.

    Formula:

    f(x) = a * sum(abs(x_i - x_{i+1})) + b * (product(x_i)) + c * sum(sign(x_i) * abs(x_i)**p),
    where i goes from 0 to n-1 with cyclical dependency for x_i+1, and p defines the skew,
    and x_i represents components of the input vector x.
    """"""

    n = len(x)
    if n != 4:
        raise ValueError(""Function only defined for 4 dimensions."")

    a = 0.3
    b = 0.005
    c = 0.4
    p = 2.5

    term1 = 0.0
    for i in range(n):
        term1 += np.abs(x[i] - x[(i + 1) % n])
    term1 *= a

    term2 = b * np.prod(x)

    term3 = 0.0
    for i in range(n):
        term3 += np.sign(x[i]) * np.abs(x[i])**p
    term3 *= c

    return term1 + term2 + term3",1.221649847714961,"
    A synthetic 4-dimensional benchmark function exhibiting specific Exploratory Landscape Analysis (ELA) features.

    This function combines a skewed power function, a sum-of-absolute-differences term, and a product term. It produces discontinuities.
    These terms are chosen to create high non-linearity and multimodality combined.

    Formula:

    f(x) = a * sum(abs(x_i - x_{i+1})) + b * (product(x_i)) + c * sum(sign(x_i) * abs(x_i)**p),
    where i goes from 0 to n-1 with cyclical dependency for x_i+1, and p defines the skew,
    and x_i represents components of the input vector x.
    ",,,,17,4,0.14671647425141945,0.47597708352201734,0.5576121915039818,0.6573184654233607,0.888815185551773,0.8933500896909553,0.8903267335204595,0.9988929774891191
"import numpy as np

def problem(x: np.ndarray) -> float:
    """"""
    A synthetic 4-dimensional benchmark function designed to exhibit specific Exploratory Landscape Analysis (ELA) features.

    The function combines a sum of trigonometric functions, a power function, and a product of variables
    to control skewness, ruggedness and interaction among the dimensions.

    Formula:
        f(x) = sum_trig(x) + power_term(x) + product_term(x)

    Components:
        - sum_trig(x): Summation of sine and cosine functions, introduces oscillations.
        - power_term(x): Power function to manipulate the distribution of fitness values.
        - product_term(x): Introduces non-separability via variable products for interactions.
    """"""
    n = len(x)
    if n != 4:
        raise ValueError(""Function only defined for 4 dimensions."")

    def sum_trig(x):
        """"""Sum of trigonometric functions.""""""
        return np.sum(np.sin(x) + np.cos(2*x))

    def power_term(x):
        """"""Power function.""""""
        return np.sum(np.abs(x)**2.5)  # Fractional power, makes distribution less uniform

    def product_term(x):
        """"""Product of variables.""""""
        return x[0] * x[1] * x[2] +  x[1] * x[3] # Only pair-wise products


    return 0.05*sum_trig(x) + 0.001 * power_term(x) + 0.01*product_term(x)",1.2773224897940514,"
    A synthetic 4-dimensional benchmark function designed to exhibit specific Exploratory Landscape Analysis (ELA) features.

    The function combines a sum of trigonometric functions, a power function, and a product of variables
    to control skewness, ruggedness and interaction among the dimensions.

    Formula:
        f(x) = sum_trig(x) + power_term(x) + product_term(x)

    Components:
        - sum_trig(x): Summation of sine and cosine functions, introduces oscillations.
        - power_term(x): Power function to manipulate the distribution of fitness values.
        - product_term(x): Introduces non-separability via variable products for interactions.
    ",,,,17,4,0.16553186831047276,0.567781359439402,0.10164821617379004,0.5637800328089538,0.004427199466155467,0.15166318040906185,0.01861038825926228,0.22417411192778036
"import numpy as np

def problem(x: np.ndarray) -> float:
    """"""
    A synthetic 4-dimensional benchmark function combining trigonometric functions, polynomial terms, and a product of variables,
    designed to present a multimodal and rugged search space with controlled ELA properties.

    Formula:
        f(x) = sum(sin(k * x_i) + 0.1 * x_i^4) + 0.05 * prod(x_i) + 0.01 * sum(i * cos(x_i))
    where x_i are elements of the input vector x, 'k' is scaling factor and 'i' is index of the element.
    """"""
    n = len(x)
    if n != 4:
        raise ValueError(""Function only defined for 4 dimensions."")

    k = 1.5  # Scaling factor for sine function

    term1 = np.sum(np.sin(k * x) + 0.1 * x**4) # Sum of sinusoids and polynomial terms

    term2 = 0.05 * np.prod(x) # coupling terms

    term3 = 0.01 * np.sum(np.arange(1, n+1) * np.cos(x))# bias with cosine function and scaled based on the index.

    return term1 + term2 + term3",1.1844526926002246,"
    A synthetic 4-dimensional benchmark function combining trigonometric functions, polynomial terms, and a product of variables,
    designed to present a multimodal and rugged search space with controlled ELA properties.

    Formula:
        f(x) = sum(sin(k * x_i) + 0.1 * x_i^4) + 0.05 * prod(x_i) + 0.01 * sum(i * cos(x_i))
    where x_i are elements of the input vector x, 'k' is scaling factor and 'i' is index of the element.
    ",,,,17,4,0.22217936203160396,0.09165130464109768,0.947020310994492,0.43237927249238,0.001481693315402827,0.019306786815302044,0.9115484098209633,0.9151800302218981
"import numpy as np

def problem(x: np.ndarray) -> float:
    """"""
    A synthetic 4-dimensional benchmark function designed to exhibit specific Exploratory Landscape Analysis (ELA) features.

    The function combines trigonometric functions, polynomial terms with interaction, and a simple quadratic term to shape the landscape.

    Formula:
        f(x) = sum(a_i * sin(b_i * x_i) + c_i * x_i^2 * x_{i+1} + d_i * x_i * x_{i+1} + e_i * x_i^2), where x_{n+1} = x_1
    Components:
        - Trigonometric terms: sin(b_i * x_i) add oscillations.
        - Polynomial Interaction Terms: x_i^2 * x_{i+1} introduces skewness and ruggedness through variable dependencies.
        - Quadratic Interaction Terms: x_i * x_{i+1} creates interactions.
        - Quadratic Terms: x_i^2 adds a simple bowl shape
        - a_i, b_i, c_i, d_i, e_i are constants controlling each term.
    """"""
    n = len(x)
    if n != 4:
        raise ValueError(""Function only defined for 4 dimensions."")

    # Define coefficients for each term
    a = np.array([1.1, 0.9, 1.2, 0.8])
    b = np.array([0.7, 0.8, 0.9, 0.6])
    c = np.array([0.05, -0.03, 0.04, -0.02])
    d = np.array([0.15, -0.1, 0.08, -0.12])
    e = np.array([0.2, 0.1, 0.3, 0.05])

    # Calculate each term and sum them up
    result = 0.0
    for i in range(n):
        result += a[i] * np.sin(b[i] * x[i]) + c[i] * x[i]**2 * x[(i + 1) % n] + d[i] * x[i] * x[(i + 1) % n] + e[i] * x[i]**2

    return result",0.6789587810156655,"
    A synthetic 4-dimensional benchmark function designed to exhibit specific Exploratory Landscape Analysis (ELA) features.

    The function combines trigonometric functions, polynomial terms with interaction, and a simple quadratic term to shape the landscape.

    Formula:
        f(x) = sum(a_i * sin(b_i * x_i) + c_i * x_i^2 * x_{i+1} + d_i * x_i * x_{i+1} + e_i * x_i^2), where x_{n+1} = x_1
    Components:
        - Trigonometric terms: sin(b_i * x_i) add oscillations.
        - Polynomial Interaction Terms: x_i^2 * x_{i+1} introduces skewness and ruggedness through variable dependencies.
        - Quadratic Interaction Terms: x_i * x_{i+1} creates interactions.
        - Quadratic Terms: x_i^2 adds a simple bowl shape
        - a_i, b_i, c_i, d_i, e_i are constants controlling each term.
    ",,,,17,4,0.23430208335929373,0.1667239778211787,0.3536506305892693,0.6223155701049231,0.21313767985879228,0.4325435092768074,0.6501383133543887,0.9939125636192588
"import numpy as np

def problem(x: np.ndarray) -> float:
    """"""
    A synthetic 4-dimensional benchmark function combining a sum of sinusoidal functions with varying frequencies and amplitudes,
    and a polynomial term with interactions to achieve target ELA features. Softplus is also added to the sum to control the skewness and positivity of the output.

    Formula:
    f(x) = softplus( sum(a_i * sin(b_i * x_i) for i in range(n)) ) + poly_term, where n is the dimension of x.

        softplus(x) = log(1 + e^x)
        poly_ term = c * (x[0]^2 * x[1] + x[2]*x[3]^2 + x[0]*x[1]*x[2] + x[3])

    Components:
    - Sinusoidal functions: Introduce oscillations with varying frequencies (b_i) and amplitudes (a_i).
    - Polynomial term with 3rd degree interactions is included to create a rugged landscape.
    - Softplus component to increase skewness.
    """"""
    n = len(x)
    if n != 4:
        raise ValueError(""Function only defined for 4 dimensions."")

    # Sinusoidal term
    a = np.array([0.15, 0.2, 0.1, 0.25])  # Amplitudes
    b = np.array([1.1, 0.8, 1.5, 0.5])  # Frequencies
    sinusoidal_term = np.sum(a * np.sin(b * x))

    # Polynomial term
    c = 0.03 # Scaling factor
    poly_term = c * (x[0]**2 * x[1] + x[2]*x[3]**2 + x[0]*x[1]*x[2] + x[3])

    def softplus(x):
      return np.log(1 + np.exp(x))

    return softplus(sinusoidal_term) + poly_term",0.8887341718828269,"
    A synthetic 4-dimensional benchmark function combining a sum of sinusoidal functions with varying frequencies and amplitudes,
    and a polynomial term with interactions to achieve target ELA features. Softplus is also added to the sum to control the skewness and positivity of the output.

    Formula:
    f(x) = softplus( sum(a_i * sin(b_i * x_i) for i in range(n)) ) + poly_term, where n is the dimension of x.

        softplus(x) = log(1 + e^x)
        poly_ term = c * (x[0]^2 * x[1] + x[2]*x[3]^2 + x[0]*x[1]*x[2] + x[3])

    Components:
    - Sinusoidal functions: Introduce oscillations with varying frequencies (b_i) and amplitudes (a_i).
    - Polynomial term with 3rd degree interactions is included to create a rugged landscape.
    - Softplus component to increase skewness.
    ",,,,17,4,0.15562348573804333,0.4897207462372346,0.2532643598538405,0.6323814923988146,0.4790675369510333,0.4793306936139951,0.4802161977074346,0.8042357166021918
"import numpy as np

def problem(x: np.ndarray) -> float:
    """"""
    A synthetic 4-dimensional benchmark function designed to exhibit specific Exploratory Landscape Analysis (ELA) features.

    The function uses a combination of power functions, logarithmic functions, and element-wise products to construct a complex landscape.

    Formula:
        f(x) = sum(a_i * x_i^b_i) + c * prod(log(abs(x_i) + 1)) + d * (x[0]*x[2] - x[1]*x[3])

    Components:
        - Power Terms: Provides non-linearity and varying sensitivity based on exponents.
        - Logarithmic Product: Introduces a complex interaction, especially near zero. The absolute value is to avoid complex numbers from negative inputs.
        - Cross-Product Term: Creates dependencies and interaction effects.
    """"""
    n = len(x)
    if n != 4:
        raise ValueError(""Function only defined for 4 dimensions."")

    # Define coefficients
    a = np.array([0.1, 0.2, 0.15, 0.25])
    b = np.array([2.1, 1.8, 2.3, 1.7])   #Exponents
    c = 0.05
    d = 0.1

    # Power term
    power_term = np.sum(a * (x**b))

    # Logarithmic Product term
    log_term = c * np.prod(np.log(np.abs(x) + 1))

    # Cross-product term
    cross_term = d * (x[0] * x[2] - x[1] * x[3])

    return power_term + log_term + cross_term",0.8610776444573447,"
    A synthetic 4-dimensional benchmark function designed to exhibit specific Exploratory Landscape Analysis (ELA) features.

    The function uses a combination of power functions, logarithmic functions, and element-wise products to construct a complex landscape.

    Formula:
        f(x) = sum(a_i * x_i^b_i) + c * prod(log(abs(x_i) + 1)) + d * (x[0]*x[2] - x[1]*x[3])

    Components:
        - Power Terms: Provides non-linearity and varying sensitivity based on exponents.
        - Logarithmic Product: Introduces a complex interaction, especially near zero. The absolute value is to avoid complex numbers from negative inputs.
        - Cross-Product Term: Creates dependencies and interaction effects.
    ",,,,17,4,0.22663038723351875,0.23122215010585256,0.8624066374991479,0.6827770888368145,0.5070024168682561,0.7244517569446243,0.7849576093850511,0.9983554334108433
"import numpy as np

def problem(x: np.ndarray) -> float:
    """"""
    A synthetic 4-dimensional benchmark function combining a modified Rosenbrock-like term, interaction terms with sine functions, and a skew-inducing exponential.

    Formula:
        f(x) =  scale_rosen * sum(a*(x[i+1] - x[i]**2)**2 + (1-x[i])**2) + scale_interaction * sum(sin(x[i])*x[j]) + scale_skew * exp(skew_factor * sum(x))

    Components:
        - Modified Rosenbrock-like term: Creates a valley-shaped landscape.
        - Interaction term: Introduces interactions via sine functions.
        - Exponential term: Introduces skewness.
    """"""
    n = len(x)
    if n != 4:
        raise ValueError(""Function only defined for 4 dimensions."")

    # Parameters to control the shape and magnitude of each component
    a = 0.8  #Rosenbrock parameter
    scale_rosen = 0.005
    scale_interaction = 0.01
    scale_skew = 0.0015
    skew_factor = 0.08

    # Modified Rosenbrock-like term
    rosen_term = 0.0
    for i in range(n - 1):
        rosen_term += a*(x[i+1] - x[i]**2)**2 + (1-x[i])**2
    rosen_term *= scale_rosen

    # Interaction term using sine functions
    interaction_term = 0.0
    for i in range(n):
        for j in range(i + 1, n):
            interaction_term += np.sin(x[i]) * x[j]
    interaction_term *= scale_interaction

    # Exponential term for skewness
    skew_term = scale_skew * np.exp(skew_factor * np.sum(x))

    return rosen_term + interaction_term + skew_term",1.0905072091486363,"
    A synthetic 4-dimensional benchmark function combining a modified Rosenbrock-like term, interaction terms with sine functions, and a skew-inducing exponential.

    Formula:
        f(x) =  scale_rosen * sum(a*(x[i+1] - x[i]**2)**2 + (1-x[i])**2) + scale_interaction * sum(sin(x[i])*x[j]) + scale_skew * exp(skew_factor * sum(x))

    Components:
        - Modified Rosenbrock-like term: Creates a valley-shaped landscape.
        - Interaction term: Introduces interactions via sine functions.
        - Exponential term: Introduces skewness.
    ",,,,18,4,0.2412049489413743,0.04851521516854031,0.8896944750851344,0.5052314631266858,0.07274474767261231,0.08690154497998427,0.8999093255195143,0.9442737865323634
"import numpy as np

def problem(x: np.ndarray) -> float:
    """"""
    A synthetic 4-dimensional benchmark function combining a skewed polynomial, trigonometric functions, and radial basis functions.

    Formula:
    f(x) = skewed_polynomial(x) + trigonometric_term(x) + rbf_network(x) * decay(x)

    Components:
    - skewed_polynomial: Creates a skewed fitness distribution with a mix of odd and even powers and cross products.
    - trigonometric_term: Provides non-linearity and oscillatory behavior, useful for ELA feature tuning.
    - rbf_network: Multiple radial basis functions centered at different points to create multiple basins of attraction.
    - decay: Decays the importance of RBF far from the origin. This encourages locality and prevents unboundedness.
    """"""

    def skewed_polynomial(x):
        """"""Skewed polynomial with mixed terms.""""""
        return (0.01 * x[0]**3 * x[1] + 0.02 * x[1]**4 - 0.015 * x[2] * x[3]**2 + 0.005 * x[0] * x[2] * x[3])

    def trigonometric_term(x):
        """"""Trigonometric term for introducing non-linearity.""""""
        return 0.02 * np.sum(np.cos(x)) - 0.01 * np.sum(np.sin(2 * x))

    def rbf_network(x):
        """"""Network of RBFs centered at different locations.""""""
        centers = np.array([[1, -1, 0.5, -0.5],
                            [-0.5, 0.5, 1, -1],
                            [0.2, -0.2, -0.8, 0.8]])
        rbf_values = [np.exp(-np.sum((x - c)**2) / 0.5) for c in centers] # smaller values to constrain locality
        return np.sum(rbf_values)  # Sum of RBF activations

    def decay(x):
      """"""Function to lower importance of RBF tail contributions""""""
      return np.exp(-np.sum(x**2) / 50)

    return skewed_polynomial(x) + trigonometric_term(x) + 0.01 * rbf_network(x) * decay(x)",0.9659271555887416,"
    A synthetic 4-dimensional benchmark function combining a skewed polynomial, trigonometric functions, and radial basis functions.

    Formula:
    f(x) = skewed_polynomial(x) + trigonometric_term(x) + rbf_network(x) * decay(x)

    Components:
    - skewed_polynomial: Creates a skewed fitness distribution with a mix of odd and even powers and cross products.
    - trigonometric_term: Provides non-linearity and oscillatory behavior, useful for ELA feature tuning.
    - rbf_network: Multiple radial basis functions centered at different points to create multiple basins of attraction.
    - decay: Decays the importance of RBF far from the origin. This encourages locality and prevents unboundedness.
    ",,,,18,4,0.26381505844379016,0.1456245873146692,0.3789777068353678,0.5551515224112171,0.006036284683419037,0.09615940924664847,0.7837544914709246,0.905776803551334
"import numpy as np

def problem(x: np.ndarray) -> float:
    """"""
    A synthetic 4-dimensional benchmark function designed to exhibit specific Exploratory Landscape Analysis (ELA) features.

    The function combines a scaled Schwefel function, polynomial terms, and interaction terms.

    Formula:
        f(x) = 0.05 * Schwefel(x) + 0.01 * polynomial_term(x) + 0.005 * interaction_term(x)

    Components:
        - Schwefel: A modified and scaled Schwefel function to introduce ruggedness.
        - polynomial_term: Polynomial terms to model non-linearity. This also addresses the quad interactions.
        - interaction_term:  Interaction terms to increase landscape complexity.  Specific interactions are chosen and scaled to target ELA feature scores.
    """"""
    n = len(x)
    if n != 4:
        raise ValueError(""Function only defined for 4 dimensions."")

    def Schwefel(x):
        """"""Scaled Schwefel Component to add ruggedness.""""""
        return 418.9829 * n - np.sum(x * np.sin(np.sqrt(np.abs(x))))

    def polynomial_term(x):
        """"""Polynomial terms to add structure.""""""
        return np.sum(x**2) + x[0]**4 - x[1]**3 + x[2] * x[3]**2

    def interaction_term(x):
        """"""Interaction terms influencing correlations and ratios.""""""
        return x[0] * x[1] - x[2] * x[3] + x[0] * x[2] + (x[1]**2) * x[3]

    return 0.00005 * Schwefel(x) + 0.001 * polynomial_term(x) + 0.0005 * interaction_term(x)",1.0438632711320033,"
    A synthetic 4-dimensional benchmark function designed to exhibit specific Exploratory Landscape Analysis (ELA) features.

    The function combines a scaled Schwefel function, polynomial terms, and interaction terms.

    Formula:
        f(x) = 0.05 * Schwefel(x) + 0.01 * polynomial_term(x) + 0.005 * interaction_term(x)

    Components:
        - Schwefel: A modified and scaled Schwefel function to introduce ruggedness.
        - polynomial_term: Polynomial terms to model non-linearity. This also addresses the quad interactions.
        - interaction_term:  Interaction terms to increase landscape complexity.  Specific interactions are chosen and scaled to target ELA feature scores.
    ",,,,18,4,0.24418193437973645,0.2246927236270747,0.7095003584460007,0.5616381292425779,0.1095245613387464,0.11820633743218867,0.9093233277178573,0.9380882085540803
"import numpy as np

def problem(x: np.ndarray) -> float:
    """"""
    A synthetic 4-dimensional benchmark function combining polynomial, rational, and interaction terms.

    Formula:
    f(x) = a * sum(x_i^3) + b / (c + sum(x_i^2)) + d * sum(x_i * x_{i+1 mod N}) + e * x[0]^2 * x[2],
    where x_i are the elements of the input vector x, N is the dimension, and a, b, c, d, and e are constants.
    """"""
    a = 0.05
    b = 1.0
    c = 0.1
    d = 0.02
    e = 0.03

    n = len(x)
    if n != 4:
        raise ValueError(""Function only defined for 4 dimensions."")

    term1 = a * np.sum(x**3)  # Cubic term
    term2 = b / (c + np.sum(x**2))  # Rational term

    term3 = 0.0
    for i in range(n):
        term3 += x[i] * x[(i + 1) % n]  # Circular interaction
    term3 *= d

    term4 = e * x[0]**2 * x[2]  # Interaction and polynomial

    return term1 + term2 + term3 + term4",1.1605966635640392,"
    A synthetic 4-dimensional benchmark function combining polynomial, rational, and interaction terms.

    Formula:
    f(x) = a * sum(x_i^3) + b / (c + sum(x_i^2)) + d * sum(x_i * x_{i+1 mod N}) + e * x[0]^2 * x[2],
    where x_i are the elements of the input vector x, N is the dimension, and a, b, c, d, and e are constants.
    ",,,,18,4,0.16501878692226563,0.43553500292945235,0.45774934505660436,0.6537978786536073,0.8538552213752375,0.8572936680243508,0.8540358672266465,0.9998758136592977
"import numpy as np

def problem(x: np.ndarray) -> float:
    """"""
    A synthetic 4-dimensional benchmark function with multiplicative components, designed to exhibit specific ELA features.

    Formula:
    f(x) = (polynomial_ridge(x) * gaussian_well(x) * sine_modulation(x)) + linear_bias(x)

    Components:
    - polynomial_ridge: A polynomial ridge along a line in the input space.
    - gaussian_well: A Gaussian ""well"" (inverted Gaussian) centered at a specific point.
    - sine_modulation: A sine wave modulating the function value.
    - linear_bias: Adds a global linear bias.
    """"""
    def polynomial_ridge(x):
        """"""Creates a polynomial ridge along a line.""""""
        return 1 + (0.1 * (x[0] - x[1])**4) #Ridge along line x[0] = x[1]

    def gaussian_well(x):
        """"""Gaussian ""well"" centered at a point.""""""
        center = np.array([1.0, -1.0, 0.5, -0.5])
        return np.exp(-np.sum((x - center)**2) / 2)

    def sine_modulation(x):
        """"""Sine wave modulation.""""""
        return np.sin(np.pi * (x[2] + x[3])) + 2  # adding 2 is necessary to ensure the function's positivity to prevent division errors or other issues.

    def linear_bias(x):
        """"""Adds a global linear bias.""""""
        b = np.array([0.1, -0.05, 0.02, -0.01])
        return np.sum(b * x)


    return (polynomial_ridge(x) * gaussian_well(x) * sine_modulation(x)) + linear_bias(x)",1.2431263329182318,"
    A synthetic 4-dimensional benchmark function with multiplicative components, designed to exhibit specific ELA features.

    Formula:
    f(x) = (polynomial_ridge(x) * gaussian_well(x) * sine_modulation(x)) + linear_bias(x)

    Components:
    - polynomial_ridge: A polynomial ridge along a line in the input space.
    - gaussian_well: A Gaussian ""well"" (inverted Gaussian) centered at a specific point.
    - sine_modulation: A sine wave modulating the function value.
    - linear_bias: Adds a global linear bias.
    ",,,,18,4,1.103887438471729,0.03292102198852591,0.6833332584787176,0.9186156250713584,0.2308961652810404,0.22987541497038708,0.25386378681919236,0.29782370645567596
"import numpy as np

def problem(x: np.ndarray) -> float:
    """"""
    A synthetic 4-dimensional benchmark function constructed as a product of several components to achieve desired ELA characteristics.

    Formula:
    f(x) = gaussian_term(x) * cosine_term(x) * polynomial_term(x)

    Components:
    - gaussian_term: Creates a radial Gaussian shape, affecting the overall landscape.
    - cosine_term: Introduces oscillations and modulates the gaussian component. Influences fitness-distance correlation.
    - polynomial_term: Includes polynomial terms with interactions to introduce non-linearity and complexity.
    """"""

    def gaussian_term(x):
        """"""Gaussian term to shape the landscape""""""
        center = np.array([0.5, -0.2, 0.1, -0.3])
        return np.exp(-np.sum((x - center)**2) / 2)

    def cosine_term(x):
        """"""Cosine term for oscillations and fitness-distance correlation modulation""""""
        frequencies = np.array([1.1, 0.7, 1.3, 0.9])
        return np.cos(np.sum(frequencies * x))

    def polynomial_term(x):
        """"""Polynomial interactions to add complexity and non-linearity""""
        """"""
        return (x[0] * x[1] + x[2] * x[3] + x[0]**2 - x[3]**3)

    return 0.9 * gaussian_term(x) * cosine_term(x) * (0.1 + polynomial_term(x))",1.826474105489937,"
    A synthetic 4-dimensional benchmark function constructed as a product of several components to achieve desired ELA characteristics.

    Formula:
    f(x) = gaussian_term(x) * cosine_term(x) * polynomial_term(x)

    Components:
    - gaussian_term: Creates a radial Gaussian shape, affecting the overall landscape.
    - cosine_term: Introduces oscillations and modulates the gaussian component. Influences fitness-distance correlation.
    - polynomial_term: Includes polynomial terms with interactions to introduce non-linearity and complexity.
    ",,,,18,4,-0.7664470449888889,0.773112972485962,0.6345689095916975,0.7459597320659431,0.0014392371115108473,-0.0020942166796282294,0.01738038920171443,0.03427566586153334
"import numpy as np

def problem(x: np.ndarray) -> float:
    """"""
    A synthetic 4-dimensional benchmark function designed to exhibit specific Exploratory Landscape Analysis (ELA) features.

    The function combines trigonometric terms for non-linearity and skewness, a full quadratic term, and a linear term to control landscape characteristics.

    Formula:
        f(x) = sum(sin(a * x + b)) + 0.5 * x @ Q @ x + b @ x

    Components:
        - Trigonometric Term: Introduces non-linearity and skewness via sine waves with phase shifts.
        - Quadratic Term (x @ Q @ x): Creates a complex, rugged landscape, controlled by Q.
        - Linear Term (b @ x): Introduces additional complexity and bias.
        - Q: A symmetric matrix to couple variables.
        - b: Linear coefficients.
        - a: Parameter that modifies the frequency of the sine terms on x
        - b: Parameter that modifies the phase of the sine terms
    """"""
    n = len(x)
    if n != 4:
        raise ValueError(""Function only defined for 4 dimensions."")

    # Define a symmetric matrix Q and a vector b to control quadratic and linear components
    Q = np.array([[ 0.2, -0.1,  0.1,  0.05],
                  [-0.1,  0.3, -0.05, -0.02],
                  [ 0.1, -0.05,  0.25,  0.1],
                  [ 0.05, -0.02,  0.1,  0.2]])

    b_vec = np.array([-0.1, -0.08, -0.05, -0.06])
    a_vec = np.array([0.3, 0.4, 0.2, 0.5]) # modulate frequency
    phase_vec = np.array([0.1, -0.12, 0.08, -0.05]) # introduce some skew

    # Trigonometric term
    trig_term = np.sum(np.sin(a_vec * x + phase_vec))

    # Quadratic term
    quad_term = 0.5 * x @ Q @ x

    # Linear term
    linear_term = b_vec @ x

    return trig_term + quad_term + linear_term",0.6937177898985738,"
    A synthetic 4-dimensional benchmark function designed to exhibit specific Exploratory Landscape Analysis (ELA) features.

    The function combines trigonometric terms for non-linearity and skewness, a full quadratic term, and a linear term to control landscape characteristics.

    Formula:
        f(x) = sum(sin(a * x + b)) + 0.5 * x @ Q @ x + b @ x

    Components:
        - Trigonometric Term: Introduces non-linearity and skewness via sine waves with phase shifts.
        - Quadratic Term (x @ Q @ x): Creates a complex, rugged landscape, controlled by Q.
        - Linear Term (b @ x): Introduces additional complexity and bias.
        - Q: A symmetric matrix to couple variables.
        - b: Linear coefficients.
        - a: Parameter that modifies the frequency of the sine terms on x
        - b: Parameter that modifies the phase of the sine terms
    ",,,,18,4,0.2392719986461847,0.17099051375163377,0.9282969815305477,0.6238711382647819,0.12496321387340978,0.5473577714485148,0.6647188772135881,0.999912142839835
"import numpy as np

def problem(x: np.ndarray) -> float:
    """"""
    A synthetic benchmark function constructed as a sum of amplitude-modulated sinusoidal functions with interaction terms and a global bias.

    Formula:
    f(x) = bias + sum_{i=1}^N [A_i(x) * sin(w_i * ||x|| + phase_i)] + sum_{i<j} B_{ij} * x_i^2 * x_j

    where:
     - A_i(x) = polynomial amplitude function for i-th sinusoid, involving terms like x_i^2 or x_i * x_j.
     - w_i = frequency of the i-th sinusoid.
     - phase_i = phase shift of the i-th sinusoid.
     - ||x|| = Euclidean norm of x.
     - B_{ij} = weight for quadratic interactions
     - bias is a constant
    """"""
    n = len(x)
    bias = 0.1

    term1 = bias

    for i in range(n):
        amplitude = 0.01 * x[i]**2 # Example amplitude function
        frequency = 0.5 + (i * 0.1) # Frequency increases for each dimension
        phase = i * np.pi / 4  # Example phase shift
        term1 += amplitude * np.sin(frequency * np.linalg.norm(x) + phase)

    # Add quadratic interactions

    term2 = 0.0
    for i in range(n):
        for j in range(i + 1, n):
            term2 += 0.005 * x[i]**2 * x[j]



    return term1 + term2",1.072172919305142,"
    A synthetic benchmark function constructed as a sum of amplitude-modulated sinusoidal functions with interaction terms and a global bias.

    Formula:
    f(x) = bias + sum_{i=1}^N [A_i(x) * sin(w_i * ||x|| + phase_i)] + sum_{i<j} B_{ij} * x_i^2 * x_j

    where:
     - A_i(x) = polynomial amplitude function for i-th sinusoid, involving terms like x_i^2 or x_i * x_j.
     - w_i = frequency of the i-th sinusoid.
     - phase_i = phase shift of the i-th sinusoid.
     - ||x|| = Euclidean norm of x.
     - B_{ij} = weight for quadratic interactions
     - bias is a constant
    ",,,,18,4,0.15405862648308408,0.5345671087515228,0.3784063035494252,0.7111954297918123,0.7357448896164906,0.7360497282553548,0.7533780394351363,0.9939478266657001
"import numpy as np

def problem(x: np.ndarray) -> float:
    """"""
    A synthetic 4-dimensional benchmark function combining modulated radial basis functions and polynomial terms.

    Formula:
    f(x) = sum(amplitude_i * cos(frequency_i * ||x - center_i||)) + polynomial_term(x)

    Components:
    - Modulated Radial Basis Functions: Cosine modulated Gaussian centered around different location creates landscape modality.
    - Polynomial Term: Creates interactions between dimensions, contributing to ruggedness.
    """"""
    n = len(x)
    if n != 4:
        raise ValueError(""Function only defined for 4 dimensions."")

    def modulated_rbf(x, center, amplitude, frequency):
        distance = np.linalg.norm(x - center)
        return amplitude * np.cos(frequency * distance) * np.exp(-distance**2 / 2)

    def polynomial_term(x):
        return 0.1 * (x[0]**2 * x[1] - x[1] * x[2]**3 + x[3] * x[0]) + 0.05 * np.sum(x**4)

    # Define parameters for RBFs
    centers = [np.array([1.0, 0.5, -0.2, 0.8]),
               np.array([-0.5, -1.0, 1.2, -0.3]),
               np.array([0.2, 0.0, -0.8, 1.5])]
    amplitudes = [0.5, 0.7, 0.3]
    frequencies = [1.0, 1.5, 0.8]

    rbf_term = sum(modulated_rbf(x, center, amplitude, frequency)
                   for center, amplitude, frequency in zip(centers, amplitudes, frequencies))

    return 0.02 * rbf_term + 0.005 * polynomial_term(x)",0.6256255915519287,"
    A synthetic 4-dimensional benchmark function combining modulated radial basis functions and polynomial terms.

    Formula:
    f(x) = sum(amplitude_i * cos(frequency_i * ||x - center_i||)) + polynomial_term(x)

    Components:
    - Modulated Radial Basis Functions: Cosine modulated Gaussian centered around different location creates landscape modality.
    - Polynomial Term: Creates interactions between dimensions, contributing to ruggedness.
    ",,,,18,4,0.28084301092084063,0.0689906648176502,0.44702789766420986,0.5658900137702526,0.012306455682248117,0.3708140336452214,0.5792669543022279,0.9004698776762982
"import numpy as np

def problem(x: np.ndarray) -> float:
    """"""
    A synthetic 4-dimensional benchmark function designed to exhibit specific Exploratory Landscape Analysis (ELA) features.

    The function combines a polynomial term with variable coefficients, a logarithmic term with variable coefficients, and a radial basis component,
    modulated with x[0] to introduce asymmetry. The polynomial part contains degree 1, 2, 3 terms.

    Formula:
        f(x) =  poly_term + log_term + rbf_term

    Components:
        - poly_term : sum(a_i*x_i) + sum(b_i*x_i^2) + sum(c_i*x_i^3), ai = x[0] + d_i, bi = x[1] + e_i, ci = x[2] + f_i
        - log_term : sum(log(abs(x_i - g_i)) + 1), coeff = x[3]
        - rbf_term : h * exp(-k * ||x - center||^2)
        - Constants: d,e,f, g, h, k, center (are constant numpy arrays)
    """"""
    n = len(x)
    if n != 4:
        raise ValueError(""Function only defined for 4 dimensions."")

    # Constants to control the functions
    d = np.array([0.1, -0.2, 0.05, 0.15])
    e = np.array([-0.05, 0.1, -0.15, 0.2])
    f = np.array([0.2, -0.1, 0.0, -0.05])
    g = np.array([1.0, -0.5, 0.2, -0.1])  # shift for logarithm
    h = 0.5 # radial basis function scalar
    k = 0.1  # radial basis function width
    center = np.array([0.5, -0.2, 0.1, -0.3])

    # Polynomial term with variable coefficients
    a = x[0] + d
    b = x[1] + e
    c = x[2] + f

    poly_term = np.sum(a * x) + np.sum(b * x**2) + np.sum(c * x**3)

    # Logarithmic term with variable coefficient
    log_term = x[3] * np.sum(np.log(np.abs(x - g) + 1)) # added 1 inside the log to avoid division by zero and negative log

    # Radial basis function
    rbf_term = h * np.exp(-k * np.sum((x - center)**2))

    return poly_term + log_term + rbf_term",0.45566815111530545,"
    A synthetic 4-dimensional benchmark function designed to exhibit specific Exploratory Landscape Analysis (ELA) features.

    The function combines a polynomial term with variable coefficients, a logarithmic term with variable coefficients, and a radial basis component,
    modulated with x[0] to introduce asymmetry. The polynomial part contains degree 1, 2, 3 terms.

    Formula:
        f(x) =  poly_term + log_term + rbf_term

    Components:
        - poly_term : sum(a_i*x_i) + sum(b_i*x_i^2) + sum(c_i*x_i^3), ai = x[0] + d_i, bi = x[1] + e_i, ci = x[2] + f_i
        - log_term : sum(log(abs(x_i - g_i)) + 1), coeff = x[3]
        - rbf_term : h * exp(-k * ||x - center||^2)
        - Constants: d,e,f, g, h, k, center (are constant numpy arrays)
    ",,,,18,4,0.2597652878152071,0.31872361729628623,0.43018254939759665,0.6565932353090529,0.13826828211189332,0.6645577717014384,0.40971510591202304,0.9083687378604894
"import numpy as np

def problem(x: np.ndarray) -> float:
    """"""
    A synthetic 4-dimensional benchmark function designed to exhibit specific Exploratory Landscape Analysis (ELA) features.

    The function combines a skewed trigonometric interaction term, a weighted sum of powers, and a product of sinusoids to influence ELA features like skewness, ruggedness, and modality.

    Formula:
        f(x) = 0.015 * (10* sin(0.5 * (x[0] + x[1] + x[2] + x[3])) * exp(0.05 * (x[0] + x[1] - x[2] - x[3])) + sum(abs(x)**2.5) + prod(sin(x)))

    Components:
        - Trigonometric Interaction Term: Introduces skewness and modality through sinusoidal and exponential modulation of variable interactions.
        - Power Sum Term:  Contributes to ruggedness, especially when using non-integer powers.
        - Product of Sinusoids:  Increases modality and adds local optima.
    """"""
    n = len(x)
    if n != 4:
        raise ValueError(""Function only defined for 4 dimensions."")

    # Trigonometric Interaction Term
    trig_interaction = 10 * np.sin(0.5 * np.sum(x)) * np.exp(0.05 * (x[0] + x[1] - x[2] - x[3]))

    # Sum of Absolute Powers
    power_sum = np.sum(np.abs(x)**2.5)

    # Product of Sinusoids
    sin_product = np.prod(np.sin(x))

    return 0.015 * (trig_interaction + power_sum + sin_product)",1.2248270896586764,"
    A synthetic 4-dimensional benchmark function designed to exhibit specific Exploratory Landscape Analysis (ELA) features.

    The function combines a skewed trigonometric interaction term, a weighted sum of powers, and a product of sinusoids to influence ELA features like skewness, ruggedness, and modality.

    Formula:
        f(x) = 0.015 * (10* sin(0.5 * (x[0] + x[1] + x[2] + x[3])) * exp(0.05 * (x[0] + x[1] - x[2] - x[3])) + sum(abs(x)**2.5) + prod(sin(x)))

    Components:
        - Trigonometric Interaction Term: Introduces skewness and modality through sinusoidal and exponential modulation of variable interactions.
        - Power Sum Term:  Contributes to ruggedness, especially when using non-integer powers.
        - Product of Sinusoids:  Increases modality and adds local optima.
    ",,,,19,4,0.18804698414390186,0.2428996681114115,0.9603755895678778,0.4494484210895511,0.0034275083201312133,0.01652372978429217,0.9426657501558309,0.9452445911799456
"import numpy as np

def problem(x: np.ndarray) -> float:
    """"""
    A synthetic benchmark function combining quadratic, cubic, and exponential components with interactions.

    Formula:
    f(x) = a * sum(x_i^2) + b * (x[0]^3 + x[1]^3) + c * exp(-d * (x[2] - e)^2) + f * x[0] * x[1] * x[2] + g * np.sin(x[3])
    where x_i are the elements of the input vector x, and a, b, c, d, e, f, g are constants.
    """"""
    a = 0.12
    b = 0.03
    c = 0.15
    d = 0.2
    e = 1.0
    f = 0.008
    g = 0.05

    n = len(x)
    term1 = a * np.sum(x**2)
    term2 = b * (x[0]**3 + x[1]**3)
    term3 = c * np.exp(-d * (x[2] - e)**2)
    term4 = f * x[0] * x[1] * x[2]
    term5 = g * np.sin(x[3])

    return term1 + term2 + term3 + term4 + term5",0.9403364529416922,"
    A synthetic benchmark function combining quadratic, cubic, and exponential components with interactions.

    Formula:
    f(x) = a * sum(x_i^2) + b * (x[0]^3 + x[1]^3) + c * exp(-d * (x[2] - e)^2) + f * x[0] * x[1] * x[2] + g * np.sin(x[3])
    where x_i are the elements of the input vector x, and a, b, c, d, e, f, g are constants.
    ",,,,19,4,0.2257741447301429,0.1321536355085385,0.7420072124967377,0.5892145367467876,0.45219484251915626,0.4589856304832608,0.9032030618266055,0.9948514573461542
"import numpy as np

def problem(x: np.ndarray) -> float:
    """"""
    A synthetic 4-dimensional benchmark function designed to exhibit specific Exploratory Landscape Analysis (ELA) features.

    The function combines a skewed exponential term, a polynomial term, and a sum of sigmoids. This aims to refine ELA features like skewness and ruggedness.

    Formula:
    f(x) = exp(0.13 * (sum(x) + 10)) + sum(x**4) * 0.001 + sum(np.sin(x) * x)*0.1 + sum(1 / (1 + np.exp(-x))) * 0.05

    Components:
    - Exponential Term: Introduces skewness.
    - Polynomial Term: Creates a complex, rugged landscape.
    - Trigonometric/Sigmoid Terms: Adds additional non-linearity and modality.
    """"""
    n = len(x)
    if n != 4:
        raise ValueError(""Function only defined for 4 dimensions."")

    # Exponential term for skew
    exp_term = np.exp(0.13 * (np.sum(x) + 10))

    # Quartic polynomial term
    poly_term = np.sum(x**4) * 0.001

    # Trigonometric Term
    trig_term = np.sum(np.sin(x) * x)*0.1

    # Sum of Sigmoids
    sigmoid_term = np.sum(1 / (1 + np.exp(-x))) * 0.05

    return exp_term + poly_term + trig_term + sigmoid_term",1.0046265865958057,"
    A synthetic 4-dimensional benchmark function designed to exhibit specific Exploratory Landscape Analysis (ELA) features.

    The function combines a skewed exponential term, a polynomial term, and a sum of sigmoids. This aims to refine ELA features like skewness and ruggedness.

    Formula:
    f(x) = exp(0.13 * (sum(x) + 10)) + sum(x**4) * 0.001 + sum(np.sin(x) * x)*0.1 + sum(1 / (1 + np.exp(-x))) * 0.05

    Components:
    - Exponential Term: Introduces skewness.
    - Polynomial Term: Creates a complex, rugged landscape.
    - Trigonometric/Sigmoid Terms: Adds additional non-linearity and modality.
    ",,,,19,4,0.3377915053226709,0.06493700465049604,0.6788074115043282,0.8689922552154026,0.7870715415195658,0.9550107706603838,0.8092037342607421,0.9849551008891185
"import numpy as np

def problem(x: np.ndarray) -> float:
    """"""
    A synthetic 4-dimensional benchmark function designed to exhibit specific Exploratory Landscape Analysis (ELA) features.

    The function combines shifted and scaled sine waves, a quadratic term, and a linear term to control skewness and landscape ruggedness.

    Formula:
        f(x) = sum(a_i * sin(b_i * x_i + c_i)) + 0.5 * x @ Q @ x  + b @ x

    Components:
        - Sine Waves: Introduce non-linearity and multi-modality. Coefficients a_i, b_i, and c_i control amplitude, frequency, and phase.
        - Quadratic Term (x @ Q @ x): Creates a complex, rugged landscape, controlled by Q.
        - Linear Term (b @ x): Introduces additional complexity and bias.
        - Q: A pre-defined symmetric matrix to couple variables.
        - b: Pre-defined linear coefficients.
        - a, b, c Sine wave coefficients.
    """"""
    n = len(x)
    if n != 4:
        raise ValueError(""Function only defined for 4 dimensions."")

    Q = np.array([[ 0.2, -0.1,  0.05,  0.15],
                  [-0.1,  0.3, -0.02, -0.1 ],
                  [ 0.05, -0.02,  0.15,  0.08],
                  [ 0.15, -0.1,  0.08,  0.25]])

    b = np.array([-0.15, -0.1, -0.05, -0.2])

    # Sine wave parameters
    a = np.array([1.2, 0.8, 1.0, 0.9])
    b_freq = np.array([0.8, 1.1, 0.9, 1.2])
    c = np.array([0.5, -0.3, 0.2, -0.1])  # Phase shifts

    # Sine wave component
    sine_term = np.sum(a * np.sin(b_freq * x + c))

    # Quadratic term
    quad_term = 0.5 * x @ Q @ x

    # Linear term
    linear_term = b @ x

    return sine_term + quad_term + linear_term",0.42997298059696815,"
    A synthetic 4-dimensional benchmark function designed to exhibit specific Exploratory Landscape Analysis (ELA) features.

    The function combines shifted and scaled sine waves, a quadratic term, and a linear term to control skewness and landscape ruggedness.

    Formula:
        f(x) = sum(a_i * sin(b_i * x_i + c_i)) + 0.5 * x @ Q @ x  + b @ x

    Components:
        - Sine Waves: Introduce non-linearity and multi-modality. Coefficients a_i, b_i, and c_i control amplitude, frequency, and phase.
        - Quadratic Term (x @ Q @ x): Creates a complex, rugged landscape, controlled by Q.
        - Linear Term (b @ x): Introduces additional complexity and bias.
        - Q: A pre-defined symmetric matrix to couple variables.
        - b: Pre-defined linear coefficients.
        - a, b, c Sine wave coefficients.
    ",,,,19,4,0.24975812612759504,0.18723603811684172,0.5734457310519678,0.6140209791574469,0.10769034500070618,0.5614349957152458,0.44137930492091654,0.9453165234847949
"import numpy as np

def problem(x: np.ndarray) -> float:
    """"""
    A synthetic 4-dimensional benchmark function designed to exhibit specific Exploratory Landscape Analysis (ELA) features.

    The function combines a sinusoidal term, a polynomial term (degree 2, and 4), a weighted exponential term,
    and a linear term, all designed to create a complex fitness landscape.

    Formula:
        f(x) = sin_term + poly_term + exp_term + linear_term

    Components:
        - sin_term : A sum of sine waves with varying frequencies and amplitudes.
        - poly_term : A sum of even powered terms including quadratic and quartic terms.
        - exp_term : An exponential term modulated by a quadratic distance to a center point.
        - linear_term: A sum of all dimensions
        - constants (a, b, c, center, w) are constant numpy arrays that affect all terms.
    """"""
    n = len(x)
    if n != 4:
        raise ValueError(""Function only defined for 4 dimensions."")

    # Constants
    a = np.array([1.0, 0.5, 0.25, 0.125])  # Amplitudes for sine waves
    b = np.array([0.1, 0.2, 0.3, 0.4])  # Coefficients for polynomial terms
    c = np.array([0.2, 0.1, 0.4, 0.3]) # coefficient for quartic polynomial terms
    center = np.array([0.0, 1.0, -0.5, 0.5]) # Center for exponential term
    w = 0.5  # Weight for exponential term

    # Sinusoidal term
    sin_term = np.sum(a * np.sin(2 * np.pi * x))

    # Polynomial term
    poly_term = np.sum(b * x**2) + np.sum(c * x**4)

    # Exponential term
    exp_term = w * np.exp(-np.sum((x - center)**2))

    #Linear Term
    linear_term = np.sum(x)

    return sin_term + poly_term + exp_term + linear_term",1.17618966149833,"
    A synthetic 4-dimensional benchmark function designed to exhibit specific Exploratory Landscape Analysis (ELA) features.

    The function combines a sinusoidal term, a polynomial term (degree 2, and 4), a weighted exponential term,
    and a linear term, all designed to create a complex fitness landscape.

    Formula:
        f(x) = sin_term + poly_term + exp_term + linear_term

    Components:
        - sin_term : A sum of sine waves with varying frequencies and amplitudes.
        - poly_term : A sum of even powered terms including quadratic and quartic terms.
        - exp_term : An exponential term modulated by a quadratic distance to a center point.
        - linear_term: A sum of all dimensions
        - constants (a, b, c, center, w) are constant numpy arrays that affect all terms.
    ",,,,19,4,0.21564374119926955,0.07629299076737779,0.9446235356320378,0.45714497978570845,0.0065332123929516955,0.03195928981789329,0.9272124783298501,0.9291796298918428
"import numpy as np

def problem(x: np.ndarray) -> float:
    """"""
    A synthetic benchmark function, combining polynomial, trigonometric, and interaction elements, and aiming for specific ELA features.

    Formula:
    f(x) = a * sum(x_i^4) + b * sum(cos(c * x_i)) + d * sum(x_i * x_j) + e * x[0]^3*x[1] + g * x[0] + h * sum(sin(x_i)*x_{i+1}) - k * sum(x_i^2)

    where x_i are the elements of the input vector x, and a,b,c,d,e, g, h, k are constants. Adressing boundary issues, sin() is used instead of cos where large values appear. Last component includes a circular dependency x_{n+1} = x_1.  The addition of sum(\-kx_i^2) enhances quadratic features and provides negative curvature.
    """"""
    a = 0.12
    b = 0.18
    c = 1.1
    d = 0.28
    e = 0.35
    g = 0.008
    h = 0.04
    k = 0.06

    n = len(x)

    term1 = a * np.sum(x**4)  # Polynomial term
    term2 = b * np.sum(np.cos(c * x))  # Trigonometric term

    term3 = 0.0
    for i in range(n):
        for j in range(i + 1, n):
            term3 += x[i] * x[j]
    term3 *= d  # Interaction term

    term4 = e * x[0]**3 * x[1] # Skewed interaction

    term5 = g * x[0] # simple linear component

    term6 = 0.0
    for i in range(n):
      term6 += np.sin(x[i]) * x[(i+1) % n]
    term6 *= h

    term7 = -k * np.sum(x**2)

    return term1 + term2 + term3 + term4 + term5 + term6 + term7",0.4925370368642657,"
    A synthetic benchmark function, combining polynomial, trigonometric, and interaction elements, and aiming for specific ELA features.

    Formula:
    f(x) = a * sum(x_i^4) + b * sum(cos(c * x_i)) + d * sum(x_i * x_j) + e * x[0]^3*x[1] + g * x[0] + h * sum(sin(x_i)*x_{i+1}) - k * sum(x_i^2)

    where x_i are the elements of the input vector x, and a,b,c,d,e, g, h, k are constants. Adressing boundary issues, sin() is used instead of cos where large values appear. Last component includes a circular dependency x_{n+1} = x_1.  The addition of sum(\-kx_i^2) enhances quadratic features and provides negative curvature.
    ",,,,19,4,0.28487838199206333,0.26351331640547826,0.36441859220415346,0.5905165765431983,0.008409370016732998,0.5333557168981681,0.3620841658229418,0.881937459932129
"import numpy as np

def problem(x: np.ndarray) -> float:
    """"""
    A synthetic 4-dimensional benchmark function designed to exhibit specific Exploratory Landscape Analysis (ELA) features.

    The function combines a skewed exponential term, a a polynomial term, and a linear term to control skewness and landscape ruggedness.

    Formula:
        f(x) = 0.7*(exp(0.09 * (sum(x) + 10)) + 0.3 * sum(x**4) + b @ x)

    Components:
        - Exponential Term: Introduces skewness.
        - Polynomial Term (sum(x**4):  Creates a complex, rugged landscape.
        - Linear Term (b @ x): Introduces additional complexity and bias.
        - b: Linear coefficients.
    """"""
    n = len(x)
    if n != 4:
        raise ValueError(""Function only defined for 4 dimensions."")


    b = np.array([-0.19465523, -0.13663213, -0.07293302, -0.25914074]) / 2

    # Exponential term for skew
    exp_term = np.exp(0.09 * (np.sum(x) + 10))

    # polynomial term
    poly_term = 0.3 * np.sum(x**4)

    # Linear term
    linear_term = b @ x

    return 0.7*(exp_term + poly_term + linear_term)",1.1971155016942658,"
    A synthetic 4-dimensional benchmark function designed to exhibit specific Exploratory Landscape Analysis (ELA) features.

    The function combines a skewed exponential term, a a polynomial term, and a linear term to control skewness and landscape ruggedness.

    Formula:
        f(x) = 0.7*(exp(0.09 * (sum(x) + 10)) + 0.3 * sum(x**4) + b @ x)

    Components:
        - Exponential Term: Introduces skewness.
        - Polynomial Term (sum(x**4):  Creates a complex, rugged landscape.
        - Linear Term (b @ x): Introduces additional complexity and bias.
        - b: Linear coefficients.
    ",,,,19,4,0.2136062169649374,0.09593278304872466,0.948970735870351,0.4169600651705835,0.001503718656767448,0.020122775893685555,0.9245015213212963,0.9260812980192312
"import numpy as np

def problem(x: np.ndarray) -> float:
    """"""
    A synthetic benchmark function designed to mimic specific ELA features, combining polynomial, trigonometric, and interaction elements.

    Formula:
    f(x) = a * sum(x_i^2) + b * sum(sin(c * x_i)) + d * sum(x_i * x_j) + e * x[0]^2*x[1] + g * x[0] + h * sum(cos(x_i)*x_{i+1}) + k * sum(x_i^3*sin(x_i))
    where x_i are the elements of the input vector x, and a,b,c,d,e, g, h, k are constants. Adressing boundary issues, sin() is used instead of cos where large values appear. Last component includes a circular dependency x_{n+1} = x_1.
    """"""
    a = 0.2
    b = 0.15
    c = 0.7
    d = 0.25
    e = 0.3
    g = 0.005
    h = 0.02
    k = 0.08

    n = len(x)

    term1 = a * np.sum(x**2)  # Polynomial term (quadratic)
    term2 = b * np.sum(np.sin(c * x))  # Trigonometric term

    term3 = 0.0
    for i in range(n):
        for j in range(i + 1, n):
            term3 += x[i] * x[j]
    term3 *= d  # Interaction term

    term4 = e * x[0]**2 * x[1]  # Skewed interaction

    term5 = g * x[0]  # simple linear component

    term6 = 0.0
    for i in range(n):
        term6 += np.cos(x[i]) * x[(i + 1) % n]
    term6 *= h

    term7 = k* np.sum(x**3*np.sin(x))

    return term1 + term2 + term3 + term4 + term5 + term6 + term7",0.9253183469341093,"
    A synthetic benchmark function designed to mimic specific ELA features, combining polynomial, trigonometric, and interaction elements.

    Formula:
    f(x) = a * sum(x_i^2) + b * sum(sin(c * x_i)) + d * sum(x_i * x_j) + e * x[0]^2*x[1] + g * x[0] + h * sum(cos(x_i)*x_{i+1}) + k * sum(x_i^3*sin(x_i))
    where x_i are the elements of the input vector x, and a,b,c,d,e, g, h, k are constants. Adressing boundary issues, sin() is used instead of cos where large values appear. Last component includes a circular dependency x_{n+1} = x_1.
    ",,,,19,4,0.10317528966879483,0.6581541462320012,0.18480274389205734,0.6014024376306312,0.3863458416626108,0.5981035864997589,0.4371179114974614,0.9492932946222646
"import numpy as np

def problem(x: np.ndarray) -> float:
    """"""
    A synthetic benchmark function combining a shifted Rosenbrock-like term, a sum of absolute values, and a scaled Gaussian.

    Formula:
    f(x) = sum(a * (x[i+1] - x[i]**2)**2 + (1 - x[i])**2) + b * sum(abs(x)) + c * exp(-d * ||x - center||^2) + e * x[0] * x[1] * x[2] * x[3]
    where x_i are the elements of the input vector x, ||.|| denotes the Euclidean norm, 'center' is a fixed vector, and a,b,c,d,e are constants.
    """"""
    a = 1.0
    b = 0.02
    c = 0.5
    d = 0.2
    e = 0.005
    center = np.array([0.5, -0.2, 1.0, -0.8])  # Shifted center for gaussian

    n = len(x)
    term1 = 0.0
    for i in range(n - 1):
        term1 += a * (x[i+1] - x[i]**2)**2 + (1 - x[i])**2  # Rosenbrock-like term

    term2 = b * np.sum(np.abs(x)) # sum of absolute values
    term3 = c * np.exp(-d * np.sum((x - center)**2))  # Gaussian
    term4 = e * x[0] * x[1] * x[2] * x[3]   # Interaction Term
    return term1 + term2 + term3 + term4",1.108440586759356,"
    A synthetic benchmark function combining a shifted Rosenbrock-like term, a sum of absolute values, and a scaled Gaussian.

    Formula:
    f(x) = sum(a * (x[i+1] - x[i]**2)**2 + (1 - x[i])**2) + b * sum(abs(x)) + c * exp(-d * ||x - center||^2) + e * x[0] * x[1] * x[2] * x[3]
    where x_i are the elements of the input vector x, ||.|| denotes the Euclidean norm, 'center' is a fixed vector, and a,b,c,d,e are constants.
    ",,,,19,4,0.24243544905694916,0.04522294324043275,0.9319763356486079,0.490804668960465,0.07056925140356318,0.08520666134637447,0.8989940209543095,0.944275859746331
"import numpy as np

def problem(x: np.ndarray) -> float:
    """"""
    A synthetic 4-dimensional benchmark function designed to exhibit specific Exploratory Landscape Analysis (ELA) features.

    The function combines a skewed Rosenbrock-like term, a weighted sum of squares, and a linear component to control skewness and landscape ruggedness.

    Formula:
        f(x) = sum(a_i * (x_i^2 + (x_{i+1} - x_i^2)^2)) + c * sum(x^2) + d @ x

    Components:
        - Rosenbrock-like Sum: Introduces multi-modality and skewness.
        - Weighted Sum of Squares: Creates a convex landscape component, easy to navigate.
        - Linear Term (d @ x): Introduces additional complexity and bias.

    """"""
    n = len(x)
    if n != 4:
        raise ValueError(""Function only defined for 4 dimensions."")

    # Rosenbrock-like parameters
    a = np.array([1.2, 0.8, 1.5, 0.9])

    # Parameters for weighted sum of squares
    c = 0.05

    # Linear coefficients
    d = np.array([-0.1, 0.05, -0.15, 0.1])

    # Rosembrock-like term
    rosenbrock_term = np.sum(a * (x[:-1]**2 + (x[1:] - x[:-1]**2)**2))

    # Weighted sum of squares term
    sum_squares_term = c * np.sum(x**2)

    # Linear term
    linear_term = d @ x

    return rosenbrock_term + sum_squares_term + linear_term",1.0082427088750467,"
    A synthetic 4-dimensional benchmark function designed to exhibit specific Exploratory Landscape Analysis (ELA) features.

    The function combines a skewed Rosenbrock-like term, a weighted sum of squares, and a linear component to control skewness and landscape ruggedness.

    Formula:
        f(x) = sum(a_i * (x_i^2 + (x_{i+1} - x_i^2)^2)) + c * sum(x^2) + d @ x

    Components:
        - Rosenbrock-like Sum: Introduces multi-modality and skewness.
        - Weighted Sum of Squares: Creates a convex landscape component, easy to navigate.
        - Linear Term (d @ x): Introduces additional complexity and bias.

    ",,,,19,4,0.2723768997459538,0.012406228428050012,0.8018825325972434,0.5848195829545022,0.15316742748510342,0.1725092370331894,0.9149400259975567,0.9484669852729364
"import numpy as np

def problem(x: np.ndarray) -> float:
    """"""
    A synthetic 4-dimensional benchmark function designed to exhibit specific Exploratory Landscape Analysis (ELA) features.

    The function combines a skewed exponential term, a full quadratic term,  and a linear term to control skewness and landscape ruggedness.

    Formula:
        f(x) = 0.1 * exp(0.12 * (sum(x) + 10)) + 0.01 * x @ Q @ x + 0.005 * b @ x

    Components:
        - Exponential Term: Introduces skewness.
        - Quadratic Term (x @ Q @ x):  Creates a complex, rugged landscape, controlled by Q.
        - Linear Term (b @ x): Introduces additional complexity and bias.
        - Q: A randomly generated symmetric matrix to couple variables.
        - b: Linear coefficients. Applied a scaling factor to the quadratic and linear terms.
    """"""
    n = len(x)
    if n != 4:
        raise ValueError(""Function only defined for 4 dimensions."")

    # Define a symmetric matrix Q and a vector b to control quadratic and linear components
    Q = np.array([[ 0.1, -0.05,  0.02,  0.07],
                  [-0.05,  0.2, -0.01, -0.05],
                  [ 0.02, -0.01,  0.05,  0.03],
                  [ 0.07, -0.05,  0.03,  0.1]])

    b = np.array([-0.02, -0.01, -0.008, -0.02])

    # Exponential term for skew
    exp_term = 0.1 * np.exp(0.12 * (np.sum(x) + 10))

    # Quadratic term
    quad_term = 0.01 * x @ Q @ x

    # Linear term
    linear_term = 0.005 * b @ x

    return exp_term + quad_term + linear_term",1.0329910656611305,"
    A synthetic 4-dimensional benchmark function designed to exhibit specific Exploratory Landscape Analysis (ELA) features.

    The function combines a skewed exponential term, a full quadratic term,  and a linear term to control skewness and landscape ruggedness.

    Formula:
        f(x) = 0.1 * exp(0.12 * (sum(x) + 10)) + 0.01 * x @ Q @ x + 0.005 * b @ x

    Components:
        - Exponential Term: Introduces skewness.
        - Quadratic Term (x @ Q @ x):  Creates a complex, rugged landscape, controlled by Q.
        - Linear Term (b @ x): Introduces additional complexity and bias.
        - Q: A randomly generated symmetric matrix to couple variables.
        - b: Linear coefficients. Applied a scaling factor to the quadratic and linear terms.
    ",,,,20,4,0.32931511417959725,0.037969877557678784,0.7817337668151142,0.8595126884479467,0.787858669775271,0.9433804649646929,0.8313110233892071,0.9893286573917123
"import numpy as np

def problem(x: np.ndarray) -> float:
    """"""
    A synthetic 4-dimensional benchmark function designed to exhibit specific Exploratory Landscape Analysis (ELA) features.

    The function combines a skewed exponential term, a full quadratic term,  and a linear term to control skewness and landscape ruggedness.

    Formula:
        f(x) = 0.005 * (1.1 * exp(0.16 * (sum(x) + 10)) + 1.0 * x @ Q @ x + 0.5*b @ x)

    Components:
        - Exponential Term: Introduces skewness.
        - Quadratic Term (x @ Q @ x):  Creates a complex, rugged landscape, controlled by Q.
        - Linear Term (b @ x): Introduces additional complexity and bias.
        - Q: A symmetric matrix to couple variables.
        - b: Linear coefficients.
    """"""
    n = len(x)
    if n != 4:
        raise ValueError(""Function only defined for 4 dimensions."")

    # Define a symmetric matrix Q and a vector b to control quadratic and linear components
    Q = np.array([[ 0.3, -0.2,  0.05,  0.1],
                  [-0.2,  0.3, -0.1, -0.05],
                  [ 0.05, -0.1,  0.2,  0.15],
                  [ 0.1, -0.05,  0.15,  0.2]])

    b = np.array([-0.01, -0.005, -0.002, -0.008])

    # Exponential term for skew
    exp_term = np.exp(0.16 * (np.sum(x) + 10))

    # Quadratic term
    quad_term = x @ Q @ x

    # Linear term
    linear_term = 0.5*b @ x

    return 0.005*(1.1 * exp_term + quad_term + linear_term)",0.7448717247199156,"
    A synthetic 4-dimensional benchmark function designed to exhibit specific Exploratory Landscape Analysis (ELA) features.

    The function combines a skewed exponential term, a full quadratic term,  and a linear term to control skewness and landscape ruggedness.

    Formula:
        f(x) = 0.005 * (1.1 * exp(0.16 * (sum(x) + 10)) + 1.0 * x @ Q @ x + 0.5*b @ x)

    Components:
        - Exponential Term: Introduces skewness.
        - Quadratic Term (x @ Q @ x):  Creates a complex, rugged landscape, controlled by Q.
        - Linear Term (b @ x): Introduces additional complexity and bias.
        - Q: A symmetric matrix to couple variables.
        - b: Linear coefficients.
    ",,,,20,4,0.32618785521399624,0.05693814687788951,0.9291892587192141,0.7613559224690193,0.4299066956966886,0.7596980790898572,0.6918812383365855,0.9818280885104835
"import numpy as np

def problem(x: np.ndarray) -> float:
    """"""
    A synthetic benchmark function with a combination of quadratic terms, interaction terms, and a radial basis.

    Formula:
    f(x) = a * sum(x_i^2) + b * sum(x_i * x_{i+1}) + c * exp(-d * ||x - center||^2) + e * x[0]^3 * x[1] + f * x[2]
    where x_i are the elements of the input vector x, ||.|| denotes the Euclidean norm, 'center' is a fixed vector, and a,b,c,d,e,f are constants.
    """"""
    a = 0.05  # Reduced
    b = 0.1   # Increased
    c = 0.3   # Increased
    d = 0.2    # Increased
    e = 0.02  # Increased
    f = 0.002 # Reduced
    center = np.array([1.0, -0.5, 2.0, -1.5])  # Fixed center for the radial basis function

    n = len(x)

    term1 = a * np.sum(x**2)  # Quadratic term
    term2 = 0.0
    for i in range(n - 1):
        term2 += x[i] * x[i+1]
    term2 *= b  # Interaction term
    term3 = c * np.exp(-d * np.sum((x - center)**2))  # Radial basis function
    term4 = e * x[0]**3 * x[1]  # Skewed interaction
    term5 = f * x[2] # simple linear component

    return term1 + term2 + term3 + term4 + term5",0.6489821227709409,"
    A synthetic benchmark function with a combination of quadratic terms, interaction terms, and a radial basis.

    Formula:
    f(x) = a * sum(x_i^2) + b * sum(x_i * x_{i+1}) + c * exp(-d * ||x - center||^2) + e * x[0]^3 * x[1] + f * x[2]
    where x_i are the elements of the input vector x, ||.|| denotes the Euclidean norm, 'center' is a fixed vector, and a,b,c,d,e,f are constants.
    ",,,,20,4,0.19943831012952368,0.5450985601578737,0.27488124477184606,0.6637497652811108,0.008108703151023071,0.882579250771635,0.05360545924871945,0.921594050759212
"import numpy as np

def problem(x: np.ndarray) -> float:
    """"""
    A synthetic 4-dimensional benchmark function designed to exhibit specific Exploratory Landscape Analysis (ELA) features.

    The function combines shifted and scaled sine waves, a quadratic term, and a linear term to control skewness and landscape ruggedness.

    Formula:
        f(x) = sum(a_i * sin(b_i * x_i + c_i)) + 0.5 * x @ Q @ x  + b @ x

    Components:
        - Sine Waves: Introduce non-linearity and multi-modality. Coefficients a_i, b_i, and c_i control amplitude, frequency, and phase.
        - Quadratic Term (x @ Q @ x): Creates a complex, rugged landscape, controlled by Q.
        - Linear Term (b @ x): Introduces additional complexity and bias.
        - Q: A pre-defined symmetric matrix to couple variables.
        - b: Pre-defined linear coefficients.
        - a, b, c Sine wave coefficients.
    """"""
    n = len(x)
    if n != 4:
        raise ValueError(""Function only defined for 4 dimensions."")

    Q = np.array([[ 0.3, -0.05,  0.02,  0.1 ],
                  [-0.05,  0.35, -0.01, -0.05 ],
                  [ 0.02, -0.01,  0.2,  0.04],
                  [ 0.1, -0.05,  0.04,  0.35]])

    b = np.array([-0.08, -0.05, -0.02, -0.1])

    # Sine wave parameters
    a = np.array([0.6, 0.4, 0.5, 0.45])
    b_freq = np.array([0.8, 1.1, 0.9, 1.2])
    c = np.array([0.5, -0.3, 0.2, -0.1])  # Phase shifts

    # Sine wave component
    sine_term = np.sum(a * np.sin(b_freq * x + c))

    # Quadratic term
    quad_term = 0.5 * x @ Q @ x

    # Linear term
    linear_term = b @ x

    return sine_term + quad_term + linear_term",0.9261941707703336,"
    A synthetic 4-dimensional benchmark function designed to exhibit specific Exploratory Landscape Analysis (ELA) features.

    The function combines shifted and scaled sine waves, a quadratic term, and a linear term to control skewness and landscape ruggedness.

    Formula:
        f(x) = sum(a_i * sin(b_i * x_i + c_i)) + 0.5 * x @ Q @ x  + b @ x

    Components:
        - Sine Waves: Introduce non-linearity and multi-modality. Coefficients a_i, b_i, and c_i control amplitude, frequency, and phase.
        - Quadratic Term (x @ Q @ x): Creates a complex, rugged landscape, controlled by Q.
        - Linear Term (b @ x): Introduces additional complexity and bias.
        - Q: A pre-defined symmetric matrix to couple variables.
        - b: Pre-defined linear coefficients.
        - a, b, c Sine wave coefficients.
    ",,,,20,4,0.2263000493511262,0.2032450294325636,0.9374959351210034,0.5421150040216624,0.034516157741739634,0.26392689776265865,0.7744318780461805,0.9819313221379731
"import numpy as np

def problem(x: np.ndarray) -> float:
    """"""
    A synthetic 4-dimensional benchmark function with controlled ELA features.

    The function is a combination of a skewed exponential, a quadratic, and a linear term.

    Formula:
        f(x) = exp(0.12 * (sum(x) + 10)) + 0.5 * x @ Q @ x + b @ x

    Components:
        - Exponential Term: Introduces skewness.
        - Quadratic Term (x @ Q @ x):  Creates ruggedness and interaction effects.
        - Linear Term (b @ x): Introduces bias and funneling.
        - Q: A defined symmetric matrix.
        - b: Linear coefficients.
    """"""
    n = len(x)
    if n != 4:
        raise ValueError(""Function only defined for 4 dimensions."")

    # Adjusted symmetric matrix Q
    Q = np.array([[ 0.15, -0.11,  0.06,  0.20],
                  [-0.11,  0.20, -0.03, -0.15],
                  [ 0.06, -0.03,  0.08,  0.09],
                  [ 0.20, -0.15,  0.09,  0.17]])


    b = np.array([-0.15, -0.10, -0.05, -0.20]) # adjusted

    # Exponential term for skew
    exp_term = np.exp(0.12 * (np.sum(x) + 10))

    # Quadratic term
    quad_term = 0.5 * x @ Q @ x

    # Linear term
    linear_term = b @ x

    return exp_term + quad_term + linear_term",0.4253119704365078,"
    A synthetic 4-dimensional benchmark function with controlled ELA features.

    The function is a combination of a skewed exponential, a quadratic, and a linear term.

    Formula:
        f(x) = exp(0.12 * (sum(x) + 10)) + 0.5 * x @ Q @ x + b @ x

    Components:
        - Exponential Term: Introduces skewness.
        - Quadratic Term (x @ Q @ x):  Creates ruggedness and interaction effects.
        - Linear Term (b @ x): Introduces bias and funneling.
        - Q: A defined symmetric matrix.
        - b: Linear coefficients.
    ",,,,20,4,0.294173121716593,0.07384272359044165,0.5868147399065751,0.7680252376798062,0.30828457774772305,0.8360748580510434,0.5056797732837637,0.9931443702808506
"import numpy as np

def problem(x: np.ndarray) -> float:
    """"""
    A synthetic 4-dimensional benchmark function designed to exhibit specific Exploratory Landscape Analysis (ELA) features.

    The function combines a skewed exponential term, a full quadratic term,  and a linear term to control skewness and landscape ruggedness.

    Formula:
        f(x) = exp(0.12 * (sum(x) + 10)) + 0.4 * x @ Q @ x + b @ x

    Components:
        - Exponential Term: Introduces skewness.
        - Quadratic Term (x @ Q @ x):  Creates a complex, rugged landscape, controlled by Q.
        - Linear Term (b @ x): Introduces additional complexity and bias.
        - Q: A randomly generated symmetric matrix to couple variables.
        - b: Linear coefficients.
    """"""
    n = len(x)
    if n != 4:
        raise ValueError(""Function only defined for 4 dimensions."")

    # Define a symmetric matrix Q and a vector b to control quadratic and linear components
    Q = np.array([[ 0.19719645, -0.15535003,  0.07760387,  0.27015438],
                  [-0.15535003,  0.25794489, -0.04676747, -0.20260303],
                  [ 0.07760387, -0.04676747,  0.10918752,  0.12150701],
                  [ 0.27015438, -0.20260303,  0.12150701,  0.23451638]])

    Q = 0.4 * Q  # Reduce Q for lower fitness_std and quad_simple

    b = np.array([-0.15, -0.10, -0.06, -0.20]) # slightly adjusted and decreased

    # Exponential term for skew
    exp_term = np.exp(0.12 * (np.sum(x) + 10))

    # Quadratic term
    quad_term = 0.5 * x @ Q @ x

    # Linear term
    linear_term = b @ x

    return exp_term + quad_term + linear_term",0.6463824654541214,"
    A synthetic 4-dimensional benchmark function designed to exhibit specific Exploratory Landscape Analysis (ELA) features.

    The function combines a skewed exponential term, a full quadratic term,  and a linear term to control skewness and landscape ruggedness.

    Formula:
        f(x) = exp(0.12 * (sum(x) + 10)) + 0.4 * x @ Q @ x + b @ x

    Components:
        - Exponential Term: Introduces skewness.
        - Quadratic Term (x @ Q @ x):  Creates a complex, rugged landscape, controlled by Q.
        - Linear Term (b @ x): Introduces additional complexity and bias.
        - Q: A randomly generated symmetric matrix to couple variables.
        - b: Linear coefficients.
    ",,,,20,4,0.3237442715111447,0.05295029535172927,0.6227145802573362,0.8164236682362848,0.4898098271500853,0.8692477772948788,0.631700871723771,0.9886842518602829
"import numpy as np

def problem(x: np.ndarray) -> float:
    """"""
    A synthetic benchmark function, combining polynomial, trigonometric, and interaction elements, and aiming for specific ELA features.

    Formula:
    f(x) = a * sum(x_i^4) + b * sum(cos(c * x_i)) + d * sum(x_i * x_j) + e * x[0]^3*x[1] + g * x[0] + h * sum(sin(x_i)*x_{i+1}) - k * sum(x_i^2)

    where x_i are the elements of the input vector x, and a,b,c,d,e, g, h, k are constants. Adressing boundary issues, sin() is used instead of cos where large values appear. Last component includes a circular dependency x_{n+1} = x_1.  The addition of sum(\-kx_i^2) enhances quadratic features and provides negative curvature.
    """"""
    a = 0.06
    b = 0.09
    c = 0.8
    d = 0.35
    e = 0.42
    g = 0.004
    h = 0.12
    k = 0.04

    n = len(x)

    term1 = a * np.sum(x**4)  # Polynomial term
    term2 = b * np.sum(np.cos(c * x))  # Trigonometric term

    term3 = 0.0
    for i in range(n):
        for j in range(i + 1, n):
            term3 += x[i] * x[j]
    term3 *= d  # Interaction term

    term4 = e * x[0]**3 * x[1] # Skewed interaction

    term5 = g * x[0] # simple linear component

    term6 = 0.0
    for i in range(n):
      term6 += np.sin(x[i]) * x[(i+1) % n]
    term6 *= h

    term7 = -k * np.sum(x**2)

    return term1 + term2 + term3 + term4 + term5 + term6 + term7",0.6173622301782022,"
    A synthetic benchmark function, combining polynomial, trigonometric, and interaction elements, and aiming for specific ELA features.

    Formula:
    f(x) = a * sum(x_i^4) + b * sum(cos(c * x_i)) + d * sum(x_i * x_j) + e * x[0]^3*x[1] + g * x[0] + h * sum(sin(x_i)*x_{i+1}) - k * sum(x_i^2)

    where x_i are the elements of the input vector x, and a,b,c,d,e, g, h, k are constants. Adressing boundary issues, sin() is used instead of cos where large values appear. Last component includes a circular dependency x_{n+1} = x_1.  The addition of sum(\-kx_i^2) enhances quadratic features and provides negative curvature.
    ",,,,20,4,0.23602761410970638,0.5320458597142955,0.30914759767754757,0.6437868535797677,0.009193324206295895,0.7787826971387011,0.10050046708306963,0.8679244941128735
"import numpy as np

def problem(x: np.ndarray) -> float:
    """"""
    A synthetic 4-dimensional benchmark function designed to exhibit specific Exploratory Landscape Analysis (ELA) features.

    The function combines a skewed exponential term, a full quadratic term,  and a linear term to control skewness and landscape ruggedness.

    Formula:
        f(x) = 0.003 * (1.5 * exp(0.15 * (sum(x) + 10)) + 0.6 * x @ Q @ x + 1.5*b @ x)

    Components:
        - Exponential Term: Introduces skewness.
        - Quadratic Term (x @ Q @ x):  Creates a complex, rugged landscape, controlled by Q.
        - Linear Term (b @ x): Introduces additional complexity and bias.
        - Q: A symmetric matrix to couple variables.
        - b: Linear coefficients.
    """"""
    n = len(x)
    if n != 4:
        raise ValueError(""Function only defined for 4 dimensions."")

    # Define a symmetric matrix Q and a vector b to control quadratic and linear components
    Q = np.array([[ 0.3, -0.4,  0.2,  0.1],
                  [-0.4,  0.3, -0.3, -0.2],
                  [ 0.2, -0.3,  0.2,  0.4],
                  [ 0.1, -0.2,  0.4,  0.3]])

    b = np.array([-0.12, -0.07, -0.05, -0.09])

    # Exponential term for skew
    exp_term = np.exp(0.15 * (np.sum(x) + 10))

    # Quadratic term
    quad_term = 0.6 * x @ Q @ x

    # Linear term
    linear_term = 1.5*b @ x

    return 0.003*(1.5 * exp_term + quad_term + linear_term)",0.5454615765266883,"
    A synthetic 4-dimensional benchmark function designed to exhibit specific Exploratory Landscape Analysis (ELA) features.

    The function combines a skewed exponential term, a full quadratic term,  and a linear term to control skewness and landscape ruggedness.

    Formula:
        f(x) = 0.003 * (1.5 * exp(0.15 * (sum(x) + 10)) + 0.6 * x @ Q @ x + 1.5*b @ x)

    Components:
        - Exponential Term: Introduces skewness.
        - Quadratic Term (x @ Q @ x):  Creates a complex, rugged landscape, controlled by Q.
        - Linear Term (b @ x): Introduces additional complexity and bias.
        - Q: A symmetric matrix to couple variables.
        - b: Linear coefficients.
    ",,,,20,4,0.30034605887613397,0.10451627649089729,0.5041041087871806,0.7839526009461065,0.40169433818822675,0.8599223110240783,0.5746270345396487,0.9843844773131835
"import numpy as np

def problem(x: np.ndarray) -> float:
    """"""
    A synthetic 4-dimensional benchmark function designed to exhibit specific Exploratory Landscape Analysis (ELA) features.

    The function combines a skewed exponential term and a full quadratic term to control skewness and landscape ruggedness.

    Formula:
        f(x) = 0.008 * (1.5 * exp(0.12 * (sum(x) + 10)) + x @ Q @ x )

    Components:
        - Exponential Term: Introduces skewness.
        - Quadratic Term (x @ Q @ x):  Creates a complex, rugged landscape, controlled by Q.
        - Q: A symmetric matrix to couple variables.
    """"""
    n = len(x)
    if n != 4:
        raise ValueError(""Function only defined for 4 dimensions."")

    # Define a symmetric matrix Q
    Q = np.array([[ 0.5, -0.4,  0.3,  0.1],
                  [-0.4,  0.6, -0.3, -0.2],
                  [ 0.3, -0.3,  0.4,  0.2],
                  [ 0.1, -0.2,  0.2,  0.3]])


    # Exponential term for skew
    exp_term = np.exp(0.12 * (np.sum(x) + 10))

    # Quadratic term
    quad_term = x @ Q @ x

    return 0.008*(1.5 * exp_term + quad_term)",0.44950292066419795,"
    A synthetic 4-dimensional benchmark function designed to exhibit specific Exploratory Landscape Analysis (ELA) features.

    The function combines a skewed exponential term and a full quadratic term to control skewness and landscape ruggedness.

    Formula:
        f(x) = 0.008 * (1.5 * exp(0.12 * (sum(x) + 10)) + x @ Q @ x )

    Components:
        - Exponential Term: Introduces skewness.
        - Quadratic Term (x @ Q @ x):  Creates a complex, rugged landscape, controlled by Q.
        - Q: A symmetric matrix to couple variables.
    ",,,,20,4,0.279997346942571,0.0747617119489314,0.9005233287727582,0.7240382162320239,0.0945899871282097,0.7306437350828606,0.4535669441769637,0.9987809385029955
"import numpy as np

def problem(x: np.ndarray) -> float:
    """"""
    A synthetic benchmark function, combining polynomial, trigonometric, and interaction elements, and aiming for specific ELA features.

    Formula:
    f(x) = a * sum(x_i^4) + b * sum(cos(c * x_i)) + d * sum(x_i * x_j) + e * x[0]^3*x[1] + g * x[0] + h * sum(sin(x_i)*x_{i+1}) - k * sum(x_i^2)

    where x_i are the elements of the input vector x, and a,b,c,d,e, g, h, k are constants. Adressing boundary issues, sin() is used instead of cos where large values appear. Last component includes a circular dependency x_{n+1} = x_1.  The addition of sum(\-kx_i^2) enhances quadratic features and provides negative curvature.
    """"""
    a = 0.005
    b = 0.001
    c = 1.1
    d = 0.007
    e = 0.015
    g = 0.0002
    h = 0.0003
    k = 0.0008

    n = len(x)

    term1 = a * np.sum(x**4)  # Polynomial term
    term2 = b * np.sum(np.cos(c * x))  # Trigonometric term

    term3 = 0.0
    for i in range(n):
        for j in range(i + 1, n):
            term3 += x[i] * x[j]
    term3 *= d  # Interaction term

    term4 = e * x[0]**3 * x[1] # Skewed interaction

    term5 = g * x[0] # simple linear component

    term6 = 0.0
    for i in range(n):
      term6 += np.sin(x[i]) * x[(i+1) % n]
    term6 *= h

    term7 = -k * np.sum(x**2)

    return term1 + term2 + term3 + term4 + term5 + term6 + term7",0.4957410147786646,"
    A synthetic benchmark function, combining polynomial, trigonometric, and interaction elements, and aiming for specific ELA features.

    Formula:
    f(x) = a * sum(x_i^4) + b * sum(cos(c * x_i)) + d * sum(x_i * x_j) + e * x[0]^3*x[1] + g * x[0] + h * sum(sin(x_i)*x_{i+1}) - k * sum(x_i^2)

    where x_i are the elements of the input vector x, and a,b,c,d,e, g, h, k are constants. Adressing boundary issues, sin() is used instead of cos where large values appear. Last component includes a circular dependency x_{n+1} = x_1.  The addition of sum(\-kx_i^2) enhances quadratic features and provides negative curvature.
    ",,,,20,4,0.2846601158130309,0.26236308713833084,0.37533548477295076,0.5879703361795662,0.008760499045796176,0.524619820209142,0.36638564142555397,0.8794146687535889
"import numpy as np

def problem(x: np.ndarray) -> float:
    """"""
    A synthetic 4-dimensional benchmark function designed to exhibit specific Exploratory Landscape Analysis (ELA) features.

    The function combines a skewed exponential term, a quadratic term, and a linear term to control skewness and landscape ruggedness.

    Formula:
        f(x) = exp(0.12 * (sum(x) + 5)) + 0.4 * x @ Q @ x + b @ x

    Components:
        - Exponential Term: Introduces skewness.
        - Quadratic Term (x @ Q @ x):  Creates a complex, rugged landscape, controlled by Q (diagonal matrix).
        - Linear Term (b @ x): Introduces additional complexity and bias.
        - Q: A diagonal matrix coupling variables.
        - b: Linear coefficients.
    """"""
    n = len(x)
    if n != 4:
        raise ValueError(""Function only defined for 4 dimensions."")

    # Define a diagonal matrix Q and a vector b to control quadratic and linear components
    Q = np.diag([0.2, 0.3, 0.1, 0.25])

    b = np.array([-0.05, -0.03, -0.02, -0.04])  # Significantly reduce linear coefficients

    # Exponential term for skew
    exp_term = np.exp(0.12 * (np.sum(x) + 5))

    # Quadratic term
    quad_term = 0.4 * x @ Q @ x

    # Linear term
    linear_term = b @ x

    return exp_term + quad_term + linear_term",0.9431586927523349,"
    A synthetic 4-dimensional benchmark function designed to exhibit specific Exploratory Landscape Analysis (ELA) features.

    The function combines a skewed exponential term, a quadratic term, and a linear term to control skewness and landscape ruggedness.

    Formula:
        f(x) = exp(0.12 * (sum(x) + 5)) + 0.4 * x @ Q @ x + b @ x

    Components:
        - Exponential Term: Introduces skewness.
        - Quadratic Term (x @ Q @ x):  Creates a complex, rugged landscape, controlled by Q (diagonal matrix).
        - Linear Term (b @ x): Introduces additional complexity and bias.
        - Q: A diagonal matrix coupling variables.
        - b: Linear coefficients.
    ",,,,21,4,0.2907331240789045,0.10404556592742426,0.9511302520576199,0.6451832191536713,0.39373364622996176,0.5030053916826103,0.8938512801931275,0.9931268113992248
"import numpy as np

def problem(x: np.ndarray) -> float:
    """"""
    A synthetic benchmark function, combining polynomial, trigonometric, and interaction elements, and aiming for specific ELA features.

    Formula:
    f(x) = a * sum(x_i^4) + b * sum(cos(c * x_i)) + d * sum(x_i * x_j) + e * x[0]^3*x[1] + h * sum(sin(x_i)*x_{i+1}) - k * sum(x_i^2)

    where x_i are the elements of the input vector x, and a,b,c,d,e, h, k are constants. The addition of sum(\-kx_i^2) enhances quadratic features and provides negative curvature.  A circular dependency x_{n+1} = x_1 is used in the sine term.
    """"""
    a = 0.09
    b = 0.18
    c = 1.1
    d = 0.35
    e = 0.35
    h = 0.05
    k = 0.08

    n = len(x)

    term1 = a * np.sum(x**4)  # Polynomial term
    term2 = b * np.sum(np.cos(c * x))  # Trigonometric term

    term3 = 0.0
    for i in range(n):
        for j in range(i + 1, n):
            term3 += x[i] * x[j]
    term3 *= d  # Interaction term

    term4 = e * x[0]**3 * x[1] # Skewed interaction

    term6 = 0.0
    for i in range(n):
      term6 += np.sin(x[i]) * x[(i+1) % n]
    term6 *= h

    term7 = -k * np.sum(x**2)

    return term1 + term2 + term3 + term4 + term6 + term7",0.5098355319273696,"
    A synthetic benchmark function, combining polynomial, trigonometric, and interaction elements, and aiming for specific ELA features.

    Formula:
    f(x) = a * sum(x_i^4) + b * sum(cos(c * x_i)) + d * sum(x_i * x_j) + e * x[0]^3*x[1] + h * sum(sin(x_i)*x_{i+1}) - k * sum(x_i^2)

    where x_i are the elements of the input vector x, and a,b,c,d,e, h, k are constants. The addition of sum(\-kx_i^2) enhances quadratic features and provides negative curvature.  A circular dependency x_{n+1} = x_1 is used in the sine term.
    ",,,,21,4,0.2744669034048458,0.3858758568431196,0.3128667030091763,0.6217537177105202,0.008824384550314106,0.6517305500143099,0.23853759082933826,0.8767905923783276
"import numpy as np

def problem(x: np.ndarray) -> float:
    """"""
    A synthetic 4-dimensional benchmark function designed to exhibit specific Exploratory Landscape Analysis (ELA) features.

    The function combines a skewed exponential term, a simple quadratic term, and a linear term to control skewness and landscape ruggedness.

    Formula:
        f(x) = 0.1 * exp(0.1 * (sum(x) + 10)) + 0.05 * sum(x_i^2) + 0.01 * b @ x

    Components:
        - Exponential Term: Introduces skewness.
        - Quadratic Term (sum(x_i^2)): Creates a relatively simple, rugged landscape.
        - Linear Term (b @ x): Introduces additional complexity and bias.
        - b: Linear coefficients.
    """"""
    n = len(x)
    if n != 4:
        raise ValueError(""Function only defined for 4 dimensions."")

    # Define a vector b to control the linear component
    b = np.array([-0.19465523, -0.13663213, -0.07293302, -0.25914074])

    # Exponential term for skew
    exp_term = 0.1 * np.exp(0.1 * (np.sum(x) + 10))

    # Simplified Quadratic term
    quad_term = 0.05 * np.sum(x**2)

    # Linear term
    linear_term = 0.01 * b @ x

    return exp_term + quad_term + linear_term",1.2008714379200294,"
    A synthetic 4-dimensional benchmark function designed to exhibit specific Exploratory Landscape Analysis (ELA) features.

    The function combines a skewed exponential term, a simple quadratic term, and a linear term to control skewness and landscape ruggedness.

    Formula:
        f(x) = 0.1 * exp(0.1 * (sum(x) + 10)) + 0.05 * sum(x_i^2) + 0.01 * b @ x

    Components:
        - Exponential Term: Introduces skewness.
        - Quadratic Term (sum(x_i^2)): Creates a relatively simple, rugged landscape.
        - Linear Term (b @ x): Introduces additional complexity and bias.
        - b: Linear coefficients.
    ",,,,21,4,0.1888466467770485,0.21817966981551412,0.9690517154992573,0.49228684724367716,0.053278285784350086,0.08409949882307868,0.9923162139173141,0.9996460733008106
"import numpy as np

def problem(x: np.ndarray) -> float:
    """"""
    A synthetic 4-dimensional benchmark function designed to exhibit specific Exploratory Landscape Analysis (ELA) features.

    The function combines a polynomial term, a logarithmic term, and a radial basis component.

    Formula:
        f(x) =  poly_term + log_term + rbf_term

    Components:
        - poly_term : sum(a_i*x_i) + sum(b_i*x_i^2), ai = x[0] + d_i, bi = x[1] + e_i
        - log_term : sum(log(abs(x_i - g_i)) + 1)
        - rbf_term : h * exp(-k * ||x - center||^2)
        - Constants: d,e, g, h, k, center (are constant numpy arrays)
    """"""
    n = len(x)
    if n != 4:
        raise ValueError(""Function only defined for 4 dimensions."")

    # Constants to control the functions
    d = np.array([0.05, -0.15, 0.0, 0.1])
    e = np.array([-0.02, 0.05, -0.1, 0.15])
    g = np.array([0.8, -0.4, 0.1, -0.05])  # shift for logarithm
    h = 0.05  # radial basis function scalar
    k = 0.1   # radial basis function width
    center = np.array([0.4, -0.1, 0.05, -0.2])

    # Polynomial term with variable coefficients
    a = x[0] + d
    b = x[1] + e

    poly_term = 0.1 * (np.sum(a * x) + np.sum(b * x**2))  # Reduced magnitude and removed cubic term.

    # Logarithmic term
    log_term = 0.05 * np.sum(np.log(np.abs(x - g) + 1)) # Removed variable scaling and reduced

    # Radial basis function
    rbf_term = h * np.exp(-k * np.sum((x - center)**2))

    return poly_term + log_term + rbf_term",1.1905772783528543,"
    A synthetic 4-dimensional benchmark function designed to exhibit specific Exploratory Landscape Analysis (ELA) features.

    The function combines a polynomial term, a logarithmic term, and a radial basis component.

    Formula:
        f(x) =  poly_term + log_term + rbf_term

    Components:
        - poly_term : sum(a_i*x_i) + sum(b_i*x_i^2), ai = x[0] + d_i, bi = x[1] + e_i
        - log_term : sum(log(abs(x_i - g_i)) + 1)
        - rbf_term : h * exp(-k * ||x - center||^2)
        - Constants: d,e, g, h, k, center (are constant numpy arrays)
    ",,,,21,4,0.15611273776098825,0.4370460309349637,0.29020186361294154,0.720149162153642,0.8588035767076289,0.8749849596169549,0.8621443226212012,0.9999976081084677
"import numpy as np

def problem(x: np.ndarray) -> float:
    """"""
    A synthetic 4-dimensional benchmark function designed to exhibit specific Exploratory Landscape Analysis (ELA) features.

    The function combines a polynomial term with fixed coefficients and a radial basis component.

    Formula:
        f(x) =  lin_term + rbf_term

    Components:
        - lin_term : sum(a_i*x_i), a_i are fixed constant values
        - rbf_term : h * exp(-k * ||x - center||^2)
        - Constants: a, h, k, center (are constant numpy arrays)
    """"""
    n = len(x)
    if n != 4:
        raise ValueError(""Function only defined for 4 dimensions."")

    # Constants to control the functions
    a = np.array([0.1, -0.2, 0.05, 0.15])
    h = 0.01  # radial basis function scalar (reduced fitness_std)
    k = 0.05  # radial basis function width
    center = np.array([0.5, -0.2, 0.1, -0.3]) # keep the location the same to avoid big changes
    offset = 1

    # Linear term
    lin_term = np.sum(a * x) + offset

    # Radial basis function
    rbf_term = h * np.exp(-k * np.sum((x - center)**2))

    return lin_term + rbf_term",1.346876712617557,"
    A synthetic 4-dimensional benchmark function designed to exhibit specific Exploratory Landscape Analysis (ELA) features.

    The function combines a polynomial term with fixed coefficients and a radial basis component.

    Formula:
        f(x) =  lin_term + rbf_term

    Components:
        - lin_term : sum(a_i*x_i), a_i are fixed constant values
        - rbf_term : h * exp(-k * ||x - center||^2)
        - Constants: a, h, k, center (are constant numpy arrays)
    ",,,,21,4,0.14903808882314518,0.3823231135402723,0.6808407569745694,0.7933795826156276,0.9999953348758994,0.9999953663606569,0.9999991278143047,0.9999998226522626
"import numpy as np

def problem(x: np.ndarray) -> float:
    """"""
    A synthetic 4-dimensional benchmark function designed to exhibit specific Exploratory Landscape Analysis (ELA) features.

    The function combines a skewed exponential term, a simple quadratic term, and a linear term to control skewness and landscape ruggedness.

    Formula:
        f(x) = exp(0.13 * (sum(x) + 10)) + 0.1 * x @ Q @ x + b @ x

    Components:
        - Exponential Term: Introduces skewness.
        - Quadratic Term (x @ Q @ x):  Creates landscape ruggedness, controlled by Q, where Q is a full matrix with magnitude of values reduced to reduce overfitting.
        - Linear Term (b @ x): Introduces additional complexity and bias.
        - Q: A scaled symmetric matrix.
        - b: Linear coefficients.
    """"""
    n = len(x)
    if n != 4:
        raise ValueError(""Function only defined for 4 dimensions."")

    # Define a symmetric matrix Q and a vector b to control quadratic and linear components
    Q = np.array([[ 0.1, -0.05,  0.03,  0.07],
                  [-0.05,  0.12, -0.02, -0.05],
                  [ 0.03, -0.02,  0.06,  0.03],
                  [ 0.07, -0.05,  0.03,  0.11]])

    b = np.array([-0.05, -0.03, -0.01, -0.04])

    # Exponential term for skew
    exp_term = np.exp(0.13 * (np.sum(x) + 10))

    # Quadratic term
    quad_term = 0.1 * x @ Q @ x

    # Linear term
    linear_term = b @ x

    return exp_term + quad_term + linear_term",0.9822156080956383,"
    A synthetic 4-dimensional benchmark function designed to exhibit specific Exploratory Landscape Analysis (ELA) features.

    The function combines a skewed exponential term, a simple quadratic term, and a linear term to control skewness and landscape ruggedness.

    Formula:
        f(x) = exp(0.13 * (sum(x) + 10)) + 0.1 * x @ Q @ x + b @ x

    Components:
        - Exponential Term: Introduces skewness.
        - Quadratic Term (x @ Q @ x):  Creates landscape ruggedness, controlled by Q, where Q is a full matrix with magnitude of values reduced to reduce overfitting.
        - Linear Term (b @ x): Introduces additional complexity and bias.
        - Q: A scaled symmetric matrix.
        - b: Linear coefficients.
    ",,,,21,4,0.3536123201124965,0.027468791703774018,0.7891892980727051,0.8814126002789617,0.7472739961079904,0.9351086276818659,0.7916052939495867,0.9845803395287577
"import numpy as np

def problem(x: np.ndarray) -> float:
    """"""
    A synthetic 4-dimensional benchmark function designed to exhibit specific Exploratory Landscape Analysis (ELA) features.

    The function combines a skewed exponential term, a full quadratic term,  and a linear term to control skewness and landscape ruggedness.

    Formula:
        f(x) = exp(0.12 * (sum(x) + 8)) + 0.5 * x @ Q @ x + b @ x

    Components:
        - Exponential Term: Introduces skewness.
        - Quadratic Term (x @ Q @ x):  Creates a complex, rugged landscape, controlled by Q.
        - Linear Term (b @ x): Introduces additional complexity and bias.
        - Q: A randomly generated symmetric matrix to couple variables.
        - b: Linear coefficients.
    """"""
    n = len(x)
    if n != 4:
        raise ValueError(""Function only defined for 4 dimensions."")

    # Define a symmetric matrix Q and a vector b to control quadratic and linear components
    Q = np.array([[ 0.19719645, -0.15535003,  0.07760387,  0.27015438],
                  [-0.15535003,  0.25794489, -0.04676747, -0.20260303],
                  [ 0.07760387, -0.04676747,  0.10918752,  0.12150701],
                  [ 0.27015438, -0.20260303,  0.12150701,  0.23451638]])

    b = np.array([-0.20, -0.14, -0.075, -0.26]) # slightly adjusted

    # Exponential term for skew
    exp_term = np.exp(0.12 * (np.sum(x) + 8)) # Adjusted the coefficients

    # Quadratic term
    quad_term = 0.5 * x @ Q @ x

    # Linear term
    linear_term = b @ x

    return exp_term + quad_term + linear_term",0.19257747135022507,"
    A synthetic 4-dimensional benchmark function designed to exhibit specific Exploratory Landscape Analysis (ELA) features.

    The function combines a skewed exponential term, a full quadratic term,  and a linear term to control skewness and landscape ruggedness.

    Formula:
        f(x) = exp(0.12 * (sum(x) + 8)) + 0.5 * x @ Q @ x + b @ x

    Components:
        - Exponential Term: Introduces skewness.
        - Quadratic Term (x @ Q @ x):  Creates a complex, rugged landscape, controlled by Q.
        - Linear Term (b @ x): Introduces additional complexity and bias.
        - Q: A randomly generated symmetric matrix to couple variables.
        - b: Linear coefficients.
    ",,,,21,4,0.2849963128261464,0.08867652421398671,0.5786395766026522,0.7400808097339601,0.10863843309779668,0.8130542219390784,0.34814039768144006,0.9963472219023979
"import numpy as np

def problem(x: np.ndarray) -> float:
    """"""
    A synthetic 4-dimensional benchmark function with controlled ELA features.

    The function is a combination of a skewed exponential, a quadratic, and a linear term.

    Formula:
        f(x) = exp(0.08 * (sum(x) + 5)) + 0.1 * x @ Q @ x + b @ x

    Components:
        - Exponential Term: Introduces skewness.
        - Quadratic Term (x @ Q @ x):  Creates ruggedness and interaction effects.
        - Linear Term (b @ x): Introduces bias and funneling.
        - Q: A defined symmetric matrix.
        - b: Linear coefficients.
    """"""
    n = len(x)
    if n != 4:
        raise ValueError(""Function only defined for 4 dimensions."")

    # Simplified symmetric matrix Q, mostly diagonal with small interaction
    Q = np.array([[0.2, 0.01, 0.01, 0.01],
                  [0.01, 0.2, 0.01, 0.01],
                  [0.01, 0.01, 0.2, 0.01],
                  [0.01, 0.01, 0.01, 0.2]])

    b = np.array([-0.02, -0.01, -0.01, -0.05]) # reduced linear coefficient

    # Exponential term for skew
    exp_term = np.exp(0.08 * (np.sum(x) + 5))

    # Quadratic term
    quad_term = 0.1 * x @ Q @ x

    # Linear term
    linear_term = b @ x

    return exp_term + quad_term + linear_term",1.0128376317246517,"
    A synthetic 4-dimensional benchmark function with controlled ELA features.

    The function is a combination of a skewed exponential, a quadratic, and a linear term.

    Formula:
        f(x) = exp(0.08 * (sum(x) + 5)) + 0.1 * x @ Q @ x + b @ x

    Components:
        - Exponential Term: Introduces skewness.
        - Quadratic Term (x @ Q @ x):  Creates ruggedness and interaction effects.
        - Linear Term (b @ x): Introduces bias and funneling.
        - Q: A defined symmetric matrix.
        - b: Linear coefficients.
    ",,,,21,4,0.2985058122142232,0.07570068526616075,0.9472231397328181,0.7668786041342308,0.6501200108860159,0.7771432008389325,0.8864763624608923,0.997542216205812
"import numpy as np

def problem(x: np.ndarray) -> float:
    """"""
    A synthetic 4-dimensional benchmark function designed to exhibit specific Exploratory Landscape Analysis (ELA) features.

    The function combines shifted and scaled sine waves, a quadratic term, and a linear term to control skewness and landscape ruggedness.

    Formula:
        f(x) = sum(a_i * sin(b_i * x_i + c_i)) + 0.5 * x @ Q @ x  + b @ x

    Components:
        - Sine Waves: Introduce non-linearity and multi-modality. Coefficients a_i, b_i, and c_i control amplitude, frequency, and phase.
        - Quadratic Term (x @ Q @ x): Creates a complex, rugged landscape, controlled by Q.
        - Linear Term (b @ x): Introduces additional complexity and bias.
        - Q: A pre-defined symmetric matrix to couple variables.
        - b: Pre-defined linear coefficients.
        - a, b, c Sine wave coefficients.
    """"""
    n = len(x)
    if n != 4:
        raise ValueError(""Function only defined for 4 dimensions."")

    Q = np.array([[ 0.1, -0.05,  0.02,  0.07],
                  [-0.05,  0.15, -0.01, -0.05 ],
                  [ 0.02, -0.01,  0.07,  0.04],
                  [ 0.07, -0.05,  0.04,  0.12]])

    b = np.array([-0.08, -0.05, -0.02, -0.1])

    # Sine wave parameters
    a = np.array([1.2, 0.8, 1.0, 0.9])
    b_freq = np.array([1.0, 1.0, 1.0, 1.0])
    c = np.array([0.5, -0.3, 0.2, -0.1])  # Phase shifts

    # Sine wave component
    sine_term = np.sum(a * np.sin(b_freq * x + c))

    # Quadratic term
    quad_term = 0.5 * x @ Q @ x

    # Linear term
    linear_term = b @ x

    return sine_term + quad_term + linear_term",0.6298716641281357,"
    A synthetic 4-dimensional benchmark function designed to exhibit specific Exploratory Landscape Analysis (ELA) features.

    The function combines shifted and scaled sine waves, a quadratic term, and a linear term to control skewness and landscape ruggedness.

    Formula:
        f(x) = sum(a_i * sin(b_i * x_i + c_i)) + 0.5 * x @ Q @ x  + b @ x

    Components:
        - Sine Waves: Introduce non-linearity and multi-modality. Coefficients a_i, b_i, and c_i control amplitude, frequency, and phase.
        - Quadratic Term (x @ Q @ x): Creates a complex, rugged landscape, controlled by Q.
        - Linear Term (b @ x): Introduces additional complexity and bias.
        - Q: A pre-defined symmetric matrix to couple variables.
        - b: Pre-defined linear coefficients.
        - a, b, c Sine wave coefficients.
    ",,,,21,4,0.21170544936385194,0.22882125404691406,0.43796883967193556,0.48803206321352866,0.12568317232053813,0.3620673830804258,0.3461822463748464,0.8623222633199824
"import numpy as np

def problem(x: np.ndarray) -> float:
    """"""
    A synthetic 4-dimensional benchmark function designed to exhibit specific Exploratory Landscape Analysis (ELA) features.

    The function combines a skewed exponential term and a full quadratic term to control skewness and landscape ruggedness.

    Formula:
        f(x) = 0.01 * (1.2 * exp(0.1 * (sum(x) + 5)) + x @ Q @ x )

    Components:
        - Exponential Term: Introduces skewness.
        - Quadratic Term (x @ Q @ x):  Creates a complex, rugged landscape, controlled by Q.
        - Q: A symmetric matrix to couple variables.
    """"""
    n = len(x)
    if n != 4:
        raise ValueError(""Function only defined for 4 dimensions."")

    # Define a symmetric matrix Q
    Q = np.array([[ 0.8, -0.6,  0.4,  0.2],
                  [-0.6,  0.7, -0.5, -0.3],
                  [ 0.4, -0.5,  0.6,  0.3],
                  [ 0.2, -0.3,  0.3,  0.5]])

    # Exponential term for skew
    exp_term = np.exp(0.1 * (np.sum(x) + 5))

    # Quadratic term
    quad_term = x @ Q @ x

    return 0.01*(1.2 * exp_term + quad_term)",0.3862696461550456,"
    A synthetic 4-dimensional benchmark function designed to exhibit specific Exploratory Landscape Analysis (ELA) features.

    The function combines a skewed exponential term and a full quadratic term to control skewness and landscape ruggedness.

    Formula:
        f(x) = 0.01 * (1.2 * exp(0.1 * (sum(x) + 5)) + x @ Q @ x )

    Components:
        - Exponential Term: Introduces skewness.
        - Quadratic Term (x @ Q @ x):  Creates a complex, rugged landscape, controlled by Q.
        - Q: A symmetric matrix to couple variables.
    ",,,,21,4,0.29941686410846896,0.06223234166970743,0.9067265734728206,0.7348548912951984,0.005823402986349827,0.761315154382269,0.33166655582497917,0.9999713169509311
"import numpy as np

def problem(x: np.ndarray) -> float:
    """"""
    A synthetic 4-dimensional benchmark function designed to exhibit specific Exploratory Landscape Analysis (ELA) features.

    The function combines cosine waves with varying frequencies with a polynomial term and a scaling factor to control landscape features.

    Formula:
        f(x) = scale * (sum(cos(a_i * x_i) * (x_i**2 + b_i)) + c * (x[0] * x[1] - x[2] * x[3]))

    Components:
        - Cosine Waves: Introduce multi-modality.
        - Quadratic term (x_i**2): Adds curvature to each dimension.
        - Interaction term (x[0] * x[1] - x[2] * x[3]): introduces variable interactions.
        - Scaling Factor: Adjusts the overall magnitude of the function.
    """"""
    n = len(x)
    if n != 4:
        raise ValueError(""Function only defined for 4 dimensions."")

    # Define parameters
    a = np.array([1.5, 0.7, 1.1, 0.9])  # Frequencies for cosine waves
    b = np.array([0.2, -0.1, 0.3, -0.2])  # Shift for parabolic term
    c = 0.3   # coefficient for interaction term
    scale = 0.05 # Scaling factor

    # Calculate the cosine wave component
    cosine_term = np.sum(np.cos(a * x) * (x**2 + b))

    # Calculate the interaction term
    interaction_term = c * (x[0] * x[1] - x[2] * x[3])

    return scale * (cosine_term + interaction_term)",1.1241198364930325,"
    A synthetic 4-dimensional benchmark function designed to exhibit specific Exploratory Landscape Analysis (ELA) features.

    The function combines cosine waves with varying frequencies with a polynomial term and a scaling factor to control landscape features.

    Formula:
        f(x) = scale * (sum(cos(a_i * x_i) * (x_i**2 + b_i)) + c * (x[0] * x[1] - x[2] * x[3]))

    Components:
        - Cosine Waves: Introduce multi-modality.
        - Quadratic term (x_i**2): Adds curvature to each dimension.
        - Interaction term (x[0] * x[1] - x[2] * x[3]): introduces variable interactions.
        - Scaling Factor: Adjusts the overall magnitude of the function.
    ",,,,22,4,0.145389713745579,0.466545575248279,0.20285677980844102,0.39054141370691864,0.00421435727101378,0.10142840702215729,0.6349630703164568,0.6979158068313057
"import numpy as np

def problem(x: np.ndarray) -> float:
    """"""
    A synthetic 4-dimensional benchmark function exhibiting specific ELA features using trigonometric and product terms.

    Formula:
        f(x) = sum(abs(x)) * (1 + sin(x[0] + x[1]) * cos(x[2] + x[3])) + 0.01 * (x[0]**2 + x[3]**2)*np.sin(x[1]*x[2])

    Components:
        - Sum of Absolute Values: Creates V-shaped ridges/valleys and introduces non-differentiability.
        - Sinusoidal and Cosine Modulation: Generates oscillating patterns and interacts with the sum of absolute values.
        - A scaled product term: Adds complexity and non-linearity.
    """"""
    n = len(x)
    if n != 4:
        raise ValueError(""Function only defined for 4 dimensions."")
    return np.sum(np.abs(x)) * (1 + np.sin(x[0] + x[1]) * np.cos(x[2] + x[3])) + 0.01 * (x[0]**2 + x[3]**2)*np.sin(x[1]*x[2])",1.262800506858353,"
    A synthetic 4-dimensional benchmark function exhibiting specific ELA features using trigonometric and product terms.

    Formula:
        f(x) = sum(abs(x)) * (1 + sin(x[0] + x[1]) * cos(x[2] + x[3])) + 0.01 * (x[0]**2 + x[3]**2)*np.sin(x[1]*x[2])

    Components:
        - Sum of Absolute Values: Creates V-shaped ridges/valleys and introduces non-differentiability.
        - Sinusoidal and Cosine Modulation: Generates oscillating patterns and interacts with the sum of absolute values.
        - A scaled product term: Adds complexity and non-linearity.
    ",,,,22,4,0.20160399029441828,0.15691992473959035,0.18925178585942437,0.25477227976565037,0.0037180503995057072,0.003980250263075188,0.2567473976249295,0.27840709176382133
"import numpy as np

def problem(x: np.ndarray) -> float:
    """"""
    A synthetic 4-dimensional benchmark function designed to exhibit specific Exploratory Landscape Analysis (ELA) features.

    The function combines sine waves, a polynomial term including cross products, and a scaling factor.

    Formula:
        f(x) = scale * (sum(sin(x_i)) + product(x_i) + sum(x_i^3  + x_{i+1}*x_i))

    Components:
        - Sinusoidal term: sum(sin(x_i)) which introduces multi-modality and periodicity .
        - Product term: product(x_i) which contributes to non-linearity and epistasis.
        - Polynomial term: sum(x_i^3 + x_{i+1}*x_i) adds ruggedness and variable interaction.
        - scale: Overall scaling to adjust fitness std.
    """"""
    n = len(x)
    if n != 4:
        raise ValueError(""Function only defined for 4 dimensions."")

    scale = 0.004  # Scaling factor

    sin_term = np.sum(np.sin(x))
    product_term = np.prod(x)
    polynomial_term = np.sum(x**3) + x[0]*x[1] + x[1]*x[2] + x[2]*x[3]

    return scale * (sin_term + product_term + polynomial_term)",0.95016964096164,"
    A synthetic 4-dimensional benchmark function designed to exhibit specific Exploratory Landscape Analysis (ELA) features.

    The function combines sine waves, a polynomial term including cross products, and a scaling factor.

    Formula:
        f(x) = scale * (sum(sin(x_i)) + product(x_i) + sum(x_i^3  + x_{i+1}*x_i))

    Components:
        - Sinusoidal term: sum(sin(x_i)) which introduces multi-modality and periodicity .
        - Product term: product(x_i) which contributes to non-linearity and epistasis.
        - Polynomial term: sum(x_i^3 + x_{i+1}*x_i) adds ruggedness and variable interaction.
        - scale: Overall scaling to adjust fitness std.
    ",,,,22,4,0.19054573324955917,0.38122219354494086,0.09547161263269223,0.6155464964210143,0.5351198159420584,0.5669635334605545,0.538897561531032,0.7047936588784223
"import numpy as np

def problem(x: np.ndarray) -> float:
    """"""
    A synthetic 4-dimensional benchmark function with controlled ELA features based on trigonometric functions.

    The function is a combination of sine, cosine, and polynomial terms modulated by a radial basis function.

    Formula:
        f(x) = rbf(x) * ( sum(sin(x)) + sum(cos(2*x)) + sum(x**3) )

    Components:
        - RBF (Radial Basis Function): exp(-||x||^2 / (2 * sigma^2)), where sigma is a scaling factor.  Provides a global structure.
        - Sine Terms: sum(sin(x)). Introduces oscillations.
        - Cosine Terms: sum(cos(2*x)). Introduces higher frequency oscillations.
        - Polynomial Terms:  sum(x**3). Introduces skewness and non-linearity.
    """"""
    n = len(x)
    if n != 4:
        raise ValueError(""Function only defined for 4 dimensions."")

    # Radial Basis Function parameters
    sigma = 2.0

    # Radial Basis Function
    rbf = np.exp(-np.sum(x**2) / (2 * sigma**2)) # Using squared Euclidean norm

    # Sine term
    sine_term = np.sum(np.sin(x))

    # Cosine term
    cosine_term = np.sum(np.cos(2*x))

    # Polynomial term (cubic for skewness)
    poly_term = np.sum(x**3)

    return rbf * (sine_term + cosine_term + poly_term)",0.8356808078075616,"
    A synthetic 4-dimensional benchmark function with controlled ELA features based on trigonometric functions.

    The function is a combination of sine, cosine, and polynomial terms modulated by a radial basis function.

    Formula:
        f(x) = rbf(x) * ( sum(sin(x)) + sum(cos(2*x)) + sum(x**3) )

    Components:
        - RBF (Radial Basis Function): exp(-||x||^2 / (2 * sigma^2)), where sigma is a scaling factor.  Provides a global structure.
        - Sine Terms: sum(sin(x)). Introduces oscillations.
        - Cosine Terms: sum(cos(2*x)). Introduces higher frequency oscillations.
        - Polynomial Terms:  sum(x**3). Introduces skewness and non-linearity.
    ",,,,22,4,0.14943186046977205,0.46191661506541776,0.5218190506678192,0.6033446717118045,0.29197711805162924,0.2905654446739759,0.29346570926001253,0.6893671645022333
"import numpy as np

def problem(x: np.ndarray) -> float:
    """"""
    A synthetic 4-dimensional benchmark function designed to exhibit specific Exploratory Landscape Analysis (ELA) features.

    The function is a combination of sine waves with varying frequencies and amplitudes, modulated by a polynomial term.

    Formula:
        f(x) = poly_term * sum(A_i * sin(B_i @ x + C_i))

    Components:
        - Sine wave sum: Creates oscillatory behavior influencing ruggedness.
        - poly_term : prod(x_i^2 + 0.1) Creates asymmetry
        - A: Amplitudes (vector)
        - B: Frequencies (matrix)
        - C: Phase shifts (vector)
    """"""
    n = len(x)
    if n != 4:
        raise ValueError(""Function only defined for 4 dimensions."")

    # Sine wave parameters
    A = np.array([1.0, 0.5, 0.25, 0.125])
    B = np.array([[1.0, 0.2, 0.3, 0.1],
                  [0.1, 1.0, 0.1, 0.2],
                  [0.3, 0.1, 1.0, 0.1],
                  [0.2, 0.3, 0.1, 1.0]])
    C = np.array([0.0, 0.5, 1.0, 1.5])

    # Polynomial term
    poly_term = np.prod(x**2 + 0.1) # adding 0.1 avoids zero prod

    # Sine wave sum
    sine_sum = np.sum(A * np.sin(np.dot(B, x) + C))

    return poly_term * sine_sum",1.350499148433474,"
    A synthetic 4-dimensional benchmark function designed to exhibit specific Exploratory Landscape Analysis (ELA) features.

    The function is a combination of sine waves with varying frequencies and amplitudes, modulated by a polynomial term.

    Formula:
        f(x) = poly_term * sum(A_i * sin(B_i @ x + C_i))

    Components:
        - Sine wave sum: Creates oscillatory behavior influencing ruggedness.
        - poly_term : prod(x_i^2 + 0.1) Creates asymmetry
        - A: Amplitudes (vector)
        - B: Frequencies (matrix)
        - C: Phase shifts (vector)
    ",,,,22,4,0.1031232452969773,0.4370506208220181,-0.04001517164718448,0.7812848568295409,0.022494300175998808,0.08921402427875226,0.029589634449175287,0.14951348746416568
"import numpy as np

def problem(x: np.ndarray) -> float:
    """"""
    A synthetic 4-dimensional benchmark function designed to exhibit specific Exploratory Landscape Analysis (ELA) features.

    The function combines sine waves, and a quadratic term to control landscape ruggedness. Also introduces a simple max operation.

    Formula:
        f(x) = sum(sin(x_i * a_i) * x_i * b_i ) + 0.5 * x @ Q @ x  + max(x) * c

    Components:
        - Sinusoidal Term: Introduces oscillations, the multiplication by x_i and constants modulates the frequency and amplitude.
        - Quadratic Term (x @ Q @ x):  Creates a complex, rugged landscape, controlled by Q.
        - max(x): Introduces additional complexity and bias.
        - Q: A randomly generated symmetric matrix to couple variables.
        - a, b, c: Coefficients to modulate the sin term and max term respectively.
    """"""
    n = len(x)
    if n != 4:
        raise ValueError(""Function only defined for 4 dimensions."")

    # Define a symmetric matrix Q and a vector b to control quadratic and linear components
    Q = np.array([[ 0.2, -0.1,  0.15,  0.05],
                  [-0.1,  0.3, -0.05, -0.1],
                  [ 0.15, -0.05,  0.25,  0.12],
                  [ 0.05, -0.1,  0.12,  0.35]])


    a = np.array([1.1, 1.3, 0.9, 1.2])
    b = np.array([0.7, 0.5, 0.6, 0.8])
    c = 0.15

    sinusoidal_term = np.sum(np.sin(x * a) * x * b)
    quadratic_term = 0.5 * x @ Q @ x
    max_term = np.max(x) * c

    return sinusoidal_term + quadratic_term + max_term",0.6725437851286712,"
    A synthetic 4-dimensional benchmark function designed to exhibit specific Exploratory Landscape Analysis (ELA) features.

    The function combines sine waves, and a quadratic term to control landscape ruggedness. Also introduces a simple max operation.

    Formula:
        f(x) = sum(sin(x_i * a_i) * x_i * b_i ) + 0.5 * x @ Q @ x  + max(x) * c

    Components:
        - Sinusoidal Term: Introduces oscillations, the multiplication by x_i and constants modulates the frequency and amplitude.
        - Quadratic Term (x @ Q @ x):  Creates a complex, rugged landscape, controlled by Q.
        - max(x): Introduces additional complexity and bias.
        - Q: A randomly generated symmetric matrix to couple variables.
        - a, b, c: Coefficients to modulate the sin term and max term respectively.
    ",,,,22,4,0.21316601512848998,0.3420805038977857,0.13879216753961524,0.49999775287514925,0.009304781603138822,0.6622270431848108,0.12252003067641318,0.7533493975400365
"import numpy as np

def problem(x: np.ndarray) -> float:
    """"""
    A synthetic 4-dimensional benchmark function combining trigonometric functions, polynomial terms, and a global scaling factor. It is designed to target specific ELA features.

    Formula:
        f(x) = scale * (sum(sin(a_i * x_i)^2 + b_i * x_i^3) + c * prod(x_i))

    Components:
        - Trigonometric Term: sin(a_i * x_i)^2 introduces oscillations and non-linearity.
        - Polynomial Term: b_i * x_i^3 creates skewness and varying gradients.
        - Product Term: c * prod(x_i) couples the variables and adds further non-linearity and interaction.
        - a_i, b_i: Coefficients to control the frequency and magnitude of the trig and polynomial terms respectively.
        - c: Coefficient to control the magnitude of the product term.
        - scale: Global scaling factor to adjust the overall fitness std.
    """"""
    n = len(x)
    if n != 4:
        raise ValueError(""Function only defined for 4 dimensions."")

    a = np.array([1.1, 0.9, 1.2, 0.8])  # Frequencies for sine terms
    b = np.array([0.05, -0.03, 0.04, -0.02])  # Coefficients for cubic terms
    c = 0.015  # Coefficient for the product term
    scale = 0.1

    trig_term = np.sum(np.sin(a * x)**2)
    poly_term = np.sum(b * x**3)
    prod_term = c * np.prod(x)

    return scale * (trig_term + poly_term + prod_term)",1.085056550880705,"
    A synthetic 4-dimensional benchmark function combining trigonometric functions, polynomial terms, and a global scaling factor. It is designed to target specific ELA features.

    Formula:
        f(x) = scale * (sum(sin(a_i * x_i)^2 + b_i * x_i^3) + c * prod(x_i))

    Components:
        - Trigonometric Term: sin(a_i * x_i)^2 introduces oscillations and non-linearity.
        - Polynomial Term: b_i * x_i^3 creates skewness and varying gradients.
        - Product Term: c * prod(x_i) couples the variables and adds further non-linearity and interaction.
        - a_i, b_i: Coefficients to control the frequency and magnitude of the trig and polynomial terms respectively.
        - c: Coefficient to control the magnitude of the product term.
        - scale: Global scaling factor to adjust the overall fitness std.
    ",,,,22,4,0.16069633017528448,0.47851087538927983,0.3308086920178473,0.5702335709043121,0.7478824818086827,0.7484359504598026,0.7515430491198967,0.8895020809807063
"import numpy as np

def problem(x: np.ndarray) -> float:
    """"""
    A synthetic 4-dimensional benchmark function combining trigonometric functions,
    a radial basis function, and a linear term to generate a complex landscape.

    Formula:
        f(x) = sum(sin(x_i) + cos(2*x_i)) + 0.5 * exp(-sum((x - c)**2) / (2 * sigma**2)) + b @ x

    Components:
        - Trigonometric term: Introduces multiple local optima.
        - Gaussian RBF:  Creates a funnel-like structure.
        - Linear Term (b @ x): Introduces bias and tilts the landscape.
        - c: Center of the RBF.
        - sigma: bandwidth of the RBF.
        - b: Linear coefficients.
    """"""
    n = len(x)
    if n != 4:
        raise ValueError(""Function only defined for 4 dimensions."")

    # Trigonometric term introduces multiple local optima
    trig_term = np.sum(np.sin(x) + np.cos(2 * x))

    # Gaussian Radial Basis Function (RBF) for funnel-like structure
    c = np.array([1.0, -0.5, 2.0, -1.5])  # Center of the RBF
    sigma = 2.0  # Bandwidth of the RBF
    rbf_term = 0.5 * np.exp(-np.sum((x - c)**2) / (2 * sigma**2))

    # Linear term for bias
    b = np.array([-0.1, 0.2, -0.05, 0.15])
    linear_term = b @ x

    return trig_term + rbf_term + linear_term",1.2343104925209272,"
    A synthetic 4-dimensional benchmark function combining trigonometric functions,
    a radial basis function, and a linear term to generate a complex landscape.

    Formula:
        f(x) = sum(sin(x_i) + cos(2*x_i)) + 0.5 * exp(-sum((x - c)**2) / (2 * sigma**2)) + b @ x

    Components:
        - Trigonometric term: Introduces multiple local optima.
        - Gaussian RBF:  Creates a funnel-like structure.
        - Linear Term (b @ x): Introduces bias and tilts the landscape.
        - c: Center of the RBF.
        - sigma: bandwidth of the RBF.
        - b: Linear coefficients.
    ",,,,22,4,0.13039283972021293,0.48427932325279205,0.08172038639038298,0.20400707962430856,0.13542561663348002,0.13824277992551284,0.16746223486341888,0.48704996303711084
"import numpy as np

def problem(x: np.ndarray) -> float:
    """"""
    A synthetic 4-dimensional benchmark function combining products of variables, reciprocals, sines, and a Gaussian to achieve target ELA features.

    Formula:
        f(x) =  a * prod(x_i  + shift_i)+ b / (0.1 + sum(x_i**2)) + c * sum(sin(d * x + e)) + f * exp(-g * ||x - h||^2) + x @ Q @ x + offset

    Components:
        - Product Term: Introduces non-separability and coupled variable effects.
        - Reciprocal Term: Creates gradient explosion near the origin, promoting ruggedness.
        - Sine Wave Term: Introduces multi-modality and non-linearity.
        - Gaussian Term: controls smoothness and landscape shape.
        - Quadratic Term: introduces additional ruggedness/smoothness, controlled by matrix Q
    """"""
    n = len(x)
    if n != 4:
        raise ValueError(""Function only defined for 4 dimensions."")

    # Parameters
    a = 0.01  # Product term coefficient
    b = 0.02  # Reciprocal coefficient
    c = 0.5  # Sine wave coefficient
    d = 1.1 #frequency for sine
    e = 0.1 #shifting for sine
    f = 0.3 # gaussian height
    g = 0.2  # Gaussian width
    h = np.array([0.5, 0.3, -0.2, -0.1])# Gaussian center
    offset = 1.0 # quadratic form shift/height

    Q = np.array([[ 0.2, -0.1,  0.05,  0.15],
                  [-0.1,  0.3, -0.02, -0.1 ],
                  [ 0.05, -0.02,  0.15,  0.08],
                  [ 0.15, -0.1,  0.08,  0.25]]) # Predefined quadratic form

    shift = np.array([0.1, -0.2, 0.3, -0.4]) #Shift prod components to not start at 0

    # Product term
    product_term = a * np.prod(x + shift)

    # Reciprocal term with a small constant to avoid division by zero
    reciprocal_term = b / (0.1 + np.sum(x**2))

    # Sine wave term
    sine_term = c * np.sum(np.sin(d * x + e))

    # Gaussian term
    gaussian_term = f * np.exp(-g * np.sum((x - h)**2))

    # Quadratic term
    quadratic_term = x @ Q @ x

    return product_term + reciprocal_term + sine_term + gaussian_term + quadratic_term + offset",0.5603675109538537,"
    A synthetic 4-dimensional benchmark function combining products of variables, reciprocals, sines, and a Gaussian to achieve target ELA features.

    Formula:
        f(x) =  a * prod(x_i  + shift_i)+ b / (0.1 + sum(x_i**2)) + c * sum(sin(d * x + e)) + f * exp(-g * ||x - h||^2) + x @ Q @ x + offset

    Components:
        - Product Term: Introduces non-separability and coupled variable effects.
        - Reciprocal Term: Creates gradient explosion near the origin, promoting ruggedness.
        - Sine Wave Term: Introduces multi-modality and non-linearity.
        - Gaussian Term: controls smoothness and landscape shape.
        - Quadratic Term: introduces additional ruggedness/smoothness, controlled by matrix Q
    ",,,,23,4,0.27165684360643994,0.12940404821707555,0.9320070187363303,0.6560883904613309,0.0012590668788666694,0.5605951019483617,0.49037409002371685,0.9769734791805286
"import numpy as np

def problem(x: np.ndarray) -> float:
    """"""
    A synthetic 4-dimensional benchmark function exhibiting specific ELA features.

    The function combines polynomial interaction terms, a log-based skewness term, and a linear term.

    Formula:
      f(x) = ∑ (a_ij * |x_i|^p * |x_j|^q) + log(b * (1 + x[0]**2)) + c * x[3]

    Components:
        - Polynomial Interaction: Produces complex interdependencies among variables.
        - Log-based Term: Introduces skewness influenced by value of x[0].
        - Linear Term: Introduces a simple bias.
        - a_ij: Interaction matrix.
        - p, q: powers for non-linear term.
        - b, c: scaling of the terms.
    """"""
    n = len(x)
    if n != 4:
        raise ValueError(""Function only defined for 4 dimensions."")

    # Define interaction coefficients
    a = np.array([[0.1, -0.05, 0.03, 0.02],
                  [-0.05, 0.15, -0.04, -0.01],
                  [0.03, -0.04, 0.12, 0.02],
                  [0.02, -0.01, 0.02, 0.1]])
    p, q = 2, 3 # powers defining interactions between variables

    interaction_term = 0.0
    for i in range(n):
        for j in range(n):
            interaction_term += a[i, j] * np.abs(x[i])**p * np.abs(x[j])**q

    # Log-based skewness term
    b = 0.02  # scaling factor, smaller to reduce skewness
    skew_term = np.log(b * (1 + x[0]**2) + 0.2)  #Added offset so log is correct

    # Linear term
    c = 0.01
    linear_term = c * x[3]

    return interaction_term + skew_term + linear_term",1.1288169032293298,"
    A synthetic 4-dimensional benchmark function exhibiting specific ELA features.

    The function combines polynomial interaction terms, a log-based skewness term, and a linear term.

    Formula:
      f(x) = ∑ (a_ij * |x_i|^p * |x_j|^q) + log(b * (1 + x[0]**2)) + c * x[3]

    Components:
        - Polynomial Interaction: Produces complex interdependencies among variables.
        - Log-based Term: Introduces skewness influenced by value of x[0].
        - Linear Term: Introduces a simple bias.
        - a_ij: Interaction matrix.
        - p, q: powers for non-linear term.
        - b, c: scaling of the terms.
    ",,,,23,4,0.24036517575129634,0.03839955937961578,0.9324342864366826,0.4115244884852381,0.0019005391008474462,0.026583277484304075,0.816197645965166,0.8623898326749929
"import numpy as np

def problem(x: np.ndarray) -> float:
    """"""
    A synthetic 4-dimensional benchmark function designed to exhibit specific Exploratory Landscape Analysis (ELA) features.

    The function combines a radial basis function (RBF), a full quadratic term, and a linear term.

    Formula:
        f(x) = a * exp(- norm(x - center)^2 / (2 * sigma^2)) + 0.5 * x @ Q @ x + b @ x

    Components:
        - RBF: Introduces a local optimum and influences the landscape's modality.
        - Quadratic Term (x @ Q @ x): Creates a complex, rugged landscape, controlled by Q.
        - Linear Term (b @ x): Introduces additional complexity and bias.
        - Q: A pre-defined symmetric matrix to couple variables.
        - b: Pre-defined linear coefficients.
        - a: Amplitude of the RBF.
        - center: Center of the RBF.
        - sigma: Scaling parameter of the RBF.
    """"""
    n = len(x)
    if n != 4:
        raise ValueError(""Function only defined for 4 dimensions."")

    Q = np.array([[ 0.2, -0.1,  0.05,  0.15],
                  [-0.1,  0.3, -0.02, -0.1 ],
                  [ 0.05, -0.02,  0.15,  0.08],
                  [ 0.15, -0.1,  0.08,  0.25]])

    b = np.array([-0.15, -0.1, -0.05, -0.2])

    # RBF parameters
    a = 1.5  # Amplitude
    center = np.array([0.5, -0.2, 0.1, -0.3])  # Center of the RBF
    sigma = 1.0  # Scaling factor

    # RBF term
    rbf_term = a * np.exp(-np.linalg.norm(x - center)**2 / (2 * sigma**2))

    # Quadratic term
    quad_term = 0.5 * x @ Q @ x

    # Linear term
    linear_term = b @ x

    return rbf_term + quad_term + linear_term",0.5324296700666868,"
    A synthetic 4-dimensional benchmark function designed to exhibit specific Exploratory Landscape Analysis (ELA) features.

    The function combines a radial basis function (RBF), a full quadratic term, and a linear term.

    Formula:
        f(x) = a * exp(- norm(x - center)^2 / (2 * sigma^2)) + 0.5 * x @ Q @ x + b @ x

    Components:
        - RBF: Introduces a local optimum and influences the landscape's modality.
        - Quadratic Term (x @ Q @ x): Creates a complex, rugged landscape, controlled by Q.
        - Linear Term (b @ x): Introduces additional complexity and bias.
        - Q: A pre-defined symmetric matrix to couple variables.
        - b: Pre-defined linear coefficients.
        - a: Amplitude of the RBF.
        - center: Center of the RBF.
        - sigma: Scaling parameter of the RBF.
    ",,,,23,4,0.2751809007481327,0.10304931793379515,0.9070114448775666,0.6759228980652063,0.07372203734227867,0.6235480232893751,0.5264573506778243,0.9995787087663162
"import numpy as np

def problem(x: np.ndarray) -> float:
    """"""
    A synthetic 4-dimensional benchmark function designed to exhibit specific Exploratory Landscape Analysis (ELA) features.

    The function combines trigonometric functions, polynomial terms, and a coupling term via product.

    Formula:
        f(x) = poly_term * trig_term + coupling_term

    Components:
        - poly_term: sum(a_i * x_i^2) + sum(b_i * x_i^3)
        - trig_term:  product of trigonometric functions (sin and cos)
        - coupling_term: c * x[0] * x[1] * x[2] * x[3]

    Constants:
        a, b, c are predefined coefficients.
    """"""
    n = len(x)
    if n != 4:
        raise ValueError(""Function only defined for 4 dimensions."")

    # Define coefficients
    a = np.array([0.1, 0.08, 0.12, 0.05])
    b = np.array([-0.02, 0.03, -0.01, 0.04])
    c = 0.01  # Coupling factor

    # Polynomial Term
    poly_term = np.sum(a * x**2) + np.sum(b * x**3)

    # Trigonometric Term incorporating sine and cosine
    trig_term = np.sin(x[0]) * np.cos(x[1]) * np.sin(x[2]) * np.cos(x[3])

    # Coupling term
    coupling_term = c * x[0] * x[1] * x[2] * x[3]

    return poly_term * trig_term + coupling_term",1.5221023249379995,"
    A synthetic 4-dimensional benchmark function designed to exhibit specific Exploratory Landscape Analysis (ELA) features.

    The function combines trigonometric functions, polynomial terms, and a coupling term via product.

    Formula:
        f(x) = poly_term * trig_term + coupling_term

    Components:
        - poly_term: sum(a_i * x_i^2) + sum(b_i * x_i^3)
        - trig_term:  product of trigonometric functions (sin and cos)
        - coupling_term: c * x[0] * x[1] * x[2] * x[3]

    Constants:
        a, b, c are predefined coefficients.
    ",,,,23,4,0.16405231689393082,0.5908771217898379,0.04867828629614769,0.3513471099910478,0.00653736399416068,0.020416358133778206,0.014328353234005674,0.06036938299558528
"import numpy as np

def problem(x: np.ndarray) -> float:
    """"""
    A synthetic 4-dimensional benchmark function designed to exhibit specific Exploratory Landscape Analysis (ELA) features.

    The function combines a non-linear term with cross-products and powers, a quadratic term, and a linear term.

    Formula:
        f(x) = abs(sum(a_i * x_i^2 * x_(i+1))) + 0.5 * x @ Q @ x + b @ x

    Components:
        - Cross-Product Term: Introduces non-linearity and variable interaction. Uses powers and the absolute value for extra complexity.
        - Quadratic Term (x @ Q @ x): Creates a complex, rugged landscape, controlled by Q.
        - Linear Term (b @ x): Introduces additional complexity and bias.
        - Q: A pre-defined symmetric matrix to couple variables.
        - b: Pre-defined linear coefficients.
        - a: Coefficients for the cross-product term.
    """"""
    n = len(x)
    if n != 4:
        raise ValueError(""Function only defined for 4 dimensions."")

    Q = np.array([[ 0.21, -0.12,  0.07,  0.22],
                  [-0.12,  0.27, -0.05, -0.18],
                  [ 0.07, -0.05,  0.12,  0.11],
                  [ 0.22, -0.18,  0.11,  0.25]])


    b = np.array([-0.17, -0.12, -0.06, -0.22])

    # Cross-product term
    a = np.array([0.6, 0.7, 0.8, 0.9])

    cross_term = np.sum(a * x**2 * np.roll(x, -1))
    cross_term = np.abs(cross_term)

    # Quadratic term
    quad_term = 0.5 * x @ Q @ x

    # Linear term
    linear_term = b @ x

    return cross_term + quad_term + linear_term",0.5596941346926949,"
    A synthetic 4-dimensional benchmark function designed to exhibit specific Exploratory Landscape Analysis (ELA) features.

    The function combines a non-linear term with cross-products and powers, a quadratic term, and a linear term.

    Formula:
        f(x) = abs(sum(a_i * x_i^2 * x_(i+1))) + 0.5 * x @ Q @ x + b @ x

    Components:
        - Cross-Product Term: Introduces non-linearity and variable interaction. Uses powers and the absolute value for extra complexity.
        - Quadratic Term (x @ Q @ x): Creates a complex, rugged landscape, controlled by Q.
        - Linear Term (b @ x): Introduces additional complexity and bias.
        - Q: A pre-defined symmetric matrix to couple variables.
        - b: Pre-defined linear coefficients.
        - a: Coefficients for the cross-product term.
    ",,,,23,4,0.30104270826277846,0.03811010802180198,0.5736001802237782,0.650363277625599,0.00010069963199821824,0.3454345084574121,0.42413236148774786,0.7940461313663801
"import numpy as np

def problem(x: np.ndarray) -> float:
    """"""
    A synthetic 4-dimensional benchmark function designed to exhibit specific Exploratory Landscape Analysis (ELA) features.

    The function combines cosine waves with interactions and a cubic polynomial term.

    Formula:
        f(x) = scale * (sum(cos(a_i * x_i) + b_{ij} * cos(x_i * x_j))) + c * x[0] * x[1] * x[1] + offset

    Components:
        - Cosine Term: Introduces multimodal landscape and interactions between dimensions.
        - Cubic Term: Adds polynomial complexity using only the first and second input dimensions.
        - scale: Scaling factor to control fitness_std
        - offset: added factor to adjust the global offset of the function
        - a, b, c: pre-defined constants
    """"""
    n = len(x)
    if n != 4:
        raise ValueError(""Function only defined for 4 dimensions."")

    # Cosine Component with interactions
    a = np.array([1.1, 0.9, 1.2, 0.8])  # Frequencies
    b = np.array([[0.1, 0.05, 0.02, 0.01],
                 [0.05, 0.15, 0.03, 0.02],
                 [0.02, 0.03, 0.2, 0.04],
                 [0.01, 0.02, 0.04, 0.25]]) # interaction coefficients
    cos_term = np.sum(np.cos(a * x))
    interaction_term = 0.0
    for i in range(n):
        for j in range(n):
            interaction_term += b[i, j] * np.cos(x[i] * x[j])

    #Simplified cubic term
    cubic_term = 0.15 * x[0] * x[1] * x[1]

    scale = 0.01 # scale here. Important
    offset = 0.5
    return scale * (cos_term + interaction_term + cubic_term) + offset",0.8818793879781215,"
    A synthetic 4-dimensional benchmark function designed to exhibit specific Exploratory Landscape Analysis (ELA) features.

    The function combines cosine waves with interactions and a cubic polynomial term.

    Formula:
        f(x) = scale * (sum(cos(a_i * x_i) + b_{ij} * cos(x_i * x_j))) + c * x[0] * x[1] * x[1] + offset

    Components:
        - Cosine Term: Introduces multimodal landscape and interactions between dimensions.
        - Cubic Term: Adds polynomial complexity using only the first and second input dimensions.
        - scale: Scaling factor to control fitness_std
        - offset: added factor to adjust the global offset of the function
        - a, b, c: pre-defined constants
    ",,,,23,4,0.13058656310607472,0.45243864426535557,0.2518346384333839,0.6472478460458827,0.5166465078287034,0.5179359362633648,0.5441239554957111,0.9399452649124287
"import numpy as np

def problem(x: np.ndarray) -> float:
    """"""
    A synthetic 4-dimensional benchmark function designed to exhibit specific Exploratory Landscape Analysis (ELA) features.

    The function combines multiple shifted Rosenbrock-like terms and a linear term to control skewness and landscape ruggedness.
    This creates a landscape full of banana-shaped valleys with varying orientations
    Formula:
        f(x) = sum(a_i * ( (x_{i+1} - x_i**2)**2 + b_i*(1-x_i)**2) ) + c @ x

    Components:
        - Rosenbrock term: Creates 'banana' shaped valleys.  The sum of multiple, slightly shifted and scaled rosenbrock functions result in a rugged landscape.
        - Linear Term (c @ x): Introduces bias and can affect skewness.

    """"""
    n = len(x)
    if n != 4:
        raise ValueError(""Function only defined for 4 dimensions."")

    #Rosenbrock parameters
    a = np.array([1.0, 0.5, 1.5, 0.8])
    b = np.array([1.0, 100.0, 1.0, 100.0])

    # Linear Term
    c = np.array([-0.1, 0.2, -0.05, 0.15])

    # Shifted Rosenbrock terms
    rosenbrock_term = 0.0
    for i in range(min(n-1, len(a))):
        rosenbrock_term += a[i] * ((x[i+1 % n] - x[i]**2)**2 + b[i]*(1-x[i])**2)

    # Linear Term
    linear_term = c @ x

    return rosenbrock_term + linear_term",1.0518331968588142,"
    A synthetic 4-dimensional benchmark function designed to exhibit specific Exploratory Landscape Analysis (ELA) features.

    The function combines multiple shifted Rosenbrock-like terms and a linear term to control skewness and landscape ruggedness.
    This creates a landscape full of banana-shaped valleys with varying orientations
    Formula:
        f(x) = sum(a_i * ( (x_{i+1} - x_i**2)**2 + b_i*(1-x_i)**2) ) + c @ x

    Components:
        - Rosenbrock term: Creates 'banana' shaped valleys.  The sum of multiple, slightly shifted and scaled rosenbrock functions result in a rugged landscape.
        - Linear Term (c @ x): Introduces bias and can affect skewness.

    ",,,,23,4,0.2341768024593947,0.07209048805243144,0.9150471289673774,0.5720865891527276,0.25814919459343333,0.2685992641229683,0.9698940553812959,0.9831370744877138
"import numpy as np

def problem(x: np.ndarray) -> float:
    """"""
    A synthetic 4-dimensional benchmark function designed to exhibit specific Exploratory Landscape Analysis (ELA) features.

    The function combines trigonometric terms, a quadratic term, and a product of linear terms to control skewness and landscape ruggedness.

    Formula:
        f(x) = sum(a_i * sin(b_i * x_i + c_i)) + 0.5 * x @ Q @ x + prod(d_i * x_i + e_i)

    Components:
        - Trigonometric Term: Introduces oscillatory behavior and complexity.
        - Quadratic Term (x @ Q @ x):  Creates a complex, rugged landscape, controlled by Q.
        - Product of Linear Terms: Introduces non-linearity and interactions.
        - Q: A randomly generated symmetric matrix to couple variables.
        - a_i, b_i, c_i, d_i, e_i: Coefficients to control the trigonometric and linear product terms.
    """"""
    n = len(x)
    if n != 4:
        raise ValueError(""Function only defined for 4 dimensions."")

    # Define a symmetric matrix Q
    Q = np.array([[ 0.2, -0.15,  0.1,  0.05],
                  [-0.15,  0.3, -0.12, -0.08],
                  [ 0.1, -0.12,  0.25,  0.1],
                  [ 0.05, -0.08,  0.1,  0.2]])

    # Coefficients for the trigonometric terms
    a = np.array([1.0, 1.2, 0.9, 1.1])
    b = np.array([0.5, 0.6, 0.4, 0.5])
    c = np.array([0.1, 0.2, 0.3, 0.4])

    # Coefficients for the product of linear terms
    d = np.array([0.3, 0.2, 0.4, 0.3])
    e = np.array([0.2, 0.1, 0.3, 0.2])

    # Trigonometric term
    trig_term = np.sum(a * np.sin(b * x + c))

    # Quadratic term
    quad_term = 0.5 * x @ Q @ x

    # Product of linear terms
    linear_prod_term = np.prod(d * x + e)

    return trig_term + quad_term + linear_prod_term",0.4958448125670347,"
    A synthetic 4-dimensional benchmark function designed to exhibit specific Exploratory Landscape Analysis (ELA) features.

    The function combines trigonometric terms, a quadratic term, and a product of linear terms to control skewness and landscape ruggedness.

    Formula:
        f(x) = sum(a_i * sin(b_i * x_i + c_i)) + 0.5 * x @ Q @ x + prod(d_i * x_i + e_i)

    Components:
        - Trigonometric Term: Introduces oscillatory behavior and complexity.
        - Quadratic Term (x @ Q @ x):  Creates a complex, rugged landscape, controlled by Q.
        - Product of Linear Terms: Introduces non-linearity and interactions.
        - Q: A randomly generated symmetric matrix to couple variables.
        - a_i, b_i, c_i, d_i, e_i: Coefficients to control the trigonometric and linear product terms.
    ",,,,23,4,0.23220915663733543,0.17214957114925877,0.7894467269133615,0.7096304497505633,0.20849969419166484,0.6990721598646862,0.5319200530276978,0.973095846509674
"import numpy as np

def problem(x: np.ndarray) -> float:
    """"""
    A synthetic 4-dimensional benchmark function with controlled ELA features.

    The function combines a sigmoid-transformed linear term, a quadratic term, and a linear term.

    Formula:
        f(x) =  1.0 / (1.0 + exp(-s(x))) + 0.5 * x @ Q @ x + b @ x

        where s(x) = a @ x + c

    Components:
        - Sigmoid Term: Introduces skewness, controlled by 'a' and 'c'.
        - Quadratic Term (x @ Q @ x): Creates ruggedness and interaction effects, controlled by Q.
        - Linear Term (b @ x): Introduces bias and funneling.
        - Q: A defined symmetric matrix.
        - a: Sigmoid input weights.
        - b: Linear coefficients.
        - c: Sigmoid bias
    """"""
    n = len(x)
    if n != 4:
        raise ValueError(""Function only defined for 4 dimensions."")

    # Defined symmetric matrix Q
    Q = np.array([[ 0.2, -0.1,  0.05,  0.15],
                  [-0.1,  0.3, -0.08, -0.10],
                  [ 0.05, -0.08,  0.15,  0.07],
                  [ 0.15, -0.10,  0.07,  0.25]])

    # Linear term coefficients
    b = np.array([-0.12, -0.08, -0.03, -0.18])

    # Sigmoid parameters
    a = np.array([0.1, 0.15, -0.05, 0.2]) # sigmoid input weights
    c = 2.0  # sigmoid bias

    # Sigmoid term
    sigmoid_input = a @ x + c
    sigmoid_term = 1.0 / (1.0 + np.exp(-sigmoid_input))

    # Quadratic term
    quad_term = 0.5 * x @ Q @ x

    # Linear term
    linear_term = b @ x

    return sigmoid_term + quad_term + linear_term",0.5292030098111907,"
    A synthetic 4-dimensional benchmark function with controlled ELA features.

    The function combines a sigmoid-transformed linear term, a quadratic term, and a linear term.

    Formula:
        f(x) =  1.0 / (1.0 + exp(-s(x))) + 0.5 * x @ Q @ x + b @ x

        where s(x) = a @ x + c

    Components:
        - Sigmoid Term: Introduces skewness, controlled by 'a' and 'c'.
        - Quadratic Term (x @ Q @ x): Creates ruggedness and interaction effects, controlled by Q.
        - Linear Term (b @ x): Introduces bias and funneling.
        - Q: A defined symmetric matrix.
        - a: Sigmoid input weights.
        - b: Linear coefficients.
        - c: Sigmoid bias
    ",,,,23,4,0.2813729647448422,0.10941067509627381,0.9378114798051314,0.668477213987636,0.040441724922595845,0.6328182451787118,0.48776997827326324,0.9999993491757313
"import numpy as np

def problem(x: np.ndarray) -> float:
    """"""
    A synthetic 4-dimensional benchmark function designed to exhibit specific Exploratory Landscape Analysis (ELA) features.

    The function combines a modified Rosenbrock-like term to introduce ruggedness, a scaled exponential for skewness, and a linear biasing term.

    Formula:
        f(x) = sum(a * (x[i+1] - x[i]**2)**2 + (1 - x[i])**2) +  c * exp(d * sum(x)) + b @ x

    Components:
        - Rosenbrock-like Term : Generates a rugged landscape with a banana-shape valley. `a` controls the severity.
        - Exponential Term:  Introduces skewness. `c` and `d` control the scale and rate.
        - Linear Term (b @ x): Introduces bias and asymmetry.
        - a: Rosenbrock scaling factor
        - c: Exponential scaling factor
        - d: Exponent scaling factor
        - b: Linear coefficients.
    """"""
    n = len(x)
    if n != 4:
        raise ValueError(""Function only defined for 4 dimensions."")

    # Rosenbrock-like parameters
    a = 1.5  # Increased a to enhance the ""banana"" feature and ruggedness
    c = 0.05 # Exponential scaling factor - reduce to decrease initial offset
    d = 0.13 # scale the exponent to have the right skew
    b = np.array([-0.15, -0.10, -0.05, -0.20]) # adjusted for balance

    rosenbrock_term = np.sum(a * (x[1:] - x[:-1]**2)**2 + (1 - x[:-1])**2)
    exp_term = c * np.exp(d * np.sum(x))
    linear_term = np.dot(b, x)

    return rosenbrock_term + exp_term + linear_term",1.0062705579693034,"
    A synthetic 4-dimensional benchmark function designed to exhibit specific Exploratory Landscape Analysis (ELA) features.

    The function combines a modified Rosenbrock-like term to introduce ruggedness, a scaled exponential for skewness, and a linear biasing term.

    Formula:
        f(x) = sum(a * (x[i+1] - x[i]**2)**2 + (1 - x[i])**2) +  c * exp(d * sum(x)) + b @ x

    Components:
        - Rosenbrock-like Term : Generates a rugged landscape with a banana-shape valley. `a` controls the severity.
        - Exponential Term:  Introduces skewness. `c` and `d` control the scale and rate.
        - Linear Term (b @ x): Introduces bias and asymmetry.
        - a: Rosenbrock scaling factor
        - c: Exponential scaling factor
        - d: Exponent scaling factor
        - b: Linear coefficients.
    ",,,,24,4,0.264271755376381,0.011109649793657214,0.7935007356592421,0.57419148769497,0.16326567373082235,0.178533987550855,0.9148415195875385,0.9481957610869013
"import numpy as np

def problem(x: np.ndarray) -> float:
    """"""
    A synthetic 4-dimensional benchmark function designed to exhibit specific Exploratory Landscape Analysis (ELA) features.

    The function combines a skewed exponential term, a sum of Rosenbrock-like terms, and a linear term to control skewness and landscape ruggedness.

    Formula:
        f(x) = exp(0.15 * (sum(x) + 8)) + sum(100.0 * (x[i+1] - x[i]**2)**2 + (1 - x[i])**2 for i in range(len(x)-1)) + b @ x

    Components:
        - Exponential Term: Introduces skewness.
        - Rosenbrock-like sum term: Creates a complex, rugged landscape with local minima.
        - Linear Term (b @ x): Introduces additional complexity and bias.
        - the sum runs until len(x) - 1 to avoid exceeding array bounds when dealing with x[i+1]
        - b: Linear coefficients.
    """"""
    n = len(x)
    if n != 4:
        raise ValueError(""Function only defined for 4 dimensions."")

    # Linear term coefficients
    b = np.array([-0.15, -0.1, -0.05, -0.2])  # Adjusted b

    # Exponential term for skewness
    exp_term = np.exp(0.15 * (np.sum(x) + 8))  # Adjusted exponential coefficient

    # Sum of Rosenbrock-like terms
    rosenbrock_term = sum(100.0 * (x[i+1] - x[i]**2)**2 + (1 - x[i])**2 for i in range(n-1))

    # Linear term
    linear_term = b @ x

    return exp_term + rosenbrock_term + linear_term",1.098686110881204,"
    A synthetic 4-dimensional benchmark function designed to exhibit specific Exploratory Landscape Analysis (ELA) features.

    The function combines a skewed exponential term, a sum of Rosenbrock-like terms, and a linear term to control skewness and landscape ruggedness.

    Formula:
        f(x) = exp(0.15 * (sum(x) + 8)) + sum(100.0 * (x[i+1] - x[i]**2)**2 + (1 - x[i])**2 for i in range(len(x)-1)) + b @ x

    Components:
        - Exponential Term: Introduces skewness.
        - Rosenbrock-like sum term: Creates a complex, rugged landscape with local minima.
        - Linear Term (b @ x): Introduces additional complexity and bias.
        - the sum runs until len(x) - 1 to avoid exceeding array bounds when dealing with x[i+1]
        - b: Linear coefficients.
    ",,,,24,4,0.24362562498499907,0.03925772848610904,0.9079626457801856,0.4908061670072254,0.06438219193352748,0.07906088250526404,0.8902934512621784,0.9394808317140839
"import numpy as np

def problem(x: np.ndarray) -> float:
    """"""
    A synthetic 4-dimensional benchmark function designed to exhibit specific Exploratory Landscape Analysis (ELA) features.

    The function combines a skewed exponential term, a Rosenbrock-like term, and a linear term to control skewness and landscape ruggedness.

    Formula:
        f(x) = exp(0.13 * (sum(x) + 10)) + sum(100.0 * (x[1:] - x[:-1]**2.0)**2.0 + (1 - x[:-1])**2.0) + b @ x

    Components:
        - Exponential Term: Introduces skewness.
        - Rosenbrock-like Term:  Creates a complex, rugged landscape.
        - Linear Term (b @ x): Introduces additional complexity and bias.
        - b: Linear coefficients.
    """"""
    n = len(x)
    if n != 4:
        raise ValueError(""Function only defined for 4 dimensions."")

    # Linear term coefficients
    b = np.array([-0.15, -0.12, -0.05, -0.20])

    # Exponential term for skew
    exp_term = np.exp(0.13 * (np.sum(x) + 10))

    # Rosenbrock-like term
    rosenbrock_term = np.sum(100.0 * (x[1:] - x[:-1]**2.0)**2.0 + (1 - x[:-1])**2.0)


    # Linear term
    linear_term = b @ x

    return exp_term + rosenbrock_term + linear_term",0.9918340175231545,"
    A synthetic 4-dimensional benchmark function designed to exhibit specific Exploratory Landscape Analysis (ELA) features.

    The function combines a skewed exponential term, a Rosenbrock-like term, and a linear term to control skewness and landscape ruggedness.

    Formula:
        f(x) = exp(0.13 * (sum(x) + 10)) + sum(100.0 * (x[1:] - x[:-1]**2.0)**2.0 + (1 - x[:-1])**2.0) + b @ x

    Components:
        - Exponential Term: Introduces skewness.
        - Rosenbrock-like Term:  Creates a complex, rugged landscape.
        - Linear Term (b @ x): Introduces additional complexity and bias.
        - b: Linear coefficients.
    ",,,,24,4,0.2654768164680036,0.008130973736380607,0.7366019362625665,0.5805609328722013,0.15764619304577165,0.17303083481815848,0.9098188018980605,0.945140263075379
"import numpy as np

def problem(x: np.ndarray) -> float:
    """"""
    A synthetic 4-dimensional benchmark function designed to exhibit specific Exploratory Landscape Analysis (ELA) features.

    The function combines a skewed exponential term, a quadratic term, and a cosine modulation.

    Formula:
        f(x) = 0.005 * (1.2 * exp(0.1 * (sum(x) + 10)) + x @ Q @ x + 2 * np.cos(np.sum(x)))

    Components:
        - Exponential Term: Introduces skewness.
        - Quadratic Term (x @ Q @ x):  Creates a complex, rugged landscape, controlled by Q.
        - Cosine Term: Introduces multi-modality and non-linearity.
        - Q: A symmetric matrix to couple variables.
    """"""
    n = len(x)
    if n != 4:
        raise ValueError(""Function only defined for 4 dimensions."")

    # Define a symmetric matrix Q
    Q = np.array([[ 0.5, -0.4,  0.3,  0.1],
                  [-0.4,  0.6, -0.3, -0.2],
                  [ 0.3, -0.3,  0.4,  0.2],
                  [ 0.1, -0.2,  0.2,  0.3]])


    # Exponential term for skew
    exp_term = np.exp(0.1 * (np.sum(x) + 10))

    # Quadratic term
    quad_term = x @ Q @ x

    # Cosine modulation
    cos_term = 2 * np.cos(np.sum(x))

    return 0.005*(1.2 * exp_term + quad_term + cos_term)",0.3125167491553143,"
    A synthetic 4-dimensional benchmark function designed to exhibit specific Exploratory Landscape Analysis (ELA) features.

    The function combines a skewed exponential term, a quadratic term, and a cosine modulation.

    Formula:
        f(x) = 0.005 * (1.2 * exp(0.1 * (sum(x) + 10)) + x @ Q @ x + 2 * np.cos(np.sum(x)))

    Components:
        - Exponential Term: Introduces skewness.
        - Quadratic Term (x @ Q @ x):  Creates a complex, rugged landscape, controlled by Q.
        - Cosine Term: Introduces multi-modality and non-linearity.
        - Q: A symmetric matrix to couple variables.
    ",,,,24,4,0.28882435620175867,0.07699552980573639,0.7771896056814988,0.7195201070582277,0.028410086586705977,0.7241773824538049,0.3866918930472917,0.9902384245956015
"import numpy as np

def problem(x: np.ndarray) -> float:
    """"""
    A synthetic 4-dimensional benchmark function with controlled ELA features.

    The function is a combination of a skewed exponential, a polynomial term, and a cosine modulation.

    Formula:
        f(x) = exp(0.1 * (sum(x) + 5)) + 0.1 * (x[0]**4 + x[1]**3 - x[2]**2 + x[3]) + 0.2 * sum(np.cos(2*x))

    Components:
        - Exponential Term: Introduces skewness.
        - Polynomial Term:  Adds non-linearity and asymmetry.
        - Cosine Modulation: Introduces local optima and ruggedness.
    """"""
    n = len(x)
    if n != 4:
        raise ValueError(""Function only defined for 4 dimensions."")

    # Exponential term for skew
    exp_term = np.exp(0.1 * (np.sum(x) + 5))

    # Polynomial term
    poly_term = 0.1 * (x[0]**4 + x[1]**3 - x[2]**2 + x[3])

    # Cosine modulation
    cos_term = 0.2 * np.sum(np.cos(2*x))

    return exp_term + poly_term + cos_term",1.0782685036436506,"
    A synthetic 4-dimensional benchmark function with controlled ELA features.

    The function is a combination of a skewed exponential, a polynomial term, and a cosine modulation.

    Formula:
        f(x) = exp(0.1 * (sum(x) + 5)) + 0.1 * (x[0]**4 + x[1]**3 - x[2]**2 + x[3]) + 0.2 * sum(np.cos(2*x))

    Components:
        - Exponential Term: Introduces skewness.
        - Polynomial Term:  Adds non-linearity and asymmetry.
        - Cosine Modulation: Introduces local optima and ruggedness.
    ",,,,24,4,0.24863600380030237,0.2393380363758652,0.4499026446558245,0.5466333776235308,0.055738850106779404,0.06362746183374511,0.9127781369290042,0.9271034103890851
"import numpy as np

def problem(x: np.ndarray) -> float:
    """"""
    A synthetic 4-dimensional benchmark function designed to exhibit specific Exploratory Landscape Analysis (ELA) features.

    The function combines a skewed log-exponential term, a quadratic term with a condition number adjusted matrix, combined with a polynomial interaction term,  and a linear term to control skewness and landscape ruggedness.

    Formula:
        f(x) = log(1 + exp(0.1 * (sum(x) + 8))) + 0.5 * x @ Q @ x + b @ x + 0.01 * (x[0]**3 + x[1]**2 * x[2] + x[3]**4)

    Components:
        - Log-Exponential Term: Introduces skewness in a softer way than pure exponential
        - Quadratic Term (x @ Q @ x):  Creates a complex, rugged landscape, controlled by Q. Adjusted for better condition number.
        - Linear Term (b @ x): Introduces additional complexity and bias.
        - Polynomial interaction Term: Adds non-convexity and multi-modality
        - Q: A fixed symmetric matrix to couple variables.
        - b: Linear coefficients.
    """"""
    n = len(x)
    if n != 4:
        raise ValueError(""Function only defined for 4 dimensions."")

    # Define a symmetric matrix Q and a vector b to control quadratic and linear components
    Q = np.array([[ 0.3, -0.1,  0.05,  0.15],
                  [-0.1,  0.4, -0.02, -0.08],
                  [ 0.05, -0.02,  0.2,  0.06],
                  [ 0.15, -0.08,  0.06,  0.35]])

    b = np.array([-0.15, -0.1, -0.05, -0.2])

    # Log-Exponential term for skew (softer skew than pure exponential)
    exp_term = np.log(1 + np.exp(0.1 * (np.sum(x) + 8)))

    # Quadratic term
    quad_term = 0.5 * x @ Q @ x

    # Linear term
    linear_term = b @ x

    # Polynomial interaction term
    poly_term = 0.01 * (x[0]**3 + x[1]**2 * x[2] + x[3]**4)

    return exp_term + quad_term + linear_term + poly_term",0.9237579224683322,"
    A synthetic 4-dimensional benchmark function designed to exhibit specific Exploratory Landscape Analysis (ELA) features.

    The function combines a skewed log-exponential term, a quadratic term with a condition number adjusted matrix, combined with a polynomial interaction term,  and a linear term to control skewness and landscape ruggedness.

    Formula:
        f(x) = log(1 + exp(0.1 * (sum(x) + 8))) + 0.5 * x @ Q @ x + b @ x + 0.01 * (x[0]**3 + x[1]**2 * x[2] + x[3]**4)

    Components:
        - Log-Exponential Term: Introduces skewness in a softer way than pure exponential
        - Quadratic Term (x @ Q @ x):  Creates a complex, rugged landscape, controlled by Q. Adjusted for better condition number.
        - Linear Term (b @ x): Introduces additional complexity and bias.
        - Polynomial interaction Term: Adds non-convexity and multi-modality
        - Q: A fixed symmetric matrix to couple variables.
        - b: Linear coefficients.
    ",,,,24,4,0.24115084001081705,0.12462609147098454,0.9454430884480968,0.5378122829383308,0.01766520882063612,0.2708808479056038,0.7927489701335668,0.9873981980415885
"import numpy as np

def problem(x: np.ndarray) -> float:
    """"""
    A synthetic 4-dimensional benchmark function designed to exhibit specific Exploratory Landscape Analysis (ELA) features.

    The function combines a power function for skewness, a polynomial term (quartic), and a scaled Gaussian bump to control landscape characteristics.

    Formula:
        f(x) =  0.01*( (sum(x**4)) + 0.5 * np.sum(x**3)- 0.02 * np.exp(-0.5 * np.sum((x) ** 2)) +  np.sum(np.abs(x)**(0.5)) )

    Components:
        - Power Function: (abs(x)**0.5), Introduces skewness and creates a rugged but biased landscape.
        - Polynomial Term (x**4 + x**3):  High order polynomial produces global structure.
        - Gaussian Bump: Introduces a local deceptive attribute
    """"""
    n = len(x)
    if n != 4:
        raise ValueError(""Function only defined for 4 dimensions."")

    return 0.01*( (np.sum(x**4)) + 0.5 * np.sum(x**3)- 0.02 * np.exp(-0.5 * np.sum((x) ** 2)) +  np.sum(np.abs(x)**(0.5)) )",1.1839430744509714,"
    A synthetic 4-dimensional benchmark function designed to exhibit specific Exploratory Landscape Analysis (ELA) features.

    The function combines a power function for skewness, a polynomial term (quartic), and a scaled Gaussian bump to control landscape characteristics.

    Formula:
        f(x) =  0.01*( (sum(x**4)) + 0.5 * np.sum(x**3)- 0.02 * np.exp(-0.5 * np.sum((x) ** 2)) +  np.sum(np.abs(x)**(0.5)) )

    Components:
        - Power Function: (abs(x)**0.5), Introduces skewness and creates a rugged but biased landscape.
        - Polynomial Term (x**4 + x**3):  High order polynomial produces global structure.
        - Gaussian Bump: Introduces a local deceptive attribute
    ",,,,24,4,0.21478435028465062,0.09169999118970554,0.9515865590091023,0.4224932120671283,0.01915216424478748,0.037236552749687506,0.9232654708939477,0.9279837169756113
"import numpy as np

def problem(x: np.ndarray) -> float:
    """"""
    A synthetic benchmark function combining quadratic, interaction, radial, and deceptive elements.

    Formula:
    f(x) = a * sum(x_i^2) + b * sum(x_i * x_{i+1}) + c * exp(-d * ||x - center||^2) + e * cos(f * x[0]) * x[1]  + g * np.prod(np.cos(x))
    where x_i are the elements of the input vector x, ||.|| denotes the Euclidean norm, 'center' is a fixed vector, and a,b,c,d,e,f, g are constants. Includes cosine and product terms for deception and non-linearity.
    """"""
    a = 0.12
    b = 0.06
    c = 0.25
    d = 0.12
    e = 0.015
    f = 2.0
    g = 0.03
    center = np.array([1.0, -0.5, 2.0, -1.5])

    n = len(x)

    term1 = a * np.sum(x**2)
    term2 = 0.0
    for i in range(n - 1):
        term2 += x[i] * x[i+1]
    term2 *= b
    term3 = c * np.exp(-d * np.sum((x - center)**2))
    term4 = e * np.cos(f * x[0]) * x[1]  # cosine modulated interaction
    term5 = g * np.prod(np.cos(x))  # product of cosines - deceptive element

    return term1 + term2 + term3 + term4 + term5",0.9839422400657294,"
    A synthetic benchmark function combining quadratic, interaction, radial, and deceptive elements.

    Formula:
    f(x) = a * sum(x_i^2) + b * sum(x_i * x_{i+1}) + c * exp(-d * ||x - center||^2) + e * cos(f * x[0]) * x[1]  + g * np.prod(np.cos(x))
    where x_i are the elements of the input vector x, ||.|| denotes the Euclidean norm, 'center' is a fixed vector, and a,b,c,d,e,f, g are constants. Includes cosine and product terms for deception and non-linearity.
    ",,,,24,4,0.21575401521813556,0.19256310021568654,0.9617499241266355,0.5397450583377434,0.002707085380706221,0.22829946176683996,0.8197499098978471,0.9997194037156827
"import numpy as np

def problem(x: np.ndarray) -> float:
    """"""
    A synthetic 4-dimensional benchmark function designed to exhibit specific Exploratory Landscape Analysis (ELA) features.

    The function combines a modified Rosenbrock-like term, scaled trigonometric terms, and a linear component to shape the landscape.

    Formula:
        f(x) = sum(100 * (x[i+1] - x[i]**2)**2 + (1 - x[i])**2) + sum(np.sin(x) * x * 0.1) + b @ x

    Components:
        - Rosenbrock-like Term: Creates a banana-shaped valley and introduces non-linearity.
        - Trigonometric Term:  Adds local optima and ruggedness.
        - Linear Term (b @ x): Introduces bias and overall landscape tilt.
        - b: Linear coefficients.
    """"""
    n = len(x)
    if n != 4:
        raise ValueError(""Function only defined for 4 dimensions."")

    # Rosenbrock-like term
    rosenbrock_term = np.sum(100 * (x[1:] - x[:-1]**2)**2 + (1 - x[:-1])**2)

    # Trigonometric term
    trig_term = np.sum(np.sin(x) * x * 0.1)

    # Linear term
    b = np.array([-0.2, -0.1, 0.1, 0.2]) # Predefined bias coefficients
    linear_term = b @ x

    return rosenbrock_term + trig_term + linear_term",0.9876924369734459,"
    A synthetic 4-dimensional benchmark function designed to exhibit specific Exploratory Landscape Analysis (ELA) features.

    The function combines a modified Rosenbrock-like term, scaled trigonometric terms, and a linear component to shape the landscape.

    Formula:
        f(x) = sum(100 * (x[i+1] - x[i]**2)**2 + (1 - x[i])**2) + sum(np.sin(x) * x * 0.1) + b @ x

    Components:
        - Rosenbrock-like Term: Creates a banana-shaped valley and introduces non-linearity.
        - Trigonometric Term:  Adds local optima and ruggedness.
        - Linear Term (b @ x): Introduces bias and overall landscape tilt.
        - b: Linear coefficients.
    ",,,,24,4,0.26547978179375853,0.008125856243471312,0.7173623320183546,0.5837268160618011,0.15771064595374004,0.17309228089813597,0.9098207450215393,0.9451423797879376
"import numpy as np

def problem(x: np.ndarray) -> float:
    """"""
    A synthetic 4-dimensional benchmark function designed to exhibit specific Exploratory Landscape Analysis (ELA) features.

    The function combines a skewed quartic term and a sum of squared terms with interaction to control skewness and landscape ruggedness.

    Formula:
        f(x) = 0.005 * (0.8 * (sum(x)**4 + 5) * np.exp(-0.1*sum(x)) + sum(x**2) + 2*x[0]*x[1] - 1.5*x[2]*x[3])

    Components:
        - Skewed Quartic Exponential Term: Introduces skewness and non-linearity.
        - Sum of Squares with interactions: Introduces correlation between dimensions
    """"""
    n = len(x)
    if n != 4:
        raise ValueError(""Function only defined for 4 dimensions."")

    quartic_term = (np.sum(x)**4 + 5) * np.exp(-0.1*np.sum(x))
    interaction_term = np.sum(x**2) + 2*x[0]*x[1] - 1.5*x[2]*x[3]

    return 0.005 * (0.8 * quartic_term + interaction_term)",0.8891747174358238,"
    A synthetic 4-dimensional benchmark function designed to exhibit specific Exploratory Landscape Analysis (ELA) features.

    The function combines a skewed quartic term and a sum of squared terms with interaction to control skewness and landscape ruggedness.

    Formula:
        f(x) = 0.005 * (0.8 * (sum(x)**4 + 5) * np.exp(-0.1*sum(x)) + sum(x**2) + 2*x[0]*x[1] - 1.5*x[2]*x[3])

    Components:
        - Skewed Quartic Exponential Term: Introduces skewness and non-linearity.
        - Sum of Squares with interactions: Introduces correlation between dimensions
    ",,,,24,4,0.9587736778368864,-0.00015706479514470236,0.7955137779790156,1.051691705519891,0.1415205980109468,0.45770236613669346,0.20962093028019702,0.6944795383565875
"import numpy as np

def problem(x: np.ndarray) -> float:
    """"""
    A synthetic 4-dimensional benchmark function designed to exhibit specific Exploratory Landscape Analysis (ELA) features.

    The function combines a skewed exponential term, a full quadratic term,  and a linear term to control skewness and landscape ruggedness.

    Formula:
        f(x) = exp(0.124 * (sum(x) + 10)) + 0.5 * x @ Q @ x + b @ x

    Components:
        - Exponential Term: Introduces skewness.
        - Quadratic Term (x @ Q @ x):  Creates a complex, rugged landscape, controlled by Q.
        - Linear Term (b @ x): Introduces additional complexity and bias.
        - Q: A randomly generated symmetric matrix to couple variables.
        - b: Linear coefficients.
    """"""
    n = len(x)
    if n != 4:
        raise ValueError(""Function only defined for 4 dimensions."")

    # Define a symmetric matrix Q and a vector b to control quadratic and linear components
    Q = np.array([[ 0.19719645, -0.15535003,  0.07760387,  0.27015438],
                  [-0.15535003,  0.25794489, -0.04676747, -0.20260303],
                  [ 0.07760387, -0.04676747,  0.10918752,  0.12150701],
                  [ 0.27015438, -0.20260303,  0.12150701,  0.23451638]])

    b = np.array([-0.20, -0.14, -0.075, -0.26]) # slightly adjusted

    # Exponential term for skew
    exp_term = np.exp(0.124 * (np.sum(x) + 10))

    # Quadratic term
    quad_term = 0.5 * x @ Q @ x

    # Linear term
    linear_term = b @ x

    return exp_term + quad_term + linear_term",0.31428808491291166,"
    A synthetic 4-dimensional benchmark function designed to exhibit specific Exploratory Landscape Analysis (ELA) features.

    The function combines a skewed exponential term, a full quadratic term,  and a linear term to control skewness and landscape ruggedness.

    Formula:
        f(x) = exp(0.124 * (sum(x) + 10)) + 0.5 * x @ Q @ x + b @ x

    Components:
        - Exponential Term: Introduces skewness.
        - Quadratic Term (x @ Q @ x):  Creates a complex, rugged landscape, controlled by Q.
        - Linear Term (b @ x): Introduces additional complexity and bias.
        - Q: A randomly generated symmetric matrix to couple variables.
        - b: Linear coefficients.
    ",,,,25,4,0.28971805073222606,0.08119746860400728,0.5726835890941583,0.7614705317915899,0.21752888616085111,0.8229651227347846,0.43558413137816926,0.9936930250403687
"import numpy as np

def problem(x: np.ndarray) -> float:
    """"""
    A synthetic 4-dimensional benchmark function designed to exhibit specific Exploratory Landscape Analysis (ELA) features.

    The function combines a skewed exponential term, a full quadratic term,  and a linear term to control skewness and landscape ruggedness.

    Formula:
        f(x) = 0.008 * (1.5 * exp(0.14 * (sum(x) + 10)) + 0.6 * x @ Q @ x + b @ x)

    Components:
        - Exponential Term: Introduces skewness.
        - Quadratic Term (x @ Q @ x):  Creates a complex, rugged landscape, controlled by Q.
        - Linear Term (b @ x): Introduces additional complexity and bias.
        - Q: A symmetric matrix to couple variables.
        - b: Linear coefficients.
    """"""
    n = len(x)
    if n != 4:
        raise ValueError(""Function only defined for 4 dimensions."")

    # Define a symmetric matrix Q and a vector b to control quadratic and linear components
    Q = np.array([[ 0.15, -0.25,  0.05,  0.15],
                  [-0.25,  0.15, -0.15, -0.05],
                  [ 0.05, -0.15,  0.05,  0.25],
                  [ 0.15, -0.05,  0.25,  0.15]])

    b = np.array([-0.05, -0.03, -0.02, -0.04])

    # Exponential term for skew
    exp_term = np.exp(0.14 * (np.sum(x) + 10))

    # Quadratic term
    quad_term = 0.6 * x @ Q @ x

    # Linear term
    linear_term = b @ x

    return 0.008*(1.5 * exp_term + quad_term + linear_term)",0.7373468093692191,"
    A synthetic 4-dimensional benchmark function designed to exhibit specific Exploratory Landscape Analysis (ELA) features.

    The function combines a skewed exponential term, a full quadratic term,  and a linear term to control skewness and landscape ruggedness.

    Formula:
        f(x) = 0.008 * (1.5 * exp(0.14 * (sum(x) + 10)) + 0.6 * x @ Q @ x + b @ x)

    Components:
        - Exponential Term: Introduces skewness.
        - Quadratic Term (x @ Q @ x):  Creates a complex, rugged landscape, controlled by Q.
        - Linear Term (b @ x): Introduces additional complexity and bias.
        - Q: A symmetric matrix to couple variables.
        - b: Linear coefficients.
    ",,,,25,4,0.315146436999887,0.16646243242720773,0.7738778603429044,0.8093441495881072,0.535429471795533,0.9051690292625408,0.6404027184252679,0.9859011770088383
"import numpy as np

def problem(x: np.ndarray) -> float:
    """"""
    A synthetic 4-dimensional benchmark function designed to exhibit specific Exploratory Landscape Analysis (ELA) features.

    The function combines a skewed exponential term and a full quadratic term to control skewness and landscape ruggedness.

    Formula:
        f(x) = 0.005 * (1.1 * exp(0.09 * (sum(x) + 5)) + x @ Q @ x )

    Components:
        - Exponential Term: Introduces skewness.
        - Quadratic Term (x @ Q @ x):  Creates a complex, rugged landscape, controlled by Q.
        - Q: A symmetric matrix to couple variables.
    """"""
    n = len(x)
    if n != 4:
        raise ValueError(""Function only defined for 4 dimensions."")

    # Define a symmetric matrix Q
    Q = np.array([[ 0.3, -0.2,  0.1,  0.05],
                  [-0.2,  0.25, -0.15, -0.1],
                  [ 0.1, -0.15,  0.2,  0.1],
                  [ 0.05, -0.1,  0.1,  0.15]])

    # Exponential term for skew
    exp_term = np.exp(0.09 * (np.sum(x) + 5))

    # Quadratic term
    quad_term = x @ Q @ x

    return 0.005*(1.1 * exp_term + quad_term)",0.43076917035533896,"
    A synthetic 4-dimensional benchmark function designed to exhibit specific Exploratory Landscape Analysis (ELA) features.

    The function combines a skewed exponential term and a full quadratic term to control skewness and landscape ruggedness.

    Formula:
        f(x) = 0.005 * (1.1 * exp(0.09 * (sum(x) + 5)) + x @ Q @ x )

    Components:
        - Exponential Term: Introduces skewness.
        - Quadratic Term (x @ Q @ x):  Creates a complex, rugged landscape, controlled by Q.
        - Q: A symmetric matrix to couple variables.
    ",,,,25,4,0.28783992742494396,0.08412792790419031,0.9084823156192624,0.7120325071413695,0.025875552570397968,0.7097728612487375,0.4039690161896681,0.9998963530905247
"import numpy as np

def problem(x: np.ndarray) -> float:
    """"""
    A synthetic 4-dimensional benchmark function designed to exhibit specific Exploratory Landscape Analysis (ELA) features.

    The function combines a skewed exponential term, a full quadratic term,  and a linear term to control skewness and landscape ruggedness.

    Formula:
        f(x) = 0.1 * exp(0.12 * (sum(x) + 10)) + 0.01* 0.5 * x @ Q @ x + 0.001* b @ x

    Components:
        - Exponential Term: Introduces skewness.
        - Quadratic Term (x @ Q @ x):  Creates a complex, rugged landscape, controlled by Q.
        - Linear Term (b @ x): Introduces additional complexity and bias.
        - Q: A randomly generated symmetric matrix to couple variables.
        - b: Linear coefficients.
    """"""
    n = len(x)
    if n != 4:
        raise ValueError(""Function only defined for 4 dimensions."")

    # Define a symmetric matrix Q and a vector b to control quadratic and linear components
    Q = np.array([[ 0.19719645, -0.15535003,  0.07760387,  0.27015438],
                  [-0.15535003,  0.25794489, -0.04676747, -0.20260303],
                  [ 0.07760387, -0.04676747,  0.10918752,  0.12150701],
                  [ 0.27015438, -0.20260303,  0.12150701,  0.23451638]])

    b = np.array([-0.019465523, -0.013663213, -0.007293302, -0.025914074])

    # Exponential term for skew
    exp_term = 0.1 * np.exp(0.12 * (np.sum(x) + 10))

    # Quadratic term
    quad_term = 0.01 * 0.5 * x @ Q @ x

    # Linear term
    linear_term = 0.001 * b @ x

    return exp_term + quad_term + linear_term",1.0176350661051476,"
    A synthetic 4-dimensional benchmark function designed to exhibit specific Exploratory Landscape Analysis (ELA) features.

    The function combines a skewed exponential term, a full quadratic term,  and a linear term to control skewness and landscape ruggedness.

    Formula:
        f(x) = 0.1 * exp(0.12 * (sum(x) + 10)) + 0.01* 0.5 * x @ Q @ x + 0.001* b @ x

    Components:
        - Exponential Term: Introduces skewness.
        - Quadratic Term (x @ Q @ x):  Creates a complex, rugged landscape, controlled by Q.
        - Linear Term (b @ x): Introduces additional complexity and bias.
        - Q: A randomly generated symmetric matrix to couple variables.
        - b: Linear coefficients.
    ",,,,25,4,0.3274020213265582,0.04411281051170882,0.7552819699459723,0.8530389584306851,0.7811757714685369,0.9468996782781011,0.823282088099165,0.9894664937334119
"import numpy as np

def problem(x: np.ndarray) -> float:
    """"""
    A synthetic 4-dimensional benchmark function with controlled ELA features.

    The function is a combination of a skewed exponential, a quadratic, and a linear term.

    Formula:
        f(x) = exp(0.13 * (sum(x) + 10)) + 0.4 * x @ Q @ x + b @ x

    Components:
        - Exponential Term: Introduces skewness.
        - Quadratic Term (x @ Q @ x):  Creates ruggedness and interaction effects.
        - Linear Term (b @ x): Introduces bias and funneling.
        - Q: A defined symmetric matrix.
        - b: Linear coefficients.
    """"""
    n = len(x)
    if n != 4:
        raise ValueError(""Function only defined for 4 dimensions."")

    # Adjusted symmetric matrix Q
    Q = np.array([[ 0.17, -0.12,  0.07,  0.22],
                  [-0.12,  0.22, -0.04, -0.16],
                  [ 0.07, -0.04,  0.09,  0.10],
                  [ 0.22, -0.16,  0.10,  0.19]])


    b = np.array([-0.08, -0.05, -0.02, -0.10]) # adjusted

    # Exponential term for skew
    exp_term = np.exp(0.13 * (np.sum(x) + 10))

    # Quadratic term
    quad_term = 0.4 * x @ Q @ x

    # Linear term
    linear_term = b @ x

    return exp_term + quad_term + linear_term",0.6339532928141017,"
    A synthetic 4-dimensional benchmark function with controlled ELA features.

    The function is a combination of a skewed exponential, a quadratic, and a linear term.

    Formula:
        f(x) = exp(0.13 * (sum(x) + 10)) + 0.4 * x @ Q @ x + b @ x

    Components:
        - Exponential Term: Introduces skewness.
        - Quadratic Term (x @ Q @ x):  Creates ruggedness and interaction effects.
        - Linear Term (b @ x): Introduces bias and funneling.
        - Q: A defined symmetric matrix.
        - b: Linear coefficients.
    ",,,,25,4,0.3186629432689349,0.04415091660893029,0.5237929312179441,0.8126116620581147,0.4812464628215372,0.8650801857612657,0.630100161805251,0.989288642180588
"import numpy as np

def problem(x: np.ndarray) -> float:
    """"""
    A synthetic 4-dimensional benchmark function designed to exhibit specific Exploratory Landscape Analysis (ELA) features.

    The function combines a skewed exponential term, a quadratic term, and a cosine modulation.

    Formula:
        f(x) = 0.0015 * (1.5 * exp(0.15 * (sum(x) + 10)) + 0.8*(x @ Q @ x) + 0.5 * np.cos(np.sum(x)))

    Components:
        - Exponential Term: Introduces skewness.
        - Quadratic Term (x @ Q @ x):  Creates a complex, rugged landscape, controlled by Q.
        - Cosine Term: Introduces multi-modality and non-linearity.
        - Q: A symmetric matrix to couple variables.
    """"""
    n = len(x)
    if n != 4:
        raise ValueError(""Function only defined for 4 dimensions."")

    # Define a symmetric matrix Q (increased off-diagonal influence)
    Q = np.array([[ 0.5, -0.45,  0.35,  0.15],
                  [-0.45,  0.6, -0.35, -0.25],
                  [ 0.35, -0.35,  0.4,  0.25],
                  [ 0.15, -0.25,  0.25,  0.3]])


    # Exponential term for skew
    exp_term = np.exp(0.15 * (np.sum(x) + 10))

    # Quadratic term
    quad_term = x @ Q @ x

    # Cosine modulation
    cos_term = 0.5 * np.cos(np.sum(x))

    return 0.0015 * (1.5 * exp_term + 0.8*quad_term + cos_term)",0.5535332568961876,"
    A synthetic 4-dimensional benchmark function designed to exhibit specific Exploratory Landscape Analysis (ELA) features.

    The function combines a skewed exponential term, a quadratic term, and a cosine modulation.

    Formula:
        f(x) = 0.0015 * (1.5 * exp(0.15 * (sum(x) + 10)) + 0.8*(x @ Q @ x) + 0.5 * np.cos(np.sum(x)))

    Components:
        - Exponential Term: Introduces skewness.
        - Quadratic Term (x @ Q @ x):  Creates a complex, rugged landscape, controlled by Q.
        - Cosine Term: Introduces multi-modality and non-linearity.
        - Q: A symmetric matrix to couple variables.
    ",,,,25,4,0.28250631576828567,0.06215001992230543,0.8817644465014531,0.7549912043315845,0.28302214504828554,0.7852800352846391,0.5554525546744613,0.9904844791979465
"import numpy as np

def problem(x: np.ndarray) -> float:
    """"""
    A synthetic 4-dimensional benchmark function designed to exhibit specific Exploratory Landscape Analysis (ELA) features.

    The function combines a skewed exponential term, a full quadratic term,  and a linear term to control skewness and landscape ruggedness.

    Formula:
        f(x) = 0.005 * (1.5 * exp(0.15 * (sum(x) + 10)) + 0.8 * x @ Q @ x + 2*b @ x)

    Components:
        - Exponential Term: Introduces skewness.
        - Quadratic Term (x @ Q @ x):  Creates a complex, rugged landscape, controlled by Q.
        - Linear Term (b @ x): Introduces additional complexity and bias.
        - Q: A symmetric matrix to couple variables.
        - b: Linear coefficients.
    """"""
    n = len(x)
    if n != 4:
        raise ValueError(""Function only defined for 4 dimensions."")

    # Define a symmetric matrix Q and a vector b to control quadratic and linear components
    Q = np.array([[ 0.2, -0.3,  0.1,  0.2],
                  [-0.3,  0.2, -0.2, -0.1],
                  [ 0.1, -0.2,  0.1,  0.3],
                  [ 0.2, -0.1,  0.3,  0.2]])

    b = np.array([-0.02, -0.012, -0.008, -0.016])

    # Exponential term for skew
    exp_term = np.exp(0.15 * (np.sum(x) + 10))

    # Quadratic term
    quad_term = 0.8 * x @ Q @ x

    # Linear term
    linear_term = 2*b @ x

    return 0.005*(1.5 * exp_term + quad_term + linear_term)",0.6038742171722257,"
    A synthetic 4-dimensional benchmark function designed to exhibit specific Exploratory Landscape Analysis (ELA) features.

    The function combines a skewed exponential term, a full quadratic term,  and a linear term to control skewness and landscape ruggedness.

    Formula:
        f(x) = 0.005 * (1.5 * exp(0.15 * (sum(x) + 10)) + 0.8 * x @ Q @ x + 2*b @ x)

    Components:
        - Exponential Term: Introduces skewness.
        - Quadratic Term (x @ Q @ x):  Creates a complex, rugged landscape, controlled by Q.
        - Linear Term (b @ x): Introduces additional complexity and bias.
        - Q: A symmetric matrix to couple variables.
        - b: Linear coefficients.
    ",,,,25,4,0.308412097771249,0.16217660236826065,0.744733608414868,0.7911906666711082,0.4281844336222235,0.8871901787277657,0.5626392117203882,0.9855522944726433
"import numpy as np

def problem(x: np.ndarray) -> float:
    """"""
    A synthetic 4-dimensional benchmark function designed to exhibit specific Exploratory Landscape Analysis (ELA) features.

    The function combines a skewed exponential term, a full quadratic term,  and a linear term to control skewness and landscape ruggedness.

    Formula:
        f(x) = exp(0.12 * (sum(x) + 10)) + 0.5 * x @ Q @ x + b @ x

    Components:
        - Exponential Term: Introduces skewness.
        - Quadratic Term (x @ Q @ x):  Creates a complex, rugged landscape, controlled by Q.
        - Linear Term (b @ x): Introduces additional complexity and bias.
        - Q: Predefined symmetric matrix.
        - b: Predefined linear coefficients.
    """"""
    n = len(x)
    if n != 4:
        raise ValueError(""Function only defined for 4 dimensions."")

    # Define a symmetric matrix Q and a vector b to control quadratic and linear components
    Q = np.array([[ 0.019719645, -0.015535003,  0.007760387,  0.027015438],
                  [-0.015535003,  0.025794489, -0.004676747, -0.020260303],
                  [ 0.007760387, -0.004676747,  0.010918752,  0.012150701],
                  [ 0.027015438, -0.020260303,  0.012150701,  0.023451638]])

    b = np.array([-0.019465523, -0.013663213, -0.007293302, -0.025914074])

    # Exponential term for skew
    exp_term = np.exp(0.12 * (np.sum(x) + 10))

    # Quadratic term
    quad_term = 0.5 * x @ Q @ x

    # Linear term
    linear_term = b @ x

    return exp_term + quad_term + linear_term",1.0067016660696422,"
    A synthetic 4-dimensional benchmark function designed to exhibit specific Exploratory Landscape Analysis (ELA) features.

    The function combines a skewed exponential term, a full quadratic term,  and a linear term to control skewness and landscape ruggedness.

    Formula:
        f(x) = exp(0.12 * (sum(x) + 10)) + 0.5 * x @ Q @ x + b @ x

    Components:
        - Exponential Term: Introduces skewness.
        - Quadratic Term (x @ Q @ x):  Creates a complex, rugged landscape, controlled by Q.
        - Linear Term (b @ x): Introduces additional complexity and bias.
        - Q: Predefined symmetric matrix.
        - b: Predefined linear coefficients.
    ",,,,25,4,0.33212744262470406,0.03894816053069427,0.7706365147388624,0.857308868716982,0.7698108509861539,0.9441418441113439,0.8141040138518841,0.9889194224062381
"import numpy as np

def problem(x: np.ndarray) -> float:
    """"""
    A synthetic 4-dimensional benchmark function designed to exhibit specific Exploratory Landscape Analysis (ELA) features.

    The function combines a skewed exponential term, a full quadratic term,  and a linear term to control skewness and landscape ruggedness.

    Formula:
        f(x) = exp(0.1 * (sum(x) + 10)) + 0.1 * x @ Q @ x + 0.1 * b @ x

    Components:
        - Exponential Term: Introduces skewness.
        - Quadratic Term (x @ Q @ x):  Creates a complex, rugged landscape, controlled by Q.
        - Linear Term (b @ x): Introduces additional complexity and bias.
        - Q: A randomly generated symmetric matrix to couple variables.
        - b: Linear coefficients.
    """"""
    n = len(x)
    if n != 4:
        raise ValueError(""Function only defined for 4 dimensions."")

    # Define a symmetric matrix Q and a vector b to control quadratic and linear components
    Q = np.array([[ 0.19719645, -0.15535003,  0.07760387,  0.27015438],
                  [-0.15535003,  0.25794489, -0.04676747, -0.20260303],
                  [ 0.07760387, -0.04676747,  0.10918752,  0.12150701],
                  [ 0.27015438, -0.20260303,  0.12150701,  0.23451638]])

    b = np.array([-0.19465523, -0.13663213, -0.07293302, -0.25914074])

    # Exponential term for skew
    exp_term = np.exp(0.1 * (np.sum(x) + 10))

    # Quadratic term
    quad_term = 0.1 * x @ Q @ x # Reduced by a factor of 5

    # Linear term
    linear_term = 0.1 * b @ x # Reduced by a factor of 10

    return exp_term + quad_term + linear_term",0.9008075402179984,"
    A synthetic 4-dimensional benchmark function designed to exhibit specific Exploratory Landscape Analysis (ELA) features.

    The function combines a skewed exponential term, a full quadratic term,  and a linear term to control skewness and landscape ruggedness.

    Formula:
        f(x) = exp(0.1 * (sum(x) + 10)) + 0.1 * x @ Q @ x + 0.1 * b @ x

    Components:
        - Exponential Term: Introduces skewness.
        - Quadratic Term (x @ Q @ x):  Creates a complex, rugged landscape, controlled by Q.
        - Linear Term (b @ x): Introduces additional complexity and bias.
        - Q: A randomly generated symmetric matrix to couple variables.
        - b: Linear coefficients.
    ",,,,25,4,0.2946909220696217,0.05369999901014514,0.5428973126182671,0.8198848224938795,0.6968062854661842,0.9256040351569629,0.7811791527220725,0.9950183961308909
"import numpy as np

def problem(x: np.ndarray) -> float:
    """"""
    A synthetic 4-dimensional benchmark function designed to exhibit specific Exploratory Landscape Analysis (ELA) features.

    The function combines a skewed exponential term, a full quadratic term,  and a linear term to control skewness and landscape ruggedness.

    Formula:
        f(x) = exp(0.1 * (sum(x) + 7)) + 0.5 * x @ Q @ x + b @ x

    Components:
        - Exponential Term: Introduces skewness.
        - Quadratic Term (x @ Q @ x):  Creates a complex, rugged landscape, controlled by Q.
        - Linear Term (b @ x): Introduces additional complexity and bias.
        - Q: A randomly generated symmetric matrix to couple variables.
        - b: Linear coefficients.
    """"""
    n = len(x)
    if n != 4:
        raise ValueError(""Function only defined for 4 dimensions."")

    # Define a symmetric matrix Q and a vector b to control quadratic and linear components
    Q = np.array([[ 0.20719645, -0.16535003,  0.08760387,  0.28015438],
                  [-0.16535003,  0.26794489, -0.05676747, -0.21260303],
                  [ 0.08760387, -0.05676747,  0.11918752,  0.13150701],
                  [ 0.28015438, -0.21260303,  0.13150701,  0.24451638]])

    b = np.array([-0.20465523, -0.14663213, -0.08293302, -0.26914074])

    # Exponential term for skew
    exp_term = np.exp(0.1 * (np.sum(x) + 7))

    # Quadratic term
    quad_term = 0.5 * x @ Q @ x

    # Linear term
    linear_term = b @ x

    return exp_term + quad_term + linear_term",0.11264988634948395,"
    A synthetic 4-dimensional benchmark function designed to exhibit specific Exploratory Landscape Analysis (ELA) features.

    The function combines a skewed exponential term, a full quadratic term,  and a linear term to control skewness and landscape ruggedness.

    Formula:
        f(x) = exp(0.1 * (sum(x) + 7)) + 0.5 * x @ Q @ x + b @ x

    Components:
        - Exponential Term: Introduces skewness.
        - Quadratic Term (x @ Q @ x):  Creates a complex, rugged landscape, controlled by Q.
        - Linear Term (b @ x): Introduces additional complexity and bias.
        - Q: A randomly generated symmetric matrix to couple variables.
        - b: Linear coefficients.
    ",,,,25,4,0.2932341609375748,0.07779188984233172,0.49370977158575424,0.7378149083660605,0.02053719543389886,0.8208308680815308,0.26229844854184753,0.999303237094582
"import numpy as np

def problem(x: np.ndarray) -> float:
    """"""
    A synthetic 4-dimensional benchmark function designed to exhibit specific Exploratory Landscape Analysis (ELA) features.

    The function combines a skewed exponential term, a quadratic term, and a linear term to control skewness and landscape ruggedness.

    Formula:
        f(x) = exp(0.1 * (sum(x**2) + 10)) + 0.02 * (x @ Q @ x) + 0.01 * np.sum(x)

    Components:
        - Exponential Term: Introduces skewness.
        - Quadratic Term (x @ Q @ x):  Creates a complex, rugged landscape, controlled by Q.
        - Linear Term (sum(x)): Introduces additional complexity and bias.
        - Q: A randomly generated symmetric matrix to couple variables.
    """"""
    n = len(x)
    if n != 4:
        raise ValueError(""Function only defined for 4 dimensions."")

    # Define a symmetric matrix Q and a vector b to control quadratic and linear components
    Q = np.array([[ 0.5, -0.2,  0.1,  0.3],
                  [-0.2,  0.6, -0.1, -0.2],
                  [ 0.1, -0.1,  0.4,  0.1],
                  [ 0.3, -0.2,  0.1,  0.5]])

    # Exponential term for skew
    exp_term = np.exp(0.1 * (np.sum(x**2) + 10))

    # Quadratic term
    quad_term = 0.02 * (x @ Q @ x)

    # Linear term
    linear_term = 0.01 * np.sum(x)

    return exp_term + quad_term + linear_term",1.0371944754167957,"
    A synthetic 4-dimensional benchmark function designed to exhibit specific Exploratory Landscape Analysis (ELA) features.

    The function combines a skewed exponential term, a quadratic term, and a linear term to control skewness and landscape ruggedness.

    Formula:
        f(x) = exp(0.1 * (sum(x**2) + 10)) + 0.02 * (x @ Q @ x) + 0.01 * np.sum(x)

    Components:
        - Exponential Term: Introduces skewness.
        - Quadratic Term (x @ Q @ x):  Creates a complex, rugged landscape, controlled by Q.
        - Linear Term (sum(x)): Introduces additional complexity and bias.
        - Q: A randomly generated symmetric matrix to couple variables.
    ",,,,26,4,0.74685463402294,0.001205984008478541,0.9663376824724937,0.8205207038698683,0.005619143152792839,0.012899498982567719,0.3721952031639662,0.7627755842059384
"import numpy as np

def problem(x: np.ndarray) -> float:
    """"""
    A synthetic 4-dimensional benchmark function designed to exhibit specific Exploratory Landscape Analysis (ELA) features.

    The function combines a skewed exponential term and a simplified quadratic term (sum of squares) to control skewness and landscape ruggedness.

    Formula:
        f(x) = 0.005 * (1.5 * exp(0.15 * (sum(x) + 5)) + np.sum(x**2))

    Components:
        - Exponential Term: Introduces skewness.
        - Quadratic Term (Sum of Squares):  Creates landscape ruggedness.
    """"""
    n = len(x)
    if n != 4:
        raise ValueError(""Function only defined for 4 dimensions."")

    # Exponential term for skew
    exp_term = np.exp(0.15 * (np.sum(x) + 5))

    # Quadratic term (sum of squares)
    quad_term = np.sum(x**2)

    return 0.005 * (1.5 * exp_term + quad_term)",1.1723983420388056,"
    A synthetic 4-dimensional benchmark function designed to exhibit specific Exploratory Landscape Analysis (ELA) features.

    The function combines a skewed exponential term and a simplified quadratic term (sum of squares) to control skewness and landscape ruggedness.

    Formula:
        f(x) = 0.005 * (1.5 * exp(0.15 * (sum(x) + 5)) + np.sum(x**2))

    Components:
        - Exponential Term: Introduces skewness.
        - Quadratic Term (Sum of Squares):  Creates landscape ruggedness.
    ",,,,26,4,0.19911748832964354,0.19173639296536382,0.9705970729993555,0.5057172892818379,0.06300158333012087,0.10593590162927473,0.980133802213531,0.9980707944422713
"import numpy as np

def problem(x: np.ndarray) -> float:
    """"""
    A synthetic 4-dimensional benchmark function designed to exhibit specific Exploratory Landscape Analysis (ELA) features.

    The function combines shifted and scaled sine waves, a quadratic term, and a linear term to control skewness and landscape ruggedness.

    Formula:
        f(x) = sum(a_i * sin(b_i * x_i + c_i)) + 0.3 * x @ Q @ x  + 0.5 * b @ x

    Components:
        - Sine Waves: Introduce non-linearity and multi-modality. Coefficients a_i, b_i, and c_i control amplitude, frequency, and phase.
        - Quadratic Term (x @ Q @ x): Creates a complex, rugged landscape, controlled by Q.
        - Linear Term (b @ x): Introduces additional complexity and bias to increase skewness and fitness correlation.
        - Q: A pre-defined symmetric matrix to couple variables.
        - b: Pre-defined linear coefficients.
        - a, b, c Sine wave coefficients.
    """"""
    n = len(x)
    if n != 4:
        raise ValueError(""Function only defined for 4 dimensions."")

    Q = np.array([[ 0.1, -0.05,  0.02,  0.08],
                  [-0.05,  0.2, -0.01, -0.05 ],
                  [ 0.02, -0.01,  0.1,  0.04],
                  [ 0.08, -0.05,  0.04,  0.2]])

    b = np.array([-0.3, -0.2, -0.1, -0.4])

    # Sine wave parameters
    a = np.array([0.6, 0.4, 0.5, 0.45])
    b_freq = np.array([0.8, 1.1, 0.9, 1.2])
    c = np.array([0.5, -0.3, 0.2, -0.1])  # Phase shifts

    # Sine wave component
    sine_term = np.sum(a * np.sin(b_freq * x + c))

    # Quadratic term
    quad_term = 0.3 * x @ Q @ x

    # Linear term
    linear_term = 0.5 * b @ x

    return sine_term + quad_term + linear_term",0.6756553670881725,"
    A synthetic 4-dimensional benchmark function designed to exhibit specific Exploratory Landscape Analysis (ELA) features.

    The function combines shifted and scaled sine waves, a quadratic term, and a linear term to control skewness and landscape ruggedness.

    Formula:
        f(x) = sum(a_i * sin(b_i * x_i + c_i)) + 0.3 * x @ Q @ x  + 0.5 * b @ x

    Components:
        - Sine Waves: Introduce non-linearity and multi-modality. Coefficients a_i, b_i, and c_i control amplitude, frequency, and phase.
        - Quadratic Term (x @ Q @ x): Creates a complex, rugged landscape, controlled by Q.
        - Linear Term (b @ x): Introduces additional complexity and bias to increase skewness and fitness correlation.
        - Q: A pre-defined symmetric matrix to couple variables.
        - b: Pre-defined linear coefficients.
        - a, b, c Sine wave coefficients.
    ",,,,26,4,0.22153475806599493,0.20021185305713365,0.40821293030438244,0.6328639206936736,0.38835786208474204,0.5921992301809802,0.6400349046881953,0.9368291076236601
"import numpy as np

def problem(x: np.ndarray) -> float:
    """"""
    A synthetic 4-dimensional benchmark function designed to exhibit specific Exploratory Landscape Analysis (ELA) features.

    The function combines a skewed exponential term and a simplified quadratic term to control skewness and landscape ruggedness.

    Formula:
        f(x) = 0.05 * (0.8 * exp(0.08 * (sum(x) + 5)) + 0.2*(x @ Q @ x))

    Components:
        - Exponential Term: Introduces skewness.
        - Quadratic Term (x @ Q @ x):  Creates a complex, rugged landscape, controlled by Q. Using  a diagonal Q matrix composed of [0.6,0.7,0.8,0.9]
        - Q: A diagonal matrix to couple variables. Diagonally dominant Matrix Q provides an elliptical shape to the fitness landscape.
    """"""
    n = len(x)
    if n != 4:
        raise ValueError(""Function only defined for 4 dimensions."")

    # Define a diagonal matrix Q
    Q = np.diag([0.6, 0.7, 0.8, 0.9])

    # Exponential term for skew
    exp_term = np.exp(0.08 * (np.sum(x) + 5))

    # Quadratic term
    quad_term = x @ Q @ x

    return 0.05 * (0.8 * exp_term + 0.2 * quad_term)",1.1880123056644163,"
    A synthetic 4-dimensional benchmark function designed to exhibit specific Exploratory Landscape Analysis (ELA) features.

    The function combines a skewed exponential term and a simplified quadratic term to control skewness and landscape ruggedness.

    Formula:
        f(x) = 0.05 * (0.8 * exp(0.08 * (sum(x) + 5)) + 0.2*(x @ Q @ x))

    Components:
        - Exponential Term: Introduces skewness.
        - Quadratic Term (x @ Q @ x):  Creates a complex, rugged landscape, controlled by Q. Using  a diagonal Q matrix composed of [0.6,0.7,0.8,0.9]
        - Q: A diagonal matrix to couple variables. Diagonally dominant Matrix Q provides an elliptical shape to the fitness landscape.
    ",,,,26,4,0.18881913862887392,0.21266893870178652,0.9652000788390352,0.5043849384739867,0.07093171146329964,0.10040935639334861,0.9942537392043893,0.9998269937739998
"import numpy as np

def problem(x: np.ndarray) -> float:
    """"""
    A synthetic 4-dimensional benchmark function designed to exhibit specific Exploratory Landscape Analysis (ELA) features.

    The function combines a skewed exponential term and a full quadratic term to control skewness and landscape ruggedness.

    Formula:
        f(x) = 0.01 * (1.2 * exp(0.1 * (sum(x) + 5)) + x @ Q @ x )

    Components:
        - Exponential Term: Introduces skewness.
        - Quadratic Term (x @ Q @ x):  Creates a complex, rugged landscape, controlled by Q.
        - Q: A symmetric matrix to couple variables.
    """"""
    n = len(x)
    if n != 4:
        raise ValueError(""Function only defined for 4 dimensions."")

    # Define a symmetric matrix Q with reduced magnitude
    Q = np.array([[ 0.2, -0.1,  0.1,  0.05],
                  [-0.1,  0.15, -0.1, -0.05],
                  [ 0.1, -0.1,  0.15,  0.05],
                  [ 0.05, -0.05,  0.05,  0.1]])

    # Exponential term for skew
    exp_term = np.exp(0.1 * (np.sum(x) + 5))

    # Quadratic term
    quad_term = x @ Q @ x

    return 0.01*(1.2 * exp_term + quad_term)",0.4853256685002967,"
    A synthetic 4-dimensional benchmark function designed to exhibit specific Exploratory Landscape Analysis (ELA) features.

    The function combines a skewed exponential term and a full quadratic term to control skewness and landscape ruggedness.

    Formula:
        f(x) = 0.01 * (1.2 * exp(0.1 * (sum(x) + 5)) + x @ Q @ x )

    Components:
        - Exponential Term: Introduces skewness.
        - Quadratic Term (x @ Q @ x):  Creates a complex, rugged landscape, controlled by Q.
        - Q: A symmetric matrix to couple variables.
    ",,,,26,4,0.28076293159534316,0.09174097806841455,0.9121063291145353,0.706832375894568,0.09451896921285706,0.7020644683389311,0.48393137090905064,0.9994140818810571
"import numpy as np

def problem(x: np.ndarray) -> float:
    """"""
    A synthetic 4-dimensional benchmark function designed to exhibit specific Exploratory Landscape Analysis (ELA) features.

    The function combines a skewed exponential term, a quadratic term, and a cosine modulation.

    Formula:
        f(x) = 0.001 * (1.25 * exp(0.1 * (sum(x) + 10)) + x @ Q @ x + 2 * np.cos(np.sum(x)))

    Components:
        - Exponential Term: Introduces skewness.
        - Quadratic Term (x @ Q @ x):  Creates a complex, rugged landscape, controlled by Q.
        - Cosine Term: Introduces multi-modality and non-linearity.
        - Q: A symmetric matrix to couple variables.
    """"""
    n = len(x)
    if n != 4:
        raise ValueError(""Function only defined for 4 dimensions."")

    # Define a symmetric matrix Q
    Q = np.array([[ 0.3, -0.2,  0.1,  0.05],
                  [-0.2,  0.4, -0.2, -0.1],
                  [ 0.1, -0.2,  0.2,  0.1],
                  [ 0.05, -0.1,  0.1,  0.15]])


    # Exponential term for skew
    exp_term = np.exp(0.1 * (np.sum(x) + 10))

    # Quadratic term
    quad_term = x @ Q @ x

    # Cosine modulation
    cos_term = 2 * np.cos(np.sum(x))

    return 0.001*(1.25 * exp_term + quad_term + cos_term)",0.4096938789643217,"
    A synthetic 4-dimensional benchmark function designed to exhibit specific Exploratory Landscape Analysis (ELA) features.

    The function combines a skewed exponential term, a quadratic term, and a cosine modulation.

    Formula:
        f(x) = 0.001 * (1.25 * exp(0.1 * (sum(x) + 10)) + x @ Q @ x + 2 * np.cos(np.sum(x)))

    Components:
        - Exponential Term: Introduces skewness.
        - Quadratic Term (x @ Q @ x):  Creates a complex, rugged landscape, controlled by Q.
        - Cosine Term: Introduces multi-modality and non-linearity.
        - Q: A symmetric matrix to couple variables.
    ",,,,26,4,0.2692629104075005,0.10822233922062535,0.7325551643989581,0.6728132784757325,0.08622128763491176,0.6472813662704534,0.49701848072773536,0.9695033489665599
"import numpy as np

def problem(x: np.ndarray) -> float:
    """"""
    A synthetic 4-dimensional benchmark function designed to exhibit specific Exploratory Landscape Analysis (ELA) features.

    The function combines a skewed exponential term, a quadratic term, and a cosine modulation.

    Formula:
        f(x) = 0.003 * (0.8 * exp(0.12 * (sum(x) + 10)) + x @ Q @ x + 1.5 * np.cos(np.sum(x)))

    Components:
        - Exponential Term: Introduces skewness.
        - Quadratic Term (x @ Q @ x):  Creates a complex, rugged landscape, controlled by Q.
        - Cosine Term: Introduces multi-modality and non-linearity.
        - Q: A symmetric matrix to couple variables.
    """"""
    n = len(x)
    if n != 4:
        raise ValueError(""Function only defined for 4 dimensions."")

    # Define a symmetric matrix Q
    Q = np.array([[ 0.3, -0.2,  0.1,  0.05],
                  [-0.2,  0.4, -0.15, -0.1],
                  [ 0.1, -0.15,  0.25,  0.1],
                  [ 0.05, -0.1,  0.1,  0.2]])


    # Exponential term for skew
    exp_term = np.exp(0.12 * (np.sum(x) + 10))

    # Quadratic term
    quad_term = x @ Q @ x

    # Cosine modulation
    cos_term = 1.5 * np.cos(np.sum(x))

    return 0.003*(0.8 * exp_term + quad_term + cos_term)",0.5339164466755957,"
    A synthetic 4-dimensional benchmark function designed to exhibit specific Exploratory Landscape Analysis (ELA) features.

    The function combines a skewed exponential term, a quadratic term, and a cosine modulation.

    Formula:
        f(x) = 0.003 * (0.8 * exp(0.12 * (sum(x) + 10)) + x @ Q @ x + 1.5 * np.cos(np.sum(x)))

    Components:
        - Exponential Term: Introduces skewness.
        - Quadratic Term (x @ Q @ x):  Creates a complex, rugged landscape, controlled by Q.
        - Cosine Term: Introduces multi-modality and non-linearity.
        - Q: A symmetric matrix to couple variables.
    ",,,,26,4,0.26359933714598544,0.10632763692840264,0.8397558603867774,0.6635665525714569,0.09334321070478648,0.5989003174181868,0.5691078529450639,0.9813693413498377
"import numpy as np

def problem(x: np.ndarray) -> float:
    """"""
    A synthetic 4-dimensional benchmark function designed to exhibit specific Exploratory Landscape Analysis (ELA) features.

    The function combines shifted and scaled sine waves, a quadratic term, and a linear term to control skewness and landscape ruggedness.

    Formula:
        f(x) = sum(a_i * sin(b_i * x_i + c_i)) + 0.5 * x @ Q @ x  + b @ x

    Components:
        - Sine Waves: Introduce non-linearity and multi-modality. Coefficients a_i, b_i, and c_i control amplitude, frequency, and phase.
        - Quadratic Term (x @ Q @ x): Creates a complex, rugged landscape, controlled by Q.
        - Linear Term (b @ x): Introduces additional complexity and bias.
        - Q: A pre-defined symmetric matrix to couple variables.
        - b: Pre-defined linear coefficients.
        - a, b, c Sine wave coefficients.
    """"""
    n = len(x)
    if n != 4:
        raise ValueError(""Function only defined for 4 dimensions."")

    Q = np.array([[ 0.15, -0.08,  0.03,  0.12],
                  [-0.08,  0.2, -0.01, -0.08 ],
                  [ 0.03, -0.01,  0.1,  0.06],
                  [ 0.12, -0.08,  0.06,  0.2]])

    b = np.array([-0.18, -0.12, -0.07, -0.23])

    # Sine wave parameters
    a = np.array([0.5, 0.3, 0.4, 0.35])
    b_freq = np.array([0.8, 1.1, 0.9, 1.2])
    c = np.array([0.5, -0.3, 0.2, -0.1])  # Phase shifts

    # Sine wave component
    sine_term = np.sum(a * np.sin(b_freq * x + c))

    # Quadratic term
    quad_term = 0.5 * x @ Q @ x

    # Linear term
    linear_term = b @ x

    return sine_term + quad_term + linear_term",0.4200111281757939,"
    A synthetic 4-dimensional benchmark function designed to exhibit specific Exploratory Landscape Analysis (ELA) features.

    The function combines shifted and scaled sine waves, a quadratic term, and a linear term to control skewness and landscape ruggedness.

    Formula:
        f(x) = sum(a_i * sin(b_i * x_i + c_i)) + 0.5 * x @ Q @ x  + b @ x

    Components:
        - Sine Waves: Introduce non-linearity and multi-modality. Coefficients a_i, b_i, and c_i control amplitude, frequency, and phase.
        - Quadratic Term (x @ Q @ x): Creates a complex, rugged landscape, controlled by Q.
        - Linear Term (b @ x): Introduces additional complexity and bias.
        - Q: A pre-defined symmetric matrix to couple variables.
        - b: Pre-defined linear coefficients.
        - a, b, c Sine wave coefficients.
    ",,,,26,4,0.26754289571349615,0.11632471465408649,0.6793088592145871,0.6953598817461358,0.18702367509920703,0.6809359665181719,0.5188114810149973,0.98491573239093
"import numpy as np

def problem(x: np.ndarray) -> float:
    """"""
    A synthetic 4-dimensional benchmark function designed to exhibit specific Exploratory Landscape Analysis (ELA) features.

    The function combines a skewed exponential term, a full quadratic term,  and a linear term to control skewness and landscape ruggedness.

    Formula:
        f(x) = exp(0.2 * (sum(x) + 5)) + 0.1 * x @ Q @ x + b @ x

    Components:
        - Exponential Term: Introduces skewness.
        - Quadratic Term (x @ Q @ x):  Creates a complex, rugged landscape, controlled by Q.
        - Linear Term (b @ x): Introduces additional complexity and bias.
        - Q: A randomly generated symmetric matrix to couple variables.
        - b: Linear coefficients.
    """"""
    n = len(x)
    if n != 4:
        raise ValueError(""Function only defined for 4 dimensions."")

    # Define a symmetric matrix Q and a vector b to control quadratic and linear components
    Q = np.array([[ 0.2, -0.1,  0.05,  0.1],
                  [-0.1,  0.2, -0.02, -0.1],
                  [ 0.05, -0.02,  0.1,  0.06],
                  [ 0.1, -0.1,  0.06,  0.2]])

    b = np.array([-0.1, -0.05, -0.03, -0.1])

    # Exponential term for skew
    exp_term = np.exp(0.2 * (np.sum(x) + 5))

    # Quadratic term
    quad_term = 0.1 * x @ Q @ x

    # Linear term
    linear_term = b @ x

    return exp_term + quad_term + linear_term",0.7671666876654337,"
    A synthetic 4-dimensional benchmark function designed to exhibit specific Exploratory Landscape Analysis (ELA) features.

    The function combines a skewed exponential term, a full quadratic term,  and a linear term to control skewness and landscape ruggedness.

    Formula:
        f(x) = exp(0.2 * (sum(x) + 5)) + 0.1 * x @ Q @ x + b @ x

    Components:
        - Exponential Term: Introduces skewness.
        - Quadratic Term (x @ Q @ x):  Creates a complex, rugged landscape, controlled by Q.
        - Linear Term (b @ x): Introduces additional complexity and bias.
        - Q: A randomly generated symmetric matrix to couple variables.
        - b: Linear coefficients.
    ",,,,26,4,0.4976172972266735,0.00708558472878409,0.8612997016600337,0.9352083922106973,0.534811095322208,0.8302385167605414,0.6017071886482545,0.9363494185916375
"import numpy as np

def problem(x: np.ndarray) -> float:
    """"""
    A synthetic 4-dimensional benchmark function designed to exhibit specific Exploratory Landscape Analysis (ELA) features.

    The function combines a skewed exponential term, a quadratic term, and a linear term to control skewness and landscape ruggedness.

    Formula:
        f(x) = exp(0.1 * (sum(x) + 10)) + 0.5 * x @ Q @ x + b @ x

    Components:
        - Exponential Term: Introduces skewness.
        - Quadratic Term (x @ Q @ x):  Creates a complex landscape, controlled by Q.
        - Linear Term (b @ x): Introduces additional complexity and bias.
        - Q: A fixed symmetric matrix to couple variables.
        - b: Linear coefficients.
    """"""
    n = len(x)
    if n != 4:
        raise ValueError(""Function only defined for 4 dimensions."")

    # Define a symmetric matrix Q and a vector b to control quadratic and linear components
    Q = np.array([[0.2, -0.1, 0.05, 0.1],
                  [-0.1, 0.25, -0.02, -0.08],
                  [0.05, -0.02, 0.1, 0.04],
                  [0.1, -0.08, 0.04, 0.2]])

    b = np.array([-0.05, -0.03, -0.01, -0.04])

    # Exponential term for skew
    exp_term = np.exp(0.1 * (np.sum(x) + 10))

    # Quadratic term
    quad_term = 0.5 * x @ Q @ x

    # Linear term
    linear_term = b @ x

    return exp_term + quad_term + linear_term",0.7065493880565688,"
    A synthetic 4-dimensional benchmark function designed to exhibit specific Exploratory Landscape Analysis (ELA) features.

    The function combines a skewed exponential term, a quadratic term, and a linear term to control skewness and landscape ruggedness.

    Formula:
        f(x) = exp(0.1 * (sum(x) + 10)) + 0.5 * x @ Q @ x + b @ x

    Components:
        - Exponential Term: Introduces skewness.
        - Quadratic Term (x @ Q @ x):  Creates a complex landscape, controlled by Q.
        - Linear Term (b @ x): Introduces additional complexity and bias.
        - Q: A fixed symmetric matrix to couple variables.
        - b: Linear coefficients.
    ",,,,26,4,0.2708016014904057,0.09481434203527271,0.902469496046124,0.7063099836240937,0.33150854522809103,0.6758009143269671,0.7042664336236547,0.9974385029974339
