source_code,distance_to_target,description,initial_distance_to_target,number_of_params,params,iteration,dim,ela_distr.skewness,fitness_distance.fitness_std,nbc.nn_nb.sd_ratio,nbc.nb_fitness.cor,ela_meta.lin_simple.adj_r2,ela_meta.lin_w_interact.adj_r2,ela_meta.quad_simple.adj_r2,ela_meta.quad_w_interact.adj_r2
"import numpy as np

def problem(x: np.ndarray) -> float:
    """"""
    A synthetic benchmark function combining linear, quadratic, and Gaussian components.

    f(x) = a * sum(x) + b * sum(x^2) + c * exp(-d * sum(x^2) / n) + e
    where x is a NumPy array, a, b, c, d, and e are constants and n is the number of dimensions.
    """"""
    n = len(x)
    a = 0.05
    b = 0.01
    c = 0.5
    d = 0.1
    e = 0.1

    linear_term = a * np.sum(x)
    quadratic_term = b * np.sum(x**2)
    gaussian_term = c * np.exp(-d * np.sum(x**2) / n)

    return linear_term + quadratic_term + gaussian_term + e",0.6162760293860049,"
    A synthetic benchmark function combining linear, quadratic, and Gaussian components.

    f(x) = a * sum(x) + b * sum(x^2) + c * exp(-d * sum(x^2) / n) + e
    where x is a NumPy array, a, b, c, d, and e are constants and n is the number of dimensions.
    ",,,,1,5,0.10548198472046143,0.20503292983365382,0.8313649128039888,0.6412366457352604,0.9249545675646385,0.9268928916599858,0.9981139813108634,0.9997631203463815
"import numpy as np

def problem(x: np.ndarray) -> float:
    """"""
    A synthetic benchmark function with tunable ELA characteristics.

    The function is a combination of a shifted quadratic bowl, a cosine function,
    and polynomial terms, creating a landscape with moderate linearity,
    interactions, and fitness-distance correlation.

    Formula:
    f(x) = sum((x_i - shift_i)^2) + a * cos(b * sum(x)) + c * sum(x^3) + d * sum(x^4)

    where:
    - x_i are the individual dimensions of the input vector x
    - shift_i are dimension-specific shifts to center the quadratic bowl
    - a, b, c, d are scaling factors for the cosine and polynomial components.
    """"""
    n = len(x)
    shift = np.array([0.5 * i for i in range(n)]) # Dimension specific shift
    a = 2.0 # Scale of the cosine term
    b = 0.5  # Frequency of the cosine term
    c = 0.01  # Scale for the cubic term
    d = 0.001   # Scale for the quartic term

    term1 = np.sum((x - shift)**2)
    term2 = a * np.cos(b * np.sum(x))
    term3 = c * np.sum(x**3)
    term4 = d * np.sum(x**4)

    return term1 + term2 + term3 + term4",0.858841423191902,"
    A synthetic benchmark function with tunable ELA characteristics.

    The function is a combination of a shifted quadratic bowl, a cosine function,
    and polynomial terms, creating a landscape with moderate linearity,
    interactions, and fitness-distance correlation.

    Formula:
    f(x) = sum((x_i - shift_i)^2) + a * cos(b * sum(x)) + c * sum(x^3) + d * sum(x^4)

    where:
    - x_i are the individual dimensions of the input vector x
    - shift_i are dimension-specific shifts to center the quadratic bowl
    - a, b, c, d are scaling factors for the cosine and polynomial components.
    ",,,,1,5,0.11192276850093787,0.2052449517846108,0.9316656529520084,0.40650993324019885,0.4204736281177811,0.43219750514469435,0.995353276151912,0.9958066569042884
"import numpy as np

def problem(x: np.ndarray) -> float:
    """"""
    A synthetic benchmark function designed to exhibit specific ELA characteristics.
    It combines a quadratic bowl with a linear term and some minor interactions to control the ELA features.

    Formula:
    f(x) = sum(x_i^2) + 0.5 * sum(x_i) + 0.1 * sum(x_i * x_{i+1} for i in range(N-1)) + 0.05 * sum(sin(x_i))
    """"""
    N = len(x)
    quadratic_term = np.sum(x**2)
    linear_term = 0.5 * np.sum(x)
    interaction_term = 0
    for i in range(N - 1):
        interaction_term += x[i] * x[i+1]
    interaction_term *= 0.1
    sinusoidal_term = 0.05 * np.sum(np.sin(x))

    return quadratic_term + linear_term + interaction_term + sinusoidal_term",1.2508449177591858,"
    A synthetic benchmark function designed to exhibit specific ELA characteristics.
    It combines a quadratic bowl with a linear term and some minor interactions to control the ELA features.

    Formula:
    f(x) = sum(x_i^2) + 0.5 * sum(x_i) + 0.1 * sum(x_i * x_{i+1} for i in range(N-1)) + 0.05 * sum(sin(x_i))
    ",,,,1,5,0.10617027985916092,0.2732015535589552,0.8950586259761177,0.29533949525817865,0.039148214042250495,0.08235301101125293,0.990973045426743,0.9999939067712944
"import numpy as np

def problem(x: np.ndarray) -> float:
    """"""
    Synthetic benchmark function designed to mimic specific ELA features.

    This function combines a quadratic bowl with a skewed exponential component to create a landscape
    with the desired characteristics of linearity, quadraticity, and skewness in its fitness values.

    Formula:
    f(x) = sum(x^2) + alpha * exp(beta * sum(x))

    where:
        - x is the input vector
        - alpha = 0.1 (scaling factor for the exponential term)
        - beta = 0.1 (controls the skewness induced by the exponential)
    """"""
    alpha = 0.1
    beta = 0.1
    quadratic_term = np.sum(x**2)
    exponential_term = alpha * np.exp(beta * np.sum(x))
    return quadratic_term + exponential_term",1.3142671930645218,"
    Synthetic benchmark function designed to mimic specific ELA features.

    This function combines a quadratic bowl with a skewed exponential component to create a landscape
    with the desired characteristics of linearity, quadraticity, and skewness in its fitness values.

    Formula:
    f(x) = sum(x^2) + alpha * exp(beta * sum(x))

    where:
        - x is the input vector
        - alpha = 0.1 (scaling factor for the exponential term)
        - beta = 0.1 (controls the skewness induced by the exponential)
    ",,,,1,5,0.103101000354516,0.25793632287232937,0.9211941626861575,0.2953830431610124,0.0033969381631134984,0.024624331710788393,0.999996025259015,0.9999997104311334
"import numpy as np

def problem(x: np.ndarray) -> float:
    """"""
    A synthetic benchmark function designed to approximate specific ELA features.
    The function is a combination of linear, quadratic, and interaction terms.

    Formula:
    f(x) = sum(a_i * x_i) + sum(b_i * x_i^2) + sum(c_ij * x_i * x_j) + d * (sum(x_i))^2

    where:
    - a, b, and c are coefficient vectors/matrices.
    - d is a scalar coefficient.
    """"""
    n = x.shape[0]
    a = np.array([0.1, 0.2, -0.15, 0.05, -0.2])  # Linear coefficients
    b = np.array([0.02, -0.01, 0.015, -0.005, 0.025])  # Quadratic coefficients
    c = np.array([[.001, -.0005, .0002, -.0001, .0003],
                  [-.0005, .002, -.0003, .0002, -.0001],
                  [.0002, -.0003, .003, -.0002, .0001],
                  [-.0001, .0002, -.0002, .004, -.0003],
                  [.0003, -.0001, .0001, -.0003, .005]]) # Interaction coefficients
    d = 0.0005 # Global Quadratic coeff

    linear_term = np.sum(a * x)
    quadratic_term = np.sum(b * (x**2))
    interaction_term = 0.0
    for i in range(n):
        for j in range(n):
            interaction_term += c[i, j] * x[i] * x[j]
    global_quadratic_term = d * (np.sum(x)**2)


    return linear_term + quadratic_term + interaction_term + global_quadratic_term",0.586706995276756,"
    A synthetic benchmark function designed to approximate specific ELA features.
    The function is a combination of linear, quadratic, and interaction terms.

    Formula:
    f(x) = sum(a_i * x_i) + sum(b_i * x_i^2) + sum(c_ij * x_i * x_j) + d * (sum(x_i))^2

    where:
    - a, b, and c are coefficient vectors/matrices.
    - d is a scalar coefficient.
    ",,,,1,5,0.10398498050455393,0.22451058069496535,0.7864197806105936,0.6293368994263785,0.90764349386775,0.9098031487963609,0.9993242008138588,1.0
"import numpy as np

def problem(x: np.ndarray) -> float:
    """"""
    Synthetic benchmark function designed to mimic target ELA features.
    It combines a shifted and scaled quadratic bowl, a biased cosine wave,
    and interaction terms to induce desired landscape characteristics.

    Formula:
    f(x) = a * sum((x_i - b_i)^2) + c * cos(d * sum(x_i)) + e * sum(x_i * x_{i+1})
    where:
        a = 0.1
        b = [0.5, -1.0, 0.2, 1.5, -0.8] (shift vector)
        c = 0.05
        d = 0.3
        e = 0.01 (interaction weight)
    """"""

    a = 0.1
    b = np.array([0.5, -1.0, 0.2, 1.5, -0.8])
    c = 0.05
    d = 0.3
    e = 0.01

    quadratic_term = a * np.sum((x - b)**2)
    cosine_term = c * np.cos(d * np.sum(x))
    interaction_term = 0.0
    for i in range(len(x) - 1):
        interaction_term += x[i] * x[i+1]
    interaction_term *= e

    return quadratic_term + cosine_term + interaction_term",0.899708205450188,"
    Synthetic benchmark function designed to mimic target ELA features.
    It combines a shifted and scaled quadratic bowl, a biased cosine wave,
    and interaction terms to induce desired landscape characteristics.

    Formula:
    f(x) = a * sum((x_i - b_i)^2) + c * cos(d * sum(x_i)) + e * sum(x_i * x_{i+1})
    where:
        a = 0.1
        b = [0.5, -1.0, 0.2, 1.5, -0.8] (shift vector)
        c = 0.05
        d = 0.3
        e = 0.01 (interaction weight)
    ",,,,1,5,0.11133901853928947,0.17812268006107604,0.9132190858043046,0.39569421430261764,0.3455743618590044,0.3736980496547096,0.9945794955966295,0.9998451439550722
"import numpy as np

def problem(x: np.ndarray) -> float:
    """"""
    A synthetic benchmark function designed to mimic certain ELA characteristics.
    It combines a quadratic bowl with linear and interaction terms, and adds a skew to the fitness landscape.

    Formula:
    f(x) = sum(x^2) + 0.5 * sum(x) + 0.2 * sum(x_i * x_j) for i < j + 0.1 * sum(x)^3
    """"""
    n = x.shape[0]
    quadratic = np.sum(x**2)
    linear = 0.5 * np.sum(x)
    interaction = 0.2 * np.sum([x[i] * x[j] for i in range(n) for j in range(i + 1, n)])
    skew = 0.1 * (np.sum(x))**3

    return quadratic + linear + interaction + skew",0.640402007058213,"
    A synthetic benchmark function designed to mimic certain ELA characteristics.
    It combines a quadratic bowl with linear and interaction terms, and adds a skew to the fitness landscape.

    Formula:
    f(x) = sum(x^2) + 0.5 * sum(x) + 0.2 * sum(x_i * x_j) for i < j + 0.1 * sum(x)^3
    ",,,,1,5,0.11381850386601858,0.4168970279934329,0.7870775887178261,0.7060781440318217,0.6630884919871501,0.6657236897145205,0.6882327470681563,0.7925018452450906
"import numpy as np

def problem(x: np.ndarray) -> float:
    """"""
    Synthetic benchmark function designed to match specific ELA features.

    The function combines a quadratic term, linear terms with interactions, and a skewed component.
    It is designed to approximate the target ELA features, including adjusted R^2 values for linear and quadratic models,
    skewness of the fitness distribution, and nearest-better connectivity features.
    The function's landscape is influenced by the interaction of all the components.

    Formula:
    f(x) = sum(x^2) + sum(x[i] * x[j] for i in range(n) for j in range(i + 1, n)) +
           0.5 * sum(x) + (x[0] - 2)**3
    where n is the dimension of x.
    """"""
    n = len(x)
    quadratic_term = np.sum(x**2)
    interaction_term = np.sum(x[i] * x[j] for i in range(n) for j in range(i + 1, n))
    linear_term = 0.5 * np.sum(x)
    skewness_term = (x[0] - 2)**3
    return quadratic_term + interaction_term + linear_term + skewness_term",0.44879463100182043,"
    Synthetic benchmark function designed to match specific ELA features.

    The function combines a quadratic term, linear terms with interactions, and a skewed component.
    It is designed to approximate the target ELA features, including adjusted R^2 values for linear and quadratic models,
    skewness of the fitness distribution, and nearest-better connectivity features.
    The function's landscape is influenced by the interaction of all the components.

    Formula:
    f(x) = sum(x^2) + sum(x[i] * x[j] for i in range(n) for j in range(i + 1, n)) +
           0.5 * sum(x) + (x[0] - 2)**3
    where n is the dimension of x.
    ",,,,1,5,0.05663427756810806,0.3432600387309767,0.588476730892863,0.6231792653251453,0.6995163563812254,0.7781644565112682,0.8729585590607721,1.0
"import numpy as np

def problem(x: np.ndarray) -> float:
    """"""
    A synthetic benchmark function designed to have specific Exploratory Landscape Analysis (ELA) features.

    The function combines quadratic and linear components with interaction terms to control landscape properties.
    Skewness is introduced via an exponential term on one of the dimensions.

    Formula:
    f(x) =  sum(a_i * x_i^2) + sum(b_i * x_i) + sum(interaction_ij * x_i * x_j) + exp(c * x[0])

    where:
    - x is the input vector.
    - a_i, b_i, c, and interaction_ij are coefficients designed to influence ELA features.
    """"""
    a = np.array([0.1, 0.2, 0.3, 0.4, 0.5])
    b = np.array([0.2, -0.1, 0.3, -0.4, 0.5])
    c = 0.1

    interaction = np.array([[0.01, 0.02, -0.01, 0.005, -0.01],
                          [0.02, -0.01, 0.03, -0.02, 0.01],
                          [-0.01, 0.03, 0.01, 0.01, -0.02],
                          [0.005, -0.02, 0.01, -0.01, 0.005],
                          [-0.01, 0.01, -0.02, 0.005, 0.02]])

    quadratic_term = np.sum(a * (x**2))
    linear_term = np.sum(b * x)

    interaction_term = 0.0
    for i in range(len(x)):
        for j in range(len(x)):
            interaction_term += interaction[i, j] * x[i] * x[j]

    skewness_term = np.exp(c * x[0])

    return quadratic_term + linear_term + interaction_term + skewness_term",1.0907405863919069,"
    A synthetic benchmark function designed to have specific Exploratory Landscape Analysis (ELA) features.

    The function combines quadratic and linear components with interaction terms to control landscape properties.
    Skewness is introduced via an exponential term on one of the dimensions.

    Formula:
    f(x) =  sum(a_i * x_i^2) + sum(b_i * x_i) + sum(interaction_ij * x_i * x_j) + exp(c * x[0])

    where:
    - x is the input vector.
    - a_i, b_i, c, and interaction_ij are coefficients designed to influence ELA features.
    ",,,,1,5,0.1122899852420963,0.17756809647529045,0.8984904233347196,0.36882140484976517,0.1504942161659838,0.183304433479358,0.9830793066356569,0.9999999989377145
"import numpy as np

def problem(x: np.ndarray) -> float:
    """"""
    Synthetic benchmark function with tunable ELA features.

    This function combines a quadratic bowl, a scaled linear term,
    and interaction terms to approximate the target ELA features.

    f(x) = sum(x_i^2) + 0.5 * sum(i * x_i) + 0.1 * sum(x_i * x_{i+1})

    where i ranges from 0 to N-1 and x_{N} = x_0 (circular interaction)
    """"""
    n = len(x)
    quadratic_term = np.sum(x**2)
    linear_term = 0.5 * np.sum(np.arange(n) * x)
    interaction_term = 0.1 * np.sum(x * np.roll(x, -1)) #Circular dependency

    return quadratic_term + linear_term + interaction_term",1.0535286027362276,"
    Synthetic benchmark function with tunable ELA features.

    This function combines a quadratic bowl, a scaled linear term,
    and interaction terms to approximate the target ELA features.

    f(x) = sum(x_i^2) + 0.5 * sum(i * x_i) + 0.1 * sum(x_i * x_{i+1})

    where i ranges from 0 to N-1 and x_{N} = x_0 (circular interaction)
    ",,,,1,5,0.11149949786604785,0.23298428608745925,0.8916936896244799,0.34760626140419876,0.19796086791749024,0.23636908756792738,0.9907863780621432,1.0
"import numpy as np

def problem(x: np.ndarray) -> float:
    """"""
    A synthetic benchmark function with a non-separable structure.

    This function combines a rotated quadratic function, an exponential term depending on the sum of the variables,
    and a fractional term.  The rotation introduces dependencies between variables.

    Formula:
    f(x) = sum((R @ x)_i^2) + 0.1 * exp(sum(x)) + 1 / (1 + sum(abs(x)))

    where R is a rotation matrix.
    """"""
    n = len(x)
    # Rotation matrix (simple rotation)
    theta = np.pi / 4
    R = np.array([[np.cos(theta), -np.sin(theta)], [np.sin(theta), np.cos(theta)]])

    rotated_x = x.copy()

    if n >= 2:
        rotated_x[:2] = R @ x[:2]
    quadratic_term = np.sum(rotated_x**2)
    exponential_term = 0.1 * np.exp(np.sum(x))
    fractional_term = 1 / (1 + np.sum(np.abs(x)))

    return quadratic_term + exponential_term + fractional_term",1.8599393925541357,"
    A synthetic benchmark function with a non-separable structure.

    This function combines a rotated quadratic function, an exponential term depending on the sum of the variables,
    and a fractional term.  The rotation introduces dependencies between variables.

    Formula:
    f(x) = sum((R @ x)_i^2) + 0.1 * exp(sum(x)) + 1 / (1 + sum(abs(x)))

    where R is a rotation matrix.
    ",,,,2,5,1.1500745625048154,-0.00016239362168536206,0.8763446539096268,1.0411840733167197,0.022341410554823096,0.08927559538800334,0.033999469840571006,0.1946227228734265
"import numpy as np

def problem(x: np.ndarray) -> float:
    """"""
    A synthetic benchmark function based on trigonometric functions and polynomial modulation.

    The function combines sine waves of varying frequencies with polynomial scaling,
    creating a complex, multimodal landscape.

    Formula:
    f(x) = sum(sin(a_i * x_i) * (b_i * x_i^3 + c_i * x_i^2 + d_i * x_i))

    where:
    - x is the input vector.
    - a_i controls the frequency of the sine wave for each dimension.
    - b_i, c_i, and d_i are coefficients of the cubic polynomial.
    """"""

    n = len(x)
    a = np.array([1.2, 0.7, 1.5, 0.9, 1.1])  # Frequencies
    b = np.array([0.01, -0.005, 0.008, -0.002, 0.006])  # Cubic coefficients
    c = np.array([-0.05, 0.03, -0.02, 0.04, -0.01]) # Quadratic coefficients
    d = np.array([0.3, -0.2, 0.1, 0.4, -0.3])  # Linear coefficients

    result = 0.0
    for i in range(n):
        result += np.sin(a[i] * x[i]) * (b[i] * x[i]**3 + c[i] * x[i]**2 + d[i] * x[i])

    return result",1.207744762072819,"
    A synthetic benchmark function based on trigonometric functions and polynomial modulation.

    The function combines sine waves of varying frequencies with polynomial scaling,
    creating a complex, multimodal landscape.

    Formula:
    f(x) = sum(sin(a_i * x_i) * (b_i * x_i^3 + c_i * x_i^2 + d_i * x_i))

    where:
    - x is the input vector.
    - a_i controls the frequency of the sine wave for each dimension.
    - b_i, c_i, and d_i are coefficients of the cubic polynomial.
    ",,,,2,5,0.07819104228363342,0.3557529168458405,0.18863799070063003,0.2490671309747815,0.07936662926548893,0.08741349382768995,0.6384418262443121,0.6999685228216579
"import numpy as np

def problem(x: np.ndarray) -> float:
    """"""
    A synthetic benchmark function combining a Rosenbrock-like term,
    a scaled linear term dependent on position, a random interaction,
    and a noise element.

    Formula:
    f(x) = sum(100.0 * (x[i+1] - x[i]**2.0)**2.0 + (1 - x[i])**2.0) +
           0.1 * sum(i * abs(x[i])) +
           0.01 * sum(x[i] * x[(i+2) % len(x)]) +
           0.005 * sum(np.sin(5*x))

    """"""
    n = len(x)
    rosenbrock = np.sum(100.0 * (x[1:] - x[:-1]**2.0)**2.0 + (1 - x[:-1])**2.0) if n > 1 else 0.0
    linear_term = 0.1 * np.sum(np.arange(n) * np.abs(x))
    interaction_term = 0.01 * np.sum(x * np.roll(x, -2))
    noise = 0.005 * np.sum(np.sin(5*x))

    return rosenbrock + linear_term + interaction_term + noise",0.9317998505982208,"
    A synthetic benchmark function combining a Rosenbrock-like term,
    a scaled linear term dependent on position, a random interaction,
    and a noise element.

    Formula:
    f(x) = sum(100.0 * (x[i+1] - x[i]**2.0)**2.0 + (1 - x[i])**2.0) +
           0.1 * sum(i * abs(x[i])) +
           0.01 * sum(x[i] * x[(i+2) % len(x)]) +
           0.005 * sum(np.sin(5*x))

    ",,,,2,5,0.13495259413402083,0.023933192549200077,0.7867197905841976,0.3940728557219557,0.2256957397073882,0.24302001514582383,0.9046730026665718,0.9402841443721359
"import numpy as np

def problem(x: np.ndarray) -> float:
    """"""
    A synthetic benchmark function designed to exhibit specific ELA characteristics.
    This function combines a weighted sum of sinusoidal functions with a polynomial term to control landscape features.

    Formula:
    f(x) = sum(a_i * sin(b_i * x_i)) + c * (sum(x))^4

    where:
    - x is the input vector.
    - a_i and b_i are coefficients for each dimension's sinusoid.
    - c is a coefficient controlling the polynomial term's influence.
    """"""
    a = np.array([1.0, 1.5, 0.8, 1.2, 0.5])
    b = np.array([0.5, 0.7, 1.1, 0.9, 0.3])
    c = 0.001

    sinusoidal_term = np.sum(a * np.sin(b * x))
    polynomial_term = c * (np.sum(x))**4

    return sinusoidal_term + polynomial_term",0.9367849314584431,"
    A synthetic benchmark function designed to exhibit specific ELA characteristics.
    This function combines a weighted sum of sinusoidal functions with a polynomial term to control landscape features.

    Formula:
    f(x) = sum(a_i * sin(b_i * x_i)) + c * (sum(x))^4

    where:
    - x is the input vector.
    - a_i and b_i are coefficients for each dimension's sinusoid.
    - c is a coefficient controlling the polynomial term's influence.
    ",,,,2,5,0.2625801360383253,0.023025544953167346,0.45913986326064915,0.7869813295783042,0.005062508022760409,0.7483917197965624,0.09787632165947084,0.8470430514963392
"import numpy as np

def problem(x: np.ndarray) -> float:
    """"""
    A synthetic benchmark function designed to approximate specific ELA features.
    This function utilizes a combination of periodic components, polynomial terms,
    and a distance-based term to create a complex landscape.

    Formula:
    f(x) = a * sum(sin(b * x_i)) + c * sum(x_i**3) + d * ||x - center||^2 + e * prod(x_i)

    where:
    - a, b, c, d, and e are scaling coefficients.
    - center is a fixed point in the search space.
    - ||.|| denotes the Euclidean norm.
    """"""
    n = len(x)
    a = 0.5  # Amplitude of the sine wave
    b = 1.0  # Frequency of the sine wave
    c = 0.02  # Scale of the cubic term
    d = 0.01  # Scale of the distance term
    e = 0.005 # Scale of the product term
    center = np.array([1.0, -0.5, 0.2, -1.0, 0.5])  # Center point for the distance calculation

    term1 = a * np.sum(np.sin(b * x))
    term2 = c * np.sum(x**3)
    term3 = d * np.linalg.norm(x - center)**2
    term4 = e * np.prod(x)

    return term1 + term2 + term3 + term4",0.5759526373561608,"
    A synthetic benchmark function designed to approximate specific ELA features.
    This function utilizes a combination of periodic components, polynomial terms,
    and a distance-based term to create a complex landscape.

    Formula:
    f(x) = a * sum(sin(b * x_i)) + c * sum(x_i**3) + d * ||x - center||^2 + e * prod(x_i)

    where:
    - a, b, c, d, and e are scaling coefficients.
    - center is a fixed point in the search space.
    - ||.|| denotes the Euclidean norm.
    ",,,,2,5,0.0978629700523633,0.33663912301786214,0.1531546139813709,0.4911858471093946,0.7295477985670318,0.7326612492700274,0.7330521356504444,0.7492041992721206
"import numpy as np

def problem(x: np.ndarray) -> float:
    """"""
    A synthetic benchmark function designed to have specific Exploratory Landscape Analysis (ELA) features.

    This function combines a Rosenbrock-like term with a skewed exponential component alongside linear factors. The interaction between the first two dimensions are emphasized, and other dimensions are given minimal impact.
    Formula:
    f(x) = sum(100.0 * (x[1:] - x[:-1]**2)**2 + (1 - x[:-1])**2) + 0.1 * exp(sum(x)) + 0.05 * sum(x) + 10 * x[0] * x[1]
    """"""

    n = x.shape[0]
    rosenbrock = np.sum(100.0 * (x[1:] - x[:-1]**2)**2 + (1 - x[:-1])**2) if n > 1 else 0.0
    skew = 0.1 * np.exp(np.sum(x))
    linear = 0.05 * np.sum(x)
    interaction = 10 * x[0] * x[1] if n > 1 else 0

    return rosenbrock + skew + linear + interaction",1.833774001420332,"
    A synthetic benchmark function designed to have specific Exploratory Landscape Analysis (ELA) features.

    This function combines a Rosenbrock-like term with a skewed exponential component alongside linear factors. The interaction between the first two dimensions are emphasized, and other dimensions are given minimal impact.
    Formula:
    f(x) = sum(100.0 * (x[1:] - x[:-1]**2)**2 + (1 - x[:-1])**2) + 0.1 * exp(sum(x)) + 0.05 * sum(x) + 10 * x[0] * x[1]
    ",,,,2,5,1.1437012716437198,0.00016157462262457058,0.8010171021480981,0.9943146038042622,0.017205057713894387,0.08318954985938924,0.037073858949587674,0.19739390475600513
"import numpy as np

def problem(x: np.ndarray) -> float:
    """"""
    Synthetic benchmark function combining a Rosenbrock-like term,
    a noise-based term, and a skew-inducing term to target ELA features.

    Formula:
    f(x) = sum(100*(x[i+1] - x[i]**2)**2 + (1-x[i])**2) +
           0.01 * sum(sin(10 * x)) +
           0.2 * sum(x**3)
    """"""
    n = len(x)
    rosenbrock_term = np.sum(100 * (x[1:] - x[:-1]**2)**2 + (1 - x[:-1])**2)
    noise_term = 0.01 * np.sum(np.sin(10 * x))
    skew_term = 0.2 * np.sum(x**3)

    return rosenbrock_term + noise_term + skew_term",0.943326648513571,"
    Synthetic benchmark function combining a Rosenbrock-like term,
    a noise-based term, and a skew-inducing term to target ELA features.

    Formula:
    f(x) = sum(100*(x[i+1] - x[i]**2)**2 + (1-x[i])**2) +
           0.01 * sum(sin(10 * x)) +
           0.2 * sum(x**3)
    ",,,,2,5,0.134938362389539,0.024002741292950703,0.8138092974846456,0.39445343791211773,0.22541092914262983,0.2427418071443854,0.9046988463845542,0.9402547750510927
"import numpy as np

def problem(x: np.ndarray) -> float:
    """"""
    A synthetic benchmark function designed to exhibit specific ELA characteristics.
    Uses a combination of cosine waves with varying frequencies and a polynomial trend.

    Formula:
    f(x) = sum(cos(k_i * x_i)) + 0.1 * sum(k_i * x_i^2) + prod(sin(x_i + offset_i))

    where k_i and offset_i are pre-defined coefficients. This creates a multimodal landscape with a general quadratic bowl shape.
    """"""
    k = np.array([1.0, 2.0, 0.5, 1.5, 0.75])  # Frequencies for cosine waves
    offset = np.array([0.1, 0.2, 0.3, 0.4, 0.5])

    cosine_term = np.sum(np.cos(k * x))
    quadratic_term = 0.1 * np.sum(k * x**2)
    product_term = np.prod(np.sin(x + offset))

    return cosine_term + quadratic_term + product_term",1.2163940818102208,"
    A synthetic benchmark function designed to exhibit specific ELA characteristics.
    Uses a combination of cosine waves with varying frequencies and a polynomial trend.

    Formula:
    f(x) = sum(cos(k_i * x_i)) + 0.1 * sum(k_i * x_i^2) + prod(sin(x_i + offset_i))

    where k_i and offset_i are pre-defined coefficients. This creates a multimodal landscape with a general quadratic bowl shape.
    ",,,,2,5,0.10052825421713436,0.2087890318849563,0.362195985754142,0.27209795937314374,0.0034315999353776495,0.014014785700669921,0.7476128037899709,0.7497388650282173
"import numpy as np

def problem(x: np.ndarray) -> float:
    """"""
    Synthetic benchmark function designed to approximate specific ELA features.

    This function consists of a product of sinusoidal waves with a quadratic component and a linear term.
    The sinusoidal waves introduce oscillations, while the quadratic term creates a bowl shape.
    The linear term adds a bias and affects the skewness.

    Formula:
    f(x) = sum(cos(2*pi*x_i)) * (0.5 * sum(x_i^2) + 0.1 * sum(x_i))
    """"""
    n = len(x)
    sinusoidal_term = np.sum(np.cos(2 * np.pi * x))
    quadratic_term = 0.5 * np.sum(x**2)
    linear_term = 0.1 * np.sum(x)
    return sinusoidal_term * (quadratic_term + linear_term)",1.8940573936152043,"
    Synthetic benchmark function designed to approximate specific ELA features.

    This function consists of a product of sinusoidal waves with a quadratic component and a linear term.
    The sinusoidal waves introduce oscillations, while the quadratic term creates a bowl shape.
    The linear term adds a bias and affects the skewness.

    Formula:
    f(x) = sum(cos(2*pi*x_i)) * (0.5 * sum(x_i^2) + 0.1 * sum(x_i))
    ",,,,2,5,0.09257348601881404,0.35944675147335226,-0.041088254037223104,-0.006688190149114675,0.0033150267414389046,0.005214669612465512,0.004855414229370683,0.0061084764442030865
"import numpy as np

def problem(x: np.ndarray) -> float:
    """"""
    A synthetic benchmark function using a combination of cosine, exponential,
    and polynomial terms to create a complex, multimodal landscape.

    Formula:
    f(x) = sum(cos(x_i) * exp(-0.1 * x_i^2)) + 0.05 * (sum(x_i))^2 + 0.01 * sum(x_i^4)
    """"""
    n = x.shape[0]

    cosine_exponential_term = np.sum(np.cos(x) * np.exp(-0.1 * x**2))
    global_quadratic_term = 0.05 * (np.sum(x))**2
    quartic_term = 0.01 * np.sum(x**4)

    return cosine_exponential_term + global_quadratic_term + quartic_term",0.9895146629023499,"
    A synthetic benchmark function using a combination of cosine, exponential,
    and polynomial terms to create a complex, multimodal landscape.

    Formula:
    f(x) = sum(cos(x_i) * exp(-0.1 * x_i^2)) + 0.05 * (sum(x_i))^2 + 0.01 * sum(x_i^4)
    ",,,,2,5,0.1366444868852953,0.09895064950719391,0.6092812094066001,0.3391984966392251,0.004465688417429666,0.30409330956186836,0.6019012954300855,0.8724847109320983
"import numpy as np

def problem(x: np.ndarray) -> float:
    """"""
    A synthetic benchmark function designed to approximate specific ELA features.
    This function combines a linear term, a multi-dimensional sine funtion with modulated frequency,
    and a global quadratic term to create a tunable landscape.

    Formula:
    f(x) = sum(a_i * x_i) + b * sin(sum(c_i * x_i^2)) + d * (sum(x_i))^2

    where:
    - a is a vector of linear coefficients.
    - b is the amplitude of the sine function.
    - c is a vector of frequency modulation coefficients.
    - d is the coefficient of the global quadratic term.
    """"""
    n = len(x)
    a = np.array([0.2, -0.1, 0.15, -0.05, 0.05]) # Linear coefficients
    b = 1.5       # Sine wave amplitude
    c = np.array([0.3, 0.2, 0.4, 0.1, 0.25]) # Sine frequency modulation coefficients
    d = 0.002     # Global quadratic coef

    linear_term = np.sum(a * x)
    sin_term = b * np.sin(np.sum(c * x**2))
    global_quadratic_term = d * (np.sum(x))**2

    return linear_term + sin_term + global_quadratic_term",1.0931732061350492,"
    A synthetic benchmark function designed to approximate specific ELA features.
    This function combines a linear term, a multi-dimensional sine funtion with modulated frequency,
    and a global quadratic term to create a tunable landscape.

    Formula:
    f(x) = sum(a_i * x_i) + b * sin(sum(c_i * x_i^2)) + d * (sum(x_i))^2

    where:
    - a is a vector of linear coefficients.
    - b is the amplitude of the sine function.
    - c is a vector of frequency modulation coefficients.
    - d is the coefficient of the global quadratic term.
    ",,,,3,5,0.09550078767306762,0.22680205072442194,0.3411561280178404,0.17270612036846955,0.3806744739770904,0.3865226067139712,0.3821752766732904,0.3848563152184196
"import numpy as np

def problem(x: np.ndarray) -> float:
    """"""
    Synthetic benchmark function combining a scaled quadratic,
    a cosine wave with interaction, and a skew term.

    Formula:
    f(x) =  a * sum((x_i - b_i)**2) + c * cos(d * sum(x_i*x_{i+1})) + e * (x[0])**3

    where:
        a = 0.2(quadratic weight)
        b = [0.1, -0.2, 0.1, -0.1, 0.2] (shift vector)
        c = 0.1  (cosine weight)
        d = 0.2 (cosine frequency)
        e = 0.3 (skewness weight)
    """"""

    n = len(x)
    a = 0.2
    b = np.array([0.1, -0.2, 0.1, -0.1, 0.2])
    c = 0.1
    d = 0.2
    e = 0.3

    quadratic_term = a * np.sum((x - b)**2)

    interaction_sum = 0.0
    for i in range(n - 1):
        interaction_sum += x[i] * x[i+1]
    cosine_term = c * np.cos(d * interaction_sum)

    skew_term = e * x[0]**3


    return quadratic_term + cosine_term + skew_term",0.42122631220512735,"
    Synthetic benchmark function combining a scaled quadratic,
    a cosine wave with interaction, and a skew term.

    Formula:
    f(x) =  a * sum((x_i - b_i)**2) + c * cos(d * sum(x_i*x_{i+1})) + e * (x[0])**3

    where:
        a = 0.2(quadratic weight)
        b = [0.1, -0.2, 0.1, -0.1, 0.2] (shift vector)
        c = 0.1  (cosine weight)
        d = 0.2 (cosine frequency)
        e = 0.3 (skewness weight)
    ",,,,3,5,0.1106651646583462,0.29331841104071804,0.5497993732716964,0.5652158797443984,0.7910766008572959,0.7941859064329085,0.8466904117257541,0.999978135100641
"import numpy as np

def problem(x: np.ndarray) -> float:
    """"""
    A synthetic benchmark function designed to exhibit specific ELA features.
    The function combines a quadratic bowl with linear terms, interaction terms modulated by sine waves,
    and an asymmetric power term to introduce skewness.

    Formula:
    f(x) = sum(x_i^2) + sum(a_i * x_i) + sum(sin(b * x_i) * x_i * x_j for i < j) + c * (x_0 - d)**2.5 + e * ||x||

    where:
    - a, b, c, d, e are scaling/shifting factors to tune the ELA features.
    - ||x|| represents the Euclidean norm.
    """"""
    n = len(x)
    a = np.array([0.1, -0.2, 0.15, -0.05, 0.2])  # Linear coefficients
    b = 0.5 # Frequency for the sine modulation
    c = 0.1  # Scale of the skewed term
    d = 1.0  # Shift for the skewed term
    e = 0.05 # Scale for the distance term

    quadratic_term = np.sum(x**2)
    linear_term = np.sum(a * x)
    interaction_term = 0.0
    for i in range(n):
        for j in range(i + 1, n):
            interaction_term += np.sin(b * x[i]) * x[i] * x[j]
    skewness_term = c * (x[0] - d)**2.5 if x[0] > d else 0.0 # Ensure real values
    distance_term = e * np.linalg.norm(x)

    return quadratic_term + linear_term + interaction_term + skewness_term + distance_term",0.4087798458686752,"
    A synthetic benchmark function designed to exhibit specific ELA features.
    The function combines a quadratic bowl with linear terms, interaction terms modulated by sine waves,
    and an asymmetric power term to introduce skewness.

    Formula:
    f(x) = sum(x_i^2) + sum(a_i * x_i) + sum(sin(b * x_i) * x_i * x_j for i < j) + c * (x_0 - d)**2.5 + e * ||x||

    where:
    - a, b, c, d, e are scaling/shifting factors to tune the ELA features.
    - ||x|| represents the Euclidean norm.
    ",,,,3,5,0.12834011065595488,0.19604735515770508,0.6336206789150933,0.5902795055483077,0.7295008000061495,0.7348518992732207,0.9081149495744555,0.9793957930857257
"import numpy as np

def problem(x: np.ndarray) -> float:
    """"""
    A synthetic benchmark function designed to exhibit specific ELA features.
    This function combines a shifted and scaled quadratic, a sum of sines with increasing frequencies and a multiplicative term. This creates a landscape with adjustable structure.

    Formula:
    f(x) = a * sum((x - shift)^2) + b * sum(sin(c * i * x)) + d * prod(abs(x))

    where:

    - a, b, c, d are scaling factors influencing the overall function.
    - shift is a vector that shifts the quadratic component.
    - i is the index of each x dimension.
    """"""
    n = len(x)
    a = 0.1  # Scale of the quadratic term
    b = 0.05  # Scale of the sine waves
    c = 0.2 # Frequency multiplier
    d = 0.001  # Scale of the multiplicative term
    shift = np.array([0.2 * i for i in range(n)])  # Shift vector for the quadratic part

    quadratic_term = a * np.sum((x - shift)**2)
    sine_term = b * np.sum(np.sin(c * np.arange(1, n + 1) * x))  # Increased frequency sines
    multiplicative_term = d * np.prod(np.abs(x))

    return quadratic_term + sine_term + multiplicative_term",1.1897058911308636,"
    A synthetic benchmark function designed to exhibit specific ELA features.
    This function combines a shifted and scaled quadratic, a sum of sines with increasing frequencies and a multiplicative term. This creates a landscape with adjustable structure.

    Formula:
    f(x) = a * sum((x - shift)^2) + b * sum(sin(c * i * x)) + d * prod(abs(x))

    where:

    - a, b, c, d are scaling factors influencing the overall function.
    - shift is a vector that shifts the quadratic component.
    - i is the index of each x dimension.
    ",,,,3,5,0.1109677663588912,0.20849675108305135,0.9242750228742606,0.3383263360115452,0.09311785674000737,0.11547969092511907,0.9954137261445996,0.9981955039517105
"import numpy as np

def problem(x: np.ndarray) -> float:
    """"""
    A synthetic benchmark function designed to approximate specific ELA features.
    The function combines an absolute value term, linear term and interaction terms
    to create the desired landscape.

    Formula:
    f(x) = sum(abs(x_i - shift_i)) + sum(a_i * x_i) + sum(c_{ij} * x_i * x_j)

    where:
    - x is the input vector.
    - shift is a vector that shifts the absolute value term
    - a is a vector of linear coefficients
    - c is a matrix for interaction coefficients.

    """"""
    n = x.shape[0]
    shift = np.array([0.2 * i for i in range(n)])
    a = np.array([0.1, -0.05, 0.02, -0.01, 0.03])
    c = np.array([[0.002, -0.0001, 0.0003, 0.0001, -0.0002],
                  [-0.0001, 0.0015, -0.0002, 0.0001, 0.0001],
                  [0.0003, -0.0002, 0.0025, -0.0001, 0.0002],
                  [0.0001, 0.0001, -0.0001, 0.0018, -0.0001],
                  [-0.0002, 0.0001, 0.0002, -0.0001, 0.0022]])

    abs_term = np.sum(np.abs(x - shift))
    linear_term = np.sum(a * x)
    interaction_term = 0.0
    for i in range(n):
        for j in range(n):
            interaction_term += c[i, j] * x[i] * x[j]

    return abs_term + linear_term + interaction_term",1.2193371277732519,"
    A synthetic benchmark function designed to approximate specific ELA features.
    The function combines an absolute value term, linear term and interaction terms
    to create the desired landscape.

    Formula:
    f(x) = sum(abs(x_i - shift_i)) + sum(a_i * x_i) + sum(c_{ij} * x_i * x_j)

    where:
    - x is the input vector.
    - shift is a vector that shifts the absolute value term
    - a is a vector of linear coefficients
    - c is a matrix for interaction coefficients.

    ",,,,3,5,0.0960619613057476,0.30613536524123086,0.8770773564328972,0.3028862028787169,0.07271037270139905,0.09094361674594825,0.9363887259863398,0.9480123632747418
"import numpy as np

def problem(x: np.ndarray) -> float:
    """"""
    A synthetic benchmark function combining a quadratic bowl with a product of sigmoid functions.

    This function has a general bowl shape from the quadratic term, modulated by ""steps"" or plateau regions
    created by the sigmoid product.  The sigmoid terms introduce non-linearity and variable interactions.

    Formula:
    f(x) = a * sum(x^2) + b * product(sigmoid(c * x_i + d))

    where:
    - x is the input vector.
    - sigmoid(z) = 1 / (1 + exp(-z))
    - a, b, c, and d are coefficients that control the shape of the landscape.
    """"""
    a = 0.1  # Scaling factor for the quadratic term
    b = 1.0  # Scaling factor for the sigmoid product
    c = 0.5  # Steepness of the sigmoid
    d = 0.0  # Shift of the sigmoid

    quadratic_term = a * np.sum(x**2)
    sigmoid = 1 / (1 + np.exp(-(c * x + d)))
    sigmoid_product = np.prod(sigmoid)

    return quadratic_term + b * sigmoid_product",1.3125601362624042,"
    A synthetic benchmark function combining a quadratic bowl with a product of sigmoid functions.

    This function has a general bowl shape from the quadratic term, modulated by ""steps"" or plateau regions
    created by the sigmoid product.  The sigmoid terms introduce non-linearity and variable interactions.

    Formula:
    f(x) = a * sum(x^2) + b * product(sigmoid(c * x_i + d))

    where:
    - x is the input vector.
    - sigmoid(z) = 1 / (1 + exp(-z))
    - a, b, c, and d are coefficients that control the shape of the landscape.
    ",,,,3,5,0.10319977769096275,0.2594330754247269,0.9206102119352267,0.2956877951836297,0.004130912374289434,0.02648309700164692,0.9995016406196247,0.9998525278024941
"import numpy as np

def problem(x: np.ndarray) -> float:
    """"""
    A synthetic benchmark function combining polynomial, interaction, and periodic terms
    with a twist: the interaction term is modulated by a sinusoidal function of the sum of x.

    Formula:
    f(x) = a * sum(x_i^4) + b * (sum(x_i))^2 + c * sin(d * sum(x)) * sum(x_i * x_{i+1 mod N}) + e * sum(cos(f * x_i))
    """"""
    n = x.shape[0]
    a = 0.01
    b = 0.005
    c = 0.1
    d = 0.5
    e = 0.05
    f = 2.0

    quartic_term = a * np.sum(x**4)
    global_quadratic_term = b * (np.sum(x))**2
    interaction_term = c * np.sin(d * np.sum(x)) * np.sum(x * np.roll(x, -1))
    periodic_term = e * np.sum(np.cos(f * x))

    return quartic_term + global_quadratic_term + interaction_term + periodic_term",1.2426462612733504,"
    A synthetic benchmark function combining polynomial, interaction, and periodic terms
    with a twist: the interaction term is modulated by a sinusoidal function of the sum of x.

    Formula:
    f(x) = a * sum(x_i^4) + b * (sum(x_i))^2 + c * sin(d * sum(x)) * sum(x_i * x_{i+1 mod N}) + e * sum(cos(f * x_i))
    ",,,,3,5,0.11919199881041123,0.1147471018956037,0.7933066638379583,0.2624882021247931,0.0034071524373620616,0.0310504315179708,0.8248287782153038,0.8404642067231717
"import numpy as np

def problem(x: np.ndarray) -> float:
    """"""
    A synthetic benchmark function designed to approximate specific ELA features.
    This function combines a sum of polynomial terms,
    linear terms with pairwise interactions and an exponential term.

    Formula:
    f(x) = sum(a_i * x_i^3 + b_i * x_i^2 + c_i * x_i) + sum(d_ij * x_i * x_j) +
           e * exp(-0.5 * ||x - centroid||^2)

    where:
    - a, b, c, and d are coefficient vectors/matrices.
    - e is a scalar coefficient,
    - centroid is a fixed point in the search space.
    """"""
    n = len(x)
    a = np.array([0.01, -0.02, 0.015, -0.008, 0.022])  # Cubic coefficients
    b = np.array([0.02, -0.01, 0.015, -0.005, 0.025])  # Quadratic coefficients
    c = np.array([0.1, 0.2, -0.15, 0.05, -0.2])  # Linear coefficients
    d = np.array([[.001, -.0005, .0002, -.0001, .0003],
                  [-.0005, .002, -.0003, .0002, -.0001],
                  [.0002, -.0003, .003, -.0002, .0001],
                  [-.0001, .0002, -.0002, .004, -.0003],
                  [.0003, -.0001, .0001, -.0003, .005]]) # Interaction coefficients
    e = 1.5 # Exponential coefficient
    centroid = np.array([0.5, -0.2, 0.1, -0.3, 0.4]) # Centroid for Gaussian term.

    polynomial_term = np.sum(a * (x**3) + b * (x**2) + c * x)
    interaction_term = 0.0
    for i in range(n):
        for j in range(n):
            interaction_term += d[i, j] * x[i] * x[j]
    exponential_term = e * np.exp(-0.5 * np.linalg.norm(x - centroid)**2)

    return polynomial_term + interaction_term + exponential_term",0.5168652886405556,"
    A synthetic benchmark function designed to approximate specific ELA features.
    This function combines a sum of polynomial terms,
    linear terms with pairwise interactions and an exponential term.

    Formula:
    f(x) = sum(a_i * x_i^3 + b_i * x_i^2 + c_i * x_i) + sum(d_ij * x_i * x_j) +
           e * exp(-0.5 * ||x - centroid||^2)

    where:
    - a, b, c, and d are coefficient vectors/matrices.
    - e is a scalar coefficient,
    - centroid is a fixed point in the search space.
    ",,,,3,5,0.10986122125664993,0.2413140450103158,0.32986884481086176,0.3812092893094097,0.6155027454927706,0.6172708128764851,0.68041008497184,0.9996687943962119
"import numpy as np

def problem(x: np.ndarray) -> float:
    """"""
    A synthetic benchmark function combining Radial Basis Functions and a polynomial term.

    This function creates a landscape with local optima controlled by RBFs,
    modulated by a global polynomial trend.

    Formula:
    f(x) = sum(a_i * exp(-||x - c_i||^2 / (2 * sigma_i^2))) + b * (sum(x))^3

    where:
    - x is the input vector.
    - a_i are the RBF amplitudes.
    - c_i are the RBF centers.
    - sigma_i are the RBF widths.
    - b is the coefficient for the polynomial term.
    """"""
    n = len(x)
    a = np.array([1.0, 0.8, 1.2, 0.5, 0.9])  # RBF amplitudes
    centers = np.array([[0.5, -0.5, 1.0, -1.0, 0.0],
                       [-1.5, 0.2, 0.8, -0.2, 1.2],
                       [0.1, -1.2, -0.5, 1.5, -0.8],
                       [1.2, 0.9, -1.1, 0.3, -0.5],
                       [-0.8, 1.1, 0.3, -0.5, 1.0]]) # RBF centers
    sigma = np.array([0.5, 0.7, 0.9, 0.3, 0.6])  # RBF widths
    b = 0.005  # Polynomial coefficient

    rbf_term = 0.0
    for i in range(len(a)):
        rbf_term += a[i] * np.exp(-np.sum((x - centers[i])**2) / (2 * sigma[i]**2))

    polynomial_term = b * (np.sum(x))**3

    return rbf_term + polynomial_term",0.6283623489691177,"
    A synthetic benchmark function combining Radial Basis Functions and a polynomial term.

    This function creates a landscape with local optima controlled by RBFs,
    modulated by a global polynomial trend.

    Formula:
    f(x) = sum(a_i * exp(-||x - c_i||^2 / (2 * sigma_i^2))) + b * (sum(x))^3

    where:
    - x is the input vector.
    - a_i are the RBF amplitudes.
    - c_i are the RBF centers.
    - sigma_i are the RBF widths.
    - b is the coefficient for the polynomial term.
    ",,,,3,5,0.07753422632815792,0.47034168388603886,0.6648532091377521,0.7036251321936015,0.6610125015233408,0.6643496300944569,0.66199823370951,0.7765581063605766
"import numpy as np

def problem(x: np.ndarray) -> float:
    """"""
    A synthetic benchmark function combining rotated quadratic, exponential interactions, and skewed components for ELA target matching.

    Formula:
    f(x) = sum(((R @ x)_i * a_i)^2) + b * prod(exp(-c_i * x_i)) + d * (x[1] - 1)**3

    where:
    - R is a rotation matrix.
    - `a` is a scaling vector.
    - b is a global scaling factor for the interaction product exp(-c_i*x_i).
    - c is a scaling vector controlling exponential falloff.
    - d controls the skewness magnitude related to x[1].
    """"""
    n = len(x)

    # Rotation matrix (example: random rotation)
    R = np.eye(n)  # Identity matrix. Can experiment with random rotation if needed for better ELA.
    scaling_vector = np.array([1.0, 1.2, 0.8, 1.5, 0.6]) # Scale after rotation
    rotated_x = R @ x
    rotated_quadratic = np.sum((rotated_x * scaling_vector)**2)


    # Interaction term based on exponential decay.

    b_scale = 0.1
    c_exp_falloff = np.array([0.1, 0.2, 0.05, 0.15, 0.08])
    exponential_interaction = b_scale * np.prod(np.exp(-c_exp_falloff * x))

    # Skewness term using the second dimension.
    skewness_factor = 0.05
    skewness_term = skewness_factor * (x[1] - 1)**3

    return rotated_quadratic + exponential_interaction + skewness_term",1.2768782371111516,"
    A synthetic benchmark function combining rotated quadratic, exponential interactions, and skewed components for ELA target matching.

    Formula:
    f(x) = sum(((R @ x)_i * a_i)^2) + b * prod(exp(-c_i * x_i)) + d * (x[1] - 1)**3

    where:
    - R is a rotation matrix.
    - `a` is a scaling vector.
    - b is a global scaling factor for the interaction product exp(-c_i*x_i).
    - c is a scaling vector controlling exponential falloff.
    - d controls the skewness magnitude related to x[1].
    ",,,,3,5,0.10994534733608193,0.2268209338650217,0.8840274749569821,0.31922493443777633,0.011848949107590087,0.031931468164300446,0.9980719134469636,0.9999994684610356
"import numpy as np

def problem(x: np.ndarray) -> float:
    """"""
    A synthetic benchmark function designed to exhibit specific ELA features.
    The function combines a weighted sum of squares, a deceptive term involving product of variables,
    sinusoidal modulation, and a softplus function to influence skewness.

    Formula:
    f(x) = sum(w_i * x_i^2) + c * prod(sin(b * x_i) + offset) + d * sum(softplus(x_i - shift)) + e * ||x||

    where:
    - w, b, offset, c, d, shift, e are parameters to tune the ELA features.
    - softplus(z) = log(1 + exp(z)) is a smooth approximation of relu.
    - ||x|| represents the Euclidean norm.
    """"""
    n = len(x)
    w = np.array([1.1, 0.9, 1.2, 0.8, 1.0]) # Weights for quadratic terms
    b = 0.7 # Frequency of sine wave
    offset = 1.1 # Offset to ensure positivity of sine product
    c = 0.05 # Scale of the sine product
    d = 0.15 # Scale of the softplus term
    shift = 0.5 # Shift for the softplus term
    e = 0.03 # Scale for the distance term

    weighted_quadratic_term = np.sum(w * x**2)
    sine_product_term = c * np.prod(np.sin(b * x) + offset)
    softplus_term = d * np.sum(np.log(1 + np.exp(x - shift)))
    distance_term = e * np.linalg.norm(x)

    return weighted_quadratic_term + sine_product_term + softplus_term + distance_term",1.317536967022033,"
    A synthetic benchmark function designed to exhibit specific ELA features.
    The function combines a weighted sum of squares, a deceptive term involving product of variables,
    sinusoidal modulation, and a softplus function to influence skewness.

    Formula:
    f(x) = sum(w_i * x_i^2) + c * prod(sin(b * x_i) + offset) + d * sum(softplus(x_i - shift)) + e * ||x||

    where:
    - w, b, offset, c, d, shift, e are parameters to tune the ELA features.
    - softplus(z) = log(1 + exp(z)) is a smooth approximation of relu.
    - ||x|| represents the Euclidean norm.
    ",,,,4,5,0.10296556630563714,0.2579087968732279,0.9248182643304681,0.28815622244869393,0.004284837557006284,0.024863778836378414,0.9999266341382488,0.9999501255806172
"import numpy as np

def problem(x: np.ndarray) -> float:
    """"""
    A synthetic benchmark function designed to exhibit specific ELA features.
    This function combines a weighted sum of squares with a modulated cosine term,
    a scaled absolute difference term, and a product term. It aims to control
    linearity, interaction strength, and skewness in the landscape.

    Formula:
    f(x) = sum(w_i * x_i^2) + a * cos(b * sum(x_i)) + c * sum(abs(x_i - d)) + e * prod(sin(x_i) + 2)

    where:
    - w_i are weights for each dimension's quadratic term.
    - a, b, c, d, e are scaling/shifting factors to tune ELA features.
    - cos is the cosine function.
    - abs is the absolute value function.
    - prod is the product of the given expression over all dimensions.
    """"""
    n = len(x)
    w = np.array([1.0, 1.2, 0.8, 1.1, 0.9])  # Weights for quadratic terms
    a = 0.5  # Amplitude of cosine modulation
    b = 0.2  # Frequency of cosine modulation
    c = 0.1  # Scale of absolute difference term
    d = 0.5  # Shift for absolute difference term
    e = 0.05 # Scaling factor for product term

    weighted_quadratic_term = np.sum(w * x**2)
    cosine_term = a * np.cos(b * np.sum(x))
    abs_diff_term = c * np.sum(np.abs(x - d))
    product_term = e * np.prod(np.sin(x) + 2)

    return weighted_quadratic_term + cosine_term + abs_diff_term + product_term",1.3135327595445663,"
    A synthetic benchmark function designed to exhibit specific ELA features.
    This function combines a weighted sum of squares with a modulated cosine term,
    a scaled absolute difference term, and a product term. It aims to control
    linearity, interaction strength, and skewness in the landscape.

    Formula:
    f(x) = sum(w_i * x_i^2) + a * cos(b * sum(x_i)) + c * sum(abs(x_i - d)) + e * prod(sin(x_i) + 2)

    where:
    - w_i are weights for each dimension's quadratic term.
    - a, b, c, d, e are scaling/shifting factors to tune ELA features.
    - cos is the cosine function.
    - abs is the absolute value function.
    - prod is the product of the given expression over all dimensions.
    ",,,,4,5,0.10345582474990478,0.26283093000879837,0.9089759115916062,0.2801761222025839,0.0038025134658972457,0.025265417852034584,0.9918498548954177,0.996350019587968
"import numpy as np

def problem(x: np.ndarray) -> float:
    """"""
    A synthetic benchmark function designed to approximate specific ELA features.
    This function combines a sum of sinusoidal terms,
    quadratic terms, and a product of scaled sigmoids.

    Formula:
    f(x) = sum(a_i * sin(b_i * x_i)) + sum(c_i * x_i^2) + prod(sigmoid(d_i * x_i - e_i))

    where:
    - a, b, c, d are coefficient vectors.
    - e is a shift vector for the sigmoid functions.
    - sigmoid(z) = 1 / (1 + exp(-z))
    """"""
    n = len(x)
    a = np.array([0.5, -0.4, 0.3, -0.2, 0.1])
    b = np.array([0.2, 0.3, -0.1, 0.4, -0.5])
    c = np.array([0.03, -0.02, 0.02, -0.01, 0.04])
    d = np.array([1.1, -0.9, 0.7, -0.5, 0.3])
    e = np.array([0.8, -0.6, 0.4, -0.2, 0.1])

    sinusoidal_term = np.sum(a * np.sin(b * x))
    quadratic_term = np.sum(c * (x**2))
    sigmoid_term = np.prod(1 / (1 + np.exp(-(d * x - e))))

    return sinusoidal_term + quadratic_term + sigmoid_term",0.6601251397722561,"
    A synthetic benchmark function designed to approximate specific ELA features.
    This function combines a sum of sinusoidal terms,
    quadratic terms, and a product of scaled sigmoids.

    Formula:
    f(x) = sum(a_i * sin(b_i * x_i)) + sum(c_i * x_i^2) + prod(sigmoid(d_i * x_i - e_i))

    where:
    - a, b, c, d are coefficient vectors.
    - e is a shift vector for the sigmoid functions.
    - sigmoid(z) = 1 / (1 + exp(-z))
    ",,,,4,5,0.10047684280828234,0.30104421794338365,0.6164999991524253,0.4631397497694437,0.4912203891442468,0.49884935504666,0.9864310865790401,0.9982083679742478
"import numpy as np

def problem(x: np.ndarray) -> float:
    """"""
    Synthetic benchmark function designed to match specific ELA features.

    This function combines a shifted quadratic bowl, linear terms with stronger interactions, a skewed component,
    and a term that introduces some ruggedness.  It is designed to approximate the target ELA features.

    Formula:
    f(x) = sum((x - 1)^2) + 2 * sum(x[i] * x[j] for i in range(n) for j in range(i + 1, n)) +
           0.25 * sum(x) + (x[0] + 1)**3 + 0.1 * sum(np.sin(5 * x))
    where n is the dimension of x.
    """"""
    n = len(x)
    shifted_quadratic_term = np.sum((x - 1)**2)
    interaction_term = 2 * np.sum(x[i] * x[j] for i in range(n) for j in range(i + 1, n))
    linear_term = 0.25 * np.sum(x)
    skewness_term = (x[0] + 1)**3
    ruggedness_term = 0.1 * np.sum(np.sin(5 * x))
    return shifted_quadratic_term + interaction_term + linear_term + skewness_term + ruggedness_term",0.4808579919145518,"
    Synthetic benchmark function designed to match specific ELA features.

    This function combines a shifted quadratic bowl, linear terms with stronger interactions, a skewed component,
    and a term that introduces some ruggedness.  It is designed to approximate the target ELA features.

    Formula:
    f(x) = sum((x - 1)^2) + 2 * sum(x[i] * x[j] for i in range(n) for j in range(i + 1, n)) +
           0.25 * sum(x) + (x[0] + 1)**3 + 0.1 * sum(np.sin(5 * x))
    where n is the dimension of x.
    ",,,,4,5,0.1462863839811842,0.1412282110794164,0.6012466291151719,0.6061880568792151,0.3287699822732381,0.791796690702545,0.5134416284918123,0.9999963248239824
"import numpy as np

def problem(x: np.ndarray) -> float:
    """"""
    A synthetic benchmark function designed to exhibit specific ELA features.
    The function combines a quadratic bowl with linear terms, modulated interaction terms,
    a shifted exponential term for skewness, and a scaled L1 norm.

    Formula:
    f(x) = sum(x_i^2) + sum(a_i * x_i) + sum(cos(b * x_i) * x_i * x_j for i < j) + c * exp(d * (x_0 - e)) + f * ||x||_1

    where:
    - a, b, c, d, e, f are scaling/shifting factors to tune the ELA features.
    - ||x||_1 represents the L1 norm.
    """"""
    n = len(x)
    a = np.array([0.1, -0.2, 0.15, -0.05, 0.2])  # Linear coefficients
    b = 0.5 # Frequency for the modulation
    c = 0.1  # Scale of the skewed term
    d = 0.3  # Rate for the exponential
    e = 1.0  # Shift for the exponential term
    f = 0.05 # Scale for the L1 distance term

    quadratic_term = np.sum(x**2)
    linear_term = np.sum(a * x)
    interaction_term = 0.0
    for i in range(n):
        for j in range(i + 1, n):
            interaction_term += np.cos(b * x[i]) * x[i] * x[j]
    skewness_term = c * np.exp(d * (x[0] - e))
    distance_term = f * np.sum(np.abs(x))

    return quadratic_term + linear_term + interaction_term + skewness_term + distance_term",1.1378146921705148,"
    A synthetic benchmark function designed to exhibit specific ELA features.
    The function combines a quadratic bowl with linear terms, modulated interaction terms,
    a shifted exponential term for skewness, and a scaled L1 norm.

    Formula:
    f(x) = sum(x_i^2) + sum(a_i * x_i) + sum(cos(b * x_i) * x_i * x_j for i < j) + c * exp(d * (x_0 - e)) + f * ||x||_1

    where:
    - a, b, c, d, e, f are scaling/shifting factors to tune the ELA features.
    - ||x||_1 represents the L1 norm.
    ",,,,4,5,0.1214135700097148,0.16882448012718249,0.5155564085922705,0.3081385369795988,0.008138637899908404,0.11909024710055377,0.6102672597623171,0.7246448047869284
"import numpy as np

def problem(x: np.ndarray) -> float:
    """"""
    A synthetic benchmark function with tunable ELA characteristics.
    Combines linear, quadratic, and interaction terms with a radial basis function component.

    Formula:
    f(x) = sum(a_i * x_i) + sum(b_i * x_i^2) + sum(c_ij * x_i * x_j) + d * (sum(x_i))^2 + k * exp(-||x - center||^2 / (2 * sigma^2))

    where:
    - a, b, and c are coefficient vectors/matrices.
    - d is a scalar coefficient.
    - k is the amplitude of the Gaussian peak.
    - center is the center of the Gaussian peak.
    - sigma is the standard deviation of the Gaussian peak.
    """"""
    n = x.shape[0]
    a = np.array([0.1, 0.2, -0.15, 0.05, -0.2])  # Linear coefficients
    b = np.array([0.02, -0.01, 0.015, -0.005, 0.025])  # Quadratic coefficients
    c = np.array([[.001, -.0005, .0002, -.0001, .0003],
                  [-.0005, .002, -.0003, .0002, -.0001],
                  [.0002, -.0003, .003, -.0002, .0001],
                  [-.0001, .0002, -.0002, .004, -.0003],
                  [.0003, -.0001, .0001, -.0003, .005]]) # Interaction coefficients
    d = 0.0005 # Global Quadratic coeff
    k = -0.2  # Amplitude of the RBF
    center = np.array([1.0, -0.5, 0.2, -0.1, 0.3])  # Center of the RBF
    sigma = 2.0  # Standard deviation of the RBF

    linear_term = np.sum(a * x)
    quadratic_term = np.sum(b * (x**2))
    interaction_term = 0.0
    for i in range(n):
        for j in range(n):
            interaction_term += c[i, j] * x[i] * x[j]
    global_quadratic_term = d * (np.sum(x)**2)

    rbf_term = k * np.exp(-np.sum((x - center)**2) / (2 * sigma**2))
    return linear_term + quadratic_term + interaction_term + global_quadratic_term + rbf_term",0.5839410002190901,"
    A synthetic benchmark function with tunable ELA characteristics.
    Combines linear, quadratic, and interaction terms with a radial basis function component.

    Formula:
    f(x) = sum(a_i * x_i) + sum(b_i * x_i^2) + sum(c_ij * x_i * x_j) + d * (sum(x_i))^2 + k * exp(-||x - center||^2 / (2 * sigma^2))

    where:
    - a, b, and c are coefficient vectors/matrices.
    - d is a scalar coefficient.
    - k is the amplitude of the Gaussian peak.
    - center is the center of the Gaussian peak.
    - sigma is the standard deviation of the Gaussian peak.
    ",,,,4,5,0.10420987960090791,0.2235374108670296,0.7849754576785801,0.6291362798496931,0.9047927281561295,0.9069475888021186,0.9992182319356551,0.9999350266836525
"import numpy as np

def problem(x: np.ndarray) -> float:
    """"""
    A synthetic benchmark function designed to approximate specific ELA features.
    This function combines a weighted sum of sinusoidal components, a linear component,
    and a global quadratic bowl.

    Formula:
    f(x) = sum(w_i * sin(k_i * x_i)) + sum(c_i * x_i) + 0.5 * ||x - offset||^2

    where:
    - w are weights for sinusoidal components.
    - k controls the frequency of each sinusoidal component,
    - c are coefficients for the linear part,
    - offset is a shift vector.
    """"""
    n = len(x)
    w = np.array([0.5, -0.4, 0.3, -0.2, 0.1])  # Weights for sinusoidal components
    k = np.array([1.2, 0.8, 1.5, 0.9, 1.1])  # Frequencies for sinusoidal components
    c = np.array([0.1, 0.2, -0.15, 0.05, -0.2])  # Coefficients for the linear part
    offset = np.array([1, -0.5, 0.2, -0.1, 0.3]) # Offset vector for the quadratic bowl

    sinusoidal_term = np.sum(w * np.sin(k * x))
    linear_term = np.sum(c * x)
    quadratic_term = 0.5 * np.sum((x - offset)**2)

    return sinusoidal_term + linear_term + quadratic_term",1.1016936795064363,"
    A synthetic benchmark function designed to approximate specific ELA features.
    This function combines a weighted sum of sinusoidal components, a linear component,
    and a global quadratic bowl.

    Formula:
    f(x) = sum(w_i * sin(k_i * x_i)) + sum(c_i * x_i) + 0.5 * ||x - offset||^2

    where:
    - w are weights for sinusoidal components.
    - k controls the frequency of each sinusoidal component,
    - c are coefficients for the linear part,
    - offset is a shift vector.
    ",,,,4,5,0.10808070941633602,0.22052748429793748,0.9060927937837935,0.3424467250335038,0.17182809486763845,0.1885604324883824,0.9971500169297215,0.9985382694595061
"import numpy as np

def problem(x: np.ndarray) -> float:
    """"""
    A synthetic benchmark function designed to exhibit specific ELA features.
    The function combines a modified quadratic bowl with linear terms, interaction terms modulated by cosine waves,
    a logistic function for introducing skewness, and a regularization term.

    Formula:
    f(x) = sum(x_i^2) + sum(a_i * x_i) + sum(cos(b * x_i) * x_i * x_j for i < j) +  c / (1 + exp(-k * (x[0] - d))) + e * sum(abs(x_i))

    where:
    - a, b, c, d, k, e are scaling/shifting factors to tune the ELA features.
    - The logistic function acts as an asymmetric term.
    - sum(abs(x_i)) represents the L1 norm which helps to shape the search space.
    """"""
    n = len(x)
    a = np.array([0.05, -0.1, 0.075, -0.025, 0.1])  # Linear coefficients, reduced magnitude
    b = 0.7 # Frequency for the cosine modulation
    c = 0.2  # Scale of the skewed term
    d = 0.5  # Shift for the skewed term
    k = 2.0  # steepness of the logistic function
    e = 0.02 # Scale for the regularization term, reduced magnitude.

    quadratic_term = np.sum(x**2)
    linear_term = np.sum(a * x)
    interaction_term = 0.0
    for i in range(n):
        for j in range(i + 1, n):
            interaction_term += np.cos(b * x[i]) * x[i] * x[j]
    skewness_term = c / (1 + np.exp(-k * (x[0] - d)))
    regularization_term = e * np.sum(np.abs(x))

    return quadratic_term + linear_term + interaction_term + skewness_term + regularization_term",1.0003033615095,"
    A synthetic benchmark function designed to exhibit specific ELA features.
    The function combines a modified quadratic bowl with linear terms, interaction terms modulated by cosine waves,
    a logistic function for introducing skewness, and a regularization term.

    Formula:
    f(x) = sum(x_i^2) + sum(a_i * x_i) + sum(cos(b * x_i) * x_i * x_j for i < j) +  c / (1 + exp(-k * (x[0] - d))) + e * sum(abs(x_i))

    where:
    - a, b, c, d, k, e are scaling/shifting factors to tune the ELA features.
    - The logistic function acts as an asymmetric term.
    - sum(abs(x_i)) represents the L1 norm which helps to shape the search space.
    ",,,,4,5,0.10943498673452633,0.32362153865784204,0.32361258725004227,0.35295095725641507,0.005467056758047093,0.4602766743767823,0.37292198383029623,0.8387395869927714
"import numpy as np

def problem(x: np.ndarray) -> float:
    """"""
    A synthetic benchmark function with tunable ELA characteristics.

    The function combines a shifted Rastrigin-like function, a linear term,
    and a product of sine waves, creating a landscape with moderate
    linearity, interactions, and fitness-distance correlation.

    Formula:
    f(x) = sum((x_i - shift_i)^2 + A * cos(2 * pi * (x_i - shift_i))) +
           B * sum(x) + C * prod(sin(x))

    where:
    - x_i are the individual dimensions of the input vector x
    - shift_i are dimension-specific shifts
    - A controls the ruggedness of the Rastrigin-like component
    - B scales the linear term
    - C scales the product of sine waves
    """"""
    n = len(x)
    shift = np.array([0.2 * i for i in range(n)])
    A = 5.0
    B = 0.1
    C = 0.5

    term1 = np.sum((x - shift)**2 + A * np.cos(2 * np.pi * (x - shift)))
    term2 = B * np.sum(x)
    term3 = C * np.prod(np.sin(x))

    return term1 + term2 + term3",1.169727860003788,"
    A synthetic benchmark function with tunable ELA characteristics.

    The function combines a shifted Rastrigin-like function, a linear term,
    and a product of sine waves, creating a landscape with moderate
    linearity, interactions, and fitness-distance correlation.

    Formula:
    f(x) = sum((x_i - shift_i)^2 + A * cos(2 * pi * (x_i - shift_i))) +
           B * sum(x) + C * prod(sin(x))

    where:
    - x_i are the individual dimensions of the input vector x
    - shift_i are dimension-specific shifts
    - A controls the ruggedness of the Rastrigin-like component
    - B scales the linear term
    - C scales the product of sine waves
    ",,,,4,5,0.1028068986139645,0.22977312810427758,0.7217424988314164,0.24290813136848136,0.07749391985613885,0.09110023808312917,0.8388332088882966,0.8415920886725101
"import numpy as np

def problem(x: np.ndarray) -> float:
    """"""
    A synthetic benchmark function approximating target ELA features.
    Combines a Weierstrass-like function with a linearly transformed
    sum of absolute values and a Gaussian component.

    Formula:
    f(x) = sum(a^n * cos(b^n * pi * x)) + c * sum(abs(x_i - shift_i)) + d * exp(-0.5 * ||x - centroid||^2)

    where:
    - a, b, c, d are coefficients.
    - n ranges from 0 to N (Weierstrass terms).
    - shift is a vector for shifting absolute value terms.
    - centroid is the center of the Gaussian component.
    """"""
    n = len(x)
    a = 0.5
    b = 3
    c = 0.05  # Coefficient for the absolute value term
    d = 0.75 # Coefficient for the Gaussian term.
    shift = np.array([0.1, -0.2, 0.3, -0.4, 0.5]) # Shift for the absolute value
    centroid = np.array([-0.5, 0.2, -0.1, 0.3, -0.4]) # Center of the Gaussian

    weierstrass_term = np.sum([a**i * np.cos(b**i * np.pi * x) for i in range(15)]) # Sum of first 15 terms
    abs_term = c * np.sum(np.abs(x - shift))
    gaussian_term = d * np.exp(-0.5 * np.linalg.norm(x - centroid)**2)

    return weierstrass_term + abs_term + gaussian_term",1.8198127409877731,"
    A synthetic benchmark function approximating target ELA features.
    Combines a Weierstrass-like function with a linearly transformed
    sum of absolute values and a Gaussian component.

    Formula:
    f(x) = sum(a^n * cos(b^n * pi * x)) + c * sum(abs(x_i - shift_i)) + d * exp(-0.5 * ||x - centroid||^2)

    where:
    - a, b, c, d are coefficients.
    - n ranges from 0 to N (Weierstrass terms).
    - shift is a vector for shifting absolute value terms.
    - centroid is the center of the Gaussian component.
    ",,,,4,5,0.09853603459710875,0.29566816959047015,0.12435645203833656,0.004549913227641267,0.010099944489893289,0.01273829631286666,0.01679847327975019,0.035209375068043974
"import numpy as np

def problem(x: np.ndarray) -> float:
    """"""
    Synthetic benchmark function designed to match specific ELA features.

    The function combines a quadratic term, linear terms with interactions, and a skewed component.
    It is designed to approximate the target ELA features, including adjusted R^2 values for linear and quadratic models,
    skewness of the fitness distribution, and nearest-better connectivity features.
    The function's landscape is influenced by the interaction of all the components.

    Formula:
    f(x) = 0.1*sum(x^2) + 0.2*sum(x[i] * x[j] for i in range(n) for j in range(i + 1, n)) +
           0.05 * sum(x) + 0.01*(x[0] - 2)**3
    where n is the dimension of x.
    """"""
    n = len(x)
    quadratic_term = 0.1 * np.sum(x**2)
    interaction_term = 0.2 * np.sum(x[i] * x[j] for i in range(n) for j in range(i + 1, n))
    linear_term = 0.05 * np.sum(x)
    skewness_term = 0.01 * (x[0] - 2)**3
    return quadratic_term + interaction_term + linear_term + skewness_term",0.9054977411237484,"
    Synthetic benchmark function designed to match specific ELA features.

    The function combines a quadratic term, linear terms with interactions, and a skewed component.
    It is designed to approximate the target ELA features, including adjusted R^2 values for linear and quadratic models,
    skewness of the fitness distribution, and nearest-better connectivity features.
    The function's landscape is influenced by the interaction of all the components.

    Formula:
    f(x) = 0.1*sum(x^2) + 0.2*sum(x[i] * x[j] for i in range(n) for j in range(i + 1, n)) +
           0.05 * sum(x) + 0.01*(x[0] - 2)**3
    where n is the dimension of x.
    ",,,,5,5,0.1717875666616493,0.09197601134264097,0.5181293970976345,0.6846339130260682,0.023025050871617075,0.9296719651557829,0.10033838196431998,1.0
"import numpy as np

def problem(x: np.ndarray) -> float:
    """"""
    A synthetic benchmark function designed to exhibit specific ELA features.
    The function combines a quadratic bowl with linear terms, interaction terms modulated by sine waves,
    and an asymmetric power term to introduce skewness.

    Formula:
    f(x) = sum(x_i^2) + sum(a_i * x_i) + sum(sin(b * x_i) * x_i * x_j for i < j) + c * (x_0 - d)**2.5 + e * ||x||

    where:
    - a, b, c, d, e are scaling/shifting factors to tune the ELA features.
    - ||x|| represents the Euclidean norm.
    """"""
    n = len(x)
    a = np.array([0.05, -0.1, 0.075, -0.025, 0.1])  # Linear coefficients - reduced
    b = 1.0 # Frequency for the sine modulation - increased
    c = 0.12  # Scale of the skewed term - slightly increased
    d = 1.0  # Shift for the skewed term - unchanged
    e = 0.015 # Scale for the distance term - reduced significantly

    quadratic_term = np.sum(x**2)
    linear_term = np.sum(a * x)
    interaction_term = 0.0
    for i in range(n):
        for j in range(i + 1, n):
            interaction_term += np.sin(b * x[i]) * x[i] * x[j]
    skewness_term = c * (x[0] - d)**2.5 if x[0] > d else 0.0 # Ensure real values
    distance_term = e * np.linalg.norm(x)

    return quadratic_term + linear_term + interaction_term + skewness_term + distance_term",1.1144476116312467,"
    A synthetic benchmark function designed to exhibit specific ELA features.
    The function combines a quadratic bowl with linear terms, interaction terms modulated by sine waves,
    and an asymmetric power term to introduce skewness.

    Formula:
    f(x) = sum(x_i^2) + sum(a_i * x_i) + sum(sin(b * x_i) * x_i * x_j for i < j) + c * (x_0 - d)**2.5 + e * ||x||

    where:
    - a, b, c, d, e are scaling/shifting factors to tune the ELA features.
    - ||x|| represents the Euclidean norm.
    ",,,,5,5,0.13936329633391573,0.18345378510905586,0.3468789350970207,0.32171338021251084,0.08525269513965936,0.09197056708617517,0.4435138734865282,0.891359779954664
"import numpy as np

def problem(x: np.ndarray) -> float:
    """"""
    Synthetic benchmark function designed to match specific ELA features.

    This function combines a shifted quadratic bowl, linear terms with stronger interactions, a skewed component,
    and a term that introduces some ruggedness.  It is designed to approximate the target ELA features.

    Formula:
    f(x) = 0.8 * sum(x**2) + 1.5 * sum(x[i] * x[j] for i in range(n) for j in range(i + 1, n)) +
           0.5 * sum(x) + 0.05 * (x[0] + 1)**3 + 0.01 * sum(np.sin(5 * x))
    where n is the dimension of x.
    """"""
    n = len(x)
    shifted_quadratic_term = 0.8 * np.sum(x**2)
    interaction_term = 1.5 * np.sum(x[i] * x[j] for i in range(n) for j in range(i + 1, n))
    linear_term = 0.5 * np.sum(x)
    skewness_term = 0.05 * (x[0] + 1)**3
    ruggedness_term = 0.01 * np.sum(np.sin(5 * x))
    return shifted_quadratic_term + interaction_term + linear_term + skewness_term + ruggedness_term",0.914988652085405,"
    Synthetic benchmark function designed to match specific ELA features.

    This function combines a shifted quadratic bowl, linear terms with stronger interactions, a skewed component,
    and a term that introduces some ruggedness.  It is designed to approximate the target ELA features.

    Formula:
    f(x) = 0.8 * sum(x**2) + 1.5 * sum(x[i] * x[j] for i in range(n) for j in range(i + 1, n)) +
           0.5 * sum(x) + 0.05 * (x[0] + 1)**3 + 0.01 * sum(np.sin(5 * x))
    where n is the dimension of x.
    ",,,,5,5,0.1748161247372738,0.011268405011465903,0.6383288271716813,0.6990170445353425,0.007809581670961336,0.9012108513861115,0.12544908634430826,0.9999998635648781
"import numpy as np

def problem(x: np.ndarray) -> float:
    """"""
    A synthetic benchmark function with tunable ELA characteristics.
    Combines linear, quadratic, and interaction terms with a radial basis function component.

    Formula:
    f(x) = sum(a_i * x_i) + sum(b_i * x_i^2) + sum(c_ij * x_i * x_j) + d * (sum(x_i))^2 + k * exp(-||x - center||^2 / (2 * sigma^2))

    where:
    - a, b, and c are coefficient vectors/matrices.
    - d is a scalar coefficient.
    - k is the amplitude of the Gaussian peak.
    - center is the center of the Gaussian peak.
    - sigma is the standard deviation of the Gaussian peak.
    """"""
    n = x.shape[0]
    a = np.array([0.01, -0.005, 0.002, -0.001, 0.003])  # Linear coefficients
    b = np.array([0.002, -0.001, 0.0015, -0.0005, 0.0025])  # Quadratic coefficients
    c = np.array([[.0001, -.00005, .00002, -.00001, .00003],
                  [-.00005, .0002, -.00003, .00002, -.00001],
                  [.00002, -.00003, .0003, -.00002, .00001],
                  [-.00001, .00002, -.00002, .0004, -.00003],
                  [.00003, -.00001, .00001, -.00003, .0005]]) # Interaction coefficients
    d = 0.00005 # Global Quadratic coeff
    k = -0.01  # Amplitude of the RBF
    center = np.array([1.5, -0.2, 0.1, -0.05, 0.4])  # Center of the RBF, shifted from zero for skewness
    sigma = 1.0  # Standard deviation of the RBF

    linear_term = np.sum(a * x)
    quadratic_term = np.sum(b * (x**2))
    interaction_term = 0.0
    for i in range(n):
        for j in range(n):
            interaction_term += c[i, j] * x[i] * x[j]
    global_quadratic_term = d * (np.sum(x)**2)

    rbf_term = k * np.exp(-np.sum((x - center)**2) / (2 * sigma**2))
    return linear_term + quadratic_term + interaction_term + global_quadratic_term + rbf_term",0.6563583268956424,"
    A synthetic benchmark function with tunable ELA characteristics.
    Combines linear, quadratic, and interaction terms with a radial basis function component.

    Formula:
    f(x) = sum(a_i * x_i) + sum(b_i * x_i^2) + sum(c_ij * x_i * x_j) + d * (sum(x_i))^2 + k * exp(-||x - center||^2 / (2 * sigma^2))

    where:
    - a, b, and c are coefficient vectors/matrices.
    - d is a scalar coefficient.
    - k is the amplitude of the Gaussian peak.
    - center is the center of the Gaussian peak.
    - sigma is the standard deviation of the Gaussian peak.
    ",,,,5,5,0.11540291975297885,0.22771211774403474,0.7717491701325616,0.49084371015867523,0.5351588256566006,0.5460212811841073,0.9965973492383825,0.9999965161545566
"import numpy as np

def problem(x: np.ndarray) -> float:
    """"""
    Synthetic benchmark function designed to match specific ELA features.

    This function combines a shifted quadratic bowl, linear terms with stronger interactions, a skewed component,
    and a term that introduces some ruggedness. It is designed to approximate the target ELA features.

    Formula:
    f(x) = sum((x - 1)^2) + 4 * sum(x[i] * x[j] for i in range(n) for j in range(i + 1, n)) +
           0.5 * sum(x) + 0.01 * (x[0] + 1)**3 + 0.01 * sum(np.sin(5 * x))
    where n is the dimension of x.
    """"""
    n = len(x)
    shifted_quadratic_term = np.sum((x - 1)**2)
    interaction_term = 4 * np.sum(x[i] * x[j] for i in range(n) for j in range(i + 1, n))
    linear_term = 0.5 * np.sum(x)
    skewness_term = 0.01 * (x[0] + 1)**3
    ruggedness_term = 0.01 * np.sum(np.sin(5 * x))
    return shifted_quadratic_term + interaction_term + linear_term + skewness_term + ruggedness_term",0.9807418699294591,"
    Synthetic benchmark function designed to match specific ELA features.

    This function combines a shifted quadratic bowl, linear terms with stronger interactions, a skewed component,
    and a term that introduces some ruggedness. It is designed to approximate the target ELA features.

    Formula:
    f(x) = sum((x - 1)^2) + 4 * sum(x[i] * x[j] for i in range(n) for j in range(i + 1, n)) +
           0.5 * sum(x) + 0.01 * (x[0] + 1)**3 + 0.01 * sum(np.sin(5 * x))
    where n is the dimension of x.
    ",,,,5,5,0.17233726468223307,0.05934934823089848,0.1091339004865361,0.679044184911612,0.02299847830609881,0.9781034144374722,0.05397468847100713,0.9999999791811107
"import numpy as np

def problem(x: np.ndarray) -> float:
    """"""
    A synthetic benchmark function designed to exhibit specific ELA features.
    The function combines a quadratic bowl with linear terms, interaction terms modulated by sine waves,
    and an asymmetric power term to introduce skewness.

    Formula:
    f(x) = sum(x_i^2) + sum(a_i * x_i) + sum(sin(b * x_i) * x_i * x_j for i < j) + c * (x_0 - d)**2.5 + e * ||x||

    where:
    - a, b, c, d, e are scaling/shifting factors to tune the ELA features.
    - ||x|| represents the Euclidean norm.
    """"""
    n = len(x)
    a = np.array([0.05, -0.1, 0.075, -0.025, 0.1])  # Linear coefficients - decreased
    b = 1.0 # Frequency for the sine modulation-increased
    c = 0.15  # Scale of the skewed term - increased
    d = 1.5  # Shift for the skewed term
    e = 0.02 # Scale for the distance term -decrease

    quadratic_term = np.sum((0.5 * x)**2) # decrease total quadratic
    linear_term = np.sum(a * x)
    interaction_term = 0.0
    for i in range(n):
        for j in range(i + 1, n):
            interaction_term += np.sin(b * x[i]) * x[i] * x[j]
    skewness_term = c * (x[0] - d)**2.5 if x[0] > d else 0.0 # Ensure real values
    distance_term = e * np.linalg.norm(x)

    return quadratic_term + linear_term + interaction_term + skewness_term + distance_term",1.2358560744550608,"
    A synthetic benchmark function designed to exhibit specific ELA features.
    The function combines a quadratic bowl with linear terms, interaction terms modulated by sine waves,
    and an asymmetric power term to introduce skewness.

    Formula:
    f(x) = sum(x_i^2) + sum(a_i * x_i) + sum(sin(b * x_i) * x_i * x_j for i < j) + c * (x_0 - d)**2.5 + e * ||x||

    where:
    - a, b, c, d, e are scaling/shifting factors to tune the ELA features.
    - ||x|| represents the Euclidean norm.
    ",,,,5,5,0.1106080543602313,0.3792922248323171,0.181103435177097,0.3275758648932667,0.1358806926670784,0.13911214099895067,0.1680468550785711,0.8375644700494136
"import numpy as np

def problem(x: np.ndarray) -> float:
    """"""
    A synthetic benchmark function combining linear, quadratic, and Gaussian components.

    f(x) = a * sum(x) + b * sum(x^2) + c * exp(-d * sum(x^2) / n) + e
    where x is a NumPy array, a, b, c, d, and e are constants and n is the number of dimensions.
    """"""
    n = len(x)
    a = 0.005  # Reduced significantly
    b = 0.001  # Reduced significantly
    c = 0.4    # Adjusted
    d = 0.2    # Adjusted
    e = 0.001  # Adjusted

    linear_term = a * np.sum(x)
    quadratic_term = b * np.sum(x**2)
    gaussian_term = c * np.exp(-d * np.sum(x**2) / n)

    return linear_term + quadratic_term + gaussian_term + e",0.6925266491000118,"
    A synthetic benchmark function combining linear, quadratic, and Gaussian components.

    f(x) = a * sum(x) + b * sum(x^2) + c * exp(-d * sum(x^2) / n) + e
    where x is a NumPy array, a, b, c, d, and e are constants and n is the number of dimensions.
    ",,,,5,5,0.1205449369182883,0.23553413482586652,0.456664249007125,0.5316352120240435,0.3439172218852118,0.3477972745626869,0.8325126622944765,0.9681842419377448
"import numpy as np

def problem(x: np.ndarray) -> float:
    """"""
    A synthetic benchmark function designed to approximate specific ELA features.
    The function is a combination of linear, quadratic, and interaction terms.

    Formula:
    f(x) = sum(a_i * x_i) + sum(b_i * x_i^2) + sum(c_ij * x_i * x_j) + d * (sum(x_i))^2

    where:
    - a, b, and c are coefficient vectors/matrices.
    - d is a scalar coefficient.
    """"""
    n = x.shape[0]
    a = np.array([0.4, 0.1, -0.3, 0.2, -0.1])  # Linear coefficients - increased variance (decreased linearity)
    b = np.array([0.001, -0.0005, 0.00075, -0.00025, 0.00125])  # Quadratic coefficients - scaled down significantly
    c = np.array([[.002, -.001, .0004, -.0002, .0006],
                  [-.001, .004, -.0006, .0004, -.0002],
                  [.0004, -.0006, .006, -.0004, .0002],
                  [-.0002, .0004, -.0004, .008, -.0006],
                  [.0006, -.0002, .0002, -.0006, .01]]) # Interaction coefficients - diversity increased.
    d = 0.0007 # Global Quadratic coeff - slight increase for skewness

    linear_term = np.sum(a * x)
    quadratic_term = np.sum(b * (x**2))
    interaction_term = 0.0
    for i in range(n):
        for j in range(n):
            interaction_term += c[i, j] * x[i] * x[j]
    global_quadratic_term = d * (np.sum(x)**2)


    return linear_term + quadratic_term + interaction_term + global_quadratic_term",0.5625923006574263,"
    A synthetic benchmark function designed to approximate specific ELA features.
    The function is a combination of linear, quadratic, and interaction terms.

    Formula:
    f(x) = sum(a_i * x_i) + sum(b_i * x_i^2) + sum(c_ij * x_i * x_j) + d * (sum(x_i))^2

    where:
    - a, b, and c are coefficient vectors/matrices.
    - d is a scalar coefficient.
    ",,,,5,5,0.09774574187642082,0.24072110917060843,0.6171610140419015,0.6358323249939882,0.9929085393411567,0.9937325020192065,0.9993666975728673,1.0
"import numpy as np

def problem(x: np.ndarray) -> float:
    """"""
    A synthetic benchmark function designed to approximate specific ELA features.
    This function utilizes a combination of periodic components, polynomial terms,
    and a distance-based term to create a complex landscape.

    Formula:
    f(x) = a * sum(sin(b * x_i)) + c * sum(x_i**3) + d * ||x - center||^2 + e * prod(x_i)

    where:
    - a, b, c, d, and e are scaling coefficients.
    - center is a fixed point in the search space.
    - ||.|| denotes the Euclidean norm.
    """"""
    n = len(x)
    a = 1.0  # Amplitude of the sine wave
    b = 1.0  # Frequency of the sine wave
    c = 0.08  # Scale of the cubic term
    d = 0.05  # Scale of the distance term
    e = 0.005 # Scale of the product term
    center = np.array([1.0, -0.5, 0.2, -1.0, 0.5])  # Center point for the distance calculation

    term1 = a * np.sum(np.sin(b * x))
    term2 = c * np.sum(x**3)
    term3 = d * np.linalg.norm(x - center)**2
    term4 = e * np.prod(x)

    return term1 + term2 + term3 + term4",0.4801453080463465,"
    A synthetic benchmark function designed to approximate specific ELA features.
    This function utilizes a combination of periodic components, polynomial terms,
    and a distance-based term to create a complex landscape.

    Formula:
    f(x) = a * sum(sin(b * x_i)) + c * sum(x_i**3) + d * ||x - center||^2 + e * prod(x_i)

    where:
    - a, b, c, d, and e are scaling coefficients.
    - center is a fixed point in the search space.
    - ||.|| denotes the Euclidean norm.
    ",,,,5,5,0.09984126919730484,0.294727996612419,0.4633455414071477,0.5210912957869173,0.8952651140498602,0.8956825482146757,0.9064206079898662,0.9741258966506959
"import numpy as np

def problem(x: np.ndarray) -> float:
    """"""
    Synthetic benchmark function designed to match specific ELA features.

    The function combines a quadratic term, linear terms with interactions, and a skewed component.
    It is designed to approximate the target ELA features, including adjusted R^2 values for linear and quadratic models,
    skewness of the fitness distribution, and nearest-better connectivity features.
    The function's landscape is influenced by the interaction of all the components.

    Formula:
    f(x) = sum(x^2) + 2 * sum(x[i] * x[j] for i in range(n) for j in range(i + 1, n)) +
           0.2 * sum(x) + 0.8 * (x[0] + 1)**3+ 0.1*np.linalg.norm(x)
    where n is the dimension of x.
    """"""
    n = len(x)
    quadratic_term = np.sum(x**2)
    interaction_term = 2 * np.sum(x[i] * x[j] for i in range(n) for j in range(i + 1, n))
    linear_term = 0.2 * np.sum(x)
    skewness_term = 0.8 * (x[0] + 1)**3
    norm_term = 0.1*np.linalg.norm(x)
    return quadratic_term + interaction_term + linear_term + skewness_term + norm_term",0.5022053325503965,"
    Synthetic benchmark function designed to match specific ELA features.

    The function combines a quadratic term, linear terms with interactions, and a skewed component.
    It is designed to approximate the target ELA features, including adjusted R^2 values for linear and quadratic models,
    skewness of the fitness distribution, and nearest-better connectivity features.
    The function's landscape is influenced by the interaction of all the components.

    Formula:
    f(x) = sum(x^2) + 2 * sum(x[i] * x[j] for i in range(n) for j in range(i + 1, n)) +
           0.2 * sum(x) + 0.8 * (x[0] + 1)**3+ 0.1*np.linalg.norm(x)
    where n is the dimension of x.
    ",,,,5,5,0.15416436134785408,0.12069863114367435,0.5402315730744083,0.6181879988634416,0.28979035148101934,0.8191845645162864,0.45984371031402516,0.9999999822468951
"import numpy as np

def problem(x: np.ndarray) -> float:
    """"""
    Synthetic benchmark function designed to match specific ELA features.

    The function combines a scaled quadratic term, linear terms with amplified interactions, and a skewed component.
    It is designed to approximate the target ELA features, including adjusted R^2 values for linear and quadratic models,
    skewness of the fitness distribution, and nearest-better connectivity features.
    The function's landscape is influenced by the interaction of all the components.

    Formula:
    f(x) = 0.01 * sum(x^2) + 0.1 * sum(x[i] * x[j] for i in range(n) for j in range(i + 1, n)) +
           0.005 * sum(x) + 0.5*(x[0] - 2)**3
    where n is the dimension of x.
    """"""
    n = len(x)
    quadratic_term = np.sum(x**2)
    interaction_term = np.sum(x[i] * x[j] for i in range(n) for j in range(i + 1, n))
    linear_term = 0.005 * np.sum(x)
    skewness_term = 0.5*(x[0] - 2)**3
    return 0.01*quadratic_term + 0.1*interaction_term + linear_term + skewness_term",0.5438745493479724,"
    Synthetic benchmark function designed to match specific ELA features.

    The function combines a scaled quadratic term, linear terms with amplified interactions, and a skewed component.
    It is designed to approximate the target ELA features, including adjusted R^2 values for linear and quadratic models,
    skewness of the fitness distribution, and nearest-better connectivity features.
    The function's landscape is influenced by the interaction of all the components.

    Formula:
    f(x) = 0.01 * sum(x^2) + 0.1 * sum(x[i] * x[j] for i in range(n) for j in range(i + 1, n)) +
           0.005 * sum(x) + 0.5*(x[0] - 2)**3
    where n is the dimension of x.
    ",,,,6,5,0.04310288861299466,0.4505280918743534,0.46460582384484267,0.6561681043505906,0.7210019001257117,0.7265870462960116,0.9529140518977255,1.0
"import numpy as np

def problem(x: np.ndarray) -> float:
    """"""
    A synthetic benchmark function designed to approximate specific ELA features.
    The function is a combination of linear, quadratic, interaction and cubic terms.

    Formula:
    f(x) = sum(a_i * x_i) + sum(b_i * x_i^2) + sum(c_ij * x_i * x_j) + d * (sum(x_i))^2 + sum(e_i * x_i^3)

    where:
    - a, b, c, and e are coefficient vectors/matrices.
    - d is a scalar coefficient.
    """"""
    n = x.shape[0]
    a = np.array([0.2, 0.05, -0.1, 0.15, -0.05])  # Linear coefficients
    b = np.array([0.0005, -0.00025, 0.000375, -0.000125, 0.000625])  # Quadratic coefficients
    c = np.array([[.004, -.002, .0008, -.0004, .0012],
                  [-.002, .008, -.0012, .0008, -.0004],
                  [.0008, -.0012, .012, -.0008, .0004],
                  [-.0004, .0008, -.0008, .016, -.0012],
                  [.0012, -.0004, .0004, -.0012, .02]]) # Interaction coefficients
    d = 0.0005 # Global Quadratic coeff
    e = np.array([0.00005, -0.000025, 0.0000375, -0.0000125, 0.0000625])  # Cubic coefficients

    linear_term = np.sum(a * x)
    quadratic_term = np.sum(b * (x**2))
    interaction_term = 0.0
    for i in range(n):
        for j in range(n):
            interaction_term += c[i, j] * x[i] * x[j]
    global_quadratic_term = d * (np.sum(x)**2)
    cubic_term = np.sum(e * (x**3))

    return linear_term + quadratic_term + interaction_term + global_quadratic_term + cubic_term",0.5836986932567623,"
    A synthetic benchmark function designed to approximate specific ELA features.
    The function is a combination of linear, quadratic, interaction and cubic terms.

    Formula:
    f(x) = sum(a_i * x_i) + sum(b_i * x_i^2) + sum(c_ij * x_i * x_j) + d * (sum(x_i))^2 + sum(e_i * x_i^3)

    where:
    - a, b, c, and e are coefficient vectors/matrices.
    - d is a scalar coefficient.
    ",,,,6,5,0.10252482944995539,0.21919186862196777,0.7729745759984548,0.6158598185486961,0.9188855329682225,0.9248058857880347,0.9959294907723762,1.0
"import numpy as np

def problem(x: np.ndarray) -> float:
    """"""
    Synthetic benchmark function designed to match specific ELA features.

    The function combines a quadratic term, linear terms with interactions, and a skewed component.
    It is designed to approximate the target ELA features, including adjusted R^2 values for linear and quadratic models,
    skewness of the fitness distribution, and nearest-better connectivity features.
    The function's landscape is influenced by the interaction of all the components.

    Formula:
    f(x) = 0.1 * sum(x^2) + 0.05 * sum(x[i] * x[j] for i in range(n) for j in range(i + 1, n)) +
           sum(x) + 0.2 * (x[0] - 1)**3
    where n is the dimension of x.
    """"""
    n = len(x)
    quadratic_term = 0.1 * np.sum(x**2)
    interaction_term = 0.05 * np.sum(x[i] * x[j] for i in range(n) for j in range(i + 1, n))
    linear_term = np.sum(x)
    skewness_term = 0.2 * (x[0] - 1)**3
    return quadratic_term + interaction_term + linear_term + skewness_term",0.4763226444058279,"
    Synthetic benchmark function designed to match specific ELA features.

    The function combines a quadratic term, linear terms with interactions, and a skewed component.
    It is designed to approximate the target ELA features, including adjusted R^2 values for linear and quadratic models,
    skewness of the fitness distribution, and nearest-better connectivity features.
    The function's landscape is influenced by the interaction of all the components.

    Formula:
    f(x) = 0.1 * sum(x^2) + 0.05 * sum(x[i] * x[j] for i in range(n) for j in range(i + 1, n)) +
           sum(x) + 0.2 * (x[0] - 1)**3
    where n is the dimension of x.
    ",,,,6,5,0.07557356052913733,0.32065564959961435,0.5368042629721177,0.6059357576879261,0.8649232294704183,0.8743733282803339,0.9313808023408885,1.0
"import numpy as np

def problem(x: np.ndarray) -> float:
    """"""
    Synthetic benchmark function designed to match specific ELA features.

    The function combines a quadratic term, linear terms with interactions, and a skewed component.
    It is designed to approximate the target ELA features, including adjusted R^2 values for linear and quadratic models,
    skewness of the fitness distribution, and nearest-better connectivity features.
    The function's landscape is influenced by the interaction of all the components.

    Formula:
    f(x) = 0.1 * sum(x^2) + 0.05 * sum(x[i] * x[j] for i in range(n) for j in range(i + 1, n)) +
           0.1 * sum(x) + 0.4 * (x[0] + 1)**3 + 0.05*np.linalg.norm(x)
    where n is the dimension of x.
    """"""
    n = len(x)
    quadratic_term = 0.1 * np.sum(x**2)
    interaction_term = 0.05 * np.sum(x[i] * x[j] for i in range(n) for j in range(i + 1, n))
    linear_term = 0.1 * np.sum(x)
    skewness_term = 0.4 * (x[0] + 1)**3
    norm_term = 0.05*np.linalg.norm(x)
    return quadratic_term + interaction_term + linear_term + skewness_term + norm_term",0.3190630443967558,"
    Synthetic benchmark function designed to match specific ELA features.

    The function combines a quadratic term, linear terms with interactions, and a skewed component.
    It is designed to approximate the target ELA features, including adjusted R^2 values for linear and quadratic models,
    skewness of the fitness distribution, and nearest-better connectivity features.
    The function's landscape is influenced by the interaction of all the components.

    Formula:
    f(x) = 0.1 * sum(x^2) + 0.05 * sum(x[i] * x[j] for i in range(n) for j in range(i + 1, n)) +
           0.1 * sum(x) + 0.4 * (x[0] + 1)**3 + 0.05*np.linalg.norm(x)
    where n is the dimension of x.
    ",,,,6,5,0.1475354330778541,0.1653624712650689,0.5433410438813473,0.6650768714242786,0.7377159011104791,0.7478807169908689,0.9003923298907472,0.9999999564570898
"import numpy as np

def problem(x: np.ndarray) -> float:
    """"""
    A synthetic benchmark function designed to approximate specific ELA features.
    This function utilizes a combination of periodic components, polynomial terms,
    and a distance-based term to create a complex landscape.

    Formula:
    f(x) = a * sum(sin(b * x_i)) + c * sum(x_i**3) + d * ||x - center||^2 + e * prod(x_i)

    where:
    - a, b, c, d, and e are scaling coefficients.
    - center is a fixed point in the search space.
    - ||.|| denotes the Euclidean norm.
    """"""
    n = len(x)
    a = 0.5  # Amplitude of the sine wave
    b = 1.0  # Frequency of the sine wave
    c = 0.03  # Scale of the cubic term, increased to address skewness
    d = 0.02  # Scale of the distance term, increased to influence local structure
    e = 0.004 # Scale of the product term, adjusted for linearity
    center = np.array([1.0, -0.5, 0.2, -1.0, 0.5])  # Center point for the distance calculation

    term1 = a * np.sum(np.sin(b * x))
    term2 = c * np.sum(x**3)
    term3 = d * np.linalg.norm(x - center)**2
    term4 = e * np.prod(x)

    return term1 + term2 + term3 + term4",0.46082030411982666,"
    A synthetic benchmark function designed to approximate specific ELA features.
    This function utilizes a combination of periodic components, polynomial terms,
    and a distance-based term to create a complex landscape.

    Formula:
    f(x) = a * sum(sin(b * x_i)) + c * sum(x_i**3) + d * ||x - center||^2 + e * prod(x_i)

    where:
    - a, b, c, d, and e are scaling coefficients.
    - center is a fixed point in the search space.
    - ||.|| denotes the Euclidean norm.
    ",,,,6,5,0.09984550924335238,0.29841699582013864,0.3810368315029342,0.5192621247326625,0.8630994618058161,0.8639574798897081,0.8739474715085721,0.915581190821113
"import numpy as np

def problem(x: np.ndarray) -> float:
    """"""
    Synthetic benchmark function designed to match specific ELA features.

    This function combines a shifted quadratic bowl, linear terms with interactions, a skewed component,
    and a term that introduces some ruggedness. It is designed to approximate the target ELA features.

    Formula:
    f(x) = sum((x - 1.2)^2) + 0.75 * sum(x[i] * x[j] for i in range(n) for j in range(i + 1, n)) +
           0.5 * sum(x) + (x[0] + 1)**3 + 0.05 * sum(np.sin(5 * x))
    where n is the dimension of x.
    """"""
    n = len(x)
    shifted_quadratic_term = np.sum((x - 1.2)**2)
    interaction_term = 0.75 * np.sum(x[i] * x[j] for i in range(n) for j in range(i + 1, n))
    linear_term = 0.5 * np.sum(x)
    skewness_term = (x[0] + 1)**3
    ruggedness_term = 0.05 * np.sum(np.sin(5 * x))
    return shifted_quadratic_term + interaction_term + linear_term + skewness_term + ruggedness_term",0.43652701278483824,"
    Synthetic benchmark function designed to match specific ELA features.

    This function combines a shifted quadratic bowl, linear terms with interactions, a skewed component,
    and a term that introduces some ruggedness. It is designed to approximate the target ELA features.

    Formula:
    f(x) = sum((x - 1.2)^2) + 0.75 * sum(x[i] * x[j] for i in range(n) for j in range(i + 1, n)) +
           0.5 * sum(x) + (x[0] + 1)**3 + 0.05 * sum(np.sin(5 * x))
    where n is the dimension of x.
    ",,,,6,5,0.14376358163958666,0.1390005754682244,0.6976402352566735,0.5850555782461717,0.5317387908707949,0.658923051189574,0.8083592379245365,0.999998495296885
"import numpy as np

def problem(x: np.ndarray) -> float:
    """"""
    Synthetic benchmark function designed to match specific ELA features.

    This function combines a shifted quadratic bowl, linear terms with stronger interactions, a skewed component,
    and a term that introduces some ruggedness.  It is designed to approximate the target ELA features.

    Formula:
    f(x) = sum((x - 1)^2) + 1.5 * sum(x[i] * x[j] for i in range(n) for j in range(i + 1, n)) +
           0.5 * sum(x) + 0.5 * (x[0] + 1)**3 + 0.05 * sum(np.sin(5 * x))
    where n is the dimension of x.
    """"""
    n = len(x)
    shifted_quadratic_term = np.sum((x - 1)**2)
    interaction_term = 1.5 * np.sum(x[i] * x[j] for i in range(n) for j in range(i + 1, n))
    linear_term = 0.5 * np.sum(x)
    skewness_term = 0.5 * (x[0] + 1)**3
    ruggedness_term = 0.05 * np.sum(np.sin(5 * x))
    return shifted_quadratic_term + interaction_term + linear_term + skewness_term + ruggedness_term",0.6553150746171739,"
    Synthetic benchmark function designed to match specific ELA features.

    This function combines a shifted quadratic bowl, linear terms with stronger interactions, a skewed component,
    and a term that introduces some ruggedness.  It is designed to approximate the target ELA features.

    Formula:
    f(x) = sum((x - 1)^2) + 1.5 * sum(x[i] * x[j] for i in range(n) for j in range(i + 1, n)) +
           0.5 * sum(x) + 0.5 * (x[0] + 1)**3 + 0.05 * sum(np.sin(5 * x))
    where n is the dimension of x.
    ",,,,6,5,0.15340286973345182,0.08706332548733359,0.6823447267883287,0.6047520624924706,0.18684619135925123,0.7835958884654589,0.4043930477331026,0.9999978476821599
"import numpy as np

def problem(x: np.ndarray) -> float:
    """"""
    Synthetic benchmark function combining a scaled quadratic,
    a cosine wave with interaction, and a skew term.

    Formula:
    f(x) =  a * sum((x_i - b_i)**2) + c * cos(d * sum(x_i*x_{i+1})) + e * (x[0])**3

    where:
        a = 0.005(quadratic weight)
        b = [0.1, -0.2, 0.1, -0.1, 0.2] (shift vector)
        c = 0.003 (cosine weight)
        d = 0.2 (cosine frequency)
        e = 0.001 (skewness weight)
    """"""

    n = len(x)
    a = 0.005
    b = np.array([0.1, -0.2, 0.1, -0.1, 0.2])
    c = 0.003
    d = 0.2
    e = 0.001

    quadratic_term = a * np.sum((x - b)**2)

    interaction_sum = 0.0
    for i in range(n - 1):
        interaction_sum += x[i] * x[i+1]
    cosine_term = c * np.cos(d * interaction_sum)

    skew_term = e * x[0]**3

    return quadratic_term + cosine_term + skew_term",1.053970983087198,"
    Synthetic benchmark function combining a scaled quadratic,
    a cosine wave with interaction, and a skew term.

    Formula:
    f(x) =  a * sum((x_i - b_i)**2) + c * cos(d * sum(x_i*x_{i+1})) + e * (x[0])**3

    where:
        a = 0.005(quadratic weight)
        b = [0.1, -0.2, 0.1, -0.1, 0.2] (shift vector)
        c = 0.003 (cosine weight)
        d = 0.2 (cosine frequency)
        e = 0.001 (skewness weight)
    ",,,,6,5,0.11615346357382693,0.20217700042724818,0.8974874726167164,0.37812184190103976,0.18948475898474118,0.20712499306244703,0.95879225033783,0.9995296474600001
"import numpy as np

def problem(x: np.ndarray) -> float:
    """"""
    A synthetic benchmark function designed to approximate specific ELA features.
    This function utilizes a combination of periodic components, polynomial terms,
    and a distance-based term to create a complex landscape.

    Formula:
    f(x) = (a * sum(sin(b * x_i)) + c * sum(x_i**3) + d * ||x - center||^2 + e * prod(x_i)) / scale

    where:
    - a, b, c, d, and e are scaling coefficients.
    - scale is a scaling factor to manage fitness standard deviation
    - center is a fixed point in the search space.
    - ||.|| denotes the Euclidean norm.
    """"""
    n = len(x)
    a = 0.1  # Amplitude of the sine wave
    b = 1.0  # Frequency of the sine wave
    c = 0.02  # Scale of the cubic term
    d = 0.01  # Scale of the distance term
    e = 0.001 # Scale of the product term
    scale = 50.0 # Scaling factor
    center = np.array([1.2, -0.3, 0.1, -0.8, 0.7])  # Center point for the distance calculation

    term1 = a * np.sum(np.sin(b * x))
    term2 = c * np.sum(x**3)
    term3 = d * np.linalg.norm(x - center)**2
    term4 = e * np.prod(x)

    return (term1 + term2 + term3 + term4) / scale",0.46070200257192245,"
    A synthetic benchmark function designed to approximate specific ELA features.
    This function utilizes a combination of periodic components, polynomial terms,
    and a distance-based term to create a complex landscape.

    Formula:
    f(x) = (a * sum(sin(b * x_i)) + c * sum(x_i**3) + d * ||x - center||^2 + e * prod(x_i)) / scale

    where:
    - a, b, c, d, and e are scaling coefficients.
    - scale is a scaling factor to manage fitness standard deviation
    - center is a fixed point in the search space.
    - ||.|| denotes the Euclidean norm.
    ",,,,6,5,0.09892902992670993,0.29779766196861607,0.44830982777458267,0.4985076705148435,0.8584995792916958,0.859239225957409,0.8654607454436677,0.9903665103157241
"import numpy as np

def problem(x: np.ndarray) -> float:
    """"""
    Synthetic benchmark function combining a product of exponentials with a distance-based term and some linear terms.

    This formulation creates a relatively smooth but non-separable landscape. The exponential products introduce
    non-linearity and potential multimodality, while the distance term adds a radial bias.

    Formula:
    f(x) =  0.1*prod(exp(-abs(x_i))) + 0.01 * ||x - center||^2 + 0.5*sum(x)
    where:
    - center is a fixed point in the search space.
    - ||.|| denotes the Euclidean norm.
    """"""
    n = len(x)
    center = np.array([0.5, -0.2, 0.1, -0.3, 0.4])  # Center point for the distance
    term1 = 0.1*np.prod(np.exp(-np.abs(x))) # exponential product
    term2 = 0.01 * np.linalg.norm(x - center)**2  # Distance to center point
    term3 =  0.5*np.sum(x) #Linear Term

    return term1 + term2 + term3",0.6251148058456931,"
    Synthetic benchmark function combining a product of exponentials with a distance-based term and some linear terms.

    This formulation creates a relatively smooth but non-separable landscape. The exponential products introduce
    non-linearity and potential multimodality, while the distance term adds a radial bias.

    Formula:
    f(x) =  0.1*prod(exp(-abs(x_i))) + 0.01 * ||x - center||^2 + 0.5*sum(x)
    where:
    - center is a fixed point in the search space.
    - ||.|| denotes the Euclidean norm.
    ",,,,7,5,0.09523743827627791,0.29939774077252673,0.69806453871485,0.6470178271946719,0.9974580964392257,0.9975120459993218,0.9999999883647585,0.9999999894420649
"import numpy as np

def problem(x: np.ndarray) -> float:
    """"""
    Synthetic benchmark function combining exponential, cosine, and polynomial terms
    to produce a rugged landscape with controlled ELA characteristics. It introduces multimodality
    and local optima via cosine and exponential decay, while polynomials contribute to global structure.

    Formula:
    f(x) = a * sum(exp(-b * x_i**2) * cos(c * x_i)) + d * sum(x_i**4) + e * (x[0] - f)**2

    where:
    - a, b, c, d, e, and f are coefficients controlling the shape and characteristics of the function.
    - x_i represents each dimension of the input vector x.
    """"""
    a = 1.5     # Amplitude of the exponential cosine term
    b = 0.1     # Decay rate of the exponential
    c = 5.0     # Frequency of the cosine
    d = 0.01    # Coefficient for the quartic term
    e = 0.1     # Coefficient for the shifted quadratic term
    f = -0.5    # Shift for the quadratic term

    term1 = a * np.sum(np.exp(-b * x**2) * np.cos(c * x))
    term2 = d * np.sum(x**4)
    term3 = e * (x[0] - f)**2

    return term1 + term2 + term3",1.2648377551556211,"
    Synthetic benchmark function combining exponential, cosine, and polynomial terms
    to produce a rugged landscape with controlled ELA characteristics. It introduces multimodality
    and local optima via cosine and exponential decay, while polynomials contribute to global structure.

    Formula:
    f(x) = a * sum(exp(-b * x_i**2) * cos(c * x_i)) + d * sum(x_i**4) + e * (x[0] - f)**2

    where:
    - a, b, c, d, e, and f are coefficients controlling the shape and characteristics of the function.
    - x_i represents each dimension of the input vector x.
    ",,,,7,5,0.10791275447378465,0.24105401766995832,0.6324588578123502,0.17490252374483467,0.006329886434542902,0.023231809131007496,0.8089167669754588,0.8093675936023879
"import numpy as np

def problem(x: np.ndarray) -> float:
    """"""
    Synthetic benchmark function combining a polynomial term, interaction terms,
    and a distance term to achieve target ELA features.

    Formula:
    f(x) = a * sum(x_i^4) + b * sum(x_i * x_{i+1}) + c * ||x - center|| + d * x[0]**3

    where:
        a = 0.03
        b = 0.15
        c = 0.1
        d = 0.45
        center = [0.5, -0.5, 0.5, -0.5, 0.5]
    """"""
    n = len(x)
    a = 0.03
    b = 0.15
    c = 0.1
    d = 0.45
    center = np.array([0.5, -0.5, 0.5, -0.5, 0.5])

    polynomial_term = a * np.sum(x**4)

    interaction_sum = 0.0
    for i in range(n - 1):
        interaction_sum += x[i] * x[i+1]
    interaction_term = b * interaction_sum

    distance_term = c * np.linalg.norm(x - center)
    skew_term = d * x[0]**3

    return polynomial_term + interaction_term + distance_term + skew_term",0.5281865876675567,"
    Synthetic benchmark function combining a polynomial term, interaction terms,
    and a distance term to achieve target ELA features.

    Formula:
    f(x) = a * sum(x_i^4) + b * sum(x_i * x_{i+1}) + c * ||x - center|| + d * x[0]**3

    where:
        a = 0.03
        b = 0.15
        c = 0.1
        d = 0.45
        center = [0.5, -0.5, 0.5, -0.5, 0.5]
    ",,,,7,5,0.12554789308349065,0.24154725881500877,0.72639323171316,0.49466732645932543,0.636333579487123,0.657783989808873,0.8483946921581204,0.9832476406047411
"import numpy as np

def problem(x: np.ndarray) -> float:
    """"""
    Synthetic benchmark function designed to approximate specific ELA features, with an emphasis on leveraging exponential terms.

    This function combines a scaled exponential term, a product of cosines with interactions,
    a skewed term based on tangent hyperbolic function, and a linear term.

    Formula:
    f(x) = a * sum(exp(-b * x_i**2)) + c * prod(cos(d * x_i * x_{i+1})) + e * sum(tanh(f * x_i)) + g * sum(x)

    where:
    - a, b, c, d, e, f and g are scaling coefficients.
    """"""
    n = len(x)
    a = 5.0       # Scale of the exponential term
    b = 0.05      # Rate of decay in exponential term
    c = 2.0       # Scale of the product of cosines
    d = 0.1       # Frequency of the cosine product
    e = 0.3       # Scale of the hyperbolic tangent term
    f = 0.5       # Steepness of the tanh function
    g = 0.05  #scale of linear factor

    exponential_term = a * np.sum(np.exp(-b * x**2))

    cosine_product = 1.0
    for i in range(n - 1):
        cosine_product *= np.cos(d * x[i] * x[i+1])
    cosine_term = c * cosine_product

    tanh_term = e * np.sum(np.tanh(f * x))
    linear_term = g*np.sum(x)

    return exponential_term + cosine_term + tanh_term + linear_term",1.1874127071390388,"
    Synthetic benchmark function designed to approximate specific ELA features, with an emphasis on leveraging exponential terms.

    This function combines a scaled exponential term, a product of cosines with interactions,
    a skewed term based on tangent hyperbolic function, and a linear term.

    Formula:
    f(x) = a * sum(exp(-b * x_i**2)) + c * prod(cos(d * x_i * x_{i+1})) + e * sum(tanh(f * x_i)) + g * sum(x)

    where:
    - a, b, c, d, e, f and g are scaling coefficients.
    ",,,,7,5,0.09671932078946058,0.2623822378582306,-0.046100529205608434,0.38590424229335707,0.06647914210365806,0.08372767131809426,0.9625680784747034,0.9712505304190271
"import numpy as np

def problem(x: np.ndarray) -> float:
    """"""
    A synthetic benchmark function designed to approximate specific ELA features.

    This function uses a combination of cosine waves with varying frequencies,
    a weighted sum of absolute values of the input variables, and a global term
    that depends on the product of the variables.

    Formula:
    f(x) = sum(cos(a_i * x_i)) + b * sum(abs(x_i)) + c * prod(x_i) + d * ||x||^4

    where:
    - a_i are frequencies for the cosine waves.
    - b, c, and d are scaling coefficients.
    - ||.|| denotes the Euclidean norm.
    """"""
    n = len(x)
    a = np.array([1.0, 2.0, 1.5, 0.7, 1.2])  # Frequencies for cosine waves
    b = 0.05  # Weight for the absolute value sum
    c = 0.001  # Weight for the product term
    d = 0.0005 # Weight for the quartic norm

    term1 = np.sum(np.cos(a * x))
    term2 = b * np.sum(np.abs(x))
    term3 = c * np.prod(x)
    term4 = d * np.linalg.norm(x)**4

    return term1 + term2 + term3 + term4",1.4951999462502068,"
    A synthetic benchmark function designed to approximate specific ELA features.

    This function uses a combination of cosine waves with varying frequencies,
    a weighted sum of absolute values of the input variables, and a global term
    that depends on the product of the variables.

    Formula:
    f(x) = sum(cos(a_i * x_i)) + b * sum(abs(x_i)) + c * prod(x_i) + d * ||x||^4

    where:
    - a_i are frequencies for the cosine waves.
    - b, c, and d are scaling coefficients.
    - ||.|| denotes the Euclidean norm.
    ",,,,7,5,0.10271980922764015,0.2707936734338086,0.37111763883958243,0.14909993660932772,0.003726639772221343,0.009815092419394572,0.2997156165002978,0.3240992540160456
"import numpy as np

def problem(x: np.ndarray) -> float:
    """"""
    Synthetic benchmark function crafted with the intention of approximating target ELA features.

    This function leverages a product of trigonometric functions combined with a polynomial term
    to construct a challenging optimization landscape.  Specifically, it combines cosine waves along each dimension modulated by a cubic term, skewing the objective function.

    Formula:
    f(x) = a * prod(cos(b * x_i)) + c * (sum(x_i))^3

    where:
    a = 0.1 (Scaling for the product of cosines)
    b = 2.0 (Frequency of the cosine waves)
    c = 0.025 (Scaling for the cubic sum)
    """"""
    n = len(x)
    a = 0.1
    b = 2.0
    c = 0.025

    cosine_product = a * np.prod(np.cos(b * x))
    cubic_sum = c * (np.sum(x))**3

    return cosine_product + cubic_sum",0.6264988465854916,"
    Synthetic benchmark function crafted with the intention of approximating target ELA features.

    This function leverages a product of trigonometric functions combined with a polynomial term
    to construct a challenging optimization landscape.  Specifically, it combines cosine waves along each dimension modulated by a cubic term, skewing the objective function.

    Formula:
    f(x) = a * prod(cos(b * x_i)) + c * (sum(x_i))^3

    where:
    a = 0.1 (Scaling for the product of cosines)
    b = 2.0 (Frequency of the cosine waves)
    c = 0.025 (Scaling for the cubic sum)
    ",,,,7,5,0.07757801139224658,0.47025342885195237,0.6607937123325011,0.7062135118641872,0.6610197277939582,0.664359183177372,0.6619981529972468,0.7765731848133823
"import numpy as np

def problem(x: np.ndarray) -> float:
    """"""
    A synthetic benchmark function constructed using trigonometric functions,
    exponential terms, and a product of powers of x. It is designed to produce a landscape
    with specific ELA characteristics by combining different mathematical properties.

    Formula:
    f(x) = a * sum(cos(b * x_i) * exp(-c * x_i)) + d * prod(|x_i|^e)

    where:
    - a, b, c, d, and e are scaling coefficients influencing the trigonometric, exponential,
      and product terms.
    """"""
    n = len(x)
    a = 2.0
    b = 1.5
    c = 0.1
    d = 0.5
    e = 0.8

    term1 = a * np.sum(np.cos(b * x) * np.exp(-c * x))
    term2 = d * np.prod(np.abs(x)**e)

    return term1 + term2",1.09956197294216,"
    A synthetic benchmark function constructed using trigonometric functions,
    exponential terms, and a product of powers of x. It is designed to produce a landscape
    with specific ELA characteristics by combining different mathematical properties.

    Formula:
    f(x) = a * sum(cos(b * x_i) * exp(-c * x_i)) + d * prod(|x_i|^e)

    where:
    - a, b, c, d, and e are scaling coefficients influencing the trigonometric, exponential,
      and product terms.
    ",,,,7,5,0.1819747029709149,0.03643810193363722,0.5709305028507022,0.5362530338240591,0.0023033639588362505,0.0508124555375895,0.6106540171857618,0.8320000055097317
"import numpy as np

def problem(x: np.ndarray) -> float:
    """"""
    A synthetic benchmark function combining a multi-frequency cosine wave,
    a polynomial component with interactions, and a ridge-like structure.

    Formula:
    f(x) = a * sum(cos(b_i * x_i)) + c * sum(x_i * x_j * x_k for i < j < k) + d * exp(-e * (x[0] - f)**2)

    where:
    - a, c, d, e and f are scaling parameters.
    - b_i are frequency parameters for each dimension.
    """"""
    n = len(x)
    a = 0.3  # Scaling for cosine waves
    b = np.array([1.1, 1.3, 0.8, 1.6, 0.9]) # Frequencies for each dimension
    c = 0.01  # Scaling for the interaction term
    d = 0.5  # Scaling for the exponential ridge
    e = 2.0   # Steepness of the ridge
    f = 1.5   # Center of the ridge

    cosine_term = a * np.sum(np.cos(b * x))
    interaction_term = 0.0
    for i in range(n):
        for j in range(i + 1, n):
            for k in range(j + 1, n):
                interaction_term += x[i] * x[j] * x[k]
    interaction_term *= c
    ridge_term = d * np.exp(-e * (x[0] - f)**2)

    return cosine_term + interaction_term + ridge_term",1.6203281728393768,"
    A synthetic benchmark function combining a multi-frequency cosine wave,
    a polynomial component with interactions, and a ridge-like structure.

    Formula:
    f(x) = a * sum(cos(b_i * x_i)) + c * sum(x_i * x_j * x_k for i < j < k) + d * exp(-e * (x[0] - f)**2)

    where:
    - a, c, d, e and f are scaling parameters.
    - b_i are frequency parameters for each dimension.
    ",,,,7,5,0.08098090747254014,0.3419323650524907,0.14819917736570984,0.36522033540726495,0.007370149080627559,0.019217835751652944,0.10416263798384616,0.13308219202140728
"import numpy as np

def problem(x: np.ndarray) -> float:
    """"""
    A synthetic benchmark function designed to approximate specific ELA features.
    This function utilizes a combination of exponential terms, rational terms, and a
    distance-based term to generate a complex landscape with controlled characteristics.

    Formula:
    f(x) = sum(a * exp(-b * ||x - center||_1)) + sum(c / (1 + d * x_i**2)) + e * x[0]^3 * x[1]

    where:
    - a, b, c, d, and e are scaling coefficients.
    - center is a fixed point in the search space.
    - ||.||_1 denotes the Manhattan (L1) norm.
    """"""
    n = len(x)
    a = 0.5  # Amplitude of the exponential term
    b = 0.2  # Decay rate of the exponential term
    c = 0.3  # Scale of the rational term
    d = 0.5  # Width parameter of the rational term
    e = 0.01 # scale affecting the skew
    center = np.array([0.5, -0.2, 0.1, -0.3, 0.4])  # Center point for the distance calculation

    term1 = np.sum(a * np.exp(-b * np.sum(np.abs(x - center)))) # exponential
    term2 = np.sum(c / (1 + d * x**2)) # rational terms
    term3 = e * x[0]**3 * x[1] # introduces some skew

    return term1 + term2 + term3",1.153943217291851,"
    A synthetic benchmark function designed to approximate specific ELA features.
    This function utilizes a combination of exponential terms, rational terms, and a
    distance-based term to generate a complex landscape with controlled characteristics.

    Formula:
    f(x) = sum(a * exp(-b * ||x - center||_1)) + sum(c / (1 + d * x_i**2)) + e * x[0]^3 * x[1]

    where:
    - a, b, c, d, and e are scaling coefficients.
    - center is a fixed point in the search space.
    - ||.||_1 denotes the Manhattan (L1) norm.
    ",,,,7,5,0.07971317154300388,0.5089670829797251,0.2013563079714816,0.4972294380548146,0.0023945625137915035,0.807072016626729,0.015877913542492295,0.8287714687659301
"import numpy as np

def problem(x: np.ndarray) -> float:
    """"""
    Synthetic benchmark function with specific ELA characteristics.

    This function uses a combination of trigonometric, exponential, polynomial,
    and interaction terms to create a complex landscape.

    Formula:
    f(x) = sum(sin(x_i)^2) + sum(exp(-x_i^2)) + (x[0] + 1)^3 + 0.5 * sum(x[i] * x[j] for i in range(n) for j in range(i + 1, n)) + 0.1 * sum(x_i^4)
    """"""
    n = len(x)
    trigonometric_term = np.sum(np.sin(x)**2)
    exponential_term = np.sum(np.exp(-x**2))
    skewness_term = (x[0] + 1)**3
    interaction_term = 0.5 * np.sum(x[i] * x[j] for i in range(n) for j in range(i + 1, n))
    polynomial_term = 0.1 * np.sum(x**4)
    return trigonometric_term + exponential_term + skewness_term + interaction_term + polynomial_term",0.6829250891608218,"
    Synthetic benchmark function with specific ELA characteristics.

    This function uses a combination of trigonometric, exponential, polynomial,
    and interaction terms to create a complex landscape.

    Formula:
    f(x) = sum(sin(x_i)^2) + sum(exp(-x_i^2)) + (x[0] + 1)^3 + 0.5 * sum(x[i] * x[j] for i in range(n) for j in range(i + 1, n)) + 0.1 * sum(x_i^4)
    ",,,,7,5,0.14626709263398524,0.05856339346369068,0.8740565721600629,0.5099223658478529,0.4533167319163102,0.5055662906078291,0.8810346391618253,0.9786825284645408
"import numpy as np

def problem(x: np.ndarray) -> float:
    """"""
    Synthetic benchmark function designed to match specific ELA features.

    This function combines a core quadratic term, scaled interactions,
    a skewed exponential term, and a small periodic component. Coefficients are chosen
    to influence the desired ELA characteristics.

    Formula:
    f(x) = a * sum((x_i - b)^2) + c * sum(x_i^0.5 * x_j^0.5 for i < j) + d * exp(e * x[0]) + f * sum(sin(g * x))
    where n is the dimension of x and a, b, c, d, e, f, g are coefficients.
    """"""
    n = len(x)
    a = 0.1  # Quadratic term scaling
    b = 1.0  # Shift for quadratic term
    c = 0.02 # Interaction strength
    d = 0.1   # Skewness amplitude
    e = 0.5   # Skewness exponent
    f = 0.01  # Ruggedness amplitude
    g = 2.0   # Ruggedness frequency

    quadratic_term = a * np.sum((x - b)**2)
    interaction_term = c * np.sum(np.sqrt(x[i] * x[j]) for i in range(n) for j in range(i + 1, n)) \
                       if all(x >= 0) else 0.0 # Ensure x_i * x_j >= 0
    skewness_term = d * np.exp(e * x[0])
    ruggedness_term = f * np.sum(np.sin(g * x))

    return quadratic_term + interaction_term + skewness_term + ruggedness_term",0.9454863534647232,"
    Synthetic benchmark function designed to match specific ELA features.

    This function combines a core quadratic term, scaled interactions,
    a skewed exponential term, and a small periodic component. Coefficients are chosen
    to influence the desired ELA characteristics.

    Formula:
    f(x) = a * sum((x_i - b)^2) + c * sum(x_i^0.5 * x_j^0.5 for i < j) + d * exp(e * x[0]) + f * sum(sin(g * x))
    where n is the dimension of x and a, b, c, d, e, f, g are coefficients.
    ",,,,8,5,0.11088471985568535,0.1822102326731249,0.9210185997005028,0.3826628941114268,0.31494055365948087,0.33071945194888863,0.9977823021873757,0.9989364782983873
"import numpy as np

def problem(x: np.ndarray) -> float:
    """"""
    Synthetic benchmark function designed to approximate specific ELA features.

    This function combines a logarithmic quadratic term, a polynomial kernel for interactions,
    a skewed component, and a distance based term to create a complex landscape.

    Formula:
    f(x) = a * sum(log(1 + x_i^2)) + b * (sum(x_i)^2) + c * (x[0] - 1)**3 + d * ||x - center||,

    where:
    - a, b, c, and d are scaling coefficients.
    - center is a fixed point in the search space.
    - ||.|| denotes the Euclidean norm.
    """"""
    n = len(x)
    a = 0.3 # Scale of the log-quadratic term
    b = 0.05 # Scale of the polynomial kernel
    c = 0.12 # Scale of the skewness term
    d = 0.01 # Scale of the distance term
    center = np.array([0.5, -0.2, 0.1, -0.8, 0.3]) # Center point for distance calculation

    term1 = a * np.sum(np.log(1 + x**2)) # Use log to influence fitness_std
    term2 = b * (np.sum(x)**2)  # Polynomial kernel interaction, influences interaction R2
    term3 = c * (x[0] - 1)**3 # Skewness term
    term4 = d * np.linalg.norm(x - center) # Distance term

    return term1 + term2 + term3 + term4",0.42397000137768326,"
    Synthetic benchmark function designed to approximate specific ELA features.

    This function combines a logarithmic quadratic term, a polynomial kernel for interactions,
    a skewed component, and a distance based term to create a complex landscape.

    Formula:
    f(x) = a * sum(log(1 + x_i^2)) + b * (sum(x_i)^2) + c * (x[0] - 1)**3 + d * ||x - center||,

    where:
    - a, b, c, and d are scaling coefficients.
    - center is a fixed point in the search space.
    - ||.|| denotes the Euclidean norm.
    ",,,,8,5,0.06713381995292456,0.3457212780920257,0.5618276850355887,0.5846545815562618,0.6732911995355998,0.8051147432670495,0.7707334232768922,0.9988882269190937
"import numpy as np

def problem(x: np.ndarray) -> float:
    """"""
    A synthetic benchmark function designed to exhibit specific ELA features.
    This function combines trigonometric functions with scaled and shifted quadratic components
    to create a complex and tunable landscape.

    Formula:
    f(x) = a * sum(cos(b * x_i) * x_i**2 + c*sin(d * x_i) * x_j for i in range(n) for j in range(n)), i!=j
           + e * (x[0] - shift)**3 + f * ||x||^2

    where:
    - a, b, c, d, e, f are scaling and frequency coefficients.
    - shift is a constant shift applied to the first dimension for skewness.
    - ||.|| denotes the Euclidean norm.
    """"""
    n = len(x)
    a = 0.05  # Scaling factor for the trigonometric sum
    b = 0.5   # Frequency factor for cosine
    c = 0.03   # Scaling factor for sine
    d = 1.2  # Frequency factor for sine
    e = 0.04  # Skewness factor
    f = 0.1  # Quadratic scaling factor
    shift = 1.0 # Shift for the skewness term

    trigonometric_sum = 0.0
    for i in range(n):
         for j in range(n):
            if i != j:
                trigonometric_sum += np.cos(b * x[i]) * x[i]**2 + c * np.sin(d * x[i]) * x[j]
    skewness_term = e * (x[0] - shift)**3
    quadratic_term = f * np.linalg.norm(x)**2

    return a * trigonometric_sum + skewness_term + quadratic_term",0.8125804712769988,"
    A synthetic benchmark function designed to exhibit specific ELA features.
    This function combines trigonometric functions with scaled and shifted quadratic components
    to create a complex and tunable landscape.

    Formula:
    f(x) = a * sum(cos(b * x_i) * x_i**2 + c*sin(d * x_i) * x_j for i in range(n) for j in range(n)), i!=j
           + e * (x[0] - shift)**3 + f * ||x||^2

    where:
    - a, b, c, d, e, f are scaling and frequency coefficients.
    - shift is a constant shift applied to the first dimension for skewness.
    - ||.|| denotes the Euclidean norm.
    ",,,,8,5,0.04644314131921266,0.5312910829054112,0.05886329798965929,0.39708865112778635,0.5609401301640352,0.5638196476553676,0.770340082646854,0.8384433703059866
"import numpy as np

def problem(x: np.ndarray) -> float:
    """"""
    Synthetic benchmark function for ELA, combining radial basis functions with polynomial and interaction terms.

    The function uses radial basis functions (RBFs) to create local optima and modulates
    them with polynomial terms and interactions to sculpt the global landscape. The RBF centers are fixed.

    Formula:
    f(x) = sum( a_i * exp(-||x - c_i||^2 / (2 * sigma^2)) ) + b * sum(x_i^3) +
           d * sum(x_i * x_j for i < j) + e * x[0]**5

    where:
      - a_i are the RBF amplitudes.
      - c_i are the RBF centers.
      - sigma is the RBF width.
      - b, d, e are scaling factors for polynomial and interaction terms.
    """"""
    n = len(x)
    sigma = 1.0 # RBF width

    # Fixed RBF centers and amplitudes.
    centers = np.array([[1.0, -1.0, 0.5, -0.2, 0.8],
                        [-0.5, 0.3, -0.9, 1.2, -0.4],
                        [0.2, 0.7, 1.1, -0.6, 0.1]])

    amplitudes = np.array([0.5, -0.3, 0.4])

    rbf_term = np.sum(amplitudes[i] * np.exp(-np.linalg.norm(x - centers[i])**2 / (2 * sigma**2))
                       for i in range(len(amplitudes)))

    b = 0.03  # Scale for the cubic term
    cubic_term = b * np.sum(x**3)

    d = 0.01 # Scale for the interaction term
    interaction_term = d * np.sum(x[i] * x[j] for i in range(n) for j in range(i + 1, n))

    e = 0.005 # Scale for the 5th power term to create skewness
    skewness_term = e * x[0]**5

    return rbf_term + cubic_term + interaction_term + skewness_term",0.49430457702088143,"
    Synthetic benchmark function for ELA, combining radial basis functions with polynomial and interaction terms.

    The function uses radial basis functions (RBFs) to create local optima and modulates
    them with polynomial terms and interactions to sculpt the global landscape. The RBF centers are fixed.

    Formula:
    f(x) = sum( a_i * exp(-||x - c_i||^2 / (2 * sigma^2)) ) + b * sum(x_i^3) +
           d * sum(x_i * x_j for i < j) + e * x[0]**5

    where:
      - a_i are the RBF amplitudes.
      - c_i are the RBF centers.
      - sigma is the RBF width.
      - b, d, e are scaling factors for polynomial and interaction terms.
    ",,,,8,5,0.1007186330725265,0.37788289287747534,0.3389893364927258,0.4793244339005554,0.7356534220484993,0.7417150533646991,0.7357051205134693,0.9923403427737866
"import numpy as np

def problem(x: np.ndarray) -> float:
    """"""
    Synthetic benchmark function combining radial basis functions (RBFs),
    a skewness term, and a non-linear component based on vector length.
    This design introduces locality and interactions centered at multiple design points.

    Formula:
    f(x) = sum(a_i * exp(-||x - c_i||^2 / (2 * sigma_i^2))) + b * (x[0] + 1)**3 + c * log(1 + ||x||)

    where:
    - a_i are amplitudes for each RBF.
    - c_i are the centers of the RBFs.
    - sigma_i are the standard deviations of the RBFs (widths).
    - ||.|| denotes the Euclidean norm.
    - b is coefficient for skewness term
    - c is coefficient for log vector length term
    """"""
    n = len(x)
    rbf_centers = np.array([[0.5, -0.2, 0.1, 0.8, -0.3],
                            [-0.1, 0.9, -0.7, 0.2, 0.5],
                            [0.8, 0.3, 0.6, -0.9, 0.1]])
    rbf_amplitudes = np.array([0.3, -0.5, 0.2])
    rbf_sigmas = np.array([0.5, 0.8, 0.3])

    rbf_term = np.sum(rbf_amplitudes[i] * np.exp(-np.linalg.norm(x - rbf_centers[i])**2 / (2 * rbf_sigmas[i]**2)) for i in range(len(rbf_centers)))

    skewness_coeff = 0.2
    skewness_term = skewness_coeff * (x[0] + 1)**3

    vector_length_coeff = 0.1
    vector_length_term = vector_length_coeff * np.log(1 + np.linalg.norm(x))
    return rbf_term + skewness_term + vector_length_term",0.31176000585510627,"
    Synthetic benchmark function combining radial basis functions (RBFs),
    a skewness term, and a non-linear component based on vector length.
    This design introduces locality and interactions centered at multiple design points.

    Formula:
    f(x) = sum(a_i * exp(-||x - c_i||^2 / (2 * sigma_i^2))) + b * (x[0] + 1)**3 + c * log(1 + ||x||)

    where:
    - a_i are amplitudes for each RBF.
    - c_i are the centers of the RBFs.
    - sigma_i are the standard deviations of the RBFs (widths).
    - ||.|| denotes the Euclidean norm.
    - b is coefficient for skewness term
    - c is coefficient for log vector length term
    ",,,,8,5,0.14553606263941524,0.1844167284743212,0.4586235903032983,0.6439628760850072,0.758927553584648,0.7613354511439397,0.8999094222698565,0.9999998637693996
"import numpy as np

def problem(x: np.ndarray) -> float:
    """"""
    A synthetic benchmark function combining quadratic, linear, interaction, skewness, and periodic components.

    This function aims to create a landscape with targeted ELA properties by non-linearly combining quadratic, linear,
    and interaction terms, along with skewness and ruggedness.

    Formula:
    f(x) = q + l + product(sin(b * x_i) * (x_i + a_i) * (x_j + a_j) for i < j) + c * (x_0 - d)**3 + e * sum(cos(k * x_i))
    where:
       - q is a shifted quadratic bowl: sum((x_i - shift_i)^2)
       - l is a weighted linear sum: sum(w_i * x_i)
       - a, b, c, d, e, k, shift, w are parameters to control the function's characteristics.
    """"""
    n = len(x)
    shift = np.array([0.5, -0.3, 0.2, -0.1, 0.4])
    w = np.array([0.2, -0.1, 0.15, -0.05, 0.1])
    a = 0.1
    b = 1.2
    c = 0.15
    d = 0.8
    e = 0.03
    k = 3.0

    quadratic_term = np.sum((x - shift)**2)
    linear_term = np.sum(w * x)
    interaction_term = 1.0 # Initialize to 1.0 for product
    for i in range(n):
        for j in range(i + 1, n):
            interaction_term *= np.sin(b * x[i]) * (x[i] + a) * (x[j] + a)
    skewness_term = c * (x[0] - d)**3
    periodic_term = e * np.sum(np.cos(k * x))

    return quadratic_term + linear_term + interaction_term + skewness_term + periodic_term",1.9522544659898056,"
    A synthetic benchmark function combining quadratic, linear, interaction, skewness, and periodic components.

    This function aims to create a landscape with targeted ELA properties by non-linearly combining quadratic, linear,
    and interaction terms, along with skewness and ruggedness.

    Formula:
    f(x) = q + l + product(sin(b * x_i) * (x_i + a_i) * (x_j + a_j) for i < j) + c * (x_0 - d)**3 + e * sum(cos(k * x_i))
    where:
       - q is a shifted quadratic bowl: sum((x_i - shift_i)^2)
       - l is a weighted linear sum: sum(w_i * x_i)
       - a, b, c, d, e, k, shift, w are parameters to control the function's characteristics.
    ",,,,8,5,-0.80474404010243,0.3243845182110379,-0.08681012381201662,0.9866910660211092,0.007123768556311946,0.05228032333831542,0.007998916042650598,0.0755349072338028
"import numpy as np

def problem(x: np.ndarray) -> float:
    """"""
    Synthetic benchmark function designed to match specific ELA features.

    This function combines a scaled quadratic bowl, trigonometric functions of variable products,
    a linear term, and a component for skewness. It aims to approximate the specified ELA features.

    Formula:
    f(x) = a * sum((x_i - b_i)^2) + c * sum(sin(x_i * x_j) for i < j) + d * sum(x) + e * (x[0])^3

    where:
    - a, b, c, d, e are scaling coefficients.
    """"""
    n = len(x)
    a = 0.15  # Quadratic scaling factor
    b = np.array([0.2, -0.1, 0.15, -0.05, -0.2]) # shift for quadratic
    c = 0.2  # Scaling for the trigonometric term
    d = 0.05  # Linear term scaling factor
    e = 0.2  # Skewness term scaling factor

    quadratic_term = a * np.sum((x - b)**2) # Scaled and shifted quadratic bowl
    trigonometric_term = 0.0
    for i in range(n):
        for j in range(i + 1, n):
            trigonometric_term += np.sin(x[i] * x[j]) # Interactions created with sine
    trigonometric_term *= c

    linear_term = d * np.sum(x) # Linear term adds overall gradient
    skewness_term = e * (x[0])**3 # Skewness term

    return quadratic_term + trigonometric_term + linear_term + skewness_term",0.43495351509351166,"
    Synthetic benchmark function designed to match specific ELA features.

    This function combines a scaled quadratic bowl, trigonometric functions of variable products,
    a linear term, and a component for skewness. It aims to approximate the specified ELA features.

    Formula:
    f(x) = a * sum((x_i - b_i)^2) + c * sum(sin(x_i * x_j) for i < j) + d * sum(x) + e * (x[0])^3

    where:
    - a, b, c, d, e are scaling coefficients.
    ",,,,8,5,0.11233913599618943,0.29310080581472153,0.5771784075745436,0.5536824331726564,0.7820402387683073,0.7857657304563841,0.8494765614680662,0.9979870424664543
"import numpy as np

def problem(x: np.ndarray) -> float:
    """"""
    Synthetic benchmark function combining a quadratic bowl, modulated interactions,
    a skewed exponential term, and a distance penalty.

    Formula:
    f(x) = a * sum((x_i - c_i)**2) + b * sum(sin(x_i) * x_j for i < j) +
           d * exp(e * x[0]) + f * ||x - g||

    where:
        a = 0.1  (quadratic weight)
        b = 0.05 (interaction weight)
        c = [0.1, -0.1, 0.2, -0.2, 0.0] (quadratic center shift)
        d = 1.0 (exponential weight)
        e = -0.2 (exponential scaling for skew) Important: make this negative for skew > 0 with exp
        f = 0.01 (distance penalty weight)
        g = [0.5, 0, -0.5, 0, 0.25] (center offset)
    """"""
    n = len(x)
    a = 0.1
    b = 0.05
    c = np.array([0.1, -0.1, 0.2, -0.2, 0.0])
    d = 1.0
    e = -0.2 # Important: make this negative for skew > 0 with exp
    f = 0.01
    g = np.array([0.5, 0, -0.5, 0, 0.25])

    quadratic_term = a * np.sum((x - c)**2)

    interaction_term = 0.0
    for i in range(n):
        for j in range(i + 1, n):
            interaction_term += np.sin(x[i]) * x[j]
    interaction_term *= b

    skewness_term = d * np.exp(e * x[0]) #Exponential skew

    distance_term = f * np.linalg.norm(x - g)

    return quadratic_term + interaction_term + skewness_term + distance_term",1.1239041351066217,"
    Synthetic benchmark function combining a quadratic bowl, modulated interactions,
    a skewed exponential term, and a distance penalty.

    Formula:
    f(x) = a * sum((x_i - c_i)**2) + b * sum(sin(x_i) * x_j for i < j) +
           d * exp(e * x[0]) + f * ||x - g||

    where:
        a = 0.1  (quadratic weight)
        b = 0.05 (interaction weight)
        c = [0.1, -0.1, 0.2, -0.2, 0.0] (quadratic center shift)
        d = 1.0 (exponential weight)
        e = -0.2 (exponential scaling for skew) Important: make this negative for skew > 0 with exp
        f = 0.01 (distance penalty weight)
        g = [0.5, 0, -0.5, 0, 0.25] (center offset)
    ",,,,8,5,0.10892232775647591,0.2309311474842539,0.9146819108134641,0.3346674505351454,0.15450607387529594,0.17059418101731835,0.9715473490551177,0.9729311851407868
"import numpy as np

def problem(x: np.ndarray) -> float:
    """"""
    Synthetic benchmark function designed to match specific ELA features.

    This function combines polynomial, exponential, and noise terms to create a complex landscape
    with specific properties. The goal is to approximate target ELA features related to
    linearity, skewness, fitness distribution, and nearest-better component analysis.

    Formula:
    f(x) = a * sum(x_i^4) + b * sum(exp(-c * x_i)) + d * (x[0] - e)**3 + f * sum(sin(g*x_i) * x_i)

    where:
    - a, b, c, d, e, f, and g are scaling coefficients.
    """"""
    n = len(x)
    a = 0.01  # Quartic term coefficient
    b = 0.1   # Exponential term coefficient
    c = 0.2   # Exponential decay rate
    d = 0.3   # Skewness term coefficient
    e = 1.0   # Skewness term shift
    f = 0.05  # Interaction Sine term coeff
    g = 4.0   # Freq of interaciton sine term

    quartic_term = a * np.sum(x**4)
    exponential_term = b * np.sum(np.exp(-c * x))
    skewness_term = d * (x[0] - e)**3
    interaction_term = f*np.sum(np.sin(g*x)*x)
    return quartic_term + exponential_term + skewness_term + interaction_term",0.4887057737967332,"
    Synthetic benchmark function designed to match specific ELA features.

    This function combines polynomial, exponential, and noise terms to create a complex landscape
    with specific properties. The goal is to approximate target ELA features related to
    linearity, skewness, fitness distribution, and nearest-better component analysis.

    Formula:
    f(x) = a * sum(x_i^4) + b * sum(exp(-c * x_i)) + d * (x[0] - e)**3 + f * sum(sin(g*x_i) * x_i)

    where:
    - a, b, c, d, e, f, and g are scaling coefficients.
    ",,,,8,5,0.05816895555168438,0.36294853908576064,0.5621875597464325,0.5774086565189989,0.7695553582844968,0.7728924137629657,0.8925512527137204,0.9963181908287827
"import numpy as np

def problem(x: np.ndarray) -> float:
    """"""
    A synthetic benchmark function designed to exhibit specific ELA features.
    The function combines a squared distance, scaled linear terms, exponential interactions,
    and an exponential skewness term.

    Formula:
    f(x) = ||x - shift||^2 + sum(a_i * x_i) + sum(exp(-b * (x_i + x_j)^2) for i < j) + c * exp(d * x_0)

    where:
    - shift, a, b, c, d are scaling/shifting factors to tune the ELA features.
    - ||x|| represents the Euclidean norm.
    """"""
    n = len(x)
    shift = np.array([0.5, -0.1, 0.2, -0.3, 0.4]) # Shift vector for the quadratic
    a = np.array([0.1, -0.05, 0.02, -0.01, 0.03]) # Linear coefficients
    b = 0.1  # Scaling factor for the exponential interaction
    c = 0.05 # Scale of the exponential skewness term
    d = -0.2 # Rate parameter for exponential skewness (negative for desired skew).

    shifted_quadratic_term = np.sum((x - shift)**2)
    linear_term = np.sum(a * x)
    interaction_term = 0.0
    for i in range(n):
        for j in range(i + 1, n):
            interaction_term += np.exp(-b * (x[i] + x[j])**2)
    skewness_term = c * np.exp(d * x[0])

    return shifted_quadratic_term + linear_term + interaction_term + skewness_term",1.2332996156804148,"
    A synthetic benchmark function designed to exhibit specific ELA features.
    The function combines a squared distance, scaled linear terms, exponential interactions,
    and an exponential skewness term.

    Formula:
    f(x) = ||x - shift||^2 + sum(a_i * x_i) + sum(exp(-b * (x_i + x_j)^2) for i < j) + c * exp(d * x_0)

    where:
    - shift, a, b, c, d are scaling/shifting factors to tune the ELA features.
    - ||x|| represents the Euclidean norm.
    ",,,,8,5,0.10721542036282541,0.22105260022538242,0.91930005450561,0.3260391293582106,0.05821909290285638,0.07983192872616392,0.995455912190283,0.9991461748478832
"import numpy as np

def problem(x: np.ndarray) -> float:
    """"""
    Synthetic benchmark function combining cosine functions with varying frequencies,
    a quadratic term, and a non-linear component based on vector length scaled by a sigmoid.
    This design creates a multi-modal yet structured landscape with varying degrees of epistasis.

    Formula:
    f(x) = sum(a_i * cos(b_i * x[i])) + c * ||x||^2 + d * sigmoid(||x||)

    where:
    - a_i are amplitudes for each cosine term.
    - b_i are frequencies for each cosine term.
    - ||.|| denotes the Euclidean norm.
    - c is coefficient for quadratic term
    - d is coefficient for the sigmoid vector length term
    - sigmoid(z) = 1 / (1 + exp(-z))
    """"""
    n = len(x)
    cos_amplitudes = np.array([0.5, -0.3, 0.2, 0.4, -0.1])
    cos_frequencies = np.array([1.2, 0.8, 1.5, 0.5, 1.0])

    cosine_term = np.sum(cos_amplitudes[i] * np.cos(cos_frequencies[i] * x[i]) for i in range(n))

    quadratic_coeff = 0.05
    quadratic_term = quadratic_coeff * np.linalg.norm(x)**2

    sigmoid_coeff = 0.15
    vector_length = np.linalg.norm(x)
    sigmoid_value = 1 / (1 + np.exp(-vector_length))
    sigmoid_term = sigmoid_coeff * sigmoid_value

    return cosine_term + quadratic_term + sigmoid_term",1.251992367192242,"
    Synthetic benchmark function combining cosine functions with varying frequencies,
    a quadratic term, and a non-linear component based on vector length scaled by a sigmoid.
    This design creates a multi-modal yet structured landscape with varying degrees of epistasis.

    Formula:
    f(x) = sum(a_i * cos(b_i * x[i])) + c * ||x||^2 + d * sigmoid(||x||)

    where:
    - a_i are amplitudes for each cosine term.
    - b_i are frequencies for each cosine term.
    - ||.|| denotes the Euclidean norm.
    - c is coefficient for quadratic term
    - d is coefficient for the sigmoid vector length term
    - sigmoid(z) = 1 / (1 + exp(-z))
    ",,,,9,5,0.1027668044892396,0.23874339721624954,0.7180701788712229,0.2589349575568717,0.0022723306733042612,0.017367111191023497,0.8364220867945147,0.8368989544425588
"import numpy as np

def problem(x: np.ndarray) -> float:
    """"""
    Synthetic benchmark function designed to approximate specific ELA features.

    This function combines a scaled Rastrigin-like component, a polynomial interaction term,
    a skewed Gaussian, and a distance-based penalty.

    Formula:
    f(x) = a * sum(x_i^2 + cos(2*pi*x_i)) + b * (sum(x_i))^4 + c * exp(-((x[0] - 1)/sigma)**2) + d * ||x - center||^2

    where:
    - a, b, c, and d are scaling coefficients.
    - center is a fixed point in the search space.
    - sigma controls the width of the Gaussian peak.
    - ||.|| denotes the Euclidean norm.
    """"""
    n = len(x)
    a = 0.1       # Scale of the Rastrigin-like term
    b = 0.0005    # Scale of the polynomial interaction
    c = 0.5       # Scale of the skewed Gaussian term
    d = 0.005     # Scale of the distance penalty

    center = np.array([0.5, -0.2, 0.1, -0.8, 0.3]) # Center point for distance calculation
    sigma = 0.7 # Skewed Gaussian Width

    term1 = a * np.sum(x**2 + np.cos(2 * np.pi * x))
    term2 = b * (np.sum(x))**4
    term3 = c * np.exp(-((x[0] - 1)/sigma)**2)
    term4 = d * np.linalg.norm(x - center)**2

    return term1 + term2 + term3 + term4",0.9723920629452815,"
    Synthetic benchmark function designed to approximate specific ELA features.

    This function combines a scaled Rastrigin-like component, a polynomial interaction term,
    a skewed Gaussian, and a distance-based penalty.

    Formula:
    f(x) = a * sum(x_i^2 + cos(2*pi*x_i)) + b * (sum(x_i))^4 + c * exp(-((x[0] - 1)/sigma)**2) + d * ||x - center||^2

    where:
    - a, b, c, and d are scaling coefficients.
    - center is a fixed point in the search space.
    - sigma controls the width of the Gaussian peak.
    - ||.|| denotes the Euclidean norm.
    ",,,,9,5,0.24713258691073617,0.040242785585082194,0.8772925663228188,0.678964570594809,0.0048188485952874284,0.6313935470007447,0.262481590345111,0.87461116053033
"import numpy as np

def problem(x: np.ndarray) -> float:
    """"""
    Synthetic benchmark function designed to approximate specific ELA features.

    This function combines a quadratic term, a polynomial kernel for interactions,
    a skewed component, and a distance based term to create a complex landscape.
    It also incorporates trigonometric functions for added complexity.

    Formula:
    f(x) = a * sum(x_i^2) + b * (sum(x_i)^2) + c * (x[0] - 1)**3 + d * ||x - center|| + e * sum(sin(x_i)),

    where:
    - a, b, c, d, and e are scaling coefficients.
    - center is a fixed point in the search space.
    - ||.|| denotes the Euclidean norm.
    """"""
    n = len(x)
    a = 0.2  # Scale of the quadratic term
    b = 0.08 # Scale of the polynomial kernel
    c = 0.15 # Scale of the skewness term
    d = 0.012 # Scale of the distance term
    e = 0.005 # Scale of the trigonometric term
    center = np.array([0.5, -0.2, 0.1, -0.8, 0.3]) # Center point for distance calculation

    term1 = a * np.sum(x**2) # Quadratic term - influence quad_simple R2
    term2 = b * (np.sum(x)**2)  # Polynomial kernel interaction, influences interaction R2
    term3 = c * (x[0] - 1)**3 # Skewness term
    term4 = d * np.linalg.norm(x - center) # Distance term influences fitness_dist
    term5 = e * np.sum(np.sin(x)) # Trigonometric term for added complexity

    return term1 + term2 + term3 + term4 + term5",0.46450144285687356,"
    Synthetic benchmark function designed to approximate specific ELA features.

    This function combines a quadratic term, a polynomial kernel for interactions,
    a skewed component, and a distance based term to create a complex landscape.
    It also incorporates trigonometric functions for added complexity.

    Formula:
    f(x) = a * sum(x_i^2) + b * (sum(x_i)^2) + c * (x[0] - 1)**3 + d * ||x - center|| + e * sum(sin(x_i)),

    where:
    - a, b, c, d, and e are scaling coefficients.
    - center is a fixed point in the search space.
    - ||.|| denotes the Euclidean norm.
    ",,,,9,5,0.09367568810440702,0.2777884369846965,0.6668115340555518,0.5269937077839834,0.5583322440214907,0.7438530030358186,0.7392023485650111,0.9999998189304159
"import numpy as np

def problem(x: np.ndarray) -> float:
    """"""
    A synthetic benchmark function designed to approximate specific ELA features.
    This function combines a weighted sum of trigonometric functions,
    a quadratic term with interactions, and a skewed polynomial to create a complex landscape.

    Formula:
    f(x) = sum(a_i * cos(b_i * x_i)) + c * sum(x_i * x_{i+1}) + d * sum(x_i^3 * sin(x_i))

    where:
    - a_i, b_i are coefficient arrays controlling amplitude and frequency of cosine terms
    - c is the scaling factor for the quadratic interaction term.
    - d is the scaling factor for the skewed polynomial term.
    """"""
    n = len(x)
    a = np.array([0.6, 0.4, 0.5, 0.3, 0.7])  # Amplitudes for cosine terms
    b = np.array([1.1, 0.9, 1.2, 0.8, 1.0])  # Frequencies for cosine terms
    c = 0.05  # Scale for quadratic interaction
    d = 0.04  # Scale for the skewed polynomial

    term1 = np.sum(a * np.cos(b * x))
    term2 = 0.0
    for i in range(n - 1):
        term2 += x[i] * x[i+1]
    term2 *= c

    term3 = d * np.sum(x**3 * np.sin(x))

    return term1 + term2 + term3",1.338376333021724,"
    A synthetic benchmark function designed to approximate specific ELA features.
    This function combines a weighted sum of trigonometric functions,
    a quadratic term with interactions, and a skewed polynomial to create a complex landscape.

    Formula:
    f(x) = sum(a_i * cos(b_i * x_i)) + c * sum(x_i * x_{i+1}) + d * sum(x_i^3 * sin(x_i))

    where:
    - a_i, b_i are coefficient arrays controlling amplitude and frequency of cosine terms
    - c is the scaling factor for the quadratic interaction term.
    - d is the scaling factor for the skewed polynomial term.
    ",,,,9,5,0.07813282067295974,0.4376074141560454,-0.07762915246613651,0.2388908333025367,0.003393881477174273,0.04967169639651756,0.8641440038791638,0.9269411965662796
"import numpy as np

def problem(x: np.ndarray) -> float:
    """"""
    Synthetic benchmark function combining a weighted sum of linear terms,
    quadratic element, a Gaussian component, and a low-frequency cosine wave.
    This design aims for moderate linearity with interactions.

    Formula:
    f(x) = sum(w_i * x_i) + a * ||x||^2 + b * exp(-||x - c||^2 / (2 * sigma^2)) + d * cos(e * ||x||)

    where:
    - w_i are the weights for the linear terms.
    - x_i are the components of the input vector x.
    - ||x|| is the Euclidean norm of x.
    - a is coefficient for quadratic term
    - b is the amplitude of the Gaussian component.
    - c is the center of the Gaussian component.
    - sigma is the width parameter of the Gaussian component.
    - d is cosine wave amplitude
    - e is cosine wave parameter
    """"""
    n = len(x)
    weights = np.array([0.1, -0.2, 0.3, -0.1, 0.2])
    linear_term = np.sum(weights * x)

    quadratic_coeff = 0.05
    quadratic_term = quadratic_coeff * np.linalg.norm(x)**2

    gaussian_amplitude = 0.4
    gaussian_center = np.array([0.2, -0.1, 0.0, 0.3, -0.2])
    gaussian_sigma = 0.7
    gaussian_term = gaussian_amplitude * np.exp(-np.linalg.norm(x - gaussian_center)**2 / (2 * gaussian_sigma**2))

    cosine_amplitude = 0.15
    cosine_frequency = 0.5
    cosine_term = cosine_amplitude * np.cos(cosine_frequency * np.linalg.norm(x))

    return linear_term + quadratic_term + gaussian_term + cosine_term",0.660685541319679,"
    Synthetic benchmark function combining a weighted sum of linear terms,
    quadratic element, a Gaussian component, and a low-frequency cosine wave.
    This design aims for moderate linearity with interactions.

    Formula:
    f(x) = sum(w_i * x_i) + a * ||x||^2 + b * exp(-||x - c||^2 / (2 * sigma^2)) + d * cos(e * ||x||)

    where:
    - w_i are the weights for the linear terms.
    - x_i are the components of the input vector x.
    - ||x|| is the Euclidean norm of x.
    - a is coefficient for quadratic term
    - b is the amplitude of the Gaussian component.
    - c is the center of the Gaussian component.
    - sigma is the width parameter of the Gaussian component.
    - d is cosine wave amplitude
    - e is cosine wave parameter
    ",,,,9,5,0.11165215180126015,0.1574466246971199,0.9248854596877434,0.5219931845731638,0.7069556171643314,0.7135433319013572,0.9993369611794369,0.9998704329180867
"import numpy as np

def problem(x: np.ndarray) -> float:
    """"""
    A synthetic benchmark function designed to exhibit specific ELA features.
    The function combines a quadratic bowl with modulated linear terms, interaction terms with a decreasing influence based on the distance from the origin,
    and an asymmetric term to introduce skewness.

    Formula:
    f(x) = sum(x_i^2) + sum(a_i * x_i * cos(b * ||x||)) + sum( (x_i * x_j) / (1 + c * ||x||) for i < j) + d * (x_0 - e)**3 if x[0] > e else 0 + f * sin(g * x[1])

    where:
    - a, b, c, d, e, f, g are scaling/shifting factors to tune the ELA features.
    - ||x|| represents the Euclidean norm.
    """"""
    n = len(x)
    a = np.array([0.2, -0.1, 0.1, -0.2, 0.05])  # Linear coefficients
    b = 0.1 # Frequency for cosine modulation of the linear term
    c = 0.2 # Attenuation factor for interaction strength
    d = 0.05  # Scale of the skewed term
    e = 0.5  # Shift for the skewed term
    f = 0.02  # Scale of the sine wave
    g = 1.0  # Frequency of the sine wave

    quadratic_term = np.sum(x**2)
    norm_x = np.linalg.norm(x)
    modulated_linear_term = np.sum(a * x * np.cos(b * norm_x))
    interaction_term = 0.0
    for i in range(n):
        for j in range(i + 1, n):
            interaction_term += (x[i] * x[j]) / (1 + c * norm_x)

    skewness_term = d * (x[0] - e)**3 if x[0] > e else 0.0  # Ensure real values, cubic power
    sin_term = f * np.sin(g * x[1])
    return quadratic_term + modulated_linear_term + interaction_term + skewness_term + sin_term",1.0267296226967666,"
    A synthetic benchmark function designed to exhibit specific ELA features.
    The function combines a quadratic bowl with modulated linear terms, interaction terms with a decreasing influence based on the distance from the origin,
    and an asymmetric term to introduce skewness.

    Formula:
    f(x) = sum(x_i^2) + sum(a_i * x_i * cos(b * ||x||)) + sum( (x_i * x_j) / (1 + c * ||x||) for i < j) + d * (x_0 - e)**3 if x[0] > e else 0 + f * sin(g * x[1])

    where:
    - a, b, c, d, e, f, g are scaling/shifting factors to tune the ELA features.
    - ||x|| represents the Euclidean norm.
    ",,,,9,5,0.12914012626704863,0.17127785178909394,0.8726247271279012,0.39882179519319844,0.007362381611707223,0.3376528213202066,0.7037563982585098,0.9976108411073863
"import numpy as np

def problem(x: np.ndarray) -> float:
    """"""
    Synthetic benchmark function combining a sum of cosines with different frequencies,
    a polynomial term to introduce skewness, and a non-linear term based on the product of dimensions.
    This creates a multi-modal landscape with varying degrees of epistasis.

    Formula:
    f(x) = sum(a_i * cos(omega_i * x[i])) + b * (x[0] + x[1])**4 + c * prod(x_i + 0.1)

    where:
    - a_i are amplitudes for each cosine wave.
    - omega_i are frequencies for each cosine wave.
    - b is coefficient for polynomial term
    - c is coefficient for the product term
    - x_i represents the i-th dimension of the input vector x.
    """"""
    n = len(x)
    amplitudes = np.array([1.2, 0.8, 0.5, 1.0, 0.7])
    frequencies = np.array([2.0, 1.5, 2.5, 1.0, 1.8])

    cosine_term = np.sum(amplitudes * np.cos(frequencies * x))

    polynomial_coeff = 0.05
    polynomial_term = polynomial_coeff * (x[0] + x[1])**4

    product_coeff = 0.01
    product_term = product_coeff * np.prod(x + 0.1)

    return cosine_term + polynomial_term + product_term",0.8498197023734769,"
    Synthetic benchmark function combining a sum of cosines with different frequencies,
    a polynomial term to introduce skewness, and a non-linear term based on the product of dimensions.
    This creates a multi-modal landscape with varying degrees of epistasis.

    Formula:
    f(x) = sum(a_i * cos(omega_i * x[i])) + b * (x[0] + x[1])**4 + c * prod(x_i + 0.1)

    where:
    - a_i are amplitudes for each cosine wave.
    - omega_i are frequencies for each cosine wave.
    - b is coefficient for polynomial term
    - c is coefficient for the product term
    - x_i represents the i-th dimension of the input vector x.
    ",,,,9,5,0.18840351125081867,0.024855358557188095,0.1507226940164584,0.7133342206189416,0.004086852670094008,0.5906858669258468,0.33922306237855054,0.9475201450349161
"import numpy as np

def problem(x: np.ndarray) -> float:
    """"""
    Synthetic benchmark function designed to match specific ELA features.

    The function combines quadratic, linear, and cubic components, as well as pairwise interactions,
    and a non-separable term created by the product of the first two variables.
    It is designed to approximate the target ELA features, including adjusted R^2 values for linear and quadratic models,
    skewness of the fitness distribution, and nearest-better connectivity features.
    The function's landscape is influenced by the interaction of all the components.

    Formula:
    f(x) = 0.2 * sum(x^2) + 0.03 * sum(x[i] * x[j] for i in range(n) for j in range(i + 1, n)) +
           0.05 * sum(x) + 0.1 * (x[0] + 1)**3 + 0.1 * x[0] * x[1]
    where n is the dimension of x.
    """"""
    n = len(x)
    quadratic_term = 0.2 * np.sum(x**2)
    interaction_term = 0.03 * np.sum(x[i] * x[j] for i in range(n) for j in range(i + 1, n))
    linear_term = 0.05 * np.sum(x)
    skewness_term = 0.1 * (x[0] + 1)**3
    non_separable_term = 0.1 * x[0] * x[1]
    return quadratic_term + interaction_term + linear_term + skewness_term + non_separable_term",0.5971069953513063,"
    Synthetic benchmark function designed to match specific ELA features.

    The function combines quadratic, linear, and cubic components, as well as pairwise interactions,
    and a non-separable term created by the product of the first two variables.
    It is designed to approximate the target ELA features, including adjusted R^2 values for linear and quadratic models,
    skewness of the fitness distribution, and nearest-better connectivity features.
    The function's landscape is influenced by the interaction of all the components.

    Formula:
    f(x) = 0.2 * sum(x^2) + 0.03 * sum(x[i] * x[j] for i in range(n) for j in range(i + 1, n)) +
           0.05 * sum(x) + 0.1 * (x[0] + 1)**3 + 0.1 * x[0] * x[1]
    where n is the dimension of x.
    ",,,,9,5,0.14416334940355074,0.1287438985859383,0.7906478113255349,0.5374490209168585,0.5001759879665594,0.5502646678808171,0.9053723468256152,1.0
"import numpy as np

def problem(x: np.ndarray) -> float:
    """"""
    A synthetic function combining a quadratic component, a sum of cosine waves
    with varying frequencies, and a term that emphasizes the interaction
    between the first two dimensions.

    Formula:
    f(x) = a * sum(x_i^2) + b * sum(cos(c_i * x_i)) + d * (x[0] * x[1])

    where:
    - x_i is element i of the input vector x.
    - a is coefficient for the quadratic term.
    - b is coefficient for the cosine term.
    - c_i are the frequencies for each cosine wave.
    - d is coefficient for the dimension interaction.
    """"""
    n = len(x)
    quadratic_coeff = 0.15
    cosine_coeff = 0.2
    interaction_coeff = 0.05
    frequencies = np.array([1.0, 2.0, 1.5, 0.8, 2.5])

    quadratic_term = quadratic_coeff * np.sum(x**2)
    cosine_term = cosine_coeff * np.sum(np.cos(frequencies * x))
    interaction_term = interaction_coeff * (x[0] * x[1])

    return quadratic_term + cosine_term + interaction_term",1.2818824221952057,"
    A synthetic function combining a quadratic component, a sum of cosine waves
    with varying frequencies, and a term that emphasizes the interaction
    between the first two dimensions.

    Formula:
    f(x) = a * sum(x_i^2) + b * sum(cos(c_i * x_i)) + d * (x[0] * x[1])

    where:
    - x_i is element i of the input vector x.
    - a is coefficient for the quadratic term.
    - b is coefficient for the cosine term.
    - c_i are the frequencies for each cosine wave.
    - d is coefficient for the dimension interaction.
    ",,,,9,5,0.10544540804293946,0.23433852659307447,0.9171619547498878,0.2897939307195853,0.0028925273128670203,0.057411547513598796,0.9597327756604066,0.9880283637007866
"import numpy as np

def problem(x: np.ndarray) -> float:
    """"""
    Synthetic benchmark function combining a scaled quadratic term,
    a product-based term, and a power function for skewness.

    Formula:
    f(x) = a * sum((x_i - b_i)**2) + c * prod(cos(d * x_i)) + e * (x[0]**5 + x[1]**3)

    where:
        a = 0.3 (quadratic weight)
        b = [0.2, -0.1, 0.2, -0.2, 0.1] (shift vector)
        c = 0.15 (product weight)
        d = 0.3 (cosine frequency)
        e = 0.25 (skewness weight)
    """"""

    n = len(x)
    a = 0.3
    b = np.array([0.2, -0.1, 0.2, -0.2, 0.1])
    c = 0.15
    d = 0.3
    e = 0.25

    quadratic_term = a * np.sum((x - b)**2)

    cosine_product = c * np.prod(np.cos(d * x))

    skew_term = e * (x[0]**5 + x[1]**3)


    return quadratic_term + cosine_product + skew_term",0.5461827745098135,"
    Synthetic benchmark function combining a scaled quadratic term,
    a product-based term, and a power function for skewness.

    Formula:
    f(x) = a * sum((x_i - b_i)**2) + c * prod(cos(d * x_i)) + e * (x[0]**5 + x[1]**3)

    where:
        a = 0.3 (quadratic weight)
        b = [0.2, -0.1, 0.2, -0.2, 0.1] (shift vector)
        c = 0.15 (product weight)
        d = 0.3 (cosine frequency)
        e = 0.25 (skewness weight)
    ",,,,9,5,0.09718994956435782,0.46296170096519057,0.44719124142429745,0.55540816011108,0.6735680594757212,0.6769548839959093,0.6748194555527744,0.9842737771702114
"import numpy as np

def problem(x: np.ndarray) -> float:
    """"""
    Synthetic benchmark function combining radial basis functions (RBFs),
    a skewness term, and a non-linear component based on vector length.
    This design introduces locality and interactions centered at multiple design points.

    Formula:
    f(x) = sum(a_i * exp(-||x - c_i||^2 / (2 * sigma_i^2))) + b * (x[0] + 1)**3 + c * log(1 + ||x||)

    where:
    - a_i are amplitudes for each RBF.
    - c_i are the centers of the RBFs.
    - sigma_i are the standard deviations of the RBFs (widths).
    - ||.|| denotes the Euclidean norm.
    - b is coefficient for skewness term
    - c is coefficient for log vector length term
    """"""
    n = len(x)
    rbf_centers = np.array([[0.5, -0.2, 0.1, 0.8, -0.3],
                            [-0.1, 0.9, -0.7, 0.2, 0.5],
                            [0.8, 0.3, 0.6, -0.9, 0.1],
                            [0.2, -0.6, 0.9, 0.4, -0.8]])
    rbf_amplitudes = np.array([0.03, -0.05, 0.02, 0.04])
    rbf_sigmas = np.array([0.5, 0.8, 0.3, 0.6])

    rbf_term = np.sum(rbf_amplitudes[i] * np.exp(-np.linalg.norm(x - rbf_centers[i])**2 / (2 * rbf_sigmas[i]**2)) for i in range(len(rbf_centers)))

    skewness_coeff = 0.25
    skewness_term = skewness_coeff * (x[0] + 1)**3

    vector_length_coeff = 0.05
    vector_length_term = vector_length_coeff * np.log(1 + np.linalg.norm(x))
    return rbf_term + skewness_term + vector_length_term",0.31168208850957174,"
    Synthetic benchmark function combining radial basis functions (RBFs),
    a skewness term, and a non-linear component based on vector length.
    This design introduces locality and interactions centered at multiple design points.

    Formula:
    f(x) = sum(a_i * exp(-||x - c_i||^2 / (2 * sigma_i^2))) + b * (x[0] + 1)**3 + c * log(1 + ||x||)

    where:
    - a_i are amplitudes for each RBF.
    - c_i are the centers of the RBFs.
    - sigma_i are the standard deviations of the RBFs (widths).
    - ||.|| denotes the Euclidean norm.
    - b is coefficient for skewness term
    - c is coefficient for log vector length term
    ",,,,10,5,0.14550350825837588,0.18455913095468054,0.45832171482372464,0.6442915552822506,0.7591805948958504,0.7615831362310111,0.8998741869057095,0.9999999841951557
"import numpy as np

def problem(x: np.ndarray) -> float:
    """"""
    Synthetic benchmark function designed to match specific ELA features.

    This function combines a scaled quadratic bowl, trigonometric functions of variable products,
    a linear term, and a component for skewness. It aims to approximate the specified ELA features.

    Formula:
    f(x) = a * sum((x_i - b_i)^2) + c * sum(sin(x_i * x_j) for i < j) + d * sum(x) + e * (x[0])^3

    where:
    - a, b, c, d, e are scaling coefficients.
    """"""
    n = len(x)
    a = 0.015  # Quadratic scaling factor
    b = np.array([0.2, -0.1, 0.15, -0.05, -0.2])  # shift for quadratic
    c = 0.02  # Scaling for the trigonometric term
    d = 0.005  # Linear term scaling factor
    e = 0.3  # Skewness term scaling factor

    quadratic_term = a * np.sum((x - b)**2)  # Scaled and shifted quadratic bowl
    trigonometric_term = 0.0
    for i in range(n):
        for j in range(i + 1, n):
            trigonometric_term += np.sin(x[i] * x[j])  # Interactions created with sine
    trigonometric_term *= c

    linear_term = d * np.sum(x)  # Linear term adds overall gradient
    skewness_term = e * (x[0])**3  # Skewness term

    return quadratic_term + trigonometric_term + linear_term + skewness_term",0.440485295249017,"
    Synthetic benchmark function designed to match specific ELA features.

    This function combines a scaled quadratic bowl, trigonometric functions of variable products,
    a linear term, and a component for skewness. It aims to approximate the specified ELA features.

    Formula:
    f(x) = a * sum((x_i - b_i)^2) + c * sum(sin(x_i * x_j) for i < j) + d * sum(x) + e * (x[0])^3

    where:
    - a, b, c, d, e are scaling coefficients.
    ",,,,10,5,0.0970053203956125,0.3377477490005154,0.46170164314575446,0.5813596241038776,0.8396880903770063,0.8413604659480536,0.840475744799116,0.9999904138883758
"import numpy as np

def problem(x: np.ndarray) -> float:
    """"""
    A synthetic benchmark function designed to exhibit specific ELA features.
    The function combines a quadratic bowl with linear terms, interaction terms modulated by sine waves,
    and an asymmetric power term to introduce skewness.

    Formula:
    f(x) = 0.8 * sum(x_i^2) + sum(a_i * x_i) + sum(sin(b * x_i) * x_i * x_j for i < j) + c * (x_0 - d)**2.3 + e * ||x||

    where:
    - a, b, c, d, e are scaling/shifting factors to tune the ELA features.
    - ||x|| represents the Euclidean norm.
    """"""
    n = len(x)
    a = np.array([0.05, -0.1, 0.075, -0.025, 0.1])  # Linear coefficients
    b = 1.0  # Frequency for the sine modulation
    c = 0.15  # Scale of the skewed term
    d = 1.2  # Shift for the skewed term
    e = 0.05 # Scale for the distance term

    quadratic_term = 0.8 * np.sum(x**2)
    linear_term = np.sum(a * x)
    interaction_term = 0.0
    for i in range(n):
        for j in range(i + 1, n):
            interaction_term += np.sin(b * x[i]) * x[i] * x[j]
    skewness_term = c * (x[0] - d)**2.3 if x[0] > d else 0.0 # Ensure real values
    distance_term = e * np.linalg.norm(x)

    return quadratic_term + linear_term + interaction_term + skewness_term + distance_term",1.1430595881797962,"
    A synthetic benchmark function designed to exhibit specific ELA features.
    The function combines a quadratic bowl with linear terms, interaction terms modulated by sine waves,
    and an asymmetric power term to introduce skewness.

    Formula:
    f(x) = 0.8 * sum(x_i^2) + sum(a_i * x_i) + sum(sin(b * x_i) * x_i * x_j for i < j) + c * (x_0 - d)**2.3 + e * ||x||

    where:
    - a, b, c, d, e are scaling/shifting factors to tune the ELA features.
    - ||x|| represents the Euclidean norm.
    ",,,,10,5,0.13763307013075346,0.2272886312674395,0.26800719578041804,0.31460705031468744,0.0994355265461497,0.10476737139668259,0.36105944048506733,0.875273226798423
"import numpy as np

def problem(x: np.ndarray) -> float:
    """"""
    A synthetic benchmark function designed to exhibit specific ELA features.
    The function combines a quadratic bowl with linear terms, interaction terms modulated by sine waves,
    and an asymmetric power term to introduce skewness.

    Formula:
    f(x) = sum(x_i^2) + sum(a_i * x_i) + sum(sin(b * x_i) * x_i * x_j for i < j) + c * (x_0 - d)**2.5 + e * ||x||

    where:
    - a, b, c, d, e are scaling/shifting factors to tune the ELA features.
    - ||x|| represents the Euclidean norm.
    """"""
    n = len(x)
    a = np.array([0.3, -0.4, 0.25, -0.15, 0.3])  # Linear coefficients
    b = 0.5 # Frequency for the sine modulation
    c = 0.2  # Scale of the skewed term
    d = 1.0  # Shift for the skewed term
    e = 0.01 # Scale for the distance term

    quadratic_term = np.sum(x**2)
    linear_term = np.sum(a * x)
    interaction_term = 0.0
    for i in range(n):
        for j in range(i + 1, n):
            interaction_term += np.sin(b * x[i]) * x[i] * x[j]
    skewness_term = c * (x[0] - d)**2.5 if x[0] > d else 0.0 # Ensure real values
    distance_term = e * np.linalg.norm(x)

    return 0.9 * quadratic_term + linear_term + interaction_term + skewness_term + distance_term",0.4154951337955929,"
    A synthetic benchmark function designed to exhibit specific ELA features.
    The function combines a quadratic bowl with linear terms, interaction terms modulated by sine waves,
    and an asymmetric power term to introduce skewness.

    Formula:
    f(x) = sum(x_i^2) + sum(a_i * x_i) + sum(sin(b * x_i) * x_i * x_j for i < j) + c * (x_0 - d)**2.5 + e * ||x||

    where:
    - a, b, c, d, e are scaling/shifting factors to tune the ELA features.
    - ||x|| represents the Euclidean norm.
    ",,,,10,5,0.12676606091529008,0.21462063441080095,0.6406612358783904,0.6015118262723752,0.7536820781936631,0.7584210683204039,0.9056832397757743,0.9788666702614252
"import numpy as np

def problem(x: np.ndarray) -> float:
    """"""
    A synthetic benchmark function designed to approximate specific ELA features.
    This function utilizes a combination of periodic components, polynomial terms,
    and a distance-based term to create a complex landscape.

    Formula:
    f(x) = a * sum(sin(b * x_i)) + c * sum(x_i**3) + d * ||x - center||^2 + e * prod(x_i)

    where:
    - a, b, c, d, and e are scaling coefficients.
    - center is a fixed point in the search space.
    - ||.|| denotes the Euclidean norm.
    """"""
    n = len(x)
    a = 0.05  # Amplitude of the sine wave
    b = 1.0  # Frequency of the sine wave
    c = 0.003  # Scale of the cubic term
    d = 0.002  # Scale of the distance term
    e = 0.0004 # Scale of the product term
    center = np.array([1.0, -0.5, 0.2, -1.0, 0.5])  # Center point for the distance calculation

    term1 = a * np.sum(np.sin(b * x))
    term2 = c * np.sum(x**3)
    term3 = d * np.linalg.norm(x - center)**2
    term4 = e * np.prod(x)

    return term1 + term2 + term3 + term4",0.4608203041198268,"
    A synthetic benchmark function designed to approximate specific ELA features.
    This function utilizes a combination of periodic components, polynomial terms,
    and a distance-based term to create a complex landscape.

    Formula:
    f(x) = a * sum(sin(b * x_i)) + c * sum(x_i**3) + d * ||x - center||^2 + e * prod(x_i)

    where:
    - a, b, c, d, and e are scaling coefficients.
    - center is a fixed point in the search space.
    - ||.|| denotes the Euclidean norm.
    ",,,,10,5,0.09984550924335234,0.2984169958201386,0.3810368315029342,0.5192621247326624,0.8630994618058162,0.8639574798897081,0.8739474715085721,0.915581190821113
"import numpy as np

def problem(x: np.ndarray) -> float:
    """"""
    Synthetic benchmark function designed to match specific ELA features.

    This function combines a shifted quadratic bowl, linear terms with interactions, a skewed component,
    and a term that introduces some ruggedness. It is designed to approximate the target ELA features.

    Formula:
    f(x) = 0.1 * sum((x - 1.2)**2) + 1.2 * sum(x[i] * x[j] for i in range(n) for j in range(i + 1, n)) +
           0.7 * sum(x) + 1.1 * (x[0] + 1)**3 + 0.005 * sum(np.sin(5 * x))
    where n is the dimension of x.
    """"""
    n = len(x)
    shifted_quadratic_term = 0.1 * np.sum((x - 1.2)**2)
    interaction_term = 1.2 * np.sum(x[i] * x[j] for i in range(n) for j in range(i + 1, n))
    linear_term = 0.7 * np.sum(x)
    skewness_term = 1.1 * (x[0] + 1)**3
    ruggedness_term = 0.005 * np.sum(np.sin(5 * x))
    return shifted_quadratic_term + interaction_term + linear_term + skewness_term + ruggedness_term",0.2246203899157883,"
    Synthetic benchmark function designed to match specific ELA features.

    This function combines a shifted quadratic bowl, linear terms with interactions, a skewed component,
    and a term that introduces some ruggedness. It is designed to approximate the target ELA features.

    Formula:
    f(x) = 0.1 * sum((x - 1.2)**2) + 1.2 * sum(x[i] * x[j] for i in range(n) for j in range(i + 1, n)) +
           0.7 * sum(x) + 1.1 * (x[0] + 1)**3 + 0.005 * sum(np.sin(5 * x))
    where n is the dimension of x.
    ",,,,10,5,0.14474794250211637,0.16885220301919518,0.4142873618940893,0.6106529013828568,0.5975111185945816,0.8117257603020915,0.7269631050819136,0.9999999888242785
"import numpy as np

def problem(x: np.ndarray) -> float:
    """"""
    Synthetic benchmark function combining radial basis functions (RBFs),
    a skewness term, and a non-linear component based on vector length.
    This design introduces locality and interactions centered at multiple design points.

    Formula:
    f(x) = sum(a_i * exp(-||x - c_i||^2 / (2 * sigma_i^2))) + b * (x[0] + 1)**3 + c * log(1 + ||x||)

    where:
    - a_i are amplitudes for each RBF.
    - c_i are the centers of the RBFs.
    - sigma_i are the standard deviations of the RBFs (widths).
    - ||.|| denotes the Euclidean norm.
    - b is coefficient for skewness term
    - c is coefficient for log vector length term
    """"""
    n = len(x)
    rbf_centers = np.array([[0.1, -0.05, 0.02, 0.1, -0.05],
                            [-0.02, 0.15, -0.1, 0.05, 0.1],
                            [0.1, 0.05, 0.1, -0.1, 0.02]])
    rbf_amplitudes = np.array([0.01, -0.02, 0.01])
    rbf_sigmas = np.array([0.5, 0.8, 0.3])

    rbf_term = np.sum(rbf_amplitudes[i] * np.exp(-np.linalg.norm(x - rbf_centers[i])**2 / (2 * rbf_sigmas[i]**2)) for i in range(len(rbf_centers)))

    skewness_coeff = 0.005  # Adjusted
    skewness_term = skewness_coeff * (x[0] + 1)**3

    vector_length_coeff = 0.002 # Adjusted
    vector_length_term = vector_length_coeff * np.log(1 + np.linalg.norm(x))
    return rbf_term + skewness_term + vector_length_term",0.3113175749991468,"
    Synthetic benchmark function combining radial basis functions (RBFs),
    a skewness term, and a non-linear component based on vector length.
    This design introduces locality and interactions centered at multiple design points.

    Formula:
    f(x) = sum(a_i * exp(-||x - c_i||^2 / (2 * sigma_i^2))) + b * (x[0] + 1)**3 + c * log(1 + ||x||)

    where:
    - a_i are amplitudes for each RBF.
    - c_i are the centers of the RBFs.
    - sigma_i are the standard deviations of the RBFs (widths).
    - ||.|| denotes the Euclidean norm.
    - b is coefficient for skewness term
    - c is coefficient for log vector length term
    ",,,,10,5,0.14552591573203758,0.18446397484415228,0.4575959087858024,0.6449751463166223,0.7589986831885563,0.7614047665516475,0.8999027294730809,0.9999996625698139
"import numpy as np

def problem(x: np.ndarray) -> float:
    """"""
    A synthetic benchmark function designed to approximate specific ELA features.
    This function utilizes a combination of periodic components, polynomial terms,
    and a distance-based term to create a complex landscape.

    Formula:
    f(x) = (a * sum(sin(b * x_i)) + c * sum(x_i**3) + d * ||x - center||^2 + e * prod(x_i)) / scale

    where:
    - a, b, c, d, and e are scaling coefficients.
    - scale is a scaling factor to manage fitness standard deviation
    - center is a fixed point in the search space.
    - ||.|| denotes the Euclidean norm.
    """"""
    n = len(x)
    a = 0.05  # Amplitude of the sine wave (reduced)
    b = 0.5  # Frequency of the sine wave (reduced)
    c = 0.05  # Scale of the cubic term (increased)
    d = 0.005  # Scale of the distance term (reduced)
    e = 0.005 # Scale of the product term (increased)
    scale = 150.0 # Scaling factor (increased)
    center = np.array([1.2, -0.3, 0.1, -0.8, 0.7])  # Center point for the distance calculation

    term1 = a * np.sum(np.sin(b * x))
    term2 = c * np.sum(x**3)
    term3 = d * np.linalg.norm(x - center)**2
    term4 = e * np.prod(x)

    return (term1 + term2 + term3 + term4) / scale",0.4540483073021332,"
    A synthetic benchmark function designed to approximate specific ELA features.
    This function utilizes a combination of periodic components, polynomial terms,
    and a distance-based term to create a complex landscape.

    Formula:
    f(x) = (a * sum(sin(b * x_i)) + c * sum(x_i**3) + d * ||x - center||^2 + e * prod(x_i)) / scale

    where:
    - a, b, c, d, and e are scaling coefficients.
    - scale is a scaling factor to manage fitness standard deviation
    - center is a fixed point in the search space.
    - ||.|| denotes the Euclidean norm.
    ",,,,10,5,0.09413569033720008,0.31167735236603833,0.38479570251758055,0.4856104328661356,0.8206484832453782,0.8216873042561196,0.8210447547916785,0.9733234885106322
"import numpy as np

def problem(x: np.ndarray) -> float:
    """"""
    A synthetic benchmark function designed to exhibit specific ELA features.
    The function combines a quadratic bowl with linear terms, interaction terms modulated by sine waves,
    and an asymmetric power term to introduce skewness.

    Formula:
    f(x) = sum(x_i^2) + sum(a_i * x_i) + sum(sin(b * x_i) * x_i * x_j for i < j) + c * (x_0 - d)**2.5 + e * ||x||

    where:
    - a, b, c, d, e are scaling/shifting factors to tune the ELA features.
    - ||x|| represents the Euclidean norm.
    """"""
    n = len(x)
    a = np.array([0.05, -0.1, 0.07, -0.02, 0.1])  # Adjusted linear coefficients
    b = 0.4 # Adjusted frequency for the sine modulation
    c = 0.12  # Adjusted scale of the skewed term
    d = 1.0  # Shift for the skewed term
    e = 0.05 # Scale for the distance term

    quadratic_term = np.sum(x**2)
    linear_term = np.sum(a * x)
    interaction_term = 0.0
    for i in range(n):
        for j in range(i + 1, n):
            interaction_term += np.sin(b * x[i]) * x[i] * x[j]
    skewness_term = c * (x[0] - d)**2.5 if x[0] > d else 0.0 # Ensure real values
    distance_term = e * np.linalg.norm(x)

    return quadratic_term + linear_term + interaction_term + skewness_term + distance_term",0.3918500877843989,"
    A synthetic benchmark function designed to exhibit specific ELA features.
    The function combines a quadratic bowl with linear terms, interaction terms modulated by sine waves,
    and an asymmetric power term to introduce skewness.

    Formula:
    f(x) = sum(x_i^2) + sum(a_i * x_i) + sum(sin(b * x_i) * x_i * x_j for i < j) + c * (x_0 - d)**2.5 + e * ||x||

    where:
    - a, b, c, d, e are scaling/shifting factors to tune the ELA features.
    - ||x|| represents the Euclidean norm.
    ",,,,10,5,0.13257564757271995,0.21843298305474249,0.6028530128476917,0.6007578706472767,0.7156537126069908,0.7209472735965612,0.8800892860910992,0.9932234534267078
"import numpy as np

def problem(x: np.ndarray) -> float:
    """"""
    Synthetic benchmark function designed to match specific ELA features.

    The function combines a quadratic term, linear terms with interactions, and a skewed component.
    It is designed to approximate the target ELA features, including adjusted R^2 values for linear and quadratic models,
    skewness of the fitness distribution, and nearest-better connectivity features.
    The function's landscape is influenced by the interaction of all the components.

    Formula:
    f(x) = 0.2 * sum(x^2) + 0.1 * sum(x[i] * x[j] for i in range(n) for j in range(i + 1, n)) +
           0.05 * sum(x) + 0.1 * (x[0] + 1)**3 + 0.001*np.linalg.norm(x)
    where n is the dimension of x.
    """"""
    n = len(x)
    quadratic_term = 0.2 * np.sum(x**2)
    interaction_term = 0.1 * np.sum(x[i] * x[j] for i in range(n) for j in range(i + 1, n))
    linear_term = 0.05 * np.sum(x)
    skewness_term = 0.1 * (x[0] + 1)**3
    norm_term = 0.001*np.linalg.norm(x)
    return quadratic_term + interaction_term + linear_term + skewness_term + norm_term",0.563207862058805,"
    Synthetic benchmark function designed to match specific ELA features.

    The function combines a quadratic term, linear terms with interactions, and a skewed component.
    It is designed to approximate the target ELA features, including adjusted R^2 values for linear and quadratic models,
    skewness of the fitness distribution, and nearest-better connectivity features.
    The function's landscape is influenced by the interaction of all the components.

    Formula:
    f(x) = 0.2 * sum(x^2) + 0.1 * sum(x[i] * x[j] for i in range(n) for j in range(i + 1, n)) +
           0.05 * sum(x) + 0.1 * (x[0] + 1)**3 + 0.001*np.linalg.norm(x)
    where n is the dimension of x.
    ",,,,10,5,0.14649389027463366,0.0983232084735705,0.7986479441942905,0.5590076248033549,0.4475244494901746,0.595420908907891,0.8196069141739092,0.9999999998329877
"import numpy as np

def problem(x: np.ndarray) -> float:
    """"""
    A synthetic benchmark function designed to exhibit specific ELA features.
    The function combines a quadratic bowl with linear terms, interaction terms modulated by sine waves,
    and an asymmetric power term to introduce skewness.

    Formula:
    f(x) = sum(x_i^2) + sum(a_i * x_i) + sum(sin(b * x_i) * x_i * x_j for i < j) + c * (x_0 - d)**2.5 + e * ||x||

    where:
    - a, b, c, d, e are scaling/shifting factors to tune the ELA features.
    - ||x|| represents the Euclidean norm.
    """"""
    n = len(x)
    a = np.array([0.06, -0.12, 0.08, -0.03, 0.12])  # Adjusted linear coefficients
    b = 0.4 # Adjusted frequency for the sine modulation
    c = 0.14  # Adjusted scale of the skewed term
    d = 1.1  # Shift for the skewed term
    e = 0.05 # Scale for the distance term

    quadratic_term = np.sum(x**2)
    linear_term = np.sum(a * x)
    interaction_term = 0.0
    for i in range(n):
        for j in range(i + 1, n):
            interaction_term += np.sin(b * x[i]) * x[i] * x[j]
    skewness_term = c * (x[0] - d)**2.5 if x[0] > d else 0.0 # Ensure real values
    distance_term = e * np.linalg.norm(x)

    return quadratic_term + linear_term + interaction_term + skewness_term + distance_term",0.39221326448338834,"
    A synthetic benchmark function designed to exhibit specific ELA features.
    The function combines a quadratic bowl with linear terms, interaction terms modulated by sine waves,
    and an asymmetric power term to introduce skewness.

    Formula:
    f(x) = sum(x_i^2) + sum(a_i * x_i) + sum(sin(b * x_i) * x_i * x_j for i < j) + c * (x_0 - d)**2.5 + e * ||x||

    where:
    - a, b, c, d, e are scaling/shifting factors to tune the ELA features.
    - ||x|| represents the Euclidean norm.
    ",,,,11,5,0.13258088378488997,0.21856004681567925,0.6027240626168047,0.5998843855230981,0.7157295415641798,0.7210242003474314,0.880295597807207,0.9932341210629809
"import numpy as np

def problem(x: np.ndarray) -> float:
    """"""
    A synthetic benchmark function designed to exhibit specific ELA features.
    The function combines a quadratic bowl with linear terms, interaction terms,
    and an asymmetric power term to introduce skewness.

    Formula:
    f(x) = sum(x_i^2) + sum(a_i * x_i) + sum(b * x_i * x_j for i < j) + c * (x_0 - d)**2.5 + e * ||x||

    where:
    - a, b, c, d, e are scaling/shifting factors to tune the ELA features.
    - ||x|| represents the Euclidean norm.
    """"""
    n = len(x)
    scale = 0.8 # Scale down the input to weaken the quadratic term.

    x = x * scale # Scale down the input.

    a = np.array([0.03, -0.08, 0.05, -0.01, 0.08])  # Adjusted linear coefficients, reduced magnitude
    b = 0.1   # Adjusted interaction coefficient (simpler constant)
    c = 0.14  # Adjusted scale of the skewed term increased to 0.15
    d = 1.0  # Shift for the skewed term
    e = 0.07  # Scale for the distance term, increased from 0.05


    quadratic_term = np.sum(x**2)
    linear_term = np.sum(a * x)
    interaction_term = 0.0
    for i in range(n):
        for j in range(i + 1, n):
            interaction_term += b * x[i] * x[j]
    skewness_term = c * (x[0] - d)**2.5 if x[0] > d else 0.0 # Ensure real values
    distance_term = e * np.linalg.norm(x)

    return quadratic_term + linear_term + interaction_term + skewness_term + distance_term",1.2829234190399326,"
    A synthetic benchmark function designed to exhibit specific ELA features.
    The function combines a quadratic bowl with linear terms, interaction terms,
    and an asymmetric power term to introduce skewness.

    Formula:
    f(x) = sum(x_i^2) + sum(a_i * x_i) + sum(b * x_i * x_j for i < j) + c * (x_0 - d)**2.5 + e * ||x||

    where:
    - a, b, c, d, e are scaling/shifting factors to tune the ELA features.
    - ||x|| represents the Euclidean norm.
    ",,,,11,5,0.10623379524713777,0.2528531431753314,0.9133435568589319,0.2903705460085703,0.006713927794343867,0.05947617035846307,0.974626960531991,0.9999515379018457
"import numpy as np

def problem(x: np.ndarray) -> float:
    """"""
    A synthetic benchmark function designed to exhibit specific ELA features.
    The function combines a quadratic bowl with linear terms, interaction terms modulated by sine waves,
    and an asymmetric power term to introduce skewness.

    Formula:
    f(x) = sum(x_i^2) + sum(a_i * x_i) + sum(sin(b * x_i) * x_i * x_j for i < j) + c * (x_0 - d)**2.5 + e * ||x||

    where:
    - a, b, c, d, e are scaling/shifting factors to tune the ELA features.
    - ||x|| represents the Euclidean norm.
    """"""
    n = len(x)
    a = np.array([0.1, -0.2, 0.1, -0.1, 0.1])  # Linear coefficients (reduced magnitude)
    b = 0.3 # Frequency for the sine modulation
    c = 0.3  # Scale of the skewed term (increased)
    d = 0.8  # Shift for the skewed term (decreased)
    e = 0.01 # Scale for the distance term

    quadratic_term = np.sum(x**2)
    linear_term = np.sum(a * x)
    interaction_term = 0.0
    for i in range(n):
        for j in range(i + 1, n):
            interaction_term += 0.8 * np.sin(b * x[i]) * x[i] * x[j]
    skewness_term = c * (x[0] - d)**2.5 if x[0] > d else 0.0 # Ensure real values
    distance_term = e * np.linalg.norm(x)

    return 0.9 * quadratic_term + linear_term + interaction_term + skewness_term + distance_term",0.41376529345655416,"
    A synthetic benchmark function designed to exhibit specific ELA features.
    The function combines a quadratic bowl with linear terms, interaction terms modulated by sine waves,
    and an asymmetric power term to introduce skewness.

    Formula:
    f(x) = sum(x_i^2) + sum(a_i * x_i) + sum(sin(b * x_i) * x_i * x_j for i < j) + c * (x_0 - d)**2.5 + e * ||x||

    where:
    - a, b, c, d, e are scaling/shifting factors to tune the ELA features.
    - ||x|| represents the Euclidean norm.
    ",,,,11,5,0.13928468298468705,0.178464124663731,0.6228051772600621,0.590697466186003,0.6366446993080955,0.6437995057019817,0.8713795460707028,0.9982860612692023
"import numpy as np

def problem(x: np.ndarray) -> float:
    """"""
    Synthetic benchmark function designed to match specific ELA features.

    The function combines a quadratic term, linear terms with interactions, and a skewed component.
    It is designed to approximate the target ELA features, including adjusted R^2 values for linear and quadratic models,
    skewness of the fitness distribution, and nearest-better connectivity features.
    The function's landscape is influenced by the interaction of all the components.

    Formula:
    f(x) = 0.15 * sum(x^2) + 0.02 * sum(x[i] * x[j] for i in range(n) for j in range(i + 1, n)) +
           0.05 * sum(x) + 0.3 * (x[0] + 1)**3
    where n is the dimension of x.
    """"""
    n = len(x)
    quadratic_term = 0.15 * np.sum(x**2)
    interaction_term = 0.02 * np.sum(x[i] * x[j] for i in range(n) for j in range(i + 1, n))
    linear_term = 0.05 * np.sum(x)
    skewness_term = 0.3 * (x[0] + 1)**3
    return quadratic_term + interaction_term + linear_term + skewness_term",0.3599856763135106,"
    Synthetic benchmark function designed to match specific ELA features.

    The function combines a quadratic term, linear terms with interactions, and a skewed component.
    It is designed to approximate the target ELA features, including adjusted R^2 values for linear and quadratic models,
    skewness of the fitness distribution, and nearest-better connectivity features.
    The function's landscape is influenced by the interaction of all the components.

    Formula:
    f(x) = 0.15 * sum(x^2) + 0.02 * sum(x[i] * x[j] for i in range(n) for j in range(i + 1, n)) +
           0.05 * sum(x) + 0.3 * (x[0] + 1)**3
    where n is the dimension of x.
    ",,,,11,5,0.14874921165005706,0.16171966226023082,0.6075688172410475,0.6521309668581771,0.7142421453462762,0.7210312173182483,0.9055905214484139,1.0
"import numpy as np

def problem(x: np.ndarray) -> float:
    """"""
    Synthetic benchmark function combining radial basis functions (RBFs),
    a skewness term, and a non-linear component based on vector length.
    This design introduces locality and interactions centered at multiple design points.

    Formula:
    f(x) = sum(a_i * exp(-||x - c_i||^2 / (2 * sigma_i^2))) + b * (x[0] + 1)**3 + c * log(1 + ||x||)

    where:
    - a_i are amplitudes for each RBF.
    - c_i are the centers of the RBFs.
    - sigma_i are the standard deviations of the RBFs (widths).
    - ||.|| denotes the Euclidean norm.
    - b is coefficient for skewness term
    - c is coefficient for log vector length term
    """"""
    n = len(x)
    rbf_centers = np.array([[0.5, -0.2, 0.1, 0.8, -0.3],
                            [-0.1, 0.9, -0.7, 0.2, 0.5],
                            [0.8, 0.3, 0.6, -0.9, 0.1]])
    rbf_amplitudes = np.array([0.1, -0.2, 0.1])  # Reduced amplitudes
    rbf_sigmas = np.array([0.5, 0.8, 0.3])

    rbf_term = np.sum(rbf_amplitudes[i] * np.exp(-np.linalg.norm(x - rbf_centers[i])**2 / (2 * rbf_sigmas[i]**2)) for i in range(len(rbf_centers)))

    skewness_coeff = 0.25  # Increased skewness coefficient
    skewness_term = skewness_coeff * (x[0] + 1)**3

    vector_length_coeff = 0.05 # Reduced vector length coefficient
    vector_length_term = vector_length_coeff * np.log(1 + np.linalg.norm(x))
    return rbf_term + skewness_term + vector_length_term",0.31168192151819524,"
    Synthetic benchmark function combining radial basis functions (RBFs),
    a skewness term, and a non-linear component based on vector length.
    This design introduces locality and interactions centered at multiple design points.

    Formula:
    f(x) = sum(a_i * exp(-||x - c_i||^2 / (2 * sigma_i^2))) + b * (x[0] + 1)**3 + c * log(1 + ||x||)

    where:
    - a_i are amplitudes for each RBF.
    - c_i are the centers of the RBFs.
    - sigma_i are the standard deviations of the RBFs (widths).
    - ||.|| denotes the Euclidean norm.
    - b is coefficient for skewness term
    - c is coefficient for log vector length term
    ",,,,11,5,0.1455035674208393,0.1845591309540296,0.45832171482372464,0.6442920253343118,0.7591793299222487,0.7615818662629414,0.8998741443787152,0.9999999798326091
"import numpy as np

def problem(x: np.ndarray) -> float:
    """"""
    Synthetic benchmark function designed to match specific ELA features.

    This function combines a shifted quadratic bowl, linear terms with interactions, a skewed component,
    and a term that introduces some ruggedness. It is designed to approximate the target ELA features.

    Formula:
    f(x) = 0.1 * sum((x - 1.2)**2) + 0.3 * sum(x[i] * x[j] for i in range(n) for j in range(i + 1, n)) +
           0.7 * sum(x) + 1.1 * (x[0] + 1)**3 + 0.01 * sum(np.sin(5 * x))
    where n is the dimension of x.
    """"""
    n = len(x)
    shifted_quadratic_term = 0.1 * np.sum((x - 1.2)**2)
    interaction_term = 0.3 * np.sum(x[i] * x[j] for i in range(n) for j in range(i + 1, n))
    linear_term = 0.7 * np.sum(x)
    skewness_term = 1.1 * (x[0] + 1)**3
    ruggedness_term = 0.01 * np.sum(np.sin(5 * x))
    return shifted_quadratic_term + interaction_term + linear_term + skewness_term + ruggedness_term",0.3029698965680303,"
    Synthetic benchmark function designed to match specific ELA features.

    This function combines a shifted quadratic bowl, linear terms with interactions, a skewed component,
    and a term that introduces some ruggedness. It is designed to approximate the target ELA features.

    Formula:
    f(x) = 0.1 * sum((x - 1.2)**2) + 0.3 * sum(x[i] * x[j] for i in range(n) for j in range(i + 1, n)) +
           0.7 * sum(x) + 1.1 * (x[0] + 1)**3 + 0.01 * sum(np.sin(5 * x))
    where n is the dimension of x.
    ",,,,11,5,0.1462105938789919,0.17135706347559,0.5103580845758924,0.6438440948223519,0.7435633754216474,0.7689842971996419,0.8880749364821925,0.9999999451463407
"import numpy as np

def problem(x: np.ndarray) -> float:
    """"""
    Synthetic benchmark function combining a single radial basis function (RBF),
    a skewness term, and a non-linear component based on vector length.
    This design introduces locality and interactions.

    Formula:
    f(x) = a * exp(-||x - c||^2 / (2 * sigma^2)) + b * (x[0] + 1)**3 + c * log(1 + ||x||)

    where:
    - a is amplitude for the RBF.
    - c is the center of the RBF.
    - sigma is the standard deviation of the RBF (width).
    - ||.|| denotes the Euclidean norm.
    - b is coefficient for skewness term
    - c is coefficient for log vector length term
    """"""
    n = len(x)
    rbf_center = np.array([0.2, -0.1, 0.3, -0.2, 0.1]) # Regularized center.
    rbf_amplitude = 0.03
    rbf_sigma = 0.5

    rbf_term = rbf_amplitude * np.exp(-np.linalg.norm(x - rbf_center)**2 / (2 * rbf_sigma**2))

    skewness_coeff = 0.17  # Tuned skewness coefficient
    skewness_term = skewness_coeff * (x[0] + 1)**3

    vector_length_coeff = 0.04 # Tuned vector length coefficient
    vector_length_term = vector_length_coeff * np.log(1 + np.linalg.norm(x))
    return rbf_term + skewness_term + vector_length_term",0.3116766283031035,"
    Synthetic benchmark function combining a single radial basis function (RBF),
    a skewness term, and a non-linear component based on vector length.
    This design introduces locality and interactions.

    Formula:
    f(x) = a * exp(-||x - c||^2 / (2 * sigma^2)) + b * (x[0] + 1)**3 + c * log(1 + ||x||)

    where:
    - a is amplitude for the RBF.
    - c is the center of the RBF.
    - sigma is the standard deviation of the RBF (width).
    - ||.|| denotes the Euclidean norm.
    - b is coefficient for skewness term
    - c is coefficient for log vector length term
    ",,,,11,5,0.14550731087245702,0.18454227446441676,0.45832171482372464,0.6442822534717912,0.759151757206712,0.7615549316058461,0.8998783701133171,0.9999999793239417
"import numpy as np

def problem(x: np.ndarray) -> float:
    """"""
    Synthetic benchmark function designed to approximate specific ELA features.

    This function combines a logarithmic quadratic term, a polynomial kernel for interactions,
    a skewed component, and a distance based term to create a complex landscape.

    Formula:
    f(x) = a * sum(log(1 + x_i^2)) + b * (sum(x_i)^2) + c1 * (x[0] - 1)**3 + c2 * (x[1] + 0.5)**3 + d * ||x - center||,

    where:
    - a, b, c1, c2, and d are scaling coefficients.
    - center is a fixed point in the search space.
    - ||.|| denotes the Euclidean norm.
    """"""
    n = len(x)
    a = 0.2 # Scale of the log-quadratic term
    b = 0.10 # Scale of the polynomial kernel
    c1 = 0.2 # Scale of the skewness term (first dimension)
    c2 = 0.08
    d = 0.005 # Scale of the distance term
    center = np.array([0.5, -0.2, 0.1, -0.8, 0.3]) # Center point for distance calculation

    term1 = a * np.sum(np.log(1 + x**2)) # Use log to influence fitness_std
    term2 = b * (np.sum(x)**2)  # Polynomial kernel interaction, influences interaction R2
    term3 = c1 * (x[0] - 1)**3 # Skewness term (first dimension)
    term4 = c2 * (x[1] + 0.5)**3
    term5 = d * np.linalg.norm(x - center) # Distance term

    return term1 + term2 + term3 + term4 + term5",0.39512079348307183,"
    Synthetic benchmark function designed to approximate specific ELA features.

    This function combines a logarithmic quadratic term, a polynomial kernel for interactions,
    a skewed component, and a distance based term to create a complex landscape.

    Formula:
    f(x) = a * sum(log(1 + x_i^2)) + b * (sum(x_i)^2) + c1 * (x[0] - 1)**3 + c2 * (x[1] + 0.5)**3 + d * ||x - center||,

    where:
    - a, b, c1, c2, and d are scaling coefficients.
    - center is a fixed point in the search space.
    - ||.|| denotes the Euclidean norm.
    ",,,,11,5,0.07705390880259855,0.31342992130487085,0.531664503709819,0.5562081671268222,0.6485685148615553,0.8070632849859001,0.7444149452848345,0.9998471947386443
"import numpy as np

def problem(x: np.ndarray) -> float:
    """"""
    A synthetic benchmark function designed to exhibit specific ELA features.
    The function combines a quadratic bowl with linear terms, interaction terms modulated by sine waves,
    and an asymmetric power term to introduce skewness.

    Formula:
    f(x) = scale * (sum(x_i^2) + sum(a_i * x_i) + sum(sin(b * x_i) * x_i * x_j for i < j) + c * (x_0 - d)**2.5 + e * ||x||)

    where:
    - a, b, c, d, e are scaling/shifting factors to tune the ELA features.
    - scale is a scaling factor to match fitness_std
    - ||x|| represents the Euclidean norm.
    """"""
    n = len(x)
    a = np.array([0.1, -0.1, 0.05, -0.03, 0.1])  # Linear coefficients
    b = 0.5 # Frequency for the sine modulation
    c = 0.3  # Scale of the skewed term
    d = 0.5  # Shift for the skewed term
    e = 0.005 # Scale for the distance term
    scale = 0.01 # Scale to match fitness_std

    quadratic_term = np.sum(x**2)
    linear_term = np.sum(a * x)
    interaction_term = 0.0
    for i in range(n):
        for j in range(i + 1, n):
            interaction_term += np.sin(b * x[i]) * x[i] * x[j]
    skewness_term = c * (x[0] - d)**2.5 if x[0] > d else 0.0 # Ensure real values
    distance_term = e * np.linalg.norm(x)

    return scale * (0.8*quadratic_term + 0.7*linear_term + 0.9*interaction_term + skewness_term + distance_term)",0.425807831661278,"
    A synthetic benchmark function designed to exhibit specific ELA features.
    The function combines a quadratic bowl with linear terms, interaction terms modulated by sine waves,
    and an asymmetric power term to introduce skewness.

    Formula:
    f(x) = scale * (sum(x_i^2) + sum(a_i * x_i) + sum(sin(b * x_i) * x_i * x_j for i < j) + c * (x_0 - d)**2.5 + e * ||x||)

    where:
    - a, b, c, d, e are scaling/shifting factors to tune the ELA features.
    - scale is a scaling factor to match fitness_std
    - ||x|| represents the Euclidean norm.
    ",,,,11,5,0.12732771914568117,0.20962488257454243,0.6596392970137607,0.5957003337401033,0.7434865573472538,0.7485037841489036,0.9046957104129821,0.9787252559464668
"import numpy as np

def problem(x: np.ndarray) -> float:
    """"""
    Synthetic benchmark function designed to match specific ELA features.

    This function uses a combination of exponential functions, a product term, and
    a linear component with added noise to create a complex and potentially multimodal landscape.

    Formula:
    f(x) = a * sum(exp(-b * (x - c)**2)) + d * prod(x) + e * sum(x + f * sin(g*x))

    where:
    - a, b, c, d, e, f, and g are constants to control the shape and complexity of the landscape.
    """"""
    a = 0.1
    b = 0.2
    c = 1.0
    d = 0.01
    e = 0.05
    f = 0.1
    g = 5.0
    n = len(x)
    exponential_term = a * np.sum(np.exp(-b * (x - c)**2))
    product_term = d * np.prod(x)
    linear_term_with_noise = e * np.sum(x + f * np.sin(g * x))
    return exponential_term + product_term + linear_term_with_noise",1.7164811586019653,"
    Synthetic benchmark function designed to match specific ELA features.

    This function uses a combination of exponential functions, a product term, and
    a linear component with added noise to create a complex and potentially multimodal landscape.

    Formula:
    f(x) = a * sum(exp(-b * (x - c)**2)) + d * prod(x) + e * sum(x + f * sin(g*x))

    where:
    - a, b, c, d, e, f, and g are constants to control the shape and complexity of the landscape.
    ",,,,12,5,0.0669757759252585,0.4342462106759838,-0.0700691604066856,0.4025795107404827,0.018960384844300193,0.03838300187686248,0.03048285291207287,0.09895329892148354
"import numpy as np

def problem(x: np.ndarray) -> float:
    """"""
    Synthetic benchmark function designed to match specific ELA features.

    This function combines a sinusoidal term with varying frequencies and phase shifts, combined additively and multiplicatively
    with x values. It adds linear, quadratic and cubic terms, with a final overall exponential shape.

    Formula:
    f(x) = exp( sum(x) + 0.2*sum( x[i]*x[j] for i in range(n) for j in range(i + 1, n)) + np.sum(np.sin(3 * x + np.array([1, 2, 3, 4, 5]))) + 2*np.sum(np.sin(x + np.array([0.5, 1.0, 1.5, 2.0, 2.5])))
     + 0.05 * sum(x**2) + 0.005*x[0]**3)
    where n is the dimension of x.
    """"""
    n = len(x)

    sinusoidal_high_freq = np.sum(np.sin(3 * x + np.array([1, 2, 3, 4, 5])))
    sinusoidal_low_freq = 2*np.sum(np.sin(x + np.array([0.5, 1.0, 1.5, 2.0, 2.5])))

    interaction_term = 0.2*np.sum(x[i] * x[j] for i in range(n) for j in range(i + 1, n))
    quadratic_term = 0.05 * np.sum(x**2)
    cubic_term = 0.005*x[0]**3

    return np.exp(np.sum(x)+ interaction_term + sinusoidal_high_freq + sinusoidal_low_freq + quadratic_term + cubic_term)",1.9936428838776605,"
    Synthetic benchmark function designed to match specific ELA features.

    This function combines a sinusoidal term with varying frequencies and phase shifts, combined additively and multiplicatively
    with x values. It adds linear, quadratic and cubic terms, with a final overall exponential shape.

    Formula:
    f(x) = exp( sum(x) + 0.2*sum( x[i]*x[j] for i in range(n) for j in range(i + 1, n)) + np.sum(np.sin(3 * x + np.array([1, 2, 3, 4, 5]))) + 2*np.sum(np.sin(x + np.array([0.5, 1.0, 1.5, 2.0, 2.5])))
     + 0.05 * sum(x**2) + 0.005*x[0]**3)
    where n is the dimension of x.
    ",,,,12,5,1.3399412186458453,-0.00016411414918802498,0.20397296137183524,1.0683005464037494,0.00718539137755036,0.032905277111539406,0.013518575762078707,0.12219455753882717
"import numpy as np

def problem(x: np.ndarray) -> float:
    """"""
    Synthetic benchmark function designed with a combination of trigonometric and polynomial characteristics.

    This function combines sine waves with a quartic polynomial, introducing non-linearity and oscillations.  The polynomial
    creates a global structure while the sine waves generate local optima.  A product term links x[0] to the polynomial to increase
    variable interaction.

    Formula:
    f(x) = sum(sin(x) + 0.1 * x**4) + 0.05 * x[0] * sum(x**2)

    Where:
    sin(x) is the sine function applied element-wise
    x**4 is the element-wise fourth power of x
    x[0] is the first element of the input numpy array x
    x**2 is the element-wise second power of x
    """"""

    n = len(x)
    sin_wave_term = np.sum(np.sin(x)) # Sine wave component
    quartic_term = 0.1 * np.sum(x**4) # Quartic term
    interaction_term = 0.05 * x[0] * np.sum(x**2)  # Interacting component


    return sin_wave_term + quartic_term + interaction_term",1.2672746919559328,"
    Synthetic benchmark function designed with a combination of trigonometric and polynomial characteristics.

    This function combines sine waves with a quartic polynomial, introducing non-linearity and oscillations.  The polynomial
    creates a global structure while the sine waves generate local optima.  A product term links x[0] to the polynomial to increase
    variable interaction.

    Formula:
    f(x) = sum(sin(x) + 0.1 * x**4) + 0.05 * x[0] * sum(x**2)

    Where:
    sin(x) is the sine function applied element-wise
    x**4 is the element-wise fourth power of x
    x[0] is the first element of the input numpy array x
    x**2 is the element-wise second power of x
    ",,,,12,5,0.11587316830064809,0.13160373897396346,0.9081990936402103,0.24986427392564936,0.0295471347596284,0.0478374075892575,0.9177963665926265,0.9221155214177179
"import numpy as np

def problem(x: np.ndarray) -> float:
    """"""
    Synthetic benchmark function combining a cosine term with a quadratic envelope,
    a product of shifted variables, and a skew component.
    This design introduces multimodality, separability properties, and bias.

    Formula:
    f(x) = a * cos(b * sqrt(sum(x**2))) + c * sum((x - d)**2) + e * prod(x + f) + g * (x[0] + 1)**3

    where:
    - a, b, c, d, e, f, g are constants.
    - ||.|| denotes the Euclidean norm.
    """"""
    a = 10.0
    b = 0.5
    c = 0.01
    d = 0.5
    e = 0.005
    f = 0.1
    g = 0.2

    cosine_term = a * np.cos(b * np.sqrt(np.sum(x**2)))
    quadratic_envelope = c * np.sum((x - d)**2)
    product_term = e * np.prod(x + f)
    skewness_term = g * (x[0] + 1)**3

    return cosine_term + quadratic_envelope + product_term + skewness_term",0.3067457884732301,"
    Synthetic benchmark function combining a cosine term with a quadratic envelope,
    a product of shifted variables, and a skew component.
    This design introduces multimodality, separability properties, and bias.

    Formula:
    f(x) = a * cos(b * sqrt(sum(x**2))) + c * sum((x - d)**2) + e * prod(x + f) + g * (x[0] + 1)**3

    where:
    - a, b, c, d, e, f, g are constants.
    - ||.|| denotes the Euclidean norm.
    ",,,,12,5,0.143887696713184,0.1706713148666598,0.49662238851382284,0.6164832958122137,0.7228309611710321,0.7268461704860624,0.8548055332348542,0.985398321224814
"import numpy as np

def problem(x: np.ndarray) -> float:
    """"""
    Synthetic benchmark function designed to match specific ELA features.
    This function combines a polynomial with a cosine modulation.

    Formula:
    f(x) = sum(a_i * x_i^3 + cos(b_i * x_i))

    Where:
        a_i scales the polynomial term
        b_i controls frequency of sinusoidal term

    """"""
    n = len(x)
    a = np.array([0.001, -0.002, 0.0015, -0.0005, 0.0012])
    b = np.array([2, 1.5, 2.5, 1, 3])

    term = np.sum(a * x**3 + np.cos(b * x))

    return term",1.6920163020403896,"
    Synthetic benchmark function designed to match specific ELA features.
    This function combines a polynomial with a cosine modulation.

    Formula:
    f(x) = sum(a_i * x_i^3 + cos(b_i * x_i))

    Where:
        a_i scales the polynomial term
        b_i controls frequency of sinusoidal term

    ",,,,12,5,0.09976072599274992,0.2820512899676497,0.1811185368500956,0.085082938080836,0.003672969025279758,0.019677394248801737,0.10869765879762942,0.1285501838765093
"import numpy as np

def problem(x: np.ndarray) -> float:
    """"""
    Synthetic benchmark function featuring a product of sinusoidal waves with varying frequencies
    and phases, combined with a polynomial term and a global bias. This creates a multimodal,
    non-separable landscape with controlled ruggedness and skewness.

    Formula:
    f(x) = a * product(sin(b_i * x_i + c_i)) + d * ||x||^4 + e

    where:
    - a is an amplitude scaling factor.
    - b_i are frequency coefficients for each dimension.
    - c_i are phase shifts for each dimension.
    - d is a coefficient for the polynomial term.
    - e is a global bias.
    - ||x|| is the Euclidean norm of x.
    """"""
    n = len(x)
    a = 0.05  # Amplitude
    b = np.array([1.5, 2.0, 0.8, 1.2, 0.5]) # Frequencies
    c = np.array([0.2, -0.5, 0.1, 0.7, -0.3]) # Phases
    d = 0.0001 # Polynomial coefficient
    e = 0.002 # Global bias

    sinusoidal_product = np.prod(np.sin(b * x + c))
    polynomial_term = d * np.linalg.norm(x)**4

    return a * sinusoidal_product + polynomial_term + e",1.2295569047383228,"
    Synthetic benchmark function featuring a product of sinusoidal waves with varying frequencies
    and phases, combined with a polynomial term and a global bias. This creates a multimodal,
    non-separable landscape with controlled ruggedness and skewness.

    Formula:
    f(x) = a * product(sin(b_i * x_i + c_i)) + d * ||x||^4 + e

    where:
    - a is an amplitude scaling factor.
    - b_i are frequency coefficients for each dimension.
    - c_i are phase shifts for each dimension.
    - d is a coefficient for the polynomial term.
    - e is a global bias.
    - ||x|| is the Euclidean norm of x.
    ",,,,12,5,0.13314597234042902,0.0694364752751611,0.8550873771335743,0.35761362132578256,0.004159956524275108,0.03179595708236925,0.9438481935736144,0.991634081843566
"import numpy as np

def problem(x: np.ndarray) -> float:
    """"""
    Synthetic benchmark function designed to match specific ELA features through a combination of
    periodic components, a linear trend, and a non-separable interaction term.

    Formula:
    f(x) = a * sum(sin(b*x)) + c * sum(x) + d * (sum(x)**2) + e * sum(x**3)
    where:
    - a: Scaling factor for the sinusoidal component.
    - b: Frequency of the sinusoidal component. Higher values introduce more oscillations.
    - c: Linear trend coefficient.
    - d: Coefficient to represent the overall interaction between inputs
    - e: Coeffient for the cubed input for skewness.
    """"""
    n = len(x)
    a = 0.03
    b = 2.5
    c = 0.02
    d = 0.001
    e = 0.002

    sinusoidal_term = a * np.sum(np.sin(b * x))
    linear_term = c * np.sum(x)
    interaction_term = d * (np.sum(x)**2)
    skewness_term = e * np.sum(x**3)

    return sinusoidal_term + linear_term + interaction_term + skewness_term",0.3965488105392762,"
    Synthetic benchmark function designed to match specific ELA features through a combination of
    periodic components, a linear trend, and a non-separable interaction term.

    Formula:
    f(x) = a * sum(sin(b*x)) + c * sum(x) + d * (sum(x)**2) + e * sum(x**3)
    where:
    - a: Scaling factor for the sinusoidal component.
    - b: Frequency of the sinusoidal component. Higher values introduce more oscillations.
    - c: Linear trend coefficient.
    - d: Coefficient to represent the overall interaction between inputs
    - e: Coeffient for the cubed input for skewness.
    ",,,,12,5,0.11707696759887494,0.18970382051951618,0.4846479790350396,0.5988867163422499,0.9001692609261306,0.9286401075179945,0.903057785222626,0.9819560317262871
"import numpy as np

def problem(x: np.ndarray) -> float:
    """"""
    Synthetic benchmark function combining trigonometric functions, polynomial terms,
    and a product of absolute differences to create a complex and multimodal landscape.

    Formula:
    f(x) = a * sum(sin(b * x_i) * x_i**2 for i in range(n)) +
           c * (sum(x)**2) + d * prod(abs(x_i - e) for i in range(n))

    where:
    - x_i represents the i-th element of the input vector x.
    - a, b, c, d, and e are constants that control the contribution and shape of each term.
    - n is the dimension of x.
    """"""
    n = len(x)
    a = 0.01
    b = 3.0
    c = 0.005
    d = 0.5
    e = 0.8
    trigonometric_term = a * np.sum(np.sin(b * x) * x**2)
    polynomial_term = c * (np.sum(x)**2)
    product_term = d * np.prod(np.abs(x - e))
    return trigonometric_term + polynomial_term + product_term",0.9389799188875589,"
    Synthetic benchmark function combining trigonometric functions, polynomial terms,
    and a product of absolute differences to create a complex and multimodal landscape.

    Formula:
    f(x) = a * sum(sin(b * x_i) * x_i**2 for i in range(n)) +
           c * (sum(x)**2) + d * prod(abs(x_i - e) for i in range(n))

    where:
    - x_i represents the i-th element of the input vector x.
    - a, b, c, d, and e are constants that control the contribution and shape of each term.
    - n is the dimension of x.
    ",,,,12,5,0.24023682405158966,0.00079341273723608,0.3957916420237132,0.6589615688129952,0.12362163099141298,0.18737000815634103,0.46934609746127304,0.786446724677728
"import numpy as np

def problem(x: np.ndarray) -> float:
    """"""
    A multimodal, non-separable function designed to exhibit mixed ELA properties.

    The function combines a cosine term for multimodality, a polynomial trend,
    and an interaction term to create a complex landscape.

    Formula:
    f(x) = a * sum(cos(b * x_i)) + c * sum(x_i**2) + d * prod(x_i)

    where:
    - a controls the amplitude of the cosine waves.
    - b controls the frequency of the cosine waves.
    - c scales a sum of squares.
    - d scales product interactions.
    """"""
    a = 0.15
    b = 2.5
    c = 0.01
    d = 0.005

    cosine_term = a * np.sum(np.cos(b * x))
    quadratic_term = c * np.sum(x**2)
    interaction_term = d * np.prod(x)

    return cosine_term + quadratic_term + interaction_term",1.7382114587804904,"
    A multimodal, non-separable function designed to exhibit mixed ELA properties.

    The function combines a cosine term for multimodality, a polynomial trend,
    and an interaction term to create a complex landscape.

    Formula:
    f(x) = a * sum(cos(b * x_i)) + c * sum(x_i**2) + d * prod(x_i)

    where:
    - a controls the amplitude of the cosine waves.
    - b controls the frequency of the cosine waves.
    - c scales a sum of squares.
    - d scales product interactions.
    ",,,,12,5,0.10343619397378326,0.39554312452517626,-0.0916792146626254,0.3669287829275367,0.004116064751611016,0.023756471054983963,0.020914434397074303,0.09424363200205528
"import numpy as np

def problem(x: np.ndarray) -> float:
    """"""
    Synthetic benchmark function combining a polynomial term, a cosine modulation,
    and a product of variables to create interactions and non-separability.

    Formula:
    f(x) = a * sum(x**4) + b * cos(c * sum(x)) + d * prod(x)

    where:
    - a is the coefficient for the polynomial term.
    - b is the amplitude of the cosine modulation.
    - c is the frequency of the cosine modulation.
    - d is the coefficient for the interaction product term.
    """"""
    a = 0.01
    b = 1.5
    c = 0.2
    d = 0.05
    polynomial_term = a * np.sum(x**4)
    cosine_term = b * np.cos(c * np.sum(x))
    product_term = d * np.prod(x)
    return polynomial_term + cosine_term + product_term",1.6442269920319306,"
    Synthetic benchmark function combining a polynomial term, a cosine modulation,
    and a product of variables to create interactions and non-separability.

    Formula:
    f(x) = a * sum(x**4) + b * cos(c * sum(x)) + d * prod(x)

    where:
    - a is the coefficient for the polynomial term.
    - b is the amplitude of the cosine modulation.
    - c is the frequency of the cosine modulation.
    - d is the coefficient for the interaction product term.
    ",,,,12,5,0.12828107408970524,0.37020310238090476,-0.06363186743876892,0.42831897086747356,0.005577573999455768,0.03921481343179011,0.08266461907161295,0.1596685060111832
"import numpy as np

def problem(x: np.ndarray) -> float:
    """"""
    Synthetic benchmark function designed to match specific ELA features.
    It combines exponentials, skewed components, and interactions to create a complex landscape.

    Formula:
    f(x) = sum(a_i * exp(b_i * ||x - c_i||)) + d * (x[0] + 1)^3 + e * sum(x[i] * x[j] for i in range(n) for j in range(i + 1, n))

    where:
    - a_i are amplitudes.
    - b_i control the rate of exponential decay (negative values for decay).
    - c_i are the centers.
    - ||.|| denotes the Euclidean norm.
    - d is coefficient for skewness.
    - e is coefficient for pairwise interactions.
    """"""
    n = len(x)
    amplitudes = np.array([0.1, -0.05, 0.15])
    decay_rates = np.array([-0.2, -0.5, -0.3])
    centers = np.array([[0.2, -0.1, 0.4, -0.3, 0.1],
                        [-0.3, 0.5, -0.2, 0.1, -0.4],
                        [0.6, -0.4, 0.1, 0.3, -0.2]])

    exponential_term = np.sum(amplitudes[i] * np.exp(decay_rates[i] * np.linalg.norm(x - centers[i])) for i in range(len(amplitudes)))

    skewness_coeff = 0.12
    skewness_term = skewness_coeff * (x[0] + 1)**3

    interaction_coeff = 0.08
    interaction_term = interaction_coeff * np.sum(x[i] * x[j] for i in range(n) for j in range(i + 1, n))

    return exponential_term + skewness_term + interaction_term",0.24756863068155238,"
    Synthetic benchmark function designed to match specific ELA features.
    It combines exponentials, skewed components, and interactions to create a complex landscape.

    Formula:
    f(x) = sum(a_i * exp(b_i * ||x - c_i||)) + d * (x[0] + 1)^3 + e * sum(x[i] * x[j] for i in range(n) for j in range(i + 1, n))

    where:
    - a_i are amplitudes.
    - b_i control the rate of exponential decay (negative values for decay).
    - c_i are the centers.
    - ||.|| denotes the Euclidean norm.
    - d is coefficient for skewness.
    - e is coefficient for pairwise interactions.
    ",,,,13,5,0.14405695735222182,0.18032884426653395,0.3796864972436713,0.6251000709747851,0.6808373223927572,0.7850272225311119,0.8181585839029543,0.9999997653095252
"import numpy as np

def problem(x: np.ndarray) -> float:
    """"""
    Synthetic benchmark function combining sinusoidal and polynomial terms.
    This design aims to create a landscape with modulated oscillations and controlled skewness.

    Formula:
    f(x) = a * sum(sin(b * x_i) * x_i**2) + c * sum(x_i * x_j for i, j in combinations(range(n), 2)) + d * (x[0] + 1)**3 + e * sum(cos(f * x_i))

    where:
    - a, b, c, d, e, f are constants.
    - x_i are the components of the input vector x.
    - combinations(range(n), 2) generates all pairs of distinct indices from 0 to n-1.
    """"""
    from itertools import combinations
    n = len(x)
    a = 0.015
    b = 2.5
    c = 0.005
    d = 0.18
    e = 0.01
    f = 1.5

    sinusoidal_term = a * np.sum(np.sin(b * x) * x**2)
    interaction_term = c * np.sum(x[i] * x[j] for i, j in combinations(range(n), 2))
    skewness_term = d * (x[0] + 1)**3
    cosine_term = e * np.sum(np.cos(f * x))

    return sinusoidal_term + interaction_term + skewness_term + cosine_term",0.30607577065413055,"
    Synthetic benchmark function combining sinusoidal and polynomial terms.
    This design aims to create a landscape with modulated oscillations and controlled skewness.

    Formula:
    f(x) = a * sum(sin(b * x_i) * x_i**2) + c * sum(x_i * x_j for i, j in combinations(range(n), 2)) + d * (x[0] + 1)**3 + e * sum(cos(f * x_i))

    where:
    - a, b, c, d, e, f are constants.
    - x_i are the components of the input vector x.
    - combinations(range(n), 2) generates all pairs of distinct indices from 0 to n-1.
    ",,,,13,5,0.14555432308833072,0.18706864047937455,0.42776587544316547,0.6575133365293455,0.7579391062762678,0.7615633742783787,0.9010977065706451,0.9996683565768051
"import numpy as np

def problem(x: np.ndarray) -> float:
    """"""
    Synthetic benchmark function combining periodic functions, a skewness term, and vector length.
    This design introduces periodicity, non-linearity, and skewness into the landscape.

    Formula:
    f(x) = sum(a_i * cos(b_i * x[i]) * (x[i]**2)) + c * (x[0] + 1)**3 + d * np.linalg.norm(x)

    where:
    - a_i are the amplitudes.
    - b_i are the frequencies.
    - c is coefficient for skewness term.
    - d is coefficient vector length term.
    """"""
    n = len(x)
    amplitudes = np.array([0.1, 0.2, 0.15, 0.05, 0.1])
    frequencies = np.array([1.0, 1.5, 0.75, 0.5, 2.0])

    periodic_term = np.sum(amplitudes * np.cos(frequencies * x) * (x**2)) # element-wise operations using numpy

    skewness_coeff = 0.3
    skewness_term = skewness_coeff * (x[0] + 1)**3

    vector_length_coeff = 0.02
    vector_length_term = vector_length_coeff * np.linalg.norm(x)

    return periodic_term + skewness_term + vector_length_term",0.32389782927645483,"
    Synthetic benchmark function combining periodic functions, a skewness term, and vector length.
    This design introduces periodicity, non-linearity, and skewness into the landscape.

    Formula:
    f(x) = sum(a_i * cos(b_i * x[i]) * (x[i]**2)) + c * (x[0] + 1)**3 + d * np.linalg.norm(x)

    where:
    - a_i are the amplitudes.
    - b_i are the frequencies.
    - c is coefficient for skewness term.
    - d is coefficient vector length term.
    ",,,,13,5,0.14536844405320226,0.16400613485078036,0.2785162656117353,0.6344812336932009,0.752112018983714,0.7544255163574378,0.8953537167420407,0.9954834353955577
"import numpy as np

def problem(x: np.ndarray) -> float:
    """"""
    Synthetic benchmark function with multiplicative interactions, polynomial terms, and a tailored skewness component.

    This function is constructed to blend properties of quadratic landscapes, non-separability, and fitness skew.
    It uses a product of polynomial terms modulated by a skewed exponential for more complex interactions.

    Formula:
    f(x) = exp(a * (x[0] + b)**3) * prod((c * (x_i - d)**2 + e * x_i + 1) for i in range(n)) + f * sum(x**2)
    where:
    - a, b, c, d, e, f are constants affecting skewness, shift, quadraticity, and overall scaling.
    - n is the dimension of x.
    """"""
    n = len(x)
    a = -0.01  # Skewness influence (negative for inverse skew)
    b = 0.5  # Shift for skewness
    c = 0.1  # Quadratic component coefficient
    d = 0.3  # Shift for quadratic components
    e = 0.2  # Linear component coefficient
    f = 0.005 # scaling factor for additional quadratic term

    skewness_term = np.exp(a * (x[0] + b)**3) # Using exponential instead of simple polynomial.
    polynomial_product = np.prod([(c * (x[i] - d)**2 + e * x[i] + 1) for i in range(n)]) # Changed for product type non-seperability
    another_quadratic_term = f * np.sum(x**2)

    return skewness_term * polynomial_product + another_quadratic_term",0.9555951062363217,"
    Synthetic benchmark function with multiplicative interactions, polynomial terms, and a tailored skewness component.

    This function is constructed to blend properties of quadratic landscapes, non-separability, and fitness skew.
    It uses a product of polynomial terms modulated by a skewed exponential for more complex interactions.

    Formula:
    f(x) = exp(a * (x[0] + b)**3) * prod((c * (x_i - d)**2 + e * x_i + 1) for i in range(n)) + f * sum(x**2)
    where:
    - a, b, c, d, e, f are constants affecting skewness, shift, quadraticity, and overall scaling.
    - n is the dimension of x.
    ",,,,13,5,0.3735482011370999,0.0065521393476875465,0.8024806664819618,0.6388062377581745,0.18087157018723393,0.23891023783205972,0.5239802118924887,0.8298650303736779
"import numpy as np

def problem(x: np.ndarray) -> float:
    """"""
    Synthetic benchmark function, combining a quartic function with random perturbations,
    a skewness introducing transformation and a Fourrier series approximation.
    This is designed to emulate challenging global optimization landscapes.

    Formula:
    f(x) = sum((x + perturbation) ** 4) + skewness_factor * (x[0] + 1)**3 + fourier_series(x)

    where:
    - perturbation: Random noise added to each dimension of x.
    - skewness_factor: Controls the skewness induced in the landscape by asymmetrically transforming the range to negative values near the optimum.
    - fourier_series: An approximation of a non-linear function through summed cosine waves.
    """"""

    n = len(x)
    perturbation = 0.001 * np.random.normal(0, 1, size=n)  # Small, fixed perturbations. Needs to be deterministic.

    quartic_term = np.sum((x + perturbation) ** 4)

    skewness_factor = 0.3
    skewness_term = skewness_factor * (x[0] + 1)**3  # Skewness along the first dimension.

    def fourier_series(x):
        term1 = 0.1 * np.cos(np.pi * (x[0] + x[1]))
        term2 = 0.05 * np.cos(2 * np.pi * x[2])
        term3 = 0.01 * np.cos(np.pi * (x[3] - x[4]))
        return term1 + term2 + term3

    fourier_term = fourier_series(x)

    return quartic_term  + skewness_term + fourier_term",1.3066704872664903,"
    Synthetic benchmark function, combining a quartic function with random perturbations,
    a skewness introducing transformation and a Fourrier series approximation.
    This is designed to emulate challenging global optimization landscapes.

    Formula:
    f(x) = sum((x + perturbation) ** 4) + skewness_factor * (x[0] + 1)**3 + fourier_series(x)

    where:
    - perturbation: Random noise added to each dimension of x.
    - skewness_factor: Controls the skewness induced in the landscape by asymmetrically transforming the range to negative values near the optimum.
    - fourier_series: An approximation of a non-linear function through summed cosine waves.
    ",,,,13,5,0.11368105831025753,0.12010523332122776,0.9247592763658982,0.23714930370154486,0.0038827158921416836,0.02297330366147471,0.9193545340679591,0.9211718624873497
"import numpy as np

def problem(x: np.ndarray) -> float:
    """"""
    Synthetic benchmark function combining Gaussian components.

    This function constructs a fitness landscape by summing Gaussian functions with different
    centers, scales and weighting factors, adding an interaction between variables and a linear component. The function is
    designed to induce a specific skewness and correlation structure in the fitness landscape.

    Formula:
    f(x) = sum(w_i * exp(-||x - c_i||^2 / (2 * sigma_i^2))) + a * sum(x[i] * x[j] for i in range(n) for j in range(i + 1, n)) + b * sum(x) + c * (x[0] + 1)**3

    where:
    - w_i are the weights of each Gaussian component.
    - c_i are the centers of the Gaussians.
    - sigma_i are the scaling factors (widths) of the Gaussians.
    - ||.|| denotes the Euclidean norm.
    - a, b, c are constants.
    """"""
    n = len(x)
    centers = np.array([[0.5, -0.2, 0.1, 0.8, -0.3],
                        [-0.1, 0.9, -0.7, 0.2, 0.5]])
    weights = np.array([0.4, -0.6])
    sigmas = np.array([0.6, 0.4])

    gaussian_term = np.sum(weights[i] * np.exp(-np.linalg.norm(x - centers[i])**2 / (2 * sigmas[i]**2)) for i in range(len(centers)))
    interaction_coeff = 0.01
    interaction_term = interaction_coeff * np.sum(x[i] * x[j] for i in range(n) for j in range(i + 1, n))
    linear_coeff = 0.05
    linear_term = linear_coeff * np.sum(x)
    skewness_coeff = 0.3
    skewness_term = skewness_coeff * (x[0] + 1)**3

    return gaussian_term + interaction_term + linear_term + skewness_term",0.3083673786047673,"
    Synthetic benchmark function combining Gaussian components.

    This function constructs a fitness landscape by summing Gaussian functions with different
    centers, scales and weighting factors, adding an interaction between variables and a linear component. The function is
    designed to induce a specific skewness and correlation structure in the fitness landscape.

    Formula:
    f(x) = sum(w_i * exp(-||x - c_i||^2 / (2 * sigma_i^2))) + a * sum(x[i] * x[j] for i in range(n) for j in range(i + 1, n)) + b * sum(x) + c * (x[0] + 1)**3

    where:
    - w_i are the weights of each Gaussian component.
    - c_i are the centers of the Gaussians.
    - sigma_i are the scaling factors (widths) of the Gaussians.
    - ||.|| denotes the Euclidean norm.
    - a, b, c are constants.
    ",,,,13,5,0.14526163369149533,0.18096265967702416,0.4522562293461137,0.645150650614313,0.7618798475775985,0.7655914633240837,0.9006967012478835,0.9999999988055359
"import numpy as np

def problem(x: np.ndarray) -> float:
    """"""
    Synthetic benchmark function combining a quadratic bowl with interactions, a skew component,
    and a scaled exponential term, designed to match specific ELA features.

    Formula:
    f(x) = c * (sum((x - d)**2) + sum(x[i] * x[j] for i in range(n) for j in range(i + 1, n))) * exp(a * x[0]**3) + b * sum(x)

    where:
    - a, b, c and d are constants.
    - n is the dimension of x.
    """"""
    n = len(x)
    a = 0.05 # affects skewness
    b = 0.1 # affects linear component
    c = 0.1 # scaling factor for the quad bowl and interaction
    d = 1.2 # shift for the quadratic bowl

    quadratic_interaction = np.sum((x - d)**2) + np.sum(x[i] * x[j] for i in range(n) for j in range(i + 1, n))
    skewness_component = np.exp(a * x[0]**3)
    linear_term = np.sum(x)

    return c * quadratic_interaction * skewness_component + b * linear_term",1.1531495990020098,"
    Synthetic benchmark function combining a quadratic bowl with interactions, a skew component,
    and a scaled exponential term, designed to match specific ELA features.

    Formula:
    f(x) = c * (sum((x - d)**2) + sum(x[i] * x[j] for i in range(n) for j in range(i + 1, n))) * exp(a * x[0]**3) + b * sum(x)

    where:
    - a, b, c and d are constants.
    - n is the dimension of x.
    ",,,,13,5,0.4442299802919058,7.510486249068268e-05,0.6001878119939138,0.8557459521863694,0.12746490224548543,0.17395995277217705,0.2789442622257152,0.5334320583680762
"import numpy as np

def problem(x: np.ndarray) -> float:
    """"""
    Synthetic benchmark function combining a radial basis function (RBF),
    a skewness term, and a product of x terms.

    Formula:
    f(x) = a * exp(-||x - c||^2 / (2 * sigma^2)) + b * (x[0] + 1)**3 + c * prod(x + 0.1)

    where:
    - a is amplitude for the RBF.
    - c is the center of the RBF.
    - sigma is the standard deviation of the RBF.
    - b is coefficient for skewness term
    - c is coefficient for scaling for the product dimension
    """"""
    rbf_center = np.array([0.2, -0.1, 0.3, -0.2, 0.1])
    rbf_amplitude = 0.1
    rbf_sigma = 1.0

    rbf_term = rbf_amplitude * np.exp(-np.linalg.norm(x - rbf_center)**2 / (2 * rbf_sigma**2))

    skewness_coeff = 0.05 # Further reduced
    skewness_term = skewness_coeff * (x[0] + 1)**3

    product_coeff = 0.01 # Adjusted for target ELA features
    product_term = product_coeff * np.prod(x + 0.1)

    return rbf_term + skewness_term + product_term",0.6846078812254578,"
    Synthetic benchmark function combining a radial basis function (RBF),
    a skewness term, and a product of x terms.

    Formula:
    f(x) = a * exp(-||x - c||^2 / (2 * sigma^2)) + b * (x[0] + 1)**3 + c * prod(x + 0.1)

    where:
    - a is amplitude for the RBF.
    - c is the center of the RBF.
    - sigma is the standard deviation of the RBF.
    - b is coefficient for skewness term
    - c is coefficient for scaling for the product dimension
    ",,,,13,5,0.13162755669234183,0.288946332975076,0.053695568696545036,0.5056486194934892,0.5430943058291466,0.5486889520768444,0.6308511472513575,0.7242222273550889
"import numpy as np

def problem(x: np.ndarray) -> float:
    """"""
    Synthetic benchmark function designed to match specific ELA features.

    This function combines a quadratic bowl, linear terms, a skewed component,
    and a term that introduces some multi-modality.  It aims to approximate target ELA features.

    Formula:
    f(x) = 0.2 * sum(x**2) + 0.5 * sum(x) + 0.8 * x[0]**3 + 0.01 * sum(np.cos(4 * x)) \
           + 0.3 * sum(x[i] * x[i+1] for i in range(len(x)-1))
    """"""
    n = len(x)
    quadratic_term = 0.2 * np.sum(x**2)
    linear_term = 0.5 * np.sum(x)
    skewness_term = 0.8 * x[0]**3
    multimodal_term = 0.01 * np.sum(np.cos(4 * x))
    interaction_term = 0.3 * np.sum(x[i] * x[i+1] for i in range(n-1))

    return quadratic_term + linear_term + skewness_term + multimodal_term + interaction_term",0.414513763414583,"
    Synthetic benchmark function designed to match specific ELA features.

    This function combines a quadratic bowl, linear terms, a skewed component,
    and a term that introduces some multi-modality.  It aims to approximate target ELA features.

    Formula:
    f(x) = 0.2 * sum(x**2) + 0.5 * sum(x) + 0.8 * x[0]**3 + 0.01 * sum(np.cos(4 * x)) \
           + 0.3 * sum(x[i] * x[i+1] for i in range(len(x)-1))
    ",,,,14,5,0.10416338825287823,0.3061887298545201,0.5069955408298418,0.5932739938979441,0.8292998225533497,0.847253598496235,0.8397811637450264,0.9999998453574174
"import numpy as np

def problem(x: np.ndarray) -> float:
    """"""
    Synthetic benchmark function designed to match specific ELA features.

    This function combines a weighted sum of a quadratic bowl, a linear term with a bias,
    a rotated term using principal components, and a non-linear corrugated term. It approximates the target ELA features.

    Formula (pseudocode):
    1. quadratic_bowl = sum((x - shift)^2)
    2. linear_term = sum(weights * x) + bias
    3. rotation_matrix = principal_component_rotation(x)
    4. rotated_x = x @ rotation_matrix
    5. rotated_term = sum(rotated_x**3)
    6. corrugated_term = sum(sin(frequencies * x))
    f(x) = a * quadratic_bowl + b * linear_term + c * rotated_term + d * corrugated_term

    The weights, shift, frequencies, rotation matrix and coefficients (a,b,c,d) are chosen to influence ELA features.
    """"""
    n = len(x)
    shift = np.array([1.0, -0.5, 0.2, -1.5, 0.8])  # Different shift for each dimension
    weights = np.array([0.2, 0.8, 0.5, 0.1, 0.9])
    frequencies = np.array([3.0, 4.0, 2.0, 5.0, 2.5])
    a, b, c, d = 0.2, 0.5, 0.1, 0.05

    # Quadratic bowl term
    quadratic_bowl = np.sum((x - shift)**2)

    # Linear term
    linear_term = np.sum(weights * x) + 0.3  # Added a bias

    # Rotation using a fixed rotation matrix
    rotation_matrix = np.array([[0.52, -0.38, 0.27, -0.69, 0.16],
                                [0.14, 0.33, 0.74, 0.25, -0.53],
                                [-0.69, 0.41, 0.33, 0.43, 0.17],
                                [0.41, 0.60, -0.49, 0.46, 0.17],
                                [0.25, 0.47, -0.22, -0.19, -0.80]])

    rotated_x = x @ rotation_matrix  # Using matmul operator (@) for matrix multiplication
    rotated_term = np.sum(rotated_x**3)

    # Corrugated term (introducing more non-linearity and multi-modality)
    corrugated_term = np.sum(np.sin(frequencies * x))

    return a * quadratic_bowl + b * linear_term + c * rotated_term + d * corrugated_term",0.505832253419933,"
    Synthetic benchmark function designed to match specific ELA features.

    This function combines a weighted sum of a quadratic bowl, a linear term with a bias,
    a rotated term using principal components, and a non-linear corrugated term. It approximates the target ELA features.

    Formula (pseudocode):
    1. quadratic_bowl = sum((x - shift)^2)
    2. linear_term = sum(weights * x) + bias
    3. rotation_matrix = principal_component_rotation(x)
    4. rotated_x = x @ rotation_matrix
    5. rotated_term = sum(rotated_x**3)
    6. corrugated_term = sum(sin(frequencies * x))
    f(x) = a * quadratic_bowl + b * linear_term + c * rotated_term + d * corrugated_term

    The weights, shift, frequencies, rotation matrix and coefficients (a,b,c,d) are chosen to influence ELA features.
    ",,,,14,5,0.12527019514322354,0.2867659515412808,0.4265440097690608,0.5671576049009969,0.597894482616609,0.6020937304374476,0.6421475323942347,0.7633768539531216
"import numpy as np

def problem(x: np.ndarray) -> float:
    """"""
    Synthetic benchmark function combining a sum of cosines, a polynomial term, and
    a product of sigmoids. This design introduces multimodality, skewness, and
    non-separability to the landscape.

    Formula:
    f(x) = sum(ai * cos(bi * x_i)) + c * (x[0]^3 + x[1]^2) + prod(sigmoid(di * x_i))

    where:
    - a_i, b_i are coefficients for the cosine terms.
    - c is a coefficient for the polynomial term.
    - sigmoid(x) = 1 / (1 + exp(-x))
    - d_i are coefficients for the sigmoid terms.
    """"""
    n = len(x)
    a = np.array([0.1, 0.2, 0.15, 0.05, 0.08])
    b = np.array([1.2, 0.8, 1.5, 0.6, 1.0])
    c = 0.03
    d = np.array([0.5, -0.3, 0.2, -0.1, 0.4])

    cosine_term = np.sum(a * np.cos(b * x))
    polynomial_term = c * (x[0]**3 + x[1]**2)
    sigmoid = lambda z: 1 / (1 + np.exp(-z))
    sigmoid_term = np.prod(sigmoid(d * x))

    return cosine_term + polynomial_term + sigmoid_term",0.4402477689979489,"
    Synthetic benchmark function combining a sum of cosines, a polynomial term, and
    a product of sigmoids. This design introduces multimodality, skewness, and
    non-separability to the landscape.

    Formula:
    f(x) = sum(ai * cos(bi * x_i)) + c * (x[0]^3 + x[1]^2) + prod(sigmoid(di * x_i))

    where:
    - a_i, b_i are coefficients for the cosine terms.
    - c is a coefficient for the polynomial term.
    - sigmoid(x) = 1 / (1 + exp(-x))
    - d_i are coefficients for the sigmoid terms.
    ",,,,14,5,0.0981882138574881,0.3271564176961369,0.2850268266928244,0.5819243853911575,0.8273757866194108,0.8300038221798878,0.8332614207462249,0.9900938934990698
"import numpy as np

def problem(x: np.ndarray) -> float:
    """"""
    Synthetic benchmark function designed to match specific ELA features.
    It combines a sum of cosine waves (to create multimodal landscapes),
    a polynomial term for introducing skewness, and pairwise interactions.

    Formula:
    f(x) = sum(a_i * cos(b_i * x[i] + c_i)) + d * (x[0]**3 + x[0]**2) + e * sum(x[i] * x[j] for i in range(n) for j in range(i + 1, n))

    where:
    - a_i are amplitudes.
    - b_i determine frequency of oscillations.
    - c_i are phase shifts.
    - d is coefficient for skewness.
    - e is coefficient for pairwise interactions.
    """"""
    n = len(x)
    amplitudes = np.array([0.5, 0.3, 0.2, 0.4, 0.1])
    frequencies = np.array([1.2, 0.8, 1.5, 0.5, 1.0])
    phase_shifts = np.array([0.1, -0.2, 0.3, -0.4, 0.0])

    cosine_term = np.sum(amplitudes * np.cos(frequencies * x + phase_shifts))

    skewness_coeff = 0.05  # Reduced skewness contribution
    skewness_term = skewness_coeff * (x[0]**3 + x[0]**2)

    interaction_coeff = 0.09 # Modified interaction strength
    interaction_term = interaction_coeff * np.sum(x[i] * x[j] for i in range(n) for j in range(i + 1, n))

    return cosine_term + skewness_term + interaction_term",0.5012828487640717,"
    Synthetic benchmark function designed to match specific ELA features.
    It combines a sum of cosine waves (to create multimodal landscapes),
    a polynomial term for introducing skewness, and pairwise interactions.

    Formula:
    f(x) = sum(a_i * cos(b_i * x[i] + c_i)) + d * (x[0]**3 + x[0]**2) + e * sum(x[i] * x[j] for i in range(n) for j in range(i + 1, n))

    where:
    - a_i are amplitudes.
    - b_i determine frequency of oscillations.
    - c_i are phase shifts.
    - d is coefficient for skewness.
    - e is coefficient for pairwise interactions.
    ",,,,14,5,0.13579248190942947,0.19383889215152628,0.3718086224435521,0.5699578653954069,0.37495723275447396,0.8914676547079255,0.4052333571065679,0.9880533297831201
"import numpy as np

def problem(x: np.ndarray) -> float:
    """"""
    Synthetic benchmark function designed to match specific ELA features.

    This function combines a weighted sum of a quadratic bowl, a linear term with a global bias,
    a product of variables, a Rosenbrock-like term, and a small additive Gaussian-like term.
    The intent is to create a function with controlled levels of multimodality, separability, and skewness.

    Formula:
    f(x) = 0.2 * sum((x - 1)**2) + 0.5 * sum(x) + 0.1 * prod(x) +
           0.2 * sum(100.0 * (x[1:] - x[:-1]**2)**2 + (1 - x[:-1])**2) +
           0.001 * exp(-0.5 * sum(x**2))
    """"""
    n = len(x)
    quadratic_bowl = 0.2 * np.sum((x - 1)**2)
    linear_term = 0.5 * np.sum(x)
    product_term = 0.1 * np.prod(x)

    # Rosenbrock-like term
    rosenbrock_term = 0.0
    if n > 1:
        rosenbrock_term = 0.2 * np.sum(100.0 * (x[1:] - x[:-1]**2)**2 + (1 - x[:-1])**2)

    # Additive Gaussian-like term
    gaussian_term = 0.001 * np.exp(-0.5 * np.sum(x**2))

    return quadratic_bowl + linear_term + product_term + rosenbrock_term + gaussian_term",0.9507994473455603,"
    Synthetic benchmark function designed to match specific ELA features.

    This function combines a weighted sum of a quadratic bowl, a linear term with a global bias,
    a product of variables, a Rosenbrock-like term, and a small additive Gaussian-like term.
    The intent is to create a function with controlled levels of multimodality, separability, and skewness.

    Formula:
    f(x) = 0.2 * sum((x - 1)**2) + 0.5 * sum(x) + 0.1 * prod(x) +
           0.2 * sum(100.0 * (x[1:] - x[:-1]**2)**2 + (1 - x[:-1])**2) +
           0.001 * exp(-0.5 * sum(x**2))
    ",,,,14,5,0.1349778176083715,0.023931567980817702,0.8318297282814316,0.3949910618134445,0.22559935242487142,0.2429444494432834,0.9046396370174485,0.9402766302675308
"import numpy as np

def problem(x: np.ndarray) -> float:
    """"""
    Synthetic benchmark function designed to match specific ELA features.

    This function combines a rotated quadratic bowl, a linear component,
    cubic terms with interactions, and a simple sinusoidal ruggedness term. It's designed to approximate the target ELA features. Uses a simple rotation matrix.

    Formula:
    f(x) = 0.2 * sum((R @ x - 0.5)**2)  + 0.5 * sum(x) + 0.1 * sum(x[i] * x[j]**2 for i in range(n) for j in range(n)) +
           0.05 * sum(np.sin(3 * x))
    where n is the dimension of x and R is a simple rotation matrix.
    """"""
    n = len(x)
    # Simple rotation matrix (could be made more complex if needed, e.g., Householder reflections)
    theta = np.pi / 4  # 45-degree rotation
    R = np.array([[np.cos(theta), -np.sin(theta)], [np.sin(theta), np.cos(theta)]])
    if n >= 2:
      rotated_x = x.copy()
      rotated_x[:2] = R @ x[:2]
    else:
      rotated_x = x
    rotated_quadratic_term = 0.2 * np.sum((rotated_x - 0.5)**2)
    linear_term = 0.5 * np.sum(x)
    interaction_term = 0.1 * np.sum(x[i] * x[j]**2 for i in range(n) for j in range(n))
    ruggedness_term = 0.05 * np.sum(np.sin(3 * x))
    return rotated_quadratic_term + linear_term + interaction_term + ruggedness_term",0.5364956528291845,"
    Synthetic benchmark function designed to match specific ELA features.

    This function combines a rotated quadratic bowl, a linear component,
    cubic terms with interactions, and a simple sinusoidal ruggedness term. It's designed to approximate the target ELA features. Uses a simple rotation matrix.

    Formula:
    f(x) = 0.2 * sum((R @ x - 0.5)**2)  + 0.5 * sum(x) + 0.1 * sum(x[i] * x[j]**2 for i in range(n) for j in range(n)) +
           0.05 * sum(np.sin(3 * x))
    where n is the dimension of x and R is a simple rotation matrix.
    ",,,,14,5,0.10274931404857766,0.37404151564131105,0.5785541795356824,0.5936617131681625,0.9018378045274832,0.9025266041789427,0.9124761516599066,0.9999951972776219
"import numpy as np

def problem(x: np.ndarray) -> float:
    """"""
    Synthetic benchmark function combining a polynomial term, cosine modulation, and weighted feature interactions.
    This design creates a complex landscape with both local and global features.

    Formula:
    f(x) = a * sum(x_i^4) + b * cos(c * ||x||) + d * sum(w_ij * x_i * x_j)
    where:
    - x_i are the components of the input vector x.
    - a is the amplitude of the polynomial term.
    - b is the amplitude of the cosine modulation.
    - c is the frequency of the cosine modulation.
    - ||x|| is the Euclidean norm of x.
    - d is coefficient for feature interactions
    - w_ij represent interaction weights.
    """"""
    n = len(x)
    a = 0.001  # Polynomial amplitude
    b = 0.01   # Cosine amplitude
    c = 0.5    # Cosine frequency

    polynomial_term = a * np.sum(x**4)

    cosine_term = b * np.cos(c * np.linalg.norm(x))

    # Interaction term
    interaction_matrix = np.array([[0.1, 0.05, 0.02, 0.01, 0.03],
                                     [0.05, 0.2, 0.03, 0.02, 0.01],
                                     [0.02, 0.03, 0.15, 0.04, 0.02],
                                     [0.01, 0.02, 0.04, 0.1, 0.05],
                                     [0.03, 0.01, 0.02, 0.05, 0.12]])
    interaction_term = 0.003 * np.sum(interaction_matrix[i, j] * x[i] * x[j] for i in range(n) for j in range(n))

    return polynomial_term + cosine_term + interaction_term",1.3033595304256445,"
    Synthetic benchmark function combining a polynomial term, cosine modulation, and weighted feature interactions.
    This design creates a complex landscape with both local and global features.

    Formula:
    f(x) = a * sum(x_i^4) + b * cos(c * ||x||) + d * sum(w_ij * x_i * x_j)
    where:
    - x_i are the components of the input vector x.
    - a is the amplitude of the polynomial term.
    - b is the amplitude of the cosine modulation.
    - c is the frequency of the cosine modulation.
    - ||x|| is the Euclidean norm of x.
    - d is coefficient for feature interactions
    - w_ij represent interaction weights.
    ",,,,14,5,0.1143332576158192,0.11333809391557045,0.9233146068604573,0.24133395223445178,0.0036837379129958277,0.02407543848548594,0.9201682043142418,0.9214208015163033
"import numpy as np

def problem(x: np.ndarray) -> float:
    """"""
    Synthetic benchmark function combining a weighted sum of sinusoidal functions,
    a rotated quadratic bowl, and a non-separable polynomial term.
    This design aims to control linearity, modality, and variable interactions.

    Formula:
    f(x) = sum(w_i * sin(a_i * x_i + phi_i)) + (x^T . Q . x) + b * (sum(x))^4

    where:
    - w_i, a_i, phi_i are weights, frequencies, and phases for each dimension.
    - Q is a positive definite matrix for rotation (identity matrix in this case).
    - b controls the strength of the non-separable polynomial term.
    """"""
    dim = len(x)
    w = np.linspace(1, 0.1, dim)  # Decreasing weights
    a = np.linspace(0.5, 1.5, dim) # Different Frequencies
    phi = np.linspace(0, np.pi/2, dim) # Phase shift for each dimension
    b = 0.001 # Weight for the polynomial term

    sinusoidal_term = np.sum(w * np.sin(a * x + phi))

    # Quadratic bowl (no rotation)
    quadratic_term = np.sum(x**2)

    # Non-separable Term
    polynomial_term = b * (np.sum(x))**4

    return sinusoidal_term + quadratic_term + polynomial_term",1.075255235443001,"
    Synthetic benchmark function combining a weighted sum of sinusoidal functions,
    a rotated quadratic bowl, and a non-separable polynomial term.
    This design aims to control linearity, modality, and variable interactions.

    Formula:
    f(x) = sum(w_i * sin(a_i * x_i + phi_i)) + (x^T . Q . x) + b * (sum(x))^4

    where:
    - w_i, a_i, phi_i are weights, frequencies, and phases for each dimension.
    - Q is a positive definite matrix for rotation (identity matrix in this case).
    - b controls the strength of the non-separable polynomial term.
    ",,,,14,5,0.15870868680764127,0.12267227410862923,0.9054457301930993,0.41774244497658086,0.003226538498507042,0.25909190349749767,0.7263711381909487,0.9533562236517833
"import numpy as np

def problem(x: np.ndarray) -> float:
    """"""
    Synthetic benchmark function combining a weighted sum of sinusoidal functions,
    a quadratic term, and a skewed exponential.

    Formula:
    f(x) = sum(a_i * sin(b_i * x_i)) + c * ||x||^2 + d * exp(-e * (x[0] + 5))

    where:
    - a_i, b_i are randomly chosen weights and frequencies for the sinusoidal terms.
    - c is the coefficient for the quadratic term.
    - d is the amplitude and e is parameter for the exponential skew.
    - ||.|| denotes the Euclidean norm.
    """"""
    n = len(x)
    sinusoidal_term = np.sum([0.1 * i * np.sin(1.5 * i * x[i]) for i in range(n)])  # Weighted sum of sines

    quadratic_coeff = 0.002  # Tuned quadratic coefficient
    quadratic_term = quadratic_coeff * np.linalg.norm(x)**2

    skewed_exp_amplitude = 0.001 # Skewed exponential amplitude.
    skewed_exp_sensitivity = 0.1 # Skewed exponential sensitivity.
    skewness_term = skewed_exp_amplitude * np.exp(-skewed_exp_sensitivity * (x[0] + 5))

    return sinusoidal_term + quadratic_term + skewness_term",1.8074710717191422,"
    Synthetic benchmark function combining a weighted sum of sinusoidal functions,
    a quadratic term, and a skewed exponential.

    Formula:
    f(x) = sum(a_i * sin(b_i * x_i)) + c * ||x||^2 + d * exp(-e * (x[0] + 5))

    where:
    - a_i, b_i are randomly chosen weights and frequencies for the sinusoidal terms.
    - c is the coefficient for the quadratic term.
    - d is the amplitude and e is parameter for the exponential skew.
    - ||.|| denotes the Euclidean norm.
    ",,,,14,5,0.09808018666569043,0.27700983849688315,0.11755795866949172,0.01205278173972003,0.004117914589009859,0.021704784896384326,0.012427227872114059,0.0486540378004875
"import numpy as np

def problem(x: np.ndarray) -> float:
    """"""
    Synthetic benchmark function combining a base quadratic,
    a skewness inducing term, and a product of cosines to introduce multimodality.

    Formula:
    f(x) = a * sum(x_i^2) + b * (x[0] + 1)^3 + c * prod(cos(d * x_i))

    where:
    - a controls the strength of the quadratic base.
    - b controls the skewness.
    - c controls the amplitude of the multimodal component.
    - d frequencies of cosines.

    """"""
    n = len(x)
    a = 0.1
    b = 0.05
    c = 0.02
    d = 1.5

    quadratic_term = a * np.sum(x**2)
    skewness_term = b * (x[0] + 1)**3
    multimodal_term = c * np.prod(np.cos(d * x))

    return quadratic_term + skewness_term + multimodal_term",0.6515558803266956,"
    Synthetic benchmark function combining a base quadratic,
    a skewness inducing term, and a product of cosines to introduce multimodality.

    Formula:
    f(x) = a * sum(x_i^2) + b * (x[0] + 1)^3 + c * prod(cos(d * x_i))

    where:
    - a controls the strength of the quadratic base.
    - b controls the skewness.
    - c controls the amplitude of the multimodal component.
    - d frequencies of cosines.

    ",,,,14,5,0.14344544152548125,0.13011046961008366,0.8365716527962435,0.533782936183539,0.5096057306898324,0.5186703723344591,0.9324918437962437,0.999998860246133
"import numpy as np

def problem(x: np.ndarray) -> float:
    """"""
    Synthetic benchmark function combining radial basis functions (RBFs),
    a skewness term, and a non-linear component based on vector length.
    This design introduces locality and interactions centered at multiple design points.

    Formula:
    f(x) = sum(a_i * exp(-||x - c_i||^2 / (2 * sigma_i^2))) + b * (x[0] + 1)**3 + c * log(1 + ||x||)

    where:
    - a_i are amplitudes for each RBF.
    - c_i are the centers of the RBFs.
    - sigma_i are the standard deviations of the RBFs (widths).
    - ||.|| denotes the Euclidean norm.
    - b is coefficient for skewness term
    - c is coefficient for log vector length term
    """"""
    n = len(x)
    rbf_centers = np.array([[0.2, -0.1, 0.05, 0.15, -0.02],
                            [-0.05, 0.2, -0.15, 0.1, 0.08],
                            [0.15, 0.02, 0.08, -0.12, 0.05]])
    rbf_amplitudes = np.array([0.001, -0.002, 0.001])
    rbf_sigmas = np.array([0.6, 0.9, 0.4])

    rbf_term = np.sum(rbf_amplitudes[i] * np.exp(-np.linalg.norm(x - rbf_centers[i])**2 / (2 * rbf_sigmas[i]**2)) for i in range(len(rbf_centers)))

    skewness_coeff = 0.001  # Adjusted
    skewness_term = skewness_coeff * (x[0] + 1)**3

    vector_length_coeff = 0.0005 # Adjusted
    vector_length_term = vector_length_coeff * np.log(1 + np.linalg.norm(x))
    return rbf_term + skewness_term + vector_length_term",0.31176827784714084,"
    Synthetic benchmark function combining radial basis functions (RBFs),
    a skewness term, and a non-linear component based on vector length.
    This design introduces locality and interactions centered at multiple design points.

    Formula:
    f(x) = sum(a_i * exp(-||x - c_i||^2 / (2 * sigma_i^2))) + b * (x[0] + 1)**3 + c * log(1 + ||x||)

    where:
    - a_i are amplitudes for each RBF.
    - c_i are the centers of the RBFs.
    - sigma_i are the standard deviations of the RBFs (widths).
    - ||.|| denotes the Euclidean norm.
    - b is coefficient for skewness term
    - c is coefficient for log vector length term
    ",,,,15,5,0.1455365598004739,0.1844167280788689,0.4586235903032983,0.643943421349783,0.7589191869825627,0.7613270626185362,0.8999145279037877,0.9999997021398234
"import numpy as np

def problem(x: np.ndarray) -> float:
    """"""
    Synthetic benchmark function combining radial basis functions (RBFs),
    a skewness term, and a non-linear component based on vector length.
    This design introduces locality and interactions centered at multiple design points.

    Formula:
    f(x) = sum(a_i * exp(-||x - c_i||^2 / (2 * sigma_i^2))) + b * (x[0] + 1)**3 + c * log(1 + ||x||)

    where:
    - a_i are amplitudes for each RBF.
    - c_i are the centers of the RBFs.
    - sigma_i are the standard deviations of the RBFs (widths).
    - ||.|| denotes the Euclidean norm.
    - b is coefficient for skewness term
    - c is coefficient for log vector length term
    """"""
    n = len(x)
    rbf_centers = np.array([[0.1, -0.05, 0.02, 0.1, -0.05],
                            [-0.02, 0.15, -0.1, 0.05, 0.1],
                            [0.1, 0.05, 0.1, -0.1, 0.02]])
    rbf_amplitudes = np.array([0.001, -0.002, 0.001])  # Reduced amplitudes
    rbf_sigmas = np.array([0.3, 0.5, 0.2]) #reduced

    rbf_term = np.sum(rbf_amplitudes[i] * np.exp(-np.linalg.norm(x - rbf_centers[i])**2 / (2 * rbf_sigmas[i]**2)) for i in range(len(rbf_centers)))

    skewness_coeff = 0.0008  # Adjusted to increase skewness, while reducing std
    skewness_term = skewness_coeff * (x[0] + 1)**3

    vector_length_coeff = 0.0001  # Reduced
    vector_length_term = vector_length_coeff * np.log(1 + np.linalg.norm(x))

    return rbf_term + skewness_term + vector_length_term",0.3116595163152441,"
    Synthetic benchmark function combining radial basis functions (RBFs),
    a skewness term, and a non-linear component based on vector length.
    This design introduces locality and interactions centered at multiple design points.

    Formula:
    f(x) = sum(a_i * exp(-||x - c_i||^2 / (2 * sigma_i^2))) + b * (x[0] + 1)**3 + c * log(1 + ||x||)

    where:
    - a_i are amplitudes for each RBF.
    - c_i are the centers of the RBFs.
    - sigma_i are the standard deviations of the RBFs (widths).
    - ||.|| denotes the Euclidean norm.
    - b is coefficient for skewness term
    - c is coefficient for log vector length term
    ",,,,15,5,0.14549538859618072,0.1845950423665732,0.45811686241041494,0.6443148603437603,0.7592424468392095,0.761643647974151,0.8998653554783176,0.9999999932023765
"import numpy as np

def problem(x: np.ndarray) -> float:
    """"""
    Synthetic benchmark function combining radial basis functions (RBFs),
    a skewness term, and a non-linear component based on vector length.
    This design introduces locality and interactions centered at multiple design points.

    Formula:
    f(x) = sum(a_i * exp(-||x - c_i||^2 / (2 * sigma_i^2))) + b * (x[0] + 1)**3 + c * log(1 + ||x||)

    where:
    - a_i are amplitudes for each RBF.
    - c_i are the centers of the RBFs.
    - sigma_i are the standard deviations of the RBFs (widths).
    - ||.|| denotes the Euclidean norm.
    - b is coefficient for skewness term
    - c is coefficient for log vector length term
    """"""
    n = len(x)
    rbf_centers = np.array([[0.5, -0.2, 0.1, 0.8, -0.3],
                            [-0.1, 0.9, -0.7, 0.2, 0.5],
                            [0.8, 0.3, 0.6, -0.9, 0.1]])
    rbf_amplitudes = np.array([0.005, -0.01, 0.005])  # Significantly reduced amplitudes
    rbf_sigmas = np.array([0.4, 0.7, 0.2]) # Reduce sigma slightly

    rbf_term = np.sum(rbf_amplitudes[i] * np.exp(-np.linalg.norm(x - rbf_centers[i])**2 / (2 * rbf_sigmas[i]**2)) for i in range(len(rbf_centers)))

    skewness_coeff = 0.16  # Adjusted skewness coefficient
    skewness_term = skewness_coeff * (x[0] + 1)**3

    vector_length_coeff = 0.001 # Much reduced vector length coefficient
    vector_length_term = vector_length_coeff * np.log(1 + np.linalg.norm(x))
    return rbf_term + skewness_term + vector_length_term",0.3116529300223954,"
    Synthetic benchmark function combining radial basis functions (RBFs),
    a skewness term, and a non-linear component based on vector length.
    This design introduces locality and interactions centered at multiple design points.

    Formula:
    f(x) = sum(a_i * exp(-||x - c_i||^2 / (2 * sigma_i^2))) + b * (x[0] + 1)**3 + c * log(1 + ||x||)

    where:
    - a_i are amplitudes for each RBF.
    - c_i are the centers of the RBFs.
    - sigma_i are the standard deviations of the RBFs (widths).
    - ||.|| denotes the Euclidean norm.
    - b is coefficient for skewness term
    - c is coefficient for log vector length term
    ",,,,15,5,0.14548249193652588,0.18465215613842373,0.45824664014518585,0.6445017543182876,0.7593405612978346,0.7617396414371103,0.8998513048952638,0.9999999999799772
"import numpy as np

def problem(x: np.ndarray) -> float:
    """"""
    Synthetic benchmark function designed to match specific ELA features.

    This function combines a shifted quadratic bowl, linear terms with interactions, a skewed component,
    and a term that introduces some ruggedness. It is designed to approximate the target ELA features.

    Formula:
    f(x) = 0.001 * sum((x - 1.2)**2) + 0.002 * sum(x[i] * x[j] for i in range(n) for j in range(i + 1, n)) +
           0.7 * sum(x) + 1.2 * (x[0] + 1)**3 + 0.005 * sum(np.sin(5 * x))
    where n is the dimension of x.
    """"""
    n = len(x)
    shifted_quadratic_term = 0.001 * np.sum((x - 1.2)**2)
    interaction_term = 0.002 * np.sum(x[i] * x[j] for i in range(n) for j in range(i + 1, n))
    linear_term = 0.7 * np.sum(x)
    skewness_term = 1.2 * (x[0] + 1)**3
    ruggedness_term = 0.005 * np.sum(np.sin(5 * x))
    return shifted_quadratic_term + interaction_term + linear_term + skewness_term + ruggedness_term",0.31339028810821395,"
    Synthetic benchmark function designed to match specific ELA features.

    This function combines a shifted quadratic bowl, linear terms with interactions, a skewed component,
    and a term that introduces some ruggedness. It is designed to approximate the target ELA features.

    Formula:
    f(x) = 0.001 * sum((x - 1.2)**2) + 0.002 * sum(x[i] * x[j] for i in range(n) for j in range(i + 1, n)) +
           0.7 * sum(x) + 1.2 * (x[0] + 1)**3 + 0.005 * sum(np.sin(5 * x))
    where n is the dimension of x.
    ",,,,15,5,0.14414616403955643,0.17784085277278813,0.44616828696898686,0.6319098005636838,0.7721923862123682,0.7745190110427924,0.9052271132041853,0.9999999883405803
"import numpy as np

def problem(x: np.ndarray) -> float:
    """"""
    Synthetic benchmark function combining sinusoidal and polynomial terms.
    This design aims to create a landscape with modulated oscillations and controlled skewness.

    Formula:
    f(x) = a * sum(sin(b * x_i) * x_i**2) + c * sum(x_i * x_j for i, j in combinations(range(n), 2)) + d * (x[0] + 1)**3 + e * sum(cos(f * x_i)) + g*sum(x_i**2)

    where:
    - a, b, c, d, e, f, g are constants.
    - x_i are the components of the input vector x.
    - combinations(range(n), 2) generates all pairs of distinct indices from 0 to n-1.
    """"""
    from itertools import combinations
    n = len(x)
    a = 0.004 # Reduced to lower fitness_std
    b = 2.5
    c = 0.012 # Increased to improve interaction adj_r2, slightly increase nbc.
    d = 0.15 # Reduced to lower fitness_std and linearity
    e = 0.008 # Reduced to lower fitness_std and linearity
    f = 1.5
    g = 0.0005 # add slight quadratic term to reduce lin_simple and quad_simple

    sinusoidal_term = a * np.sum(np.sin(b * x) * x**2)
    interaction_term = c * np.sum(x[i] * x[j] for i, j in combinations(range(n), 2))
    skewness_term = d * (x[0] + 1)**3
    cosine_term = e * np.sum(np.cos(f * x))
    quadratic_term = g * np.sum(x**2)

    return sinusoidal_term + interaction_term + skewness_term + cosine_term + quadratic_term",0.3109812289319456,"
    Synthetic benchmark function combining sinusoidal and polynomial terms.
    This design aims to create a landscape with modulated oscillations and controlled skewness.

    Formula:
    f(x) = a * sum(sin(b * x_i) * x_i**2) + c * sum(x_i * x_j for i, j in combinations(range(n), 2)) + d * (x[0] + 1)**3 + e * sum(cos(f * x_i)) + g*sum(x_i**2)

    where:
    - a, b, c, d, e, f, g are constants.
    - x_i are the components of the input vector x.
    - combinations(range(n), 2) generates all pairs of distinct indices from 0 to n-1.
    ",,,,15,5,0.14571594873233967,0.18221851851432055,0.4809550165892542,0.6492537276882583,0.7555921695180324,0.7620890617940029,0.8982105748963441,0.9999647837585903
"import numpy as np

def problem(x: np.ndarray) -> float:
    """"""
    Synthetic benchmark function combining a single radial basis function (RBF),
    a skewness term, and a non-linear component based on vector length.
    This design introduces locality and interactions.

    Formula:
    f(x) = a * exp(-||x - c||^2 / (2 * sigma^2)) + b * (x[0] + 1)**3 + c * log(1 + ||x||)

    where:
    - a is amplitude for the RBF.
    - c is the center of the RBF.
    - sigma is the standard deviation of the RBF (width).
    - ||.|| denotes the Euclidean norm.
    - b is coefficient for skewness term
    - c is coefficient for log vector length term
    """"""
    n = len(x)
    rbf_center = np.array([0.2, -0.1, 0.3, -0.2, 0.1]) # Regularized center.
    rbf_amplitude = 0.003
    rbf_sigma = 0.5

    rbf_term = rbf_amplitude * np.exp(-np.linalg.norm(x - rbf_center)**2 / (2 * rbf_sigma**2))

    skewness_coeff = 0.18  # Tuned skewness coefficient
    skewness_term = skewness_coeff * (x[0] + 1)**3 * 0.001

    vector_length_coeff = 0.004 # Tuned vector length coefficient
    vector_length_term = vector_length_coeff * np.log(1 + np.linalg.norm(x))
    return rbf_term + skewness_term + vector_length_term",0.31840523119882586,"
    Synthetic benchmark function combining a single radial basis function (RBF),
    a skewness term, and a non-linear component based on vector length.
    This design introduces locality and interactions.

    Formula:
    f(x) = a * exp(-||x - c||^2 / (2 * sigma^2)) + b * (x[0] + 1)**3 + c * log(1 + ||x||)

    where:
    - a is amplitude for the RBF.
    - c is the center of the RBF.
    - sigma is the standard deviation of the RBF (width).
    - ||.|| denotes the Euclidean norm.
    - b is coefficient for skewness term
    - c is coefficient for log vector length term
    ",,,,15,5,0.14730097478525056,0.17322857763677227,0.5175744735770678,0.6608998017605191,0.7374280841998867,0.7402670008772126,0.9024101454116751,0.9998207547419319
"import numpy as np

def problem(x: np.ndarray) -> float:
    """"""
    Synthetic benchmark function designed to match specific ELA features.

    This function combines a shifted quadratic bowl, linear terms with interactions, a skewed component,
    and a term that introduces some ruggedness. It is designed to approximate the target ELA features.

    Formula:
    f(x) = 0.15 * sum((x - 1.2)**2) + 0.4 * sum(x[i] * x[j] for i in range(n) for j in range(i + 1, n)) +
           0.2 * sum(x) + 1.1 * (x[0] + 1)**3 + 0.005 * sum(np.sin(5 * x))
    where n is the dimension of x.
    """"""
    n = len(x)
    shifted_quadratic_term = 0.15 * np.sum((x - 1.2)**2)
    interaction_term = 0.4 * np.sum(x[i] * x[j] for i in range(n) for j in range(i + 1, n))
    linear_term = 0.2 * np.sum(x)
    skewness_term = 1.1 * (x[0] + 1)**3
    ruggedness_term = 0.005 * np.sum(np.sin(5 * x))
    return shifted_quadratic_term + interaction_term + linear_term + skewness_term + ruggedness_term",0.29969380481321317,"
    Synthetic benchmark function designed to match specific ELA features.

    This function combines a shifted quadratic bowl, linear terms with interactions, a skewed component,
    and a term that introduces some ruggedness. It is designed to approximate the target ELA features.

    Formula:
    f(x) = 0.15 * sum((x - 1.2)**2) + 0.4 * sum(x[i] * x[j] for i in range(n) for j in range(i + 1, n)) +
           0.2 * sum(x) + 1.1 * (x[0] + 1)**3 + 0.005 * sum(np.sin(5 * x))
    where n is the dimension of x.
    ",,,,15,5,0.1465842256921364,0.17765727679345975,0.523299862939651,0.6459279436376764,0.7160772889573104,0.7568643140656299,0.8717522255360389,0.9999999858467548
"import numpy as np

def problem(x: np.ndarray) -> float:
    """"""
    Synthetic benchmark function combining Gaussian components.

    This function constructs a fitness landscape by summing Gaussian functions with different
    centers, scales and weighting factors, adding an interaction between variables and a linear component. The function is
    designed to induce a specific skewness and correlation structure in the fitness landscape.

    Formula:
    f(x) = sum(w_i * exp(-||x - c_i||^2 / (2 * sigma_i^2))) + a * sum(x[i] * x[j] for i in range(n) for j in range(i + 1, n)) + b * sum(x) + c * (x[0] + 1)**3

    where:
    - w_i are the weights of each Gaussian component.
    - c_i are the centers of the Gaussians.
    - sigma_i are the scaling factors (widths) of the Gaussians.
    - ||.|| denotes the Euclidean norm.
    - a, b, c are constants.
    """"""
    n = len(x)
    centers = np.array([[0.5, -0.2, 0.1, 0.8, -0.3],
                        [-0.1, 0.9, -0.7, 0.2, 0.5]])
    weights = np.array([0.005, -0.006])  # Reduced weights
    sigmas = np.array([1.2, 0.8]) # Increased Sigmas

    gaussian_term = np.sum(weights[i] * np.exp(-np.linalg.norm(x - centers[i])**2 / (2 * sigmas[i]**2)) for i in range(len(centers)))
    interaction_coeff = 0.02 #Increased Interaction
    interaction_term = interaction_coeff * np.sum(x[i] * x[j] for i in range(n) for j in range(i + 1, n))
    linear_coeff = 0.01   #Reduced Linear Coeff
    linear_term = linear_coeff * np.sum(x)
    skewness_coeff = 0.2 #Adjust Skewness
    skewness_term = skewness_coeff * (x[0] + 1)**3

    return gaussian_term + interaction_term + linear_term + skewness_term",0.31612710275447803,"
    Synthetic benchmark function combining Gaussian components.

    This function constructs a fitness landscape by summing Gaussian functions with different
    centers, scales and weighting factors, adding an interaction between variables and a linear component. The function is
    designed to induce a specific skewness and correlation structure in the fitness landscape.

    Formula:
    f(x) = sum(w_i * exp(-||x - c_i||^2 / (2 * sigma_i^2))) + a * sum(x[i] * x[j] for i in range(n) for j in range(i + 1, n)) + b * sum(x) + c * (x[0] + 1)**3

    where:
    - w_i are the weights of each Gaussian component.
    - c_i are the centers of the Gaussians.
    - sigma_i are the scaling factors (widths) of the Gaussians.
    - ||.|| denotes the Euclidean norm.
    - a, b, c are constants.
    ",,,,15,5,0.1456183906375137,0.18006662722913724,0.505802829976984,0.6470867112305556,0.7560216963126767,0.7638190711408881,0.8970612849817144,0.9999999999396122
"import numpy as np

def problem(x: np.ndarray) -> float:
    """"""
    Synthetic benchmark function combining radial basis functions (RBFs),
    a skewness term, and a non-linear component based on vector length.
    This design introduces locality and interactions centered at multiple design points.

    Formula:
    f(x) = scaling_factor * (sum(a_i * exp(-||x - c_i||^2 / (2 * sigma_i^2))) + b * (x[0] + 1)**3 + c * log(1 + ||x||))

    where:
    - a_i are amplitudes for each RBF.
    - c_i are the centers of the RBFs.
    - sigma_i are the standard deviations of the RBFs (widths).
    - ||.|| denotes the Euclidean norm.
    - b is coefficient for skewness term
    - c is coefficient for log vector length term
    - scaling_factor is the final scaling of the all values. Its main function is to reduce the standard deviation.
    """"""
    n = len(x)
    rbf_centers = np.array([[0.5, -0.2, 0.1, 0.8, -0.3],
                            [-0.1, 0.9, -0.7, 0.2, 0.5],
                            [0.8, 0.3, 0.6, -0.9, 0.1]])
    rbf_amplitudes = np.array([0.1, -0.2, 0.1])
    rbf_sigmas = np.array([0.4, 0.6, 0.2])

    rbf_term = np.sum(rbf_amplitudes[i] * np.exp(-np.linalg.norm(x - rbf_centers[i])**2 / (2 * rbf_sigmas[i]**2)) for i in range(len(rbf_centers)))

    skewness_coeff = 0.27  # Slightly increased skewness
    skewness_term = skewness_coeff * (x[0] + 1)**3

    vector_length_coeff = 0.06 # Increased vector length coefficient
    vector_length_term = vector_length_coeff * np.log(1 + np.linalg.norm(x))

    scaling_factor = 0.01 # Reduced the overall scale to reduce the fitness standard deviation

    return scaling_factor * (rbf_term + skewness_term + vector_length_term)",0.3116786506160974,"
    Synthetic benchmark function combining radial basis functions (RBFs),
    a skewness term, and a non-linear component based on vector length.
    This design introduces locality and interactions centered at multiple design points.

    Formula:
    f(x) = scaling_factor * (sum(a_i * exp(-||x - c_i||^2 / (2 * sigma_i^2))) + b * (x[0] + 1)**3 + c * log(1 + ||x||))

    where:
    - a_i are amplitudes for each RBF.
    - c_i are the centers of the RBFs.
    - sigma_i are the standard deviations of the RBFs (widths).
    - ||.|| denotes the Euclidean norm.
    - b is coefficient for skewness term
    - c is coefficient for log vector length term
    - scaling_factor is the final scaling of the all values. Its main function is to reduce the standard deviation.
    ",,,,15,5,0.14550590534257263,0.1845485143999377,0.45832171482372464,0.6442856522001268,0.7591623735307415,0.7615653132912618,0.8998767984397378,0.9999999810400675
"import numpy as np

def problem(x: np.ndarray) -> float:
    """"""
    Synthetic benchmark function designed to match specific ELA features.
    It combines exponentials, skewed components, and interactions to create a complex landscape.

    Formula:
    f(x) = sum(a_i * exp(b_i * ||x - c_i||)) + d * (x[0] + 1)^3 + e * sum(x[i] * x[j] for i in range(n) for j in range(i + 1, n))

    where:
    - a_i are amplitudes.
    - b_i control the rate of exponential decay (negative values for decay).
    - c_i are the centers.
    - ||.|| denotes the Euclidean norm.
    - d is coefficient for skewness.
    - e is coefficient for pairwise interactions.
    """"""
    n = len(x)
    amplitudes = np.array([0.11, -0.06, 0.16])
    decay_rates = np.array([-0.3, -0.6, -0.4])
    centers = np.array([[0.2, -0.1, 0.4, -0.3, 0.1],
                        [-0.3, 0.5, -0.2, 0.1, -0.4],
                        [0.6, -0.4, 0.1, 0.3, -0.2]])

    exponential_term = np.sum(amplitudes[i] * np.exp(decay_rates[i] * np.linalg.norm(x - centers[i])) for i in range(len(amplitudes)))

    skewness_coeff = 0.15  # Increased
    skewness_term = skewness_coeff * (x[0] + 1)**3

    interaction_coeff = 0.10  # Increased
    interaction_term = interaction_coeff * np.sum(x[i] * x[j] for i in range(n) for j in range(i + 1, n))

    return exponential_term + skewness_term + interaction_term",0.24754726223167905,"
    Synthetic benchmark function designed to match specific ELA features.
    It combines exponentials, skewed components, and interactions to create a complex landscape.

    Formula:
    f(x) = sum(a_i * exp(b_i * ||x - c_i||)) + d * (x[0] + 1)^3 + e * sum(x[i] * x[j] for i in range(n) for j in range(i + 1, n))

    where:
    - a_i are amplitudes.
    - b_i control the rate of exponential decay (negative values for decay).
    - c_i are the centers.
    - ||.|| denotes the Euclidean norm.
    - d is coefficient for skewness.
    - e is coefficient for pairwise interactions.
    ",,,,15,5,0.14408710727632223,0.18021635879990738,0.3796864972436713,0.6250598821470673,0.6806250205602815,0.784823665238462,0.8181565986139168,0.999999776205208
"import numpy as np

def problem(x: np.ndarray) -> float:
    """"""
    Synthetic benchmark function designed to match specific ELA features.
    It combines exponentials, skewed components, and interactions to create a complex landscape.

    Formula:
    f(x) = a * exp(b * ||x - c||) + d * (x[0] + 1)^3 + e * sum(x[i] * x[j] for i in range(n) for j in range(i + 1, n))

    where:
    - a is amplitudes.
    - b control the rate of exponential decay (negative values for decay).
    - c is the center.
    - ||.|| denotes the Euclidean norm.
    - d is coefficient for skewness.
    - e is coefficient for pairwise interactions.
    """"""
    n = len(x)
    amplitude = 0.1
    decay_rate = -0.5
    center = np.zeros(n)
    exponential_term = amplitude * np.exp(decay_rate * np.linalg.norm(x - center))

    skewness_coeff = 0.16  # Fine Tuned
    skewness_term = skewness_coeff * (x[0] + 1)**3

    interaction_coeff = 0.09  # Fine Tuned
    interaction_term = interaction_coeff * np.sum(x[i] * x[j] for i in range(n) for j in range(i + 1, n))

    return exponential_term + skewness_term + interaction_term",0.25938924336462943,"
    Synthetic benchmark function designed to match specific ELA features.
    It combines exponentials, skewed components, and interactions to create a complex landscape.

    Formula:
    f(x) = a * exp(b * ||x - c||) + d * (x[0] + 1)^3 + e * sum(x[i] * x[j] for i in range(n) for j in range(i + 1, n))

    where:
    - a is amplitudes.
    - b control the rate of exponential decay (negative values for decay).
    - c is the center.
    - ||.|| denotes the Euclidean norm.
    - d is coefficient for skewness.
    - e is coefficient for pairwise interactions.
    ",,,,16,5,0.1445884953452434,0.18118015914378874,0.3749540554549248,0.6305741305947036,0.6992028300556887,0.7787965145305248,0.8389544652632736,0.9999999574213506
"import numpy as np

def problem(x: np.ndarray) -> float:
    """"""
    Synthetic benchmark function designed to match specific ELA features.

    This function combines a shifted quadratic bowl, linear terms with interactions, a skewed component,
    and a term that introduces some ruggedness. It is designed to approximate the target ELA features.

    Formula:
    f(x) = 0.015 * sum((x - 1.2)**2) + 0.04 * sum(x[i] * x[j] for i in range(n) for j in range(i + 1, n)) +
           0.02 * sum(x) + 0.11 * (x[0] + 1)**3 + 0.0005 * sum(np.sin(x))
    where n is the dimension of x.
    """"""
    n = len(x)
    shifted_quadratic_term = 0.015 * np.sum((x - 1.2)**2)
    interaction_term = 0.04 * np.sum(x[i] * x[j] for i in range(n) for j in range(i + 1, n))
    linear_term = 0.02 * np.sum(x)
    skewness_term = 0.11 * (x[0] + 1)**3
    ruggedness_term = 0.0005 * np.sum(np.sin(x))
    return shifted_quadratic_term + interaction_term + linear_term + skewness_term + ruggedness_term",0.29971241771846974,"
    Synthetic benchmark function designed to match specific ELA features.

    This function combines a shifted quadratic bowl, linear terms with interactions, a skewed component,
    and a term that introduces some ruggedness. It is designed to approximate the target ELA features.

    Formula:
    f(x) = 0.015 * sum((x - 1.2)**2) + 0.04 * sum(x[i] * x[j] for i in range(n) for j in range(i + 1, n)) +
           0.02 * sum(x) + 0.11 * (x[0] + 1)**3 + 0.0005 * sum(np.sin(x))
    where n is the dimension of x.
    ",,,,16,5,0.14658418654863342,0.17767927039722875,0.523299862939651,0.6459259366333648,0.716085633679492,0.7568735352186251,0.871768969705732,0.9999999960953475
"import numpy as np

def problem(x: np.ndarray) -> float:
    """"""
    Synthetic benchmark function designed to match specific ELA features.

    This function combines a shifted quadratic bowl, linear terms with interactions, a skewed component,
    and a term that introduces some ruggedness. It is designed to approximate the target ELA features.

    Formula:
    f(x) = 0.01 * sum(x**2) + 0.02 * sum(x[i] * x[j] for i in range(n) for j in range(i + 1, n)) +
           0.03 * sum(x) + 0.001 * (x[0])**3 + 0.0001 * sum(np.sin(5 * x))
    where n is the dimension of x.
    """"""
    n = len(x)
    shifted_quadratic_term = 0.01 * np.sum(x**2)
    interaction_term = 0.02 * np.sum(x[i] * x[j] for i in range(n) for j in range(i + 1, n))
    linear_term = 0.03 * np.sum(x)
    skewness_term = 0.001 * (x[0])**3
    ruggedness_term = 0.0001 * np.sum(np.sin(5 * x))
    return shifted_quadratic_term + interaction_term + linear_term + skewness_term + ruggedness_term",0.7838959385683543,"
    Synthetic benchmark function designed to match specific ELA features.

    This function combines a shifted quadratic bowl, linear terms with interactions, a skewed component,
    and a term that introduces some ruggedness. It is designed to approximate the target ELA features.

    Formula:
    f(x) = 0.01 * sum(x**2) + 0.02 * sum(x[i] * x[j] for i in range(n) for j in range(i + 1, n)) +
           0.03 * sum(x) + 0.001 * (x[0])**3 + 0.0001 * sum(np.sin(5 * x))
    where n is the dimension of x.
    ",,,,16,5,0.17518631045394542,0.03720074938047724,0.5106817986102393,0.6999082262411943,0.10022954805982383,0.9248326084775433,0.1889163676253874,0.9999999289716534
"import numpy as np

def problem(x: np.ndarray) -> float:
    """"""
    Synthetic benchmark function combining Gaussian components.

    This function constructs a fitness landscape by summing Gaussian functions with different
    centers, scales and weighting factors, adding an interaction between variables and a linear component. The function is
    designed to induce a specific skewness and correlation structure in the fitness landscape.

    Formula:
    f(x) = sum(w_i * exp(-||x - c_i||^2 / (2 * sigma_i^2))) + a * sum(x[i] * x[j] for i in range(n) for j in range(i + 1, n)) + b * sum(x) + c * (x[0] + 1)**3

    where:
    - w_i are the weights of each Gaussian component.
    - c_i are the centers of the Gaussians.
    - sigma_i are the scaling factors (widths) of the Gaussians.
    - ||.|| denotes the Euclidean norm.
    - a, b, c are constants.
    """"""
    n = len(x)
    centers = np.array([[0.5, -0.2, 0.1, 0.8, -0.3],
                        [-0.1, 0.9, -0.7, 0.2, 0.5]])
    weights = np.array([0.04, -0.06])  # Reduced gaussian weights
    sigmas = np.array([0.6, 0.4])

    gaussian_term = np.sum(weights[i] * np.exp(-np.linalg.norm(x - centers[i])**2 / (2 * sigmas[i]**2)) for i in range(len(centers)))
    interaction_coeff = 0.02 # Increased interaction coefficient
    interaction_term = interaction_coeff * np.sum(x[i] * x[j] for i in range(n) for j in range(i + 1, n))
    linear_coeff = 0.01   # Reduced linear coefficient
    linear_term = linear_coeff * np.sum(x)
    skewness_coeff = 0.2  # Reduced skewness coefficient
    skewness_term = skewness_coeff * (x[0] + 1)**3

    return gaussian_term + interaction_term + linear_term + skewness_term",0.31612709312148274,"
    Synthetic benchmark function combining Gaussian components.

    This function constructs a fitness landscape by summing Gaussian functions with different
    centers, scales and weighting factors, adding an interaction between variables and a linear component. The function is
    designed to induce a specific skewness and correlation structure in the fitness landscape.

    Formula:
    f(x) = sum(w_i * exp(-||x - c_i||^2 / (2 * sigma_i^2))) + a * sum(x[i] * x[j] for i in range(n) for j in range(i + 1, n)) + b * sum(x) + c * (x[0] + 1)**3

    where:
    - w_i are the weights of each Gaussian component.
    - c_i are the centers of the Gaussians.
    - sigma_i are the scaling factors (widths) of the Gaussians.
    - ||.|| denotes the Euclidean norm.
    - a, b, c are constants.
    ",,,,16,5,0.14561842909408199,0.18006662645319682,0.505802829976984,0.6470867170846119,0.7560211493101124,0.7638185216824387,0.8970612717066775,0.9999999999729212
"import numpy as np

def problem(x: np.ndarray) -> float:
    """"""
    Synthetic benchmark function designed to match specific ELA features.

    This function combines a shifted quadratic bowl, linear terms with interactions, a skewed component,
    and a term that introduces some ruggedness. It is designed to approximate the target ELA features.

    Formula:
    f(x) = 0.05 * sum((x - 0.1)**2) + 0.02 * sum(x[i] * x[j] for i in range(n) for j in range(i + 1, n)) +
           0.001 * sum(x) + 0.0005 * (x[0] + 1)**3 + 0.0001 * sum(np.sin(5 * x))
    where n is the dimension of x.
    """"""
    n = len(x)
    shifted_quadratic_term = 0.05 * np.sum((x - 0.1)**2)
    interaction_term = 0.02 * np.sum(x[i] * x[j] for i in range(n) for j in range(i + 1, n))
    linear_term = 0.001 * np.sum(x)
    skewness_term = 0.0005 * (x[0] + 1)**3
    ruggedness_term = 0.0001 * np.sum(np.sin(5 * x))
    return shifted_quadratic_term + interaction_term + linear_term + skewness_term + ruggedness_term",1.0294815916549658,"
    Synthetic benchmark function designed to match specific ELA features.

    This function combines a shifted quadratic bowl, linear terms with interactions, a skewed component,
    and a term that introduces some ruggedness. It is designed to approximate the target ELA features.

    Formula:
    f(x) = 0.05 * sum((x - 0.1)**2) + 0.02 * sum(x[i] * x[j] for i in range(n) for j in range(i + 1, n)) +
           0.001 * sum(x) + 0.0005 * (x[0] + 1)**3 + 0.0001 * sum(np.sin(5 * x))
    where n is the dimension of x.
    ",,,,16,5,0.1335435760269931,0.1744363957947956,0.8840320822398974,0.4102035928191166,0.009238599817249393,0.3334593719438743,0.7114024756829632,0.999999974650968
"import numpy as np
from itertools import combinations

def problem(x: np.ndarray) -> float:
    """"""
    Synthetic benchmark function combining sinusoidal, interaction, and skewed polynomial terms.
    This design creates a landscape with modulated oscillations, epistasis, and controlled skewness.

    Formula:
    f(x) = a * sum(sin(b * x_i) * x_i) + c * sum(x_i * x_j for i<j) + d * (x[0] + 1)**3
    where:
    - a, b, c, d are constants.
    - x_i are the components of the input vector x.
    """"""
    n = len(x)
    a = 0.05 # Tuned to meet fitness_std and reduce overall variance
    b = 1.5
    c = 0.04 # Increased to improve interaction adj_r2, and increase nbc
    d = 0.05 # Reduced to lower fitness_std and linearity

    sinusoidal_term = a * np.sum(np.sin(b * x) * x) #Simplified exponent of x and scale the overall output, since sin oscillates between -1 and 1.
    interaction_term = c * np.sum(x[i] * x[j] for i in range(n) for j in range(i+1, n))# Adjusted indices to avoid duplication
    skewness_term = d * (x[0] + 1)**3

    return sinusoidal_term + interaction_term + skewness_term",0.22431221906267523,"
    Synthetic benchmark function combining sinusoidal, interaction, and skewed polynomial terms.
    This design creates a landscape with modulated oscillations, epistasis, and controlled skewness.

    Formula:
    f(x) = a * sum(sin(b * x_i) * x_i) + c * sum(x_i * x_j for i<j) + d * (x[0] + 1)**3
    where:
    - a, b, c, d are constants.
    - x_i are the components of the input vector x.
    ",,,,16,5,0.1455381494881999,0.1635296539229836,0.42350116765207885,0.6227640728429397,0.6476471190955638,0.784489491755865,0.7859117583407472,0.995778223730189
"import numpy as np

def problem(x: np.ndarray) -> float:
    """"""
    Synthetic benchmark function combining sinusoidal and polynomial terms.
    This design aims to create a landscape with modulated oscillations and controlled skewness.

    Formula:
    f(x) = a * sum(sin(b * x_i) * x_i**2) + c * sum(x_i * x_j for i, j in combinations(range(n), 2)) + d * (x[0] + 1)**3 + e * sum(cos(f * x_i)) + g*sum(x_i**2)

    where:
    - a, b, c, d, e, f, g are constants.
    - x_i are the components of the input vector x.
    - combinations(range(n), 2) generates all pairs of distinct indices from 0 to n-1.
    """"""
    from itertools import combinations
    n = len(x)
    a = 0.0005 # Reduced to lower fitness_std
    b = 2.6
    c = 0.015 # Increased to improve interaction adj_r2, slightly increase nbc.
    d = 0.016 # Reduced to lower fitness_std and linearity
    e = 0.001 # Reduced to lower fitness_std and linearity
    f = 1.5
    g = 0.0001# add slight quadratic term to reduce lin_simple and quad_simple

    sinusoidal_term = a * np.sum(np.sin(b * x) * x**2)
    interaction_term = c * np.sum(x[i] * x[j] for i, j in combinations(range(n), 2))
    skewness_term = d * (x[0] + 1)**3
    cosine_term = e * np.sum(np.cos(f * x))
    quadratic_term = g * np.sum(x**2)

    return sinusoidal_term + interaction_term + skewness_term + cosine_term + quadratic_term",0.22893376453332817,"
    Synthetic benchmark function combining sinusoidal and polynomial terms.
    This design aims to create a landscape with modulated oscillations and controlled skewness.

    Formula:
    f(x) = a * sum(sin(b * x_i) * x_i**2) + c * sum(x_i * x_j for i, j in combinations(range(n), 2)) + d * (x[0] + 1)**3 + e * sum(cos(f * x_i)) + g*sum(x_i**2)

    where:
    - a, b, c, d, e, f, g are constants.
    - x_i are the components of the input vector x.
    - combinations(range(n), 2) generates all pairs of distinct indices from 0 to n-1.
    ",,,,16,5,0.14308210630181262,0.17631972820348152,0.40021287645374803,0.6131955336841011,0.6231021322439292,0.8006798782965072,0.7555096750720778,0.9999540135949192
"import numpy as np

def problem(x: np.ndarray) -> float:
    """"""
    Synthetic benchmark function designed to match specific ELA features.
    It combines exponentials, skewed components, and interactions to create a complex landscape.

    Formula:
    f(x) = sum(a_i * exp(b_i * ||x - c_i||)) + d * (x[0] + 1)^3 + e * sum(x[i] * x[j] for i in range(n) for j in range(i + 1, n))

    where:
    - a_i are amplitudes.
    - b_i control the rate of exponential decay (negative values for decay).
    - c_i are the centers.
    - ||.|| denotes the Euclidean norm.
    - d is coefficient for skewness.
    - e is coefficient for pairwise interactions.
    """"""
    n = len(x)
    amplitudes = np.array([0.05, -0.02, 0.08])
    decay_rates = np.array([-0.1, -0.3, -0.2])
    centers = np.array([[0.1, -0.05, 0.2, -0.15, 0.05],
                        [-0.15, 0.25, -0.1, 0.05, -0.2],
                        [0.3, -0.2, 0.05, 0.15, -0.1]])

    exponential_term = np.sum(amplitudes[i] * np.exp(decay_rates[i] * np.linalg.norm(x - centers[i])) for i in range(len(amplitudes)))

    skewness_coeff = 0.12
    skewness_term = skewness_coeff * (x[0] + 1)**3

    interaction_coeff = 0.04
    interaction_term = interaction_coeff * np.sum(x[i] * x[j] for i in range(n) for j in range(i + 1, n))

    return exponential_term + skewness_term + interaction_term",0.28525955057075403,"
    Synthetic benchmark function designed to match specific ELA features.
    It combines exponentials, skewed components, and interactions to create a complex landscape.

    Formula:
    f(x) = sum(a_i * exp(b_i * ||x - c_i||)) + d * (x[0] + 1)^3 + e * sum(x[i] * x[j] for i in range(n) for j in range(i + 1, n))

    where:
    - a_i are amplitudes.
    - b_i control the rate of exponential decay (negative values for decay).
    - c_i are the centers.
    - ||.|| denotes the Euclidean norm.
    - d is coefficient for skewness.
    - e is coefficient for pairwise interactions.
    ",,,,16,5,0.14539539231011173,0.18309747159553838,0.4244580380176089,0.6379344232400972,0.7337379636590423,0.7690062986121784,0.8755629044129845,0.9999999635507832
"import numpy as np

def problem(x: np.ndarray) -> float:
    """"""
    Synthetic benchmark function combining sinusoidal, quadratic, and cosine terms.
    This design aims to create a landscape with modulated oscillations and controlled skewness.

    Formula:
    f(x) = a * sum(sin(b * x_i) * x_i**2) + c * sum(x_i * x_j for i, j in combinations(range(n), 2)) + d * (x[0] + 1)**2 + e * sum(cos(f * x_i))

    where:
    - a, b, c, d, e, f are constants.
    - x_i are the components of the input vector x.
    - combinations(range(n), 2) generates all pairs of distinct indices from 0 to n-1.
    """"""
    from itertools import combinations
    n = len(x)
    a = 0.01
    b = 2.5
    c = 0.0003
    d = 0.05
    e = 0.005
    f = 1.5

    sinusoidal_term = a * np.sum(np.sin(b * x) * x**2)
    interaction_term = c * np.sum(x[i] * x[j] for i, j in combinations(range(n), 2))
    skewness_term = d * (x[0] + 1)**2
    cosine_term = e * np.sum(np.cos(f * x))

    return sinusoidal_term + interaction_term + skewness_term + cosine_term",0.8029156576578003,"
    Synthetic benchmark function combining sinusoidal, quadratic, and cosine terms.
    This design aims to create a landscape with modulated oscillations and controlled skewness.

    Formula:
    f(x) = a * sum(sin(b * x_i) * x_i**2) + c * sum(x_i * x_j for i, j in combinations(range(n), 2)) + d * (x[0] + 1)**2 + e * sum(cos(f * x_i))

    where:
    - a, b, c, d, e, f are constants.
    - x_i are the components of the input vector x.
    - combinations(range(n), 2) generates all pairs of distinct indices from 0 to n-1.
    ",,,,16,5,0.12180192744169485,0.13830667644339875,0.17627336634209992,0.4649446515376389,0.2829474112089609,0.2942158299558611,0.8947768021665564,0.9283827976337695
"import numpy as np

def problem(x: np.ndarray) -> float:
    """"""
    Synthetic benchmark function combining sinusoidal, polynomial, and skewness terms.
    This design aims to create a landscape with modulated oscillations, skewness and controlled interactions.

    Formula:
    f(x) = a * sum(sin(b * x_i) * x_i**2) + c * sum(x_i**2) + d * sum((x_i + 1)**3 for i in range(len(x))) + e * sum(cos(f * x_i)) + g * (np.random.normal(0, 0.001))

    where:
    - a, b, c, d, e, g are constants.
    - x_i are the components of the input vector x.
    """"""
    n = len(x)
    a = 0.015
    b = 2.5
    c = 0.005
    d = 0.005
    e = 0.01
    f = 1.5
    g = 0 # Added noise term temporarily removed to stay deterministic

    sinusoidal_term = a * np.sum(np.sin(b * x) * x**2)
    quadratic_term = c * np.sum(x**2)
    skewness_term = d * np.sum((x + 1)**3)
    cosine_term = e * np.sum(np.cos(f * x))
    #noise_term = g * np.random.normal(0, 0.001)

    return sinusoidal_term + quadratic_term + skewness_term + cosine_term",0.4990361060776073,"
    Synthetic benchmark function combining sinusoidal, polynomial, and skewness terms.
    This design aims to create a landscape with modulated oscillations, skewness and controlled interactions.

    Formula:
    f(x) = a * sum(sin(b * x_i) * x_i**2) + c * sum(x_i**2) + d * sum((x_i + 1)**3 for i in range(len(x))) + e * sum(cos(f * x_i)) + g * (np.random.normal(0, 0.001))

    where:
    - a, b, c, d, e, g are constants.
    - x_i are the components of the input vector x.
    ",,,,16,5,0.11507229416236842,0.14492460131914986,0.6264961372828933,0.4705864995205389,0.591283393732196,0.6003606346693348,0.8801657449134286,0.9010755586143483
"import numpy as np

def problem(x: np.ndarray) -> float:
    """"""
    Synthetic benchmark function designed to match specific ELA features.
    This function combines a Gaussian component, a polynomial component (skewness), and an interaction term.

    Formula:
    f(x) = a * exp(-||x - c||^2 / (2 * sigma^2)) + b * (x[0] + 1)^3 + d * sum(x_i * x_j for i<j)
    where:
    - a is the amplitude of the Gaussian.
    - c is the center of the Gaussian.
    - sigma is the standard deviation of the Gaussian.
    - b, d are coefficients that balance skewness and interaction.
    """"""
    n = len(x)
    a = 0.15 #Amplitude of exponential. To scale the resulting values to appropriate fitness_std.
    c = np.array([0.3, -0.2, 0.1, -0.4, 0.2]) #Gaussian's center
    sigma = 1.2 #Gaussian's standard deviation.

    b = 0.17 #Skewness component
    d = 0.05 #Interaction term

    gaussian_term = a * np.exp(-np.linalg.norm(x - c)**2 / (2 * sigma**2))
    skewness_term = b * (x[0] + 1)**3
    interaction_term = d * np.sum(x[i] * x[j] for i in range(n) for j in range(i+1, n))

    return gaussian_term + skewness_term + interaction_term",0.28964027993394514,"
    Synthetic benchmark function designed to match specific ELA features.
    This function combines a Gaussian component, a polynomial component (skewness), and an interaction term.

    Formula:
    f(x) = a * exp(-||x - c||^2 / (2 * sigma^2)) + b * (x[0] + 1)^3 + d * sum(x_i * x_j for i<j)
    where:
    - a is the amplitude of the Gaussian.
    - c is the center of the Gaussian.
    - sigma is the standard deviation of the Gaussian.
    - b, d are coefficients that balance skewness and interaction.
    ",,,,17,5,0.1455376142889965,0.18268259061637618,0.42577913101174036,0.6372657760851363,0.7380636200177104,0.7673670669216125,0.8803527576692938,0.9999998613824074
"import numpy as np

def problem(x: np.ndarray) -> float:
    """"""
    Synthetic benchmark function combining trigonometric and power functions with interactions.
    This function aims to create a complex, multimodal landscape with tunable properties.

    Formula:
    f(x) = a * sum(sin(b * x_i)**2 + cos(c * x_i)) + d * (x[0] * x[1])**2  + e * sum(x_i**4) + g * (x[0]+1)**3

    where:
    - a, b, c, d, e, and g are constants.
    - x_i are the components of the input vector x.
    """"""
    n = len(x)
    a = 0.13  # Scale of trigonometric terms
    b = 2.1   # Frequency of sine term
    c = 1.8   # Frequency of cosine term
    d = 0.03 # Interaction Strength, Adjusted the value
    e = 0.008 # Power term strength, Reduced the power term.
    g = 0.15 # Skewness term, Adjust based on the desired skewness

    trigonometric_term = a * np.sum(np.sin(b * x)**2 + np.cos(c * x))
    interaction_term = d * (x[0] * x[1])**2
    power_term = e * np.sum(x**4)
    skewness_term = g * (x[0] + 1)**3

    return trigonometric_term + interaction_term + power_term + skewness_term",0.6741904523111769,"
    Synthetic benchmark function combining trigonometric and power functions with interactions.
    This function aims to create a complex, multimodal landscape with tunable properties.

    Formula:
    f(x) = a * sum(sin(b * x_i)**2 + cos(c * x_i)) + d * (x[0] * x[1])**2  + e * sum(x_i**4) + g * (x[0]+1)**3

    where:
    - a, b, c, d, e, and g are constants.
    - x_i are the components of the input vector x.
    ",,,,17,5,0.15325373424938668,0.09023182288772556,0.8629157202755956,0.5723267221372113,0.4769593388617986,0.48366671289980223,0.9138694095015301,0.9950491581922649
"import numpy as np

def problem(x: np.ndarray) -> float:
    """"""
    Synthetic benchmark function combining a product of trigonometric functions with a weighted sum of powers.
    This creates a multimodal landscape with varying degrees of non-linearity and epistasis.

    Formula:
    f(x) = a * prod(cos(b * x_i) + sin(c * x_i)) + sum(d_i * x_i^e_i)
    where:
    - a, b, c are constants.
    - d_i are random coefficients.
    - e_i are exponents with some being integers to introduce polynomial characteristics.
    """"""
    n = len(x)
    a = 0.1 # Scales the landscape
    b = 2.0 # Controls cosine frequency
    c = 1.5 # Controls sine frequency

    d = np.array([0.01, -0.02, 0.03, -0.04, 0.05])
    e = np.array([2, 1, 3, 1.5, 2.5])

    trigonometric_term = a * np.prod(np.cos(b * x) + np.sin(c * x))
    power_term = np.sum(d * (x**e))

    return trigonometric_term + power_term",0.43761853333088024,"
    Synthetic benchmark function combining a product of trigonometric functions with a weighted sum of powers.
    This creates a multimodal landscape with varying degrees of non-linearity and epistasis.

    Formula:
    f(x) = a * prod(cos(b * x_i) + sin(c * x_i)) + sum(d_i * x_i^e_i)
    where:
    - a, b, c are constants.
    - d_i are random coefficients.
    - e_i are exponents with some being integers to introduce polynomial characteristics.
    ",,,,17,5,0.10204857657521711,0.30385184914619534,0.4677217652334932,0.5054332438852719,0.7836718515793111,0.7849040217616706,0.8466878813813734,0.9944091700918725
"import numpy as np

def problem(x: np.ndarray) -> float:
    """"""
    Synthetic benchmark function combining power functions, product components and a global bias.
    The goal is to create a landscape that is non-separable and skewed, influencing the ELA features.

    Formula:
    f(x) = a * sum(abs(x_i)**b) + c * prod(x_i) + d * (x[0] + 1)**3 + bias

    where:
    - a, b, c, d are constants.
    - x_i are the components of the input vector x.
    - prod(x_i) is the product of all components.
    - bias shifts the function vertically within appropriate limits.
    """"""
    n = len(x)
    a = 0.05
    b = 2.1 # control linearity vs quadratic properties
    c = 0.005 # control interaction and ruggedness
    d = 0.15 # control skewness

    power_term = a * np.sum(np.abs(x)**b)
    product_term = c * np.prod(x)
    skewness_term = d * (x[0] + 1)**3
    bias = 1.0  # Add bias to avoid negative function values #add a constant bias
    return power_term + product_term + skewness_term + bias",0.3055187499127245,"
    Synthetic benchmark function combining power functions, product components and a global bias.
    The goal is to create a landscape that is non-separable and skewed, influencing the ELA features.

    Formula:
    f(x) = a * sum(abs(x_i)**b) + c * prod(x_i) + d * (x[0] + 1)**3 + bias

    where:
    - a, b, c, d are constants.
    - x_i are the components of the input vector x.
    - prod(x_i) is the product of all components.
    - bias shifts the function vertically within appropriate limits.
    ",,,,17,5,0.14762327036994002,0.16800422189539907,0.35492902323674974,0.6414542063136612,0.7198694081462784,0.7231009454368703,0.8947937247293223,0.9908058921469575
"import numpy as np

def problem(x: np.ndarray) -> float:
    """"""
    Synthetic benchmark function composed of a radial basis function combined with polynomial and interaction terms.

    Formula:
    f(x) = a * exp(-b * ||x - c||^2) +  d * sum((x_i + shift_i)**3 for i in range(n)) + e * sum(x_i * x_j for i in range(n) for j in range(i + 1, n)) + f * sum(x_i**4 for i in range(n))

    where:
    - a controls the amplitude of the Gaussian RBF.
    - b controls the inverse width of the Gaussian RBF.
    - c is the center of the RBF.
    - d controls the skewness via cubic terms. Shifts are added to each component x_i.
    - e scales the pairwise interactions.
    - f scales the quartic terms.
    - ||.|| denotes the Euclidean norm.
    """"""
    n = len(x)
    a = -1.5  # Amplitude of the RBF (negative for a minimum)
    b = 0.15  # Controls the width of the RBF
    c = np.ones(n) * 1.8 # Center of the RBF, shifted away from zero
    gaussian_rbf = a * np.exp(-b * np.linalg.norm(x - c)**2)

    d = 0.06 #Modified
    shifts = np.linspace(-0.5,0.5,n)
    skewness_term = d * np.sum((x + shifts)**3)

    e = 0.02 #Modified
    interaction_term = e * np.sum(x[i] * x[j] for i in range(n) for j in range(i + 1, n))

    f = 0.0015 #Modified
    quartic_term = f * np.sum(x**4)

    return gaussian_rbf + skewness_term + interaction_term + quartic_term",0.40077930630754716,"
    Synthetic benchmark function composed of a radial basis function combined with polynomial and interaction terms.

    Formula:
    f(x) = a * exp(-b * ||x - c||^2) +  d * sum((x_i + shift_i)**3 for i in range(n)) + e * sum(x_i * x_j for i in range(n) for j in range(i + 1, n)) + f * sum(x_i**4 for i in range(n))

    where:
    - a controls the amplitude of the Gaussian RBF.
    - b controls the inverse width of the Gaussian RBF.
    - c is the center of the RBF.
    - d controls the skewness via cubic terms. Shifts are added to each component x_i.
    - e scales the pairwise interactions.
    - f scales the quartic terms.
    - ||.|| denotes the Euclidean norm.
    ",,,,17,5,0.10920097981042697,0.24030993190788122,0.45925298593094344,0.4932158035161206,0.7984363900444369,0.8059867905592019,0.8367938512305497,0.999334919248089
"import numpy as np

def problem(x: np.ndarray) -> float:
    """"""
    Synthetic benchmark function combining periodic and polynomial terms with a product term for epistasis and skewness.
    This function aims to generate a rugged landscape with controlled linear and non-linear characteristics.

    Formula:
    f(x) = a * prod(cos(b * x_i)) + c * sum(x_i**4) + d * (x[0] + 1)**3 + e * x[1] * x[2]

    where:
    - a, b, c, d, e are constants.
    - x_i are the components of the input vector x.
    - prod denotes the product of elements.
    """"""
    n = len(x)
    a = 0.07  # Controls the magnitude of the product of cosines.
    b = 2.2   # Frequency of oscillations in cosine functions.
    c = 0.005 # Contribution of the quartic polynomial term. Introduce non-linearity and curvature.
    d = 0.14  # Coefficient for skewness term.
    e = 0.06  # Scales the epistatic (product) term.

    product_term = a * np.prod(np.cos(b * x))
    quartic_term = c * np.sum(x**4)
    skewness_term = d * (x[0] + 1)**3
    epistasis_term = e * x[1] * x[2]

    return product_term + quartic_term + skewness_term + epistasis_term",0.41433632516388974,"
    Synthetic benchmark function combining periodic and polynomial terms with a product term for epistasis and skewness.
    This function aims to generate a rugged landscape with controlled linear and non-linear characteristics.

    Formula:
    f(x) = a * prod(cos(b * x_i)) + c * sum(x_i**4) + d * (x[0] + 1)**3 + e * x[1] * x[2]

    where:
    - a, b, c, d, e are constants.
    - x_i are the components of the input vector x.
    - prod denotes the product of elements.
    ",,,,17,5,0.15074009586528198,0.1411752598439248,0.6837494470693076,0.6347819887637011,0.6726090494057712,0.6818931668508107,0.9031148653613172,0.9965367955059791
"import numpy as np

def problem(x: np.ndarray) -> float:
    """"""
    Synthetic benchmark function based on a combination of trigonometric and polynomial terms, modulated by an exponential envelope.

    Formula:
    f(x) = exp(-alpha * ||x||^2) * (beta * sum(sin(x_i) * cos(x_i)) + gamma * (x[0]^4 + x[1]^2) + delta * prod(x_i))

    where:
    - alpha, beta, gamma, and delta are constants controlling the shape of the landscape.
    - ||x|| denotes the Euclidean norm of x.
    - x_i are components of the input vector x.
    """"""
    n = len(x)
    alpha = 0.01 # Envelope decay rate.
    beta = 0.15   # Amplitude of the trig component, nbc and fitness_std
    gamma = 0.02 # Amplitude of the polynomial component, lin and quad adj_r2
    delta = 0.005  # Amplitude of the product term, lin adj_r2

    envelope = np.exp(-alpha * np.linalg.norm(x)**2)
    trig_term = np.sum(np.sin(x) * np.cos(x))
    polynomial_term = x[0]**4 + x[1]**2
    product_term = np.prod(x)

    return envelope * (beta * trig_term + gamma * polynomial_term + delta * product_term)",1.180066698465346,"
    Synthetic benchmark function based on a combination of trigonometric and polynomial terms, modulated by an exponential envelope.

    Formula:
    f(x) = exp(-alpha * ||x||^2) * (beta * sum(sin(x_i) * cos(x_i)) + gamma * (x[0]^4 + x[1]^2) + delta * prod(x_i))

    where:
    - alpha, beta, gamma, and delta are constants controlling the shape of the landscape.
    - ||x|| denotes the Euclidean norm of x.
    - x_i are components of the input vector x.
    ",,,,17,5,0.14293544281645898,0.1109614012134406,0.05461460040907972,0.47249377102990603,0.0036226053971081867,0.010232337543106295,0.8641721370146308,0.892985404316418
"import numpy as np

def problem(x: np.ndarray) -> float:
    """"""
    Synthetic benchmark function combining exponential, product and polynomial terms.
    This design aims to create a landscape with non-linear interactions and controlled skewness.

    Formula:
    f(x) = a * exp(-b * sum(x_i**2)) + c * prod(x_i + 0.1) + d * (x[0] + 1)**3 + e * sum(x_i**4)

    where:
    - a, b, c, d, e are constants.
    - x_i are the components of the input vector x.
    """"""
    n = len(x)
    a = 0.1 # Reduced to lower fitness_std
    b = 0.02 # Adjusted for fitness_std
    c = 0.05 # Adjusted for interaction and skewness
    d = 0.04 # Kept low to limit skewness
    e = 0.001 # Added a quartic term

    exponential_term = a * np.exp(-b * np.sum(x**2))
    product_term = c * np.prod(x + 0.1)
    skewness_term = d * (x[0] + 1)**3
    quartic_term = e * np.sum(x**4)

    return exponential_term + product_term + skewness_term + quartic_term",1.6967535004311818,"
    Synthetic benchmark function combining exponential, product and polynomial terms.
    This design aims to create a landscape with non-linear interactions and controlled skewness.

    Formula:
    f(x) = a * exp(-b * sum(x_i**2)) + c * prod(x_i + 0.1) + d * (x[0] + 1)**3 + e * sum(x_i**4)

    where:
    - a, b, c, d, e are constants.
    - x_i are the components of the input vector x.
    ",,,,17,5,0.0828299409390983,0.4464511512904666,-0.034982008803974333,0.43165575494557085,0.026917658558460247,0.04520932873775742,0.029127257050707678,0.10187277785814514
"import numpy as np

def problem(x: np.ndarray) -> float:
    """"""
    Synthetic benchmark function combining rational polynomial, product, and interaction terms.
    This design aims to produce a landscape with non-linear features and controllable correlations.

    Formula:
    f(x) =  a * (1 / (1 + sum(x_i**2))) + b * prod(x_i) + c * sum(x_i * x_j for i<j) + d * x[0]**3

    where:
    - a, b, c, d are constants.
    - x_i are the components of the input vector x.
    """"""
    n = len(x)
    a = 0.3 # Changed value
    b = 0.008 # Adjusted for fitness_std and interaction improvement
    c = 0.035  # Adjusted for interaction adj_r2 and NBC
    d = 0.035 # Tweaked for skewness and linearity

    rational_term = a * (1 / (1 + np.sum(x**2)))
    product_term = b * np.prod(x)
    interaction_term = c * np.sum(x[i] * x[j] for i in range(n) for j in range(i+1, n))
    skewness_term = d * x[0]**3

    return rational_term + product_term + interaction_term + skewness_term",0.8865367005965491,"
    Synthetic benchmark function combining rational polynomial, product, and interaction terms.
    This design aims to produce a landscape with non-linear features and controllable correlations.

    Formula:
    f(x) =  a * (1 / (1 + sum(x_i**2))) + b * prod(x_i) + c * sum(x_i * x_j for i<j) + d * x[0]**3

    where:
    - a, b, c, d are constants.
    - x_i are the components of the input vector x.
    ",,,,17,5,0.10080816890463341,0.31061210726088223,0.016151372349229545,0.4572073717590578,0.37273536344924313,0.5387633424287211,0.3749639342948746,0.6347799626129998
"import numpy as np

def problem(x: np.ndarray) -> float:
    """"""
    Synthetic benchmark function inspired by ridge regression with added polynomial and interaction terms.

    Formula:
    f(x) = lambda * ||x||^2 + sum(a_i * x_i^3) + sum(b_ij * x_i * x_j) + c * x[0]

    where:
    - lambda is the regularization parameter.
    - a_i are coefficients for the cubic terms.
    - b_ij are coefficients for the pairwise interaction terms.
    - c is a coefficient for a linear term.
    - ||x|| denotes the Euclidean norm of x.
    """"""
    n = len(x)
    lambda_reg = 0.05 # Regularization strength
    cubic_coeffs = np.array([0.01, -0.02, 0.03, -0.04, 0.05]) # Coefficients for cubic terms
    interaction_values = np.array([0.02, -0.01, 0.03, -0.05, 0.04, -0.03, 0.02, -0.01, 0.01, -0.02])
    c_linear = 0.1 # Coefficient for the linear term

    ridge_term = lambda_reg * np.linalg.norm(x)**2
    cubic_term = np.sum(cubic_coeffs * x**3)
    interaction_term = 0.
    k=0
    for i in range(n):
      for j in range(i+1, n):
        interaction_term += interaction_values[k]*x[i]*x[j]
        k+=1


    linear_term = c_linear * x[0]
    return ridge_term + cubic_term + interaction_term + linear_term",0.4684958946487965,"
    Synthetic benchmark function inspired by ridge regression with added polynomial and interaction terms.

    Formula:
    f(x) = lambda * ||x||^2 + sum(a_i * x_i^3) + sum(b_ij * x_i * x_j) + c * x[0]

    where:
    - lambda is the regularization parameter.
    - a_i are coefficients for the cubic terms.
    - b_ij are coefficients for the pairwise interaction terms.
    - c is a coefficient for a linear term.
    - ||x|| denotes the Euclidean norm of x.
    ",,,,17,5,0.1056059592513953,0.3056273698621691,0.5507598037463999,0.4656288935467663,0.7785126562434205,0.8091392158854291,0.8240699354498461,1.0
"import numpy as np

def problem(x: np.ndarray) -> float:
    """"""
    Synthetic benchmark function combining cosine waves, polynomial and rational terms.

    Formula:
    f(x) = a * sum(cos(b * x_i)) + c * (x[0] + 1)**3 + d * sum((x[i] * x[j]) / (1 + 0.1 * (x[i]**2 + x[j]**2)) for i<j)

    where:
    - a, b, c, d are constants controlling amplitude and influence.
    - x_i are the components of the input vector x.
    - The rational term introduces interactions and potential discontinuities.
    """"""
    n = len(x)
    a = 0.12
    b = 2.0
    c = 0.07
    d = 0.05

    cosine_term = a * np.sum(np.cos(b * x))
    skewness_term = c * (x[0] + 1)**3
    interaction_term = d * np.sum((x[i] * x[j]) / (1 + 0.1 * (x[i]**2 + x[j]**2)) for i in range(n) for j in range(i + 1, n))

    return cosine_term + skewness_term + interaction_term",0.30052803920359256,"
    Synthetic benchmark function combining cosine waves, polynomial and rational terms.

    Formula:
    f(x) = a * sum(cos(b * x_i)) + c * (x[0] + 1)**3 + d * sum((x[i] * x[j]) / (1 + 0.1 * (x[i]**2 + x[j]**2)) for i<j)

    where:
    - a, b, c, d are constants controlling amplitude and influence.
    - x_i are the components of the input vector x.
    - The rational term introduces interactions and potential discontinuities.
    ",,,,18,5,0.14423294825819893,0.18150637564046482,0.36884628536676123,0.6343971280234819,0.7512053055184634,0.7674457648752525,0.8885139565452365,0.9975584024059977
"import numpy as np

def problem(x: np.ndarray) -> float:
    """"""
    Synthetic benchmark function designed to match specific ELA features.
    This function uses multiplicative interactions combined quadratic bowl, linear terms, and a skewed component,
    designed to approximate the target ELA features.

    Formula:
    f(x) = (a * sum((x - b)**2) + c) * (d * x[0]**3 + e * sum(x))  +  m * prod(cos(n*x))
    where n is the dimension of x.
    """"""
    n = len(x)
    a = 0.003 # quadratic scaling
    b = 1.5  # offset for quadratic term
    c = 0.1 #  constant offset to the quadratic
    d = 0.03 # skewness scaling
    e = 0.0005# linear scaling

    m = 0.0001 # modulation factor
    n_freq = 2 # frequency of cos.

    quadratic_term = a * np.sum((x - b)**2) + c
    skewness_linear_term = d * x[0]**3 + e * np.sum(x)
    modulation_term = m * np.prod(np.cos(n_freq * x))

    return quadratic_term * skewness_linear_term + modulation_term",0.4784324517886754,"
    Synthetic benchmark function designed to match specific ELA features.
    This function uses multiplicative interactions combined quadratic bowl, linear terms, and a skewed component,
    designed to approximate the target ELA features.

    Formula:
    f(x) = (a * sum((x - b)**2) + c) * (d * x[0]**3 + e * sum(x))  +  m * prod(cos(n*x))
    where n is the dimension of x.
    ",,,,18,5,0.07659653066823151,0.385283193512899,0.3354840989711784,0.52463009819947,0.7647989255061148,0.7864860668085437,0.7750745158127298,0.9907026604491853
"import numpy as np

def problem(x: np.ndarray) -> float:
    """"""
    Synthetic benchmark function combining logarithmic barrier,  polynomial skewness, and interaction terms.

    Formula:
    f(x) = -a * sum(log(b + ||x - c||^2)) + d * (x[0] + 1)^3 + e * sum(x_i * x_j / (1 + abs(x_i) + abs(x_j)) for i<j) + g * sum(sin(h*x))

    where:
    - a controls the depth of the logarithmic barriers.
    - b determines how steep the barrier is.
    - c is the center of the logarithmic barrier.
    - d is a coefficients for skewness.
    - e is a coefficients for interaction.
    - x_i are the components of x
    """"""
    n = len(x)
    a = 0.03 # Depth of log
    b = 0.5  # Smoothing factor for the logarithm.  Important to keep positive.
    c = np.array([0.3, -0.2, 0.1, -0.4, 0.2]) #Log's center

    d = 0.17 # Skewness coefficients (previously 0.17)
    e = 0.04  # Interaction coefficients (previously 0.05)

    g = 0.001 # Sine amplitude
    h = 1.1   # argument scaling

    log_term = -a * np.sum(np.log(b + np.linalg.norm(x - c)**2))
    skewness_term = d * (x[0] + 1)**3
    interaction_term = e * np.sum(x[i] * x[j] / (1 + np.abs(x[i]) + np.abs(x[j])) for i in range(n) for j in range(i+1, n))
    rugedness_term = g * np.sum(np.sin(h*x)) # add ruggedness

    return log_term + skewness_term + interaction_term + rugedness_term",0.30781397216299183,"
    Synthetic benchmark function combining logarithmic barrier,  polynomial skewness, and interaction terms.

    Formula:
    f(x) = -a * sum(log(b + ||x - c||^2)) + d * (x[0] + 1)^3 + e * sum(x_i * x_j / (1 + abs(x_i) + abs(x_j)) for i<j) + g * sum(sin(h*x))

    where:
    - a controls the depth of the logarithmic barriers.
    - b determines how steep the barrier is.
    - c is the center of the logarithmic barrier.
    - d is a coefficients for skewness.
    - e is a coefficients for interaction.
    - x_i are the components of x
    ",,,,18,5,0.14550385701708174,0.18338047888799724,0.45320278234507666,0.6499995716170908,0.7588348216095823,0.762380881566843,0.899307781804511,0.9999934685707881
"import numpy as np

def problem(x: np.ndarray) -> float:
    """"""
    Synthetic benchmark function designed to match specific ELA features.

    This function combines polynomial terms with a scaled, skewed exponential component.
    It aims to create a moderately complex and scalable search landscape.

    Formula:
    f(x) = scale * exp(skew * (x[0] + 1)) * prod( (poly_coeff * x[i]**2 + linear_coeff * x[i] + const_coeff) for i in range(n))
    where n is the dimension of x.
    """"""
    n = len(x)
    scale = 0.01  # Overall scaling factor
    skew = -0.01   #Introduce skewdness

    poly_coeff = 0.1  # Parabolic coefficient
    linear_coeff = 0.2 # Linear coeff
    const_coeff = 0.5 # Constant offset

    product_term = np.prod([(poly_coeff * x[i]**2 + linear_coeff * x[i] + const_coeff) for i in range(n)])
    skewed_exponential = np.exp(skew * (x[0] + 1))
    return scale * skewed_exponential * product_term",0.9849389755025779,"
    Synthetic benchmark function designed to match specific ELA features.

    This function combines polynomial terms with a scaled, skewed exponential component.
    It aims to create a moderately complex and scalable search landscape.

    Formula:
    f(x) = scale * exp(skew * (x[0] + 1)) * prod( (poly_coeff * x[i]**2 + linear_coeff * x[i] + const_coeff) for i in range(n))
    where n is the dimension of x.
    ",,,,18,5,0.3024686215773515,0.0019730069443239175,0.8797409806778068,0.762382560325875,0.17865264098490138,0.2550606032585663,0.4442819830083457,0.8255388122459263
"import numpy as np

def problem(x: np.ndarray) -> float:
    """"""
    Synthetic benchmark function combining Gaussian peaks, modified interactions, and a skewed term.
    This design creates a landscape with local optima, epistasis, and controlled skewness.

    Formula:
    f(x) = sum(a_i * exp(-||x - c_i||^2 / (2 * sigma_i^2))) + d * (x[0] + 1)^3 + e * sum(x[i] * x[j] / (1 + abs(x[i] - x[j])) for i<j)

    where:
    - a_i are amplitudes of the Gaussian peaks.
    - c_i are centers of the Gaussian peaks.
    - sigma_i are standard deviations of the Gaussian peaks.
    - d is the coefficient for the skewness term.
    - e is the coefficient for the interaction term.
    - ||.|| denotes the Euclidean norm.
    """"""
    n = len(x)
    amplitudes = np.array([0.1, 0.05, 0.08])
    centers = np.array([[1, -1, 0.5, -0.5, 0],
                        [-1, 1, -0.5, 0.5, 0],
                        [0.5, -0.5, 1, -1, 0]])
    sigmas = np.array([0.5, 0.7, 0.6])


    gaussian_term = np.sum(amplitudes[i] * np.exp(-np.linalg.norm(x - centers[i])**2 / (2 * sigmas[i]**2)) for i in range(len(amplitudes)))

    skewness_coeff = 0.13
    skewness_term = skewness_coeff * (x[0] + 1)**3

    interaction_coeff = 0.03
    interaction_term = interaction_coeff * np.sum(x[i] * x[j] / (1 + np.abs(x[i] - x[j])) for i in range(n) for j in range(i + 1, n))


    return gaussian_term + interaction_term + skewness_term",0.3103166974093551,"
    Synthetic benchmark function combining Gaussian peaks, modified interactions, and a skewed term.
    This design creates a landscape with local optima, epistasis, and controlled skewness.

    Formula:
    f(x) = sum(a_i * exp(-||x - c_i||^2 / (2 * sigma_i^2))) + d * (x[0] + 1)^3 + e * sum(x[i] * x[j] / (1 + abs(x[i] - x[j])) for i<j)

    where:
    - a_i are amplitudes of the Gaussian peaks.
    - c_i are centers of the Gaussian peaks.
    - sigma_i are standard deviations of the Gaussian peaks.
    - d is the coefficient for the skewness term.
    - e is the coefficient for the interaction term.
    - ||.|| denotes the Euclidean norm.
    ",,,,18,5,0.14634718811508046,0.18024040110716077,0.4928635981512702,0.6594134280488396,0.7485030688415503,0.7553241850374456,0.8984090734524885,0.9997764626763042
"import numpy as np

def problem(x: np.ndarray) -> float:
    """"""
    Synthetic benchmark function combining a quadratic term, exponential decay with interactions,
    a skewed term, and a rugged cosine term.

    Formula:
    f(x) = a * ||x - b||^2 + c * exp(-d * sum(x[i] * x[j] for i<j)) + e * (x[0] + 1)^3 + f * sum(cos(g * x))

    where:
    - a, b, c, d, e, f, g are constants.
    - x_i are the components of the input vector x.
    - ||.|| denotes the Euclidean norm.
    """"""
    n = len(x)
    a = 0.02  # Quadratic term coefficient
    b = 1.0   # Center of the quadratic bowl
    c = 0.1   # Exponential term coefficient
    d = 0.05   # Interaction decay rate in the exponential
    e = 0.12  # Skewness coefficient
    f = 0.005  # Ruggedness coefficient
    g = 4.0  # Frequency of cosine waves

    quadratic_term = a * np.linalg.norm(x - b)**2
    interaction_exponent = -d * np.sum(x[i] * x[j] for i in range(n) for j in range(i + 1, n))
    exponential_term = c * np.exp(interaction_exponent)
    skewness_term = e * (x[0] + 1)**3
    ruggedness_term = f * np.sum(np.cos(g * x))

    return quadratic_term + exponential_term + skewness_term + ruggedness_term",0.3253652949113294,"
    Synthetic benchmark function combining a quadratic term, exponential decay with interactions,
    a skewed term, and a rugged cosine term.

    Formula:
    f(x) = a * ||x - b||^2 + c * exp(-d * sum(x[i] * x[j] for i<j)) + e * (x[0] + 1)^3 + f * sum(cos(g * x))

    where:
    - a, b, c, d, e, f, g are constants.
    - x_i are the components of the input vector x.
    - ||.|| denotes the Euclidean norm.
    ",,,,18,5,0.14773633026449856,0.17225841940191178,0.5405392190294928,0.6610561472346946,0.737244357259292,0.7392866827603994,0.8991968632085721,0.9999218468622406
"import numpy as np

def problem(x: np.ndarray) -> float:
    """"""
    Synthetic benchmark function combining Radial Basis Functions (RBFs), a skewness term,
    and multiplicative interactions.

    Formula:
    f(x) = sum(a_i * exp(-||x - c_i||^2 / (2 * sigma_i^2))) + b * (x[0] + 1)^3 + c * prod(x)

    where:
    - a_i are the amplitudes of the RBFs.
    - c_i are the centers of the RBFs.
    - sigma_i are the standard deviations of the RBFs.
    - ||.|| denotes the Euclidean norm.
    - b controls the skewness.
    - c is the coefficient for the product of all variables.
    """"""
    n = len(x)

    # RBF term
    num_rbfs = 3
    amplitudes = np.array([0.1, -0.05, 0.08])
    centers = np.array([[0.5, -0.2, 0.1, 0.3, -0.1],
                        [-0.3, 0.4, -0.2, 0.0, 0.2],
                        [0.1, -0.1, 0.4, -0.3, 0.0]])
    sigmas = np.array([0.5, 0.7, 0.6]) # standard deviations

    rbf_term = np.sum(amplitudes[i] * np.exp(-np.linalg.norm(x - centers[i])**2 / (2 * sigmas[i]**2)) for i in range(num_rbfs))

    # Skewness term
    skewness_coeff = 0.08
    skewness_term = skewness_coeff * (x[0] + 1)**3

    # Interaction term (product of variables)
    interaction_coeff = 0.005
    interaction_term = interaction_coeff * np.prod(x)

    return rbf_term + skewness_term + interaction_term",0.4125803815388545,"
    Synthetic benchmark function combining Radial Basis Functions (RBFs), a skewness term,
    and multiplicative interactions.

    Formula:
    f(x) = sum(a_i * exp(-||x - c_i||^2 / (2 * sigma_i^2))) + b * (x[0] + 1)^3 + c * prod(x)

    where:
    - a_i are the amplitudes of the RBFs.
    - c_i are the centers of the RBFs.
    - sigma_i are the standard deviations of the RBFs.
    - ||.|| denotes the Euclidean norm.
    - b controls the skewness.
    - c is the coefficient for the product of all variables.
    ",,,,18,5,0.14341218567097172,0.20570883135535623,0.15001604618988512,0.6072065961604671,0.7359727624834923,0.7382256078660221,0.8665915229050475,0.966586207064308
"import numpy as np

def problem(x: np.ndarray) -> float:
    """"""
    Synthetic benchmark function combining a cosine mixture, a skewed Rosenbrock-like term, and non-separable interactions.

    Formula:
    f(x) = sum(a_i * cos(b_i * ||x - c_i||)) + d * sum(100*(x[i+1] - (x[i]+1)**2)**2 + (x[i]+1 - 1)**2) + e * (sum(x)**2)

    where:
    - a_i are amplitudes for cosine waves.
    - b_i are frequencies for cosine waves.
    - c_i are centers for cosine waves.
    - ||.|| denotes the Euclidean norm.
    - d is a coefficient for skewed rosenbrock.
    - e is a coefficient for global interaction.
    """"""
    n = len(x)
    amplitudes = np.array([0.1, -0.05, 0.08])
    frequencies = np.array([0.2, 0.5, 0.3])
    centers = np.array([[0.2, -0.1, 0.4, -0.3, 0.1],
                        [-0.3, 0.5, -0.2, 0.1, -0.4],
                        [0.6, -0.4, 0.1, 0.3, -0.2]])

    cosine_term = np.sum(amplitudes[i] * np.cos(frequencies[i] * np.linalg.norm(x - centers[i])) for i in range(len(amplitudes)))

    rosenbrock_coeff = 0.05
    rosenbrock_term = rosenbrock_coeff * np.sum(100*(x[i+1] - (x[i]+1)**2)**2 + (x[i]+1 - 1)**2 for i in range(n-1)) #Shifted Rosenbrock

    interaction_coeff = 0.02
    interaction_term = interaction_coeff * (np.sum(x)**2) #Global interaction
    return cosine_term + rosenbrock_term + interaction_term",0.8939606060846511,"
    Synthetic benchmark function combining a cosine mixture, a skewed Rosenbrock-like term, and non-separable interactions.

    Formula:
    f(x) = sum(a_i * cos(b_i * ||x - c_i||)) + d * sum(100*(x[i+1] - (x[i]+1)**2)**2 + (x[i]+1 - 1)**2) + e * (sum(x)**2)

    where:
    - a_i are amplitudes for cosine waves.
    - b_i are frequencies for cosine waves.
    - c_i are centers for cosine waves.
    - ||.|| denotes the Euclidean norm.
    - d is a coefficient for skewed rosenbrock.
    - e is a coefficient for global interaction.
    ",,,,18,5,0.12675304852700112,0.05981353184653298,0.8783000545094403,0.4037129886516058,0.2903666159893513,0.30582344496525693,0.8419528247218571,0.9706476825114806
"import numpy as np

def problem(x: np.ndarray) -> float:
    """"""
    Synthetic benchmark function using a modified Rastrigin-like term, a skewed power function, and a variable interaction term to control ELA features.

    Formula:
    f(x) = a * sum(x_i^2 + b * cos(c * x_i)) + d * (x[0] + 1)^e + f * prod(x_i^2)
    where:
    - a, b, c, d, e, f are constants.
    - x_i are components of the input vector x.
    """"""
    n = len(x)
    a = 0.07   #Scale of ruggedness (lowered to reduce overall variance). Tuned for fitness_std
    b = 2.5    #Amplitude of cosine term
    c = 3     #Frequency of cosine term
    d = 0.15  #Coefficient for the skewness component
    e = 3      #Exponent for the skewness
    f = 0.01  # Coefficient for interaction term. Adjusted to get closer to target correlation.

    rastrigin_term = a * np.sum(x**2 + b * np.cos(c * x))
    skewness_term = d * (x[0] + 1)**e
    interaction_term = f * np.prod(x**2)

    return rastrigin_term + skewness_term + interaction_term",1.2619503951126165,"
    Synthetic benchmark function using a modified Rastrigin-like term, a skewed power function, and a variable interaction term to control ELA features.

    Formula:
    f(x) = a * sum(x_i^2 + b * cos(c * x_i)) + d * (x[0] + 1)^e + f * prod(x_i^2)
    where:
    - a, b, c, d, e, f are constants.
    - x_i are components of the input vector x.
    ",,,,18,5,0.3586373450419072,0.0003401960752462514,0.6416771518174968,0.7988090213634387,0.004553869662362217,0.05279992353051369,0.25214059941595807,0.5975322766824596
"import numpy as np

def problem(x: np.ndarray) -> float:
    """"""
    Synthetic benchmark function combining a transformed Rosenbrock-like term with sinusoidal and polynomial features.
    This function employs a transformation of variables within the Rosenbrock component to affect the ELA characteristics.

    Formula:
    f(x) = a * sum( (sin(x[i])**2 - cos(x[i+1])**2)**2 + b*(1-sin(x[i])**2)**2 )  + c * sum(x[i] * x[j] for i in range(n) for j in range(i + 1, n)) + d * (x[0] + 1)**3 + e * sum(np.cos(2*x)) + g*sum(x**2)

    where:
    - a, b , c, d, e and g are constants.
    - n is number of dimensions
    """"""
    n = len(x)
    a = 0.001  # Reduced for fitness_std and linearity
    b = 100  #Rosenbrock Coefficient
    c = 0.05  # Interaction
    d = 0.1   # Skewness
    e = 0.0001# cosine term
    g = 0.005 # quadratic term

    #Wrap around the index for rosenbrock
    rosenbrock_term = np.sum((np.sin(x[:-1])**2 - np.cos(x[1:])**2)**2 + b*(1-np.sin(x[:-1])**2)**2)

    interaction_term = c * np.sum(x[i] * x[j] for i in range(n) for j in range(i + 1, n))
    skewness_term = d * (x[0] + 1)**3
    cosine_term = e * np.sum(np.cos(2*x))
    quadratic_term = g * np.sum(x**2)

    return a*rosenbrock_term  + interaction_term + skewness_term + cosine_term + quadratic_term",0.2635071656933436,"
    Synthetic benchmark function combining a transformed Rosenbrock-like term with sinusoidal and polynomial features.
    This function employs a transformation of variables within the Rosenbrock component to affect the ELA characteristics.

    Formula:
    f(x) = a * sum( (sin(x[i])**2 - cos(x[i+1])**2)**2 + b*(1-sin(x[i])**2)**2 )  + c * sum(x[i] * x[j] for i in range(n) for j in range(i + 1, n)) + d * (x[0] + 1)**3 + e * sum(np.cos(2*x)) + g*sum(x**2)

    where:
    - a, b , c, d, e and g are constants.
    - n is number of dimensions
    ",,,,18,5,0.1453338887773322,0.17826562625733208,0.41245382921107837,0.6324600965629007,0.7064931708613869,0.7726159488972496,0.8509568332423747,0.9998989192037373
"import numpy as np

def problem(x: np.ndarray) -> float:
    """"""
    Synthetic benchmark function designed to match specific ELA features.

    This function combines a scaled quadratic bowl, a rotated term using a fixed matrix, some linear components,
    and a weak sinusoidal modulation. It is designed to approximate the target ELA features.

    Formula:
    f(x) = 0.3 * sum((x - 0.8)**2) + 0.6 * sum((A @ x)**3) + 0.1 * sum(x) + 0.01 * sum(np.sin(2 * x))
    where n is the dimension of x and A is a fixed rotation matrix.
    """"""
    n = len(x)
    A = np.eye(n)
    for i in range(n):
      for j in range(i + 1, n):
        theta = 0.1 * (i + j)
        rotation_matrix = np.eye(n)
        rotation_matrix[i, i] = np.cos(theta)
        rotation_matrix[j, j] = np.cos(theta)
        rotation_matrix[i, j] = -np.sin(theta)
        rotation_matrix[j, i] = np.sin(theta)
        A = A @ rotation_matrix

    shifted_quadratic_term = 0.3 * np.sum((x - 0.8)**2)
    rotated_term = 0.6 * np.sum((A @ x)**3)
    linear_term = 0.1 * np.sum(x)
    sinusoidal_term = 0.01 * np.sum(np.sin(2 * x))

    return shifted_quadratic_term + rotated_term + linear_term + sinusoidal_term",0.4375105262154483,"
    Synthetic benchmark function designed to match specific ELA features.

    This function combines a scaled quadratic bowl, a rotated term using a fixed matrix, some linear components,
    and a weak sinusoidal modulation. It is designed to approximate the target ELA features.

    Formula:
    f(x) = 0.3 * sum((x - 0.8)**2) + 0.6 * sum((A @ x)**3) + 0.1 * sum(x) + 0.01 * sum(np.sin(2 * x))
    where n is the dimension of x and A is a fixed rotation matrix.
    ",,,,19,5,0.09852080052534062,0.3097711498926553,0.2416153678934639,0.5538182056956525,0.7296459801141069,0.7347382649954475,0.7320245317223537,0.9485573939976832
"import numpy as np

def problem(x: np.ndarray) -> float:
    """"""
    Synthetic benchmark function designed to match specific ELA features.
    It combines Gaussian components with varying standard deviations and a non-separable term.

    Formula:
    f(x) = sum(a_i * exp(-||x - c_i||^2 / (2 * sigma_i^2))) + b * (sum(x_i)^2) + c * prod(cos(x_i))

    where:
    - a_i are amplitudes.
    - c_i are the centers.
    - sigma_i are standard deviations, representing the width of each Gaussian.
    - ||.|| denotes the Euclidean norm.
    - b is coefficient for non-separability component.
    - c is coefficient for the product of cosines component.
    """"""
    n = len(x)
    amplitudes = np.array([1.0, 0.7, 0.5])
    centers = np.array([[0.5, -0.3, 0.2, 0.1, -0.4],
                        [-0.2, 0.4, -0.1, -0.3, 0.5],
                        [0.3, 0.1, -0.4, 0.5, -0.2]])
    std_devs = np.array([0.5, 0.8, 1.0])  # Adjusted standard deviations

    gaussian_term = np.sum(amplitudes[i] * np.exp(-np.linalg.norm(x - centers[i])**2 / (2 * std_devs[i]**2)) for i in range(len(amplitudes)))

    non_separable_coeff = 0.05 # increased coefficient to enhance nonseparability
    non_separable_term = non_separable_coeff * (np.sum(x)**2)

    product_cosines_coeff = 0.02
    product_cosines_term = product_cosines_coeff * np.prod(np.cos(x))
    return gaussian_term + non_separable_term + product_cosines_term",0.9164865434555223,"
    Synthetic benchmark function designed to match specific ELA features.
    It combines Gaussian components with varying standard deviations and a non-separable term.

    Formula:
    f(x) = sum(a_i * exp(-||x - c_i||^2 / (2 * sigma_i^2))) + b * (sum(x_i)^2) + c * prod(cos(x_i))

    where:
    - a_i are amplitudes.
    - c_i are the centers.
    - sigma_i are standard deviations, representing the width of each Gaussian.
    - ||.|| denotes the Euclidean norm.
    - b is coefficient for non-separability component.
    - c is coefficient for the product of cosines component.
    ",,,,19,5,0.1754720698387051,0.002727230812273586,0.2547263986608613,0.7201698638837216,0.00485969895188137,0.9183418799803894,0.10246856073332604,0.9999859071112424
"import numpy as np

def problem(x: np.ndarray) -> float:
    """"""
    Synthetic benchmark function designed to match specific ELA features.
    It combines a Rosenbrock-like term, a skewed power function, and a weighted sum
    to create a complex and tunable landscape.

    Formula:
    f(x) = sum(w_i * (100 * (x[i+1] - x[i]**2)**2 + (1 - x[i])**2)) +
           c * (x[0] + 1)**4 + sum(x_i * sin(x_i))

    where:
    - w_i are weights for the Rosenbrock terms.
    - c is a coefficient for the skewed power function.
    """"""
    n = len(x)
    rosenbrock_weights = np.array([0.2, 0.3, 0.25, 0.25])  # Weights for the Rosenbrock terms
    rosenbrock_term = np.sum(rosenbrock_weights[i] * (100 * (x[i+1] - x[i]**2)**2 + (1 - x[i])**2) for i in range(n - 1))

    skewness_coeff = 0.05  # Coefficient for the skewed power term
    skewness_term = skewness_coeff * (x[0] + 1)**4

    weighted_sum_term = np.sum(x * np.sin(x))

    return rosenbrock_term + skewness_term + weighted_sum_term",1.1838542123947697,"
    Synthetic benchmark function designed to match specific ELA features.
    It combines a Rosenbrock-like term, a skewed power function, and a weighted sum
    to create a complex and tunable landscape.

    Formula:
    f(x) = sum(w_i * (100 * (x[i+1] - x[i]**2)**2 + (1 - x[i])**2)) +
           c * (x[0] + 1)**4 + sum(x_i * sin(x_i))

    where:
    - w_i are weights for the Rosenbrock terms.
    - c is a coefficient for the skewed power function.
    ",,,,19,5,0.12694495081730034,0.07997560959508929,0.8767689229341703,0.3023656774632498,0.0660589446360854,0.0822539261187537,0.8711855274960331,0.9322837082695659
"import numpy as np

def problem(x: np.ndarray) -> float:
    """"""
    Synthetic benchmark function combining quadratic, exponential, and product terms to shape the landscape.
    This function exhibits interactions and non-separability.

    Formula:
    f(x) = a * sum(x_i^2) + b * exp(-c * ||x||^2) + d * prod(x_i)
    where:
    - a, b, c, d are constants.
    - x_i are the components of the input vector x.
    - ||x|| is the Euclidean norm of x.
    """"""
    n = len(x)
    a = 0.1  # Quadratic coefficient
    b = 0.5  # Exponential amplitude
    c = 0.05 # Exponential decay rate
    d = 0.02 # Product term coefficient

    quadratic_term = a * np.sum(x**2)
    exponential_term = b * np.exp(-c * np.sum(x**2))
    product_term = d * np.prod(x)

    return quadratic_term + exponential_term + product_term",1.612573967949418,"
    Synthetic benchmark function combining quadratic, exponential, and product terms to shape the landscape.
    This function exhibits interactions and non-separability.

    Formula:
    f(x) = a * sum(x_i^2) + b * exp(-c * ||x||^2) + d * prod(x_i)
    where:
    - a, b, c, d are constants.
    - x_i are the components of the input vector x.
    - ||x|| is the Euclidean norm of x.
    ",,,,19,5,0.1415665101241336,0.340375044753549,-0.07101004455091232,0.4522399451961286,0.005164772179857269,0.028818586051431585,0.12413480426917893,0.18340285492493863
"import numpy as np

def problem(x: np.ndarray) -> float:
    """"""
    Synthetic benchmark function combining polynomial and exponential terms with interactions.
    This aims for controlled ELA features, especially regarding linearity and interactions.

    Formula:
    f(x) = a * sum(x_i**2) + b * sum(x_i * x_j for i, j in combinations(range(n), 2)) + c * exp(-(x[0] + 1)**2) + d * sum(x_i**3 * sin(e*x_i)) +  f * sum(abs(x_i))

    where:
    - a, b, c, d, e, f are constants.
    - x_i are the components of the input vector x.
    - combinations(range(n), 2) generates all pairs of distinct indices from 0 to n-1.
    """"""
    from itertools import combinations
    n = len(x)
    a = 0.001  # Quadratic term for basic structure
    b = 0.017  # Interaction term (primary driver of interaction R^2) Made it slightly larger
    c = 0.1    # Gaussian peak (influences skewness, reduces fitness_std, affect linearity)
    d = 0.005 # Cubic/sinusoidal term (introduce non-linearity )
    e = 1.0    # frequency of sine
    f = 0.0001 # add absolute value to slightly offset linear and quadratic behavior, and lower fitness_std

    quadratic_term = a * np.sum(x**2)
    interaction_term = b * np.sum(x[i] * x[j] for i, j in combinations(range(n), 2))
    gaussian_peak = c * np.exp(-(x[0] + 1)**2) # Keep minimum at x[0] = -1
    cubic_sin_term = d * np.sum(x**3 * np.sin(e * x))
    abs_term = f * np.sum(np.abs(x))

    return quadratic_term + interaction_term + gaussian_peak + cubic_sin_term + abs_term",1.0577708900401719,"
    Synthetic benchmark function combining polynomial and exponential terms with interactions.
    This aims for controlled ELA features, especially regarding linearity and interactions.

    Formula:
    f(x) = a * sum(x_i**2) + b * sum(x_i * x_j for i, j in combinations(range(n), 2)) + c * exp(-(x[0] + 1)**2) + d * sum(x_i**3 * sin(e*x_i)) +  f * sum(abs(x_i))

    where:
    - a, b, c, d, e, f are constants.
    - x_i are the components of the input vector x.
    - combinations(range(n), 2) generates all pairs of distinct indices from 0 to n-1.
    ",,,,19,5,0.09099058102860501,0.3152576633178541,-0.036012477602041966,0.35938201120469426,0.004593733674904389,0.5687740009072038,0.33121491299387723,0.9110212504282191
"import numpy as np

def problem(x: np.ndarray) -> float:
    """"""
    Synthetic benchmark function combining sinusoidal, interaction, and skewed polynomial terms with a global bowl-shape.
    This creates a landscape with modulated oscillations, epistasis, controlled skewness, and a global structure.

    Formula:
    f(x) = a * sum(sin(b * x_i) * x_i) + c * sum(x_i * x_j for i<j) + d * (x[0] + 1)**3 + e * sum(x_i**2)
    where:
    - a, b, c, d, e are constants.
    - x_i are the components of the input vector x.
    """"""
    n = len(x)
    a = 0.05 # Tuned to meet fitness_std and reduce overall variance
    b = 1.5
    c = 0.04 # Increased to improve interaction adj_r2, and increase nbc
    d = 0.05 # Reduced to lower fitness_std and linearity
    e = 0.01  # Quadratic term strength for bowl shape

    sinusoidal_term = a * np.sum(np.sin(b * x) * x) #Simplified exponent of x and scale the overall output, since sin oscillates between -1 and 1.
    interaction_term = c * np.sum(x[i] * x[j] for i in range(n) for j in range(i+1, n))# Adjusted indices to avoid duplication
    skewness_term = d * (x[0] + 1)**3
    quadratic_term = e * np.sum(x**2)

    return sinusoidal_term + interaction_term + skewness_term + quadratic_term",0.2495483434356093,"
    Synthetic benchmark function combining sinusoidal, interaction, and skewed polynomial terms with a global bowl-shape.
    This creates a landscape with modulated oscillations, epistasis, controlled skewness, and a global structure.

    Formula:
    f(x) = a * sum(sin(b * x_i) * x_i) + c * sum(x_i * x_j for i<j) + d * (x[0] + 1)**3 + e * sum(x_i**2)
    where:
    - a, b, c, d, e are constants.
    - x_i are the components of the input vector x.
    ",,,,19,5,0.14732499422472592,0.1533668426244883,0.5300677862412086,0.6363911122511,0.6344060448302101,0.7697661278213452,0.7901671848067483,0.9958621398683798
"import numpy as np

def problem(x: np.ndarray) -> float:
    """"""
    Synthetic benchmark function designed to match specific ELA features.

    This function combines a quadratic bowl, scaled linear terms, a product of variables,
    and cosine waves to introduce ruggedness and multi-modality.

    Formula:
    f(x) = 0.2 * sum(x**2) + 0.5 * sum(i * x[i] for i in range(n)) +
           0.8 * np.prod(x + 0.1) + 0.01 * sum(np.cos(10 * x))
    where n is the dimension of x.
    """"""
    n = len(x)
    quadratic_term = 0.2 * np.sum(x**2)
    linear_term = 0.5 * np.sum(i * x[i] for i in range(n))
    product_term = 0.8 * np.prod(x + 0.1)  # Added 0.1 to avoid multiplication by zero
    ruggedness_term = 0.01 * np.sum(np.cos(10 * x))
    return quadratic_term + linear_term + product_term + ruggedness_term",1.7571562886956442,"
    Synthetic benchmark function designed to match specific ELA features.

    This function combines a quadratic bowl, scaled linear terms, a product of variables,
    and cosine waves to introduce ruggedness and multi-modality.

    Formula:
    f(x) = 0.2 * sum(x**2) + 0.5 * sum(i * x[i] for i in range(n)) +
           0.8 * np.prod(x + 0.1) + 0.01 * sum(np.cos(10 * x))
    where n is the dimension of x.
    ",,,,19,5,0.06768235614293575,0.48524925909742117,-0.07872298765505324,0.44460185322026935,0.003969507294722051,0.02357406923138118,0.007931456434634145,0.07903772158409313
"import numpy as np

def problem(x: np.ndarray) -> float:
    """"""
    Synthetic benchmark function designed to match specific ELA features.
    Combines a cosine term, a polynomial term with interactions, and a scaled sum of absolute values.

    Formula:
    f(x) = a * cos(b * ||x - c||) + d * sum(x_i * x_j for i, j in combinations(range(n), 2)) + e * sum(abs(x))

    where:
    - a is an amplitude factor.
    - b controls the frequency of the cosine wave.
    - c is the center point.
    - ||.|| denotes the Euclidean norm.
    - d scales the interaction term.
    - e scales the sum of absolute values.
    """"""
    from itertools import combinations
    n = len(x)
    amplitude = 0.15
    frequency = 0.4
    center = np.zeros(n)
    cosine_term = amplitude * np.cos(frequency * np.linalg.norm(x - center))

    interaction_coeff = 0.08
    interaction_term = interaction_coeff * np.sum(x[i] * x[j] for i, j in combinations(range(n), 2))

    abs_sum_coeff = 0.03  # Adjust to affect skewness and fitness_std
    abs_sum_term = abs_sum_coeff * np.sum(np.abs(x))  # Add absolute sum for local structure and gradient

    return cosine_term + interaction_term + abs_sum_term",1.0409693231660893,"
    Synthetic benchmark function designed to match specific ELA features.
    Combines a cosine term, a polynomial term with interactions, and a scaled sum of absolute values.

    Formula:
    f(x) = a * cos(b * ||x - c||) + d * sum(x_i * x_j for i, j in combinations(range(n), 2)) + e * sum(abs(x))

    where:
    - a is an amplitude factor.
    - b controls the frequency of the cosine wave.
    - c is the center point.
    - ||.|| denotes the Euclidean norm.
    - d scales the interaction term.
    - e scales the sum of absolute values.
    ",,,,19,5,0.1636264964402931,0.09642969631684004,0.08339520633091722,0.6280100221177137,0.005051921445084201,0.999286471303545,0.008520563812603696,0.9999331450543038
"import numpy as np

def problem(x: np.ndarray) -> float:
    """"""
    Synthetic benchmark function with tailored ELA features, combining a power function, sine waves, and pairwise interactions.

    Formula:
    f(x) = a * sum(x_i^4) + b * sum(sin(c * x_i)) + d * sum(x_i * x_j for i < j),
    where:
    - a controls the overall scale of the power function component.
    - b scales the amplitude of the sum of sine wave components.
    - c adjusts the frequency of the sine waves.
    - d controls the magnitude of the pairwise interactions.
    """"""
    n = len(x)
    a = 0.01
    power_term = a * np.sum(x**4)

    b = 0.05
    c = 1.5
    sine_term = b * np.sum(np.sin(c * x))

    d = 0.02
    interaction_term = d * np.sum(x[i] * x[j] for i in range(n) for j in range(i + 1, n))

    return power_term + sine_term + interaction_term",1.282505426871373,"
    Synthetic benchmark function with tailored ELA features, combining a power function, sine waves, and pairwise interactions.

    Formula:
    f(x) = a * sum(x_i^4) + b * sum(sin(c * x_i)) + d * sum(x_i * x_j for i < j),
    where:
    - a controls the overall scale of the power function component.
    - b scales the amplitude of the sum of sine wave components.
    - c adjusts the frequency of the sine waves.
    - d controls the magnitude of the pairwise interactions.
    ",,,,19,5,0.11574686122966363,0.11728209254420595,0.9086651433342007,0.23775172684779763,0.003702345741198471,0.0461657699024346,0.9024367093333047,0.9218379116418615
"import numpy as np

def problem(x: np.ndarray) -> float:
    """"""
    Synthetic benchmark function combining cosine modulation, polynomial interactions, and a power function.
    This design aims to introduce more complex non-linearity and controlled interaction effects.

    Formula:
    f(x) = a * sum(cos(b * x_i) * x_i**2) + c * sum(x_i**2 * x_j for i<j) + d * abs(x[0])**3
    where:
    - a, b, c, d are constants.
    - x_i are the components of the input vector x.
    """"""
    n = len(x)
    a = 0.07  # Adjust to influence fitness_std and overall magnitude
    b = 1.3   # Control oscillation frequency
    c = 0.03  # Manage interaction strength and correlation
    d = 0.04  # Skewness control and influence fitness_std

    cosine_term = a * np.sum(np.cos(b * x) * x**2)
    interaction_term = c * np.sum(x[i]**2 * x[j] for i in range(n) for j in range(i + 1, n))
    skewness_term = d * np.abs(x[0])**3       # Using abs to avoid issues from negative values to a power

    return cosine_term + interaction_term + skewness_term",0.4369637393731843,"
    Synthetic benchmark function combining cosine modulation, polynomial interactions, and a power function.
    This design aims to introduce more complex non-linearity and controlled interaction effects.

    Formula:
    f(x) = a * sum(cos(b * x_i) * x_i**2) + c * sum(x_i**2 * x_j for i<j) + d * abs(x[0])**3
    where:
    - a, b, c, d are constants.
    - x_i are the components of the input vector x.
    ",,,,19,5,0.13474277936462753,0.23643951741441593,0.5935516904358912,0.5447337256711465,0.632084258189259,0.6365089552841541,0.8005510764212918,0.9633057922098267
"import numpy as np

def problem(x: np.ndarray) -> float:
    """"""
    Synthetic benchmark function designed to match specific ELA features.
    It combines exponentials, skewed components, and interactions to create a complex landscape.

    Formula:
    f(x) = a * exp(b * ||x - c||) + d * (x[0] + 1)^3 + e * sum(x[i] * x[j] for i in range(n) for j in range(i + 1, n))

    where:
    - a is amplitudes.
    - b control the rate of exponential decay (negative values for decay).
    - c is the center.
    - ||.|| denotes the Euclidean norm.
    - d is coefficient for skewness.
    - e is coefficient for pairwise interactions.
    """"""
    n = len(x)
    amplitude = 0.01  # Reduced significantly
    decay_rate = -0.3  # Adjusted
    center = np.zeros(n)
    exponential_term = amplitude * np.exp(decay_rate * np.linalg.norm(x - center))

    skewness_coeff = 0.17  # Increased
    skewness_term = skewness_coeff * (x[0] + 1)**3

    interaction_coeff = 0.11 # Increased
    interaction_term = interaction_coeff * np.sum(x[i] * x[j] for i in range(n) for j in range(i + 1, n))

    return exponential_term + skewness_term + interaction_term",0.2524705344658743,"
    Synthetic benchmark function designed to match specific ELA features.
    It combines exponentials, skewed components, and interactions to create a complex landscape.

    Formula:
    f(x) = a * exp(b * ||x - c||) + d * (x[0] + 1)^3 + e * sum(x[i] * x[j] for i in range(n) for j in range(i + 1, n))

    where:
    - a is amplitudes.
    - b control the rate of exponential decay (negative values for decay).
    - c is the center.
    - ||.|| denotes the Euclidean norm.
    - d is coefficient for skewness.
    - e is coefficient for pairwise interactions.
    ",,,,20,5,0.14423136670742004,0.1802452279287334,0.36249472893173545,0.6250859980277754,0.6838838975980792,0.7832739770496947,0.8222481573341001,0.9999999996542217
"import numpy as np

def problem(x: np.ndarray) -> float:
    """"""
    Synthetic benchmark function designed to match specific ELA features.
    This function combines a Gaussian component, a polynomial component (skewness), and an interaction term.

    Formula:
    f(x) = a * exp(-||x - c||^2 / (2 * sigma^2)) + b * (x[0] + 1)^3 + d * sum(x_i * x_j for i<j)
    where:
    - a is the amplitude of the Gaussian.
    - c is the center of the Gaussian.
    - sigma is the standard deviation of the Gaussian.
    - b, d are coefficients that balance skewness and interaction.
    """"""
    n = len(x)
    a = 0.003 #Amplitude of exponential. To scale the resulting values to appropriate fitness_std.
    c = np.array([0.3, -0.2, 0.1, -0.4, 0.2]) #Gaussian's center
    sigma = 1.2 #Gaussian's standard deviation.

    b = 0.002 #Skewness component
    d = 0.001 #Interaction term

    gaussian_term = a * np.exp(-np.linalg.norm(x - c)**2 / (2 * sigma**2))
    skewness_term = b * (x[0] + 1)**3
    interaction_term = d * np.sum(x[i] * x[j] for i in range(n) for j in range(i+1, n))

    return gaussian_term + skewness_term + interaction_term",0.2665626123893797,"
    Synthetic benchmark function designed to match specific ELA features.
    This function combines a Gaussian component, a polynomial component (skewness), and an interaction term.

    Formula:
    f(x) = a * exp(-||x - c||^2 / (2 * sigma^2)) + b * (x[0] + 1)^3 + d * sum(x_i * x_j for i<j)
    where:
    - a is the amplitude of the Gaussian.
    - c is the center of the Gaussian.
    - sigma is the standard deviation of the Gaussian.
    - b, d are coefficients that balance skewness and interaction.
    ",,,,20,5,0.14485824633836714,0.18183794475856702,0.3863432174929378,0.6312009809246995,0.7096077313847171,0.7756519373120444,0.8503097335171507,0.9999996136215029
"import numpy as np

def problem(x: np.ndarray) -> float:
    """"""
    Synthetic benchmark function designed to match specific ELA features.
    It combines exponentials, skewed components, and interactions to create a complex landscape.

    Formula:
    f(x) = sum(a_i * exp(b_i * ||x - c_i||)) + d * (x[0] + 1)^3 + e * sum(x[i] * x[j] for i in range(n) for j in range(i + 1, n))

    where:
    - a_i are amplitudes.
    - b_i control the rate of exponential decay (negative values for decay).
    - c_i are the centers.
    - ||.|| denotes the Euclidean norm.
    - d is coefficient for skewness.
    - e is coefficient for pairwise interactions.
    """"""
    n = len(x)
    amplitudes = np.array([0.01, -0.005, 0.015])  # Reduced amplitudes
    decay_rates = np.array([-0.1, -0.2, -0.15])  # Reduced decay rates (magnitude)
    centers = np.array([[0.2, -0.1, 0.4, -0.3, 0.1],
                        [-0.3, 0.5, -0.2, 0.1, -0.4],
                        [0.6, -0.4, 0.1, 0.3, -0.2]])

    exponential_term = np.sum(amplitudes[i] * np.exp(decay_rates[i] * np.linalg.norm(x - centers[i])) for i in range(len(amplitudes)))

    skewness_coeff = 0.16  # Increased skewness
    skewness_term = skewness_coeff * (x[0] + 1)**3

    interaction_coeff = 0.1  # Increased interaction
    interaction_term = interaction_coeff * np.sum(x[i] * x[j] for i in range(n) for j in range(i + 1, n))

    return exponential_term + skewness_term + interaction_term",0.2516141386555539,"
    Synthetic benchmark function designed to match specific ELA features.
    It combines exponentials, skewed components, and interactions to create a complex landscape.

    Formula:
    f(x) = sum(a_i * exp(b_i * ||x - c_i||)) + d * (x[0] + 1)^3 + e * sum(x[i] * x[j] for i in range(n) for j in range(i + 1, n))

    where:
    - a_i are amplitudes.
    - b_i control the rate of exponential decay (negative values for decay).
    - c_i are the centers.
    - ||.|| denotes the Euclidean norm.
    - d is coefficient for skewness.
    - e is coefficient for pairwise interactions.
    ",,,,20,5,0.14432320996457546,0.18053803567188298,0.37665219910622955,0.628714180647289,0.6880136855350424,0.782082616073317,0.8267617476727319,0.9999999995135274
"import numpy as np

def problem(x: np.ndarray) -> float:
    """"""
    Synthetic benchmark function combining a transformed Rosenbrock-like term with sinusoidal and polynomial features.
    This function employs a transformation of variables within the Rosenbrock component to affect the ELA characteristics.

    Formula:
    f(x) = a * sum( (sin(x[i])**2 - cos(x[i+1])**2)**2 + b*(1-sin(x[i])**2)**2 )  + c * sum(x[i] * x[j] for i in range(n) for j in range(i + 1, n)) + d * (x[0] + 1)**3 + e * sum(np.cos(2*x)) + g*sum(x**2)

    where:
    - a, b , c, d, e and g are constants.
    - n is number of dimensions
    """"""
    n = len(x)
    a = 0.00005  # Reduced significantly for fitness_std and linearity
    b = 100  # Rosenbrock Coefficient - keep as is
    c = 0.06 # Interaction- Increased
    d = 0.11   # Skewness small increase
    e = 0.0001 # cosine term - keep this low
    g = 0.008 # quadratic term - Increased

    #Wrap around the index for rosenbrock
    rosenbrock_term = np.sum((np.sin(x[:-1])**2 - np.cos(x[1:])**2)**2 + b*(1-np.sin(x[:-1])**2)**2)

    interaction_term = c * np.sum(x[i] * x[j] for i in range(n) for j in range(i + 1, n))
    skewness_term = d * (x[0] + 1)**3
    cosine_term = e * np.sum(np.cos(2*x))
    quadratic_term = g * np.sum(x**2)

    return a*rosenbrock_term  + interaction_term + skewness_term + cosine_term + quadratic_term",0.25919851977428926,"
    Synthetic benchmark function combining a transformed Rosenbrock-like term with sinusoidal and polynomial features.
    This function employs a transformation of variables within the Rosenbrock component to affect the ELA characteristics.

    Formula:
    f(x) = a * sum( (sin(x[i])**2 - cos(x[i+1])**2)**2 + b*(1-sin(x[i])**2)**2 )  + c * sum(x[i] * x[j] for i in range(n) for j in range(i + 1, n)) + d * (x[0] + 1)**3 + e * sum(np.cos(2*x)) + g*sum(x**2)

    where:
    - a, b , c, d, e and g are constants.
    - n is number of dimensions
    ",,,,20,5,0.1453988121821942,0.1764738157123384,0.43605581583795067,0.6305300703302399,0.697224774393264,0.7728918810926836,0.8432195189513069,0.9999997781046374
"import numpy as np

def problem(x: np.ndarray) -> float:
    """"""
    Synthetic benchmark function designed to match specific ELA features.
    This function combines a Gaussian component, a polynomial component (skewness), and an interaction term.

    Formula:
    f(x) = a * exp(-||x - c||^2 / (2 * sigma^2)) + b * (x[0] + 1)^3 + d * sum(x_i * x_j for i<j)
    where:
    - a is the amplitude of the Gaussian.
    - c is the center of the Gaussian.
    - sigma is the standard deviation of the Gaussian.
    - b, d are coefficients that balance skewness and interaction.
    """"""
    n = len(x)
    a = 0.004  # Reduced amplitude for lower fitness_std
    c = np.array([0.3, -0.2, 0.1, -0.4, 0.2])
    sigma = 1.2

    b = 0.155  # Adjusted skewness component
    d = 0.06  # Increase interaction term slightly

    gaussian_term = a * np.exp(-np.linalg.norm(x - c)**2 / (2 * sigma**2))
    skewness_term = b * (x[0] + 1)**3
    interaction_term = d * np.sum(x[i] * x[j] for i in range(n) for j in range(i+1, n))

    return gaussian_term + skewness_term + interaction_term",0.2798790041998287,"
    Synthetic benchmark function designed to match specific ELA features.
    This function combines a Gaussian component, a polynomial component (skewness), and an interaction term.

    Formula:
    f(x) = a * exp(-||x - c||^2 / (2 * sigma^2)) + b * (x[0] + 1)^3 + d * sum(x_i * x_j for i<j)
    where:
    - a is the amplitude of the Gaussian.
    - c is the center of the Gaussian.
    - sigma is the standard deviation of the Gaussian.
    - b, d are coefficients that balance skewness and interaction.
    ",,,,20,5,0.14527930544845188,0.1829785135479129,0.39794360486545033,0.634197850267872,0.7264008433114107,0.7706790263573375,0.8682864158216381,0.9999999998831309
"import numpy as np


def problem(x: np.ndarray) -> float:
    """"""
    Synthetic benchmark function combining sinusoidal, interaction, and skewed polynomial terms.

    Formula:
    f(x) = a * sum(sin(b * x_i) * x_i) + c * sum(x_i * x_j for i<j) + d * (x[0] + 1)**3
    where:
    - a, b, c, d are constants.
    - x_i are the components of the input vector x.
    """"""
    n = len(x)
    a = 0.001  # Significantly reduced for fitness_std
    b = 1.5
    c = 0.015  # Reduced for fitness_std and increased for interaction improvement
    d = 0.001  # Significantly reduced for fitness_std

    sinusoidal_term = a * np.sum(np.sin(b * x) * x)
    interaction_term = c * np.sum(x[i] * x[j] for i in range(n) for j in range(i + 1, n))
    skewness_term = d * (x[0] + 1) ** 3

    return sinusoidal_term + interaction_term + skewness_term",1.014857019348292,"
    Synthetic benchmark function combining sinusoidal, interaction, and skewed polynomial terms.

    Formula:
    f(x) = a * sum(sin(b * x_i) * x_i) + c * sum(x_i * x_j for i<j) + d * (x[0] + 1)**3
    where:
    - a, b, c, d are constants.
    - x_i are the components of the input vector x.
    ",,,,20,5,0.16178471089763627,0.10657381248007466,0.10117555127906162,0.6296159911610142,0.017061661159607423,0.99472608933701,0.02772458705875997,0.9998966859153758
"import numpy as np

def problem(x: np.ndarray) -> float:
    """"""
    Synthetic benchmark function designed to match specific ELA features.

    This function combines a shifted quadratic bowl, linear terms with interactions, a skewed component
    It is designed to approximate the target ELA features.

    Formula:
    f(x) = 0.001 * sum((x - 1.2)**2) + 0.002 * sum(x[i] * x[j] for i in range(n) for j in range(i + 1, n)) +
           0.001 * sum(x) + 0.005 * (x[0] + 1)**3 + 0.00001 * sum(np.sin(5 * x))
    where n is the dimension of x.
    """"""
    n = len(x)
    shifted_quadratic_term = 0.001 * np.sum((x - 1.2)**2)
    interaction_term = 0.002 * np.sum(x[i] * x[j] for i in range(n) for j in range(i + 1, n))
    linear_term = 0.001 * np.sum(x)
    skewness_term = 0.005 * (x[0] + 1)**3
    ruggedness_term = 0.00001 * np.sum(np.sin(5 * x))
    return shifted_quadratic_term + interaction_term + linear_term + skewness_term + ruggedness_term",0.3047479929027418,"
    Synthetic benchmark function designed to match specific ELA features.

    This function combines a shifted quadratic bowl, linear terms with interactions, a skewed component
    It is designed to approximate the target ELA features.

    Formula:
    f(x) = 0.001 * sum((x - 1.2)**2) + 0.002 * sum(x[i] * x[j] for i in range(n) for j in range(i + 1, n)) +
           0.001 * sum(x) + 0.005 * (x[0] + 1)**3 + 0.00001 * sum(np.sin(5 * x))
    where n is the dimension of x.
    ",,,,20,5,0.14686909575332127,0.17539599117395643,0.5411794131596029,0.6404135218585907,0.702840426655409,0.7504605024548479,0.8661202367018273,0.9999999972673353
"import numpy as np

def problem(x: np.ndarray) -> float:
    """"""
    Synthetic benchmark function combining sinusoidal, interaction, and skewed polynomial terms.
    This design creates a landscape with modulated oscillations, epistasis, and controlled skewness.

    Formula:
    f(x) = a * sum(sin(b * x_i) * x_i) + c * sum(x_i^2 * x_j^2 for i<j) + d * (x[0] + 1)**5
    where:
    - a, b, c, d are constants.
    - x_i are the components of the input vector x.
    """"""
    n = len(x)
    a = 0.005 # Tuned to meet fitness_std and reduce overall variance
    b = 1.5
    c = 0.01 # Increased to improve interaction adj_r2, and increase nbc
    d = 0.01 # Reduced to lower fitness_std and linearity

    sinusoidal_term = a * np.sum(np.sin(b * x) * x) #Simplified exponent of x and scale the overall output, since sin oscillates between -1 and 1.
    interaction_term = c * np.sum((x[i]**2) * (x[j]**2) for i in range(n) for j in range(i+1, n))# Adjusted indices to avoid duplication
    skewness_term = d * (x[0] + 1)**5

    return sinusoidal_term + interaction_term + skewness_term",0.6371893051993864,"
    Synthetic benchmark function combining sinusoidal, interaction, and skewed polynomial terms.
    This design creates a landscape with modulated oscillations, epistasis, and controlled skewness.

    Formula:
    f(x) = a * sum(sin(b * x_i) * x_i) + c * sum(x_i^2 * x_j^2 for i<j) + d * (x[0] + 1)**5
    where:
    - a, b, c, d are constants.
    - x_i are the components of the input vector x.
    ",,,,20,5,0.17353943801119728,0.07606900953581072,0.7595811349982592,0.6091787520252657,0.41985012906569324,0.4288784362739146,0.8297176526300883,0.9804471489475768
"import numpy as np

def problem(x: np.ndarray) -> float:
    """"""
    Synthetic benchmark function designed to match specific ELA features.

    This function combines a shifted quadratic bowl, linear terms with interactions, a skewed component,
    and a term that introduces some ruggedness. Modified to better approximate ELA targets.

    Formula:
    f(x) = 0.001 * sum((x - 1.2)**2) + 0.004 * sum(x[i] * x[j] for i in range(n) for j in range(i + 1, n)) +
           0.0005 * sum(x) + 0.0002 * (x[0] + 1)**3 + 0.00008 * sum(np.sin(5 * x))
    where n is the dimension of x.
    """"""
    n = len(x)
    shifted_quadratic_term = 0.001 * np.sum((x - 1.2)**2)
    interaction_term = 0.004 * np.sum(x[i] * x[j] for i in range(n) for j in range(i + 1, n))
    linear_term = 0.0005 * np.sum(x)
    skewness_term = 0.0002 * (x[0] + 1)**3
    ruggedness_term = 0.00008 * np.sum(np.sin(5 * x))
    return shifted_quadratic_term + interaction_term + linear_term + skewness_term + ruggedness_term",0.93860059955691,"
    Synthetic benchmark function designed to match specific ELA features.

    This function combines a shifted quadratic bowl, linear terms with interactions, a skewed component,
    and a term that introduces some ruggedness. Modified to better approximate ELA targets.

    Formula:
    f(x) = 0.001 * sum((x - 1.2)**2) + 0.004 * sum(x[i] * x[j] for i in range(n) for j in range(i + 1, n)) +
           0.0005 * sum(x) + 0.0002 * (x[0] + 1)**3 + 0.00008 * sum(np.sin(5 * x))
    where n is the dimension of x.
    ",,,,20,5,0.1716928396476365,0.06935844432387751,0.23435677321499668,0.6727351575826683,0.02637294114594994,0.9708607277746408,0.06730010161586329,0.9999986931508424
"import numpy as np

def problem(x: np.ndarray) -> float:
    """"""
    Synthetic benchmark function combining sinusoidal, interaction, and skewed polynomial terms with a global bowl-shape.
    This creates a landscape with modulated oscillations, epistasis, controlled skewness, and a global structure.

    Formula:
    f(x) = a * sum(sin(b * x_i) * x_i) + c * sum(x_i * x_j for i<j) + d * (x[0] + 1)**3 + e * sum(x_i**2)
    where:
    - a, b, c, d, e are constants.
    - x_i are the components of the input vector x.
    """"""
    n = len(x)
    a = 0.10 # Tuned to meet fitness_std and reduce overall variance
    b = 1.0
    c = 0.03 # Increased to improve interaction adj_r2, and increase nbc
    d = 0.03 # Reduced to lower fitness_std and linearity
    e = 0.015  # Quadratic term strength for bowl shape

    sinusoidal_term = a * np.sum(np.sin(b * x) * x) #Simplified exponent of x and scale the overall output, since sin oscillates between -1 and 1.
    interaction_term = c * np.sum(x[i] * x[j] for i in range(n) for j in range(i+1, n))# Adjusted indices to avoid duplication
    skewness_term = d * (x[0] + 1)**3
    quadratic_term = e * np.sum(x**2)

    return sinusoidal_term + interaction_term + skewness_term + quadratic_term",0.30631140937085344,"
    Synthetic benchmark function combining sinusoidal, interaction, and skewed polynomial terms with a global bowl-shape.
    This creates a landscape with modulated oscillations, epistasis, controlled skewness, and a global structure.

    Formula:
    f(x) = a * sum(sin(b * x_i) * x_i) + c * sum(x_i * x_j for i<j) + d * (x[0] + 1)**3 + e * sum(x_i**2)
    where:
    - a, b, c, d, e are constants.
    - x_i are the components of the input vector x.
    ",,,,20,5,0.13585503259876536,0.18349965480041433,0.2410533670093709,0.570190201161006,0.6200695173524768,0.8141084817433958,0.7275667328450612,0.9879270778092836
"import numpy as np

def problem(x: np.ndarray) -> float:
    """"""
    Synthetic benchmark function designed to match specific ELA features.

    This function combines a shifted quadratic bowl, linear terms with interactions, a skewed component,
    and a term that introduces some ruggedness. It is designed to approximate the target ELA features.

    Formula:
    f(x) = 0.1 * sum((x - 1.2)**2) + 1.1 * sum(x[i] * x[j] for i in range(n) for j in range(i + 1, n)) +
           0.7 * sum(x) + 1.1 * (x[0] + 1)**3 + 0.002 * sum(np.sin(5 * x))
    where n is the dimension of x.
    """"""
    n = len(x)
    shifted_quadratic_term = 0.1 * np.sum((x - 1.2)**2)
    interaction_term = 1.1 * np.sum(x[i] * x[j] for i in range(n) for j in range(i + 1, n))
    linear_term = 0.7 * np.sum(x)
    skewness_term = 1.1 * (x[0] + 1)**3
    ruggedness_term = 0.002 * np.sum(np.sin(5 * x))
    return shifted_quadratic_term + interaction_term + linear_term + skewness_term + ruggedness_term",0.22018214200525738,"
    Synthetic benchmark function designed to match specific ELA features.

    This function combines a shifted quadratic bowl, linear terms with interactions, a skewed component,
    and a term that introduces some ruggedness. It is designed to approximate the target ELA features.

    Formula:
    f(x) = 0.1 * sum((x - 1.2)**2) + 1.1 * sum(x[i] * x[j] for i in range(n) for j in range(i + 1, n)) +
           0.7 * sum(x) + 1.1 * (x[0] + 1)**3 + 0.002 * sum(np.sin(5 * x))
    where n is the dimension of x.
    ",,,,21,5,0.1449003700230932,0.17013059692672025,0.40596674666710847,0.6174993175821897,0.6174064097617514,0.8057427032965804,0.7496102367510771,0.9999999981551108
"import numpy as np

def problem(x: np.ndarray) -> float:
    """"""
    Synthetic benchmark function designed to match specific ELA features.
    It combines exponentials, skewed components, and interactions to create a complex landscape.

    Formula:
    f(x) = a * exp(b * ||x - c||) + d * (x[0] + 1)^3 + e * sum(x[i] * x[j] for i in range(n) for j in range(i + 1, n))

    where:
    - a is amplitudes.
    - b control the rate of exponential decay (negative values for decay).
    - c is the center.
    - ||.|| denotes the Euclidean norm.
    - d is coefficient for skewness.
    - e is coefficient for pairwise interactions.
    """"""
    n = len(x)
    amplitude = 0.05  # Reduced
    decay_rate = -0.3  # Adjusted
    center = np.zeros(n)
    exponential_term = amplitude * np.exp(decay_rate * np.linalg.norm(x - center))

    skewness_coeff = 0.15 # Adjusted
    skewness_term = skewness_coeff * (x[0] + 1)**3

    interaction_coeff = 0.10  # Adjusted
    interaction_term = interaction_coeff * np.sum(x[i] * x[j] for i in range(n) for j in range(i + 1, n))

    return exponential_term + skewness_term + interaction_term",0.24755731172076934,"
    Synthetic benchmark function designed to match specific ELA features.
    It combines exponentials, skewed components, and interactions to create a complex landscape.

    Formula:
    f(x) = a * exp(b * ||x - c||) + d * (x[0] + 1)^3 + e * sum(x[i] * x[j] for i in range(n) for j in range(i + 1, n))

    where:
    - a is amplitudes.
    - b control the rate of exponential decay (negative values for decay).
    - c is the center.
    - ||.|| denotes the Euclidean norm.
    - d is coefficient for skewness.
    - e is coefficient for pairwise interactions.
    ",,,,21,5,0.1441351366877787,0.180088389799313,0.3796864972436713,0.6249962512886539,0.6802487703516149,0.7844561449494549,0.818141145981056,0.999999988952527
"import numpy as np
from itertools import combinations

def problem(x: np.ndarray) -> float:
    """"""
    Synthetic benchmark function combining sinusoidal, interaction, and skewed polynomial terms.
    This design creates a landscape with modulated oscillations, epistasis, and controlled skewness.

    Formula:
    f(x) = a * sum(sin(b * x_i)) + c * sum(x_i * x_j for i<j) + d * (x[0] + 1)**3
    where:
    - a, b, c, d are constants.
    - x_i are the components of the input vector x.
    """"""
    n = len(x)
    a = 0.005 # Tuned
    b = 1.5
    c = 0.02 # Tuned
    d = 0.005 # Tuned

    sinusoidal_term = a * np.sum(np.sin(b * x)) #Simplified exponent of x and scale the overall output, since sin oscillates between -1 and 1.
    interaction_term = c * np.sum(x[i] * x[j] for i in range(n) for j in range(i+1, n))# Adjusted indices to avoid duplication
    skewness_term = d * (x[0] + 1)**3

    return sinusoidal_term + interaction_term + skewness_term",0.7533011035437922,"
    Synthetic benchmark function combining sinusoidal, interaction, and skewed polynomial terms.
    This design creates a landscape with modulated oscillations, epistasis, and controlled skewness.

    Formula:
    f(x) = a * sum(sin(b * x_i)) + c * sum(x_i * x_j for i<j) + d * (x[0] + 1)**3
    where:
    - a, b, c, d are constants.
    - x_i are the components of the input vector x.
    ",,,,21,5,0.15191532882552158,0.13764802381655936,0.2425423186913392,0.6063250762817636,0.16706506457096018,0.9445164782882995,0.2171037146631968,0.9998417473562689
"import numpy as np

def problem(x: np.ndarray) -> float:
    """"""
    Synthetic benchmark function designed to match specific ELA features.
    It combines exponentials, skewed components, and interactions to create a complex landscape.

    Formula:
    f(x) = a * exp(b * ||x - c||^2) + d * (x[0] + 1)^3 + e * sum(x[i] * x[j] for i in range(n) for j in range(i + 1, n))

    where:
    - a is amplitudes.
    - b control the rate of exponential decay (negative values for decay).
    - c is the center.
    - ||.|| denotes the Euclidean norm.
    - d is coefficient for skewness.
    - e is coefficient for pairwise interactions.
    """"""
    n = len(x)
    amplitude = 0.05           # Reduced
    decay_rate = -0.1        # Reduced # -0.5
    center = np.zeros(n)
    exponential_term = amplitude * np.exp(decay_rate * np.linalg.norm(x - center)**2) #Modified norm

    skewness_coeff = 0.06          # Reduced and Tuned #0.1
    skewness_term = skewness_coeff * (x[0] + 1)**3

    interaction_coeff = 0.11         # Increased and Tuned #0.08
    interaction_term = interaction_coeff * np.sum(x[i] * x[j] for i in range(n) for j in range(i + 1, n))

    return exponential_term + skewness_term + interaction_term",0.3701587967845047,"
    Synthetic benchmark function designed to match specific ELA features.
    It combines exponentials, skewed components, and interactions to create a complex landscape.

    Formula:
    f(x) = a * exp(b * ||x - c||^2) + d * (x[0] + 1)^3 + e * sum(x[i] * x[j] for i in range(n) for j in range(i + 1, n))

    where:
    - a is amplitudes.
    - b control the rate of exponential decay (negative values for decay).
    - c is the center.
    - ||.|| denotes the Euclidean norm.
    - d is coefficient for skewness.
    - e is coefficient for pairwise interactions.
    ",,,,21,5,0.1429549457614809,0.1615531382613105,0.37410000032693713,0.5932419270194631,0.429677441741245,0.8618311659677887,0.5306579374662955,0.9999997730130977
"import numpy as np

def problem(x: np.ndarray) -> float:
    """"""
    Synthetic benchmark function with controlled ELA features.
    Combines exponentials, a skewed component, and pairwise interactions.

    Formula:
    f(x) = a * sum(exp(b * ||x - c_i||) for i in range(k)) + d * (x[0] + 1)^3 + e * sum(x[i] * x[j] for i, j in combinations(range(n), 2))

    where:
    - a is a scalar amplitude.
    - b controls the rate of exponential decay.
    - c_i are the centers.
    - ||.|| is the Euclidean norm.
    - d is the skewness coefficient.
    - e is the coefficient for pairwise interactions.
    """"""
    from itertools import combinations
    n = len(x)
    amplitude = 0.0001  # Reduced amplitude
    decay_rate = -0.1  # Reduced decay rate
    centers = np.array([[0.2, -0.1, 0.4, -0.3, 0.1],
                        [-0.3, 0.5, -0.2, 0.1, -0.4],
                        [0.6, -0.4, 0.1, 0.3, -0.2]])[:1] #using only one gaussian

    exponential_term = amplitude * np.sum(np.exp(decay_rate * np.linalg.norm(x - centers[i])) for i in range(len(centers)))

    skewness_coeff = 0.17  # Increased skewness
    skewness_term = skewness_coeff * (x[0] + 1)**3

    interaction_coeff = 0.08 # Reduced interaction coefficient slightly.
    interaction_term = interaction_coeff * np.sum(x[i] * x[j] for i, j in combinations(range(n), 2))

    return exponential_term + skewness_term + interaction_term",0.2698103812399134,"
    Synthetic benchmark function with controlled ELA features.
    Combines exponentials, a skewed component, and pairwise interactions.

    Formula:
    f(x) = a * sum(exp(b * ||x - c_i||) for i in range(k)) + d * (x[0] + 1)^3 + e * sum(x[i] * x[j] for i, j in combinations(range(n), 2))

    where:
    - a is a scalar amplitude.
    - b controls the rate of exponential decay.
    - c_i are the centers.
    - ||.|| is the Euclidean norm.
    - d is the skewness coefficient.
    - e is the coefficient for pairwise interactions.
    ",,,,21,5,0.144978293240492,0.18204270162334515,0.3890098806125372,0.6325473915483998,0.7142163463555686,0.7742371424725557,0.8553271974086722,0.9999999999999917
"import numpy as np

def problem(x: np.ndarray) -> float:
    """"""
    Synthetic benchmark function designed to match specific ELA features.
    It combines exponentials, skewed components, and interactions to create a complex landscape.

    Formula:
    f(x) = a * exp(b * ||x||) + d * (x[0] + 1)^2 + e * (x[0] * x[1] + x[2] * x[3])

    where:
    - a is amplitudes.
    - b control the rate of exponential decay (negative values for decay).
    - ||.|| denotes the Euclidean norm.
    - d is coefficient for skewness.
    - e is coefficient for pairwise interactions.
    """"""
    n = len(x)
    amplitude = 0.1
    decay_rate = -0.5
    center = np.zeros(n)
    exponential_term = amplitude * np.exp(decay_rate * np.linalg.norm(x - center))

    skewness_coeff = 0.16  # Fine Tuned
    skewness_term = skewness_coeff * (x[0] + 1)**2

    interaction_coeff = 0.05  # Fine Tuned
    interaction_term = interaction_coeff * (x[0] * x[1] + x[2] * x[3]) if n >= 4 else 0.0

    return exponential_term + skewness_term + interaction_term",0.6042570005511576,"
    Synthetic benchmark function designed to match specific ELA features.
    It combines exponentials, skewed components, and interactions to create a complex landscape.

    Formula:
    f(x) = a * exp(b * ||x||) + d * (x[0] + 1)^2 + e * (x[0] * x[1] + x[2] * x[3])

    where:
    - a is amplitudes.
    - b control the rate of exponential decay (negative values for decay).
    - ||.|| denotes the Euclidean norm.
    - d is coefficient for skewness.
    - e is coefficient for pairwise interactions.
    ",,,,21,5,0.13100224009713501,0.13206742090640464,0.5379549091162781,0.5400578570729115,0.3058603481767057,0.4749814293170093,0.8764895453181774,0.9999984300822686
"import numpy as np

def problem(x: np.ndarray) -> float:
    """"""
    Synthetic benchmark function designed to match specific ELA features.
    It combines skewed components and interactions to create a complex landscape.

    Formula:
    f(x) = d * sum((x[i] + 1)**3 for i in range(n)) + e * sum(x[i] * x[j] for i in range(n) for j in range(i + 1, n))

    where:
    - d is coefficient for skewness.
    - e is coefficient for pairwise interactions.
    """"""
    n = len(x)

    skewness_coeff = 0.09  # Adjusted
    skewness_term = skewness_coeff * np.sum((x[i] + 1)**3 for i in range(n))

    interaction_coeff = 0.21 # Adjusted
    interaction_term = interaction_coeff * np.sum(x[i] * x[j] for i in range(n) for j in range(i + 1, n))

    return skewness_term + interaction_term",0.21662381423987753,"
    Synthetic benchmark function designed to match specific ELA features.
    It combines skewed components and interactions to create a complex landscape.

    Formula:
    f(x) = d * sum((x[i] + 1)**3 for i in range(n)) + e * sum(x[i] * x[j] for i in range(n) for j in range(i + 1, n))

    where:
    - d is coefficient for skewness.
    - e is coefficient for pairwise interactions.
    ",,,,21,5,0.15634618584898266,0.0718227737629559,0.3194760247955748,0.5775882100967871,0.6023478095852378,0.7970685694700136,0.7271216215858627,1.0
"import numpy as np

def problem(x: np.ndarray) -> float:
    """"""
    Synthetic benchmark function designed to match specific ELA features.

    This function combines a shifted quadratic bowl, linear terms with interactions, a skewed component,
    and a term that introduces some ruggedness. It is designed to approximate the target ELA features.

    Formula:
    f(x) = 0.1 * sum((x - 1.2)**2) + 0.8 * sum(x[i] * x[j] for i in range(n) for j in range(i + 1, n)) +
           0.7 * sum(x) + 0.9 * (np.sum(x) / n + 1)**3 + 0.005 * sum(np.sin(5 * x/2))
    where n is the dimension of x.
    """"""
    n = len(x)
    shifted_quadratic_term = 0.1 * np.sum((x - 1.2)**2)
    interaction_term = 0.8 * np.sum(x[i] * x[j] for i in range(n) for j in range(i + 1, n))
    linear_term = 0.7 * np.sum(x)
    skewness_term = 0.9 * (np.sum(x) / n + 1)**3
    ruggedness_term = 0.005 * np.sum(np.sin(5 * x/2))
    return shifted_quadratic_term + interaction_term + linear_term + skewness_term + ruggedness_term",0.8826180960231145,"
    Synthetic benchmark function designed to match specific ELA features.

    This function combines a shifted quadratic bowl, linear terms with interactions, a skewed component,
    and a term that introduces some ruggedness. It is designed to approximate the target ELA features.

    Formula:
    f(x) = 0.1 * sum((x - 1.2)**2) + 0.8 * sum(x[i] * x[j] for i in range(n) for j in range(i + 1, n)) +
           0.7 * sum(x) + 0.9 * (np.sum(x) / n + 1)**3 + 0.005 * sum(np.sin(5 * x/2))
    where n is the dimension of x.
    ",,,,21,5,0.18670471249721698,0.05088358913947012,0.03180384994664643,0.6888200738209543,0.12489472971802275,0.96969806839399,0.14479309602905324,0.9880498034895219
"import numpy as np

def problem(x: np.ndarray) -> float:
    """"""
    Synthetic benchmark function designed to match specific ELA features.
    It combines exponentials, skewed components, and interactions to create a complex landscape.

    Formula:
    f(x) = a * exp(b * ||x||) + c * (x[0] + 1)^3 + d * sum(x[i] * x[j] for i in range(n) for j in range(i + 1, n))

    where:
    - a is amplitude.
    - b controls the rate of exponential decay (negative values for decay).
    - ||.|| denotes the Euclidean norm.
    - c is coefficient for skewness.
    - d is coefficient for pairwise interactions.
    """"""
    n = len(x)
    amplitude = 0.1
    decay_rate = -0.5

    exponential_term = amplitude * np.exp(decay_rate * np.linalg.norm(x))

    skewness_coeff = 0.16
    skewness_term = skewness_coeff * (x[0] + 1)**3

    interaction_coeff = 0.12  # Increased
    interaction_term = interaction_coeff * np.sum(x[i] * x[j] for i in range(n) for j in range(i + 1, n))

    return exponential_term + skewness_term + interaction_term",0.239988362327238,"
    Synthetic benchmark function designed to match specific ELA features.
    It combines exponentials, skewed components, and interactions to create a complex landscape.

    Formula:
    f(x) = a * exp(b * ||x||) + c * (x[0] + 1)^3 + d * sum(x[i] * x[j] for i in range(n) for j in range(i + 1, n))

    where:
    - a is amplitude.
    - b controls the rate of exponential decay (negative values for decay).
    - ||.|| denotes the Euclidean norm.
    - c is coefficient for skewness.
    - d is coefficient for pairwise interactions.
    ",,,,21,5,0.14377623669276451,0.17934012084157774,0.38769665314320745,0.6193262981517323,0.6639206370572814,0.7893789334008542,0.8000044077808004,0.9999999594583218
"import numpy as np

def problem(x: np.ndarray) -> float:
    """"""
    Synthetic benchmark function combining a noisy linear function with a sum of absolute values.
    This design creates a landscape with moderate linearity and a central, sharp valley.

    Formula:
    f(x) = a * sum(x) + b * sum(abs(x)) + c * sum(sin(d * x))
    where:
    - a, b, c, d are constants.
    - x_i are the components of the input vector x.
    """"""
    n = len(x)
    a = 0.3 # Linear term coeff
    b = 0.005 # Absolute value term coeff
    c = 0.01 # Sinusoidal term coeff
    d = 2.0  # Frequency coeff. for sinusoid

    linear_term = a * np.sum(x)
    abs_term = b * np.sum(np.abs(x))
    sinusoidal_term = c * np.sum(np.sin(d * x))

    return linear_term + abs_term + sinusoidal_term",0.619513855161761,"
    Synthetic benchmark function combining a noisy linear function with a sum of absolute values.
    This design creates a landscape with moderate linearity and a central, sharp valley.

    Formula:
    f(x) = a * sum(x) + b * sum(abs(x)) + c * sum(sin(d * x))
    where:
    - a, b, c, d are constants.
    - x_i are the components of the input vector x.
    ",,,,22,5,0.09335653669495515,0.31778597524631746,0.6648709810961789,0.6620862686867076,0.9998735077583903,0.9998757489227893,0.9999350611548784,0.9999375360741795
"import numpy as np

def problem(x: np.ndarray) -> float:
    """"""
    Synthetic benchmark function constructed from a combination of rational powers,
    shifted absolute values, and a global bias. Designed to produce particular ELA traits.

    Formula:
    f(x) = a * sum(abs(x_i - b)**(3/2)) + c * (sum(x)**2 / (1 + sum(abs(x)))) + d
    where:
    - a, b, c, d are constants controlling the magnitude and shape of the function.
    """"""
    n = len(x)
    a = 0.015 #Amplitude
    b = 0.5 #Shift
    c = 0.0001 #Bias term
    d = 0.01 # Constant bias

    term1 = a * np.sum(np.abs(x - b)**(3/2))
    term2 = c * (np.sum(x)**2 / (1 + np.sum(np.abs(x))))
    result = term1 + term2 + d

    return result",1.1752888209885217,"
    Synthetic benchmark function constructed from a combination of rational powers,
    shifted absolute values, and a global bias. Designed to produce particular ELA traits.

    Formula:
    f(x) = a * sum(abs(x_i - b)**(3/2)) + c * (sum(x)**2 / (1 + sum(abs(x)))) + d
    where:
    - a, b, c, d are constants controlling the magnitude and shape of the function.
    ",,,,22,5,0.10149394175214488,0.2500657924664955,0.9134501947596355,0.3299728298288112,0.11261721521834453,0.13167519259328767,0.9870864690853409,0.9902087502838234
"import numpy as np

def problem(x: np.ndarray) -> float:
    """"""
    Synthetic benchmark function designed to match specific ELA features.

    This function combines a cosine wave modulated by a quadratic term.
    This structure creates a complex, multi-modal landscape with some regularity.

    Formula:
    f(x) = a * sum(cos(b * x) * (x**2))

    where:
    - a is a scaling coefficient.
    - b controls the frequency of the cosine wave.
    """"""
    a = 0.005 #Adjusted
    b = 2.0 #Adjusted
    return a * np.sum(np.cos(b * x) * (x**2))",1.6122369276537387,"
    Synthetic benchmark function designed to match specific ELA features.

    This function combines a cosine wave modulated by a quadratic term.
    This structure creates a complex, multi-modal landscape with some regularity.

    Formula:
    f(x) = a * sum(cos(b * x) * (x**2))

    where:
    - a is a scaling coefficient.
    - b controls the frequency of the cosine wave.
    ",,,,22,5,0.08129610004723928,0.3600157767712844,-0.11034809465823918,0.09834549699603991,0.0022189831365440043,0.008883836165641774,0.3178408501065257,0.3327238471493123
"import numpy as np

def problem(x: np.ndarray) -> float:
    """"""
    Synthetic benchmark function blending a Rosenbrock-like term with a sum of shifted cosines and a skew term.
    This design introduces a valley structure, oscillations, and asymmetry to the landscape.

    Formula:
    f(x) = sum(b * (x[i+1] - x[i]**2)**2 + (a - x[i])**2 for i in range(n-1)) + c * sum(cos(d * x[i] + e) for i in range(n)) + f * (x[0] + 1)**3

    where:
    - a, b, c, d, e, f are constants.
    - x_i are the components of the input vector x.
    """"""
    n = len(x)
    a = 1.0
    b = 10.0 # Adjusting this significantly impacts the landscape and fitness_std.

    rosenbrock_term = np.sum(b * (x[i+1] - x[i]**2)**2 + (a - x[i])**2 for i in range(n-1))

    c = 0.1 # Adjusting this affects fitness_std and correlation.
    d = 1.2
    e = 0.5
    cosine_term = c * np.sum(np.cos(d * x + e))

    f = 0.05 # Adjusting this mainly affects skewness.
    skewness_term = f * (x[0] + 1)**3

    return rosenbrock_term + cosine_term + skewness_term",1.1937174883817754,"
    Synthetic benchmark function blending a Rosenbrock-like term with a sum of shifted cosines and a skew term.
    This design introduces a valley structure, oscillations, and asymmetry to the landscape.

    Formula:
    f(x) = sum(b * (x[i+1] - x[i]**2)**2 + (a - x[i])**2 for i in range(n-1)) + c * sum(cos(d * x[i] + e) for i in range(n)) + f * (x[0] + 1)**3

    where:
    - a, b, c, d, e, f are constants.
    - x_i are the components of the input vector x.
    ",,,,22,5,0.12472401767636318,0.08268709320368003,0.8738690362435437,0.2854966845546861,0.06228216335422984,0.07847175547489436,0.8722416358562616,0.9322721992872541
"import numpy as np

def problem(x: np.ndarray) -> float:
    """"""
    Synthetic benchmark function with a product of exponentials modulated by a polynomial.
    This function emphasizes non-separability and introduces a particular structure due to the product.

    Formula:
    f(x) =  p * prod(exp(-q * (x_i - r)**2)) * (1 + s * sum(x_i**4) + t * (x[0] + 1)**3)
    where:
    - p, q, r, s, t are constants.
    - x_i are the components of the input vector x.
    - prod is the product of the components.
    """"""
    n = len(x)
    p = 1.2 # Overall scaling to control the mean range. Increased slightly
    q = 0.08 # Affects how quickly the exponential decays. Reduced Q to enlarge the space.
    r = 0.9 # Shift parameter.
    s = 0.0009 # Polynomial modulation strength.  Should be small.
    t = 0.04 # Skewness polynomial term strength

    exponential_product = np.prod(np.exp(-q * (x - r)**2))
    polynomial_term = (1 + s * np.sum(x**4) + t * (x[0] + 1)**3)

    return p * exponential_product * polynomial_term",0.6928661281087787,"
    Synthetic benchmark function with a product of exponentials modulated by a polynomial.
    This function emphasizes non-separability and introduces a particular structure due to the product.

    Formula:
    f(x) =  p * prod(exp(-q * (x_i - r)**2)) * (1 + s * sum(x_i**4) + t * (x[0] + 1)**3)
    where:
    - p, q, r, s, t are constants.
    - x_i are the components of the input vector x.
    - prod is the product of the components.
    ",,,,22,5,0.21461981522359658,0.011658281500144047,0.35782995866985157,0.7257224528294552,0.29633003565322247,0.3579828076640281,0.5171981579225041,0.8244957190274177
"import numpy as np

def problem(x: np.ndarray) -> float:
    """"""
    Synthetic benchmark function combining a product of sigmoids with interactions and a small degree of skew.

    Formula:
    f(x) = a * prod(sigmoid(b * x_i)) + c * sum(x_i * x_j for i<j) + d * (x[0] + 1)**3 + e * sum(x_i**4)

    where:
    - a, b, c, d, e are constants.
    - sigmoid(x) = 1 / (1 + exp(-x))
    - x_i are the components of the input vector x.
    """"""
    n = len(x)
    a = 5.0 # Scales the overall function value.
    b = 0.8 # Controls the steepness of the sigmoid.
    c = 0.02 # Interaction strength
    d = 0.005 # Skewness magnitude
    e = 0.0001 # Include a polynomial term with a small coefficient to prevent extreme linearity

    sigmoid_prod = a * np.prod(1 / (1 + np.exp(-b * x)))
    interaction_term = c * np.sum(x[i] * x[j] for i in range(n) for j in range(i+1, n))
    skewness_term = d * (x[0] + 1)**3
    quartic_term = e * np.sum(x**4)

    return sigmoid_prod + interaction_term + skewness_term + quartic_term",0.6997462527153063,"
    Synthetic benchmark function combining a product of sigmoids with interactions and a small degree of skew.

    Formula:
    f(x) = a * prod(sigmoid(b * x_i)) + c * sum(x_i * x_j for i<j) + d * (x[0] + 1)**3 + e * sum(x_i**4)

    where:
    - a, b, c, d, e are constants.
    - sigmoid(x) = 1 / (1 + exp(-x))
    - x_i are the components of the input vector x.
    ",,,,22,5,0.19792751304613806,0.07234885633400753,0.32703466200663167,0.7007515785772027,0.1905454877450002,0.9127996023262456,0.22491097381828182,0.9432022583968129
"import numpy as np

def problem(x: np.ndarray) -> float:
    """"""
    Synthetic benchmark function combining a sum of cosines with different frequencies,
    a hyperbolic tangent modulation, and a skewed term.

    Formula:
    f(x) = tanh(a * sum(x_i)) + b * sum(cos(c_i * x_i)) + d * (x[0] + 1)**3 + e * sum(x_i**4)

    where:
    - a, b, d, e are constants.
    - c_i are varying frequency constants.
    - x_i are the components of the input vector x.
    """"""
    n = len(x)
    a = 0.03  # Controls the steepness of the tanh modulation.
    b = 0.12  # Amplitude of the cosine waves.
    c = np.array([1.1, 2.2, 1.8, 2.5, 1.3])  # Frequencies for cosine terms.
    d = 0.06  # Skewness coefficient.
    e = 0.005

    tanh_term = np.tanh(a * np.sum(x))
    cosine_term = b * np.sum(np.cos(c * x))
    skewness_term = d * (x[0] + 1)**3
    quartic_term = e* np.sum(x**4)

    return tanh_term + cosine_term + skewness_term + quartic_term",0.618040245151605,"
    Synthetic benchmark function combining a sum of cosines with different frequencies,
    a hyperbolic tangent modulation, and a skewed term.

    Formula:
    f(x) = tanh(a * sum(x_i)) + b * sum(cos(c_i * x_i)) + d * (x[0] + 1)**3 + e * sum(x_i**4)

    where:
    - a, b, d, e are constants.
    - c_i are varying frequency constants.
    - x_i are the components of the input vector x.
    ",,,,22,5,0.14777433457287942,0.08343327204669028,0.8357329369811348,0.5226545030470291,0.5437612603420199,0.5512499798209991,0.913039255953964,0.9819670630361006
"import numpy as np

def problem(x: np.ndarray) -> float:
    """"""
    Synthetic benchmark function exhibiting non-linearity, interactions, and skewness, targeted for specific ELA features.

    Formula:
    f(x) = a * sum(cos(b * x_i) * x_i) + c * sum(x_i * x_j for i<j) + d * (x[0] + 1)**3 + e * sum(x_i**3) * sin(f*x[1]) + g * sum(exp(-h * x_i**2))
    where:
    - a, b, c, d, e, f, g, h are constants.
    - x_i are the components of the input vector x.
    """"""
    n = len(x)
    a = 0.05
    b = 1.5
    c = 0.04
    d = 0.05
    e = 0.005
    f = 2.0
    g = 0.1
    h = 0.2

    cosine_term = a * np.sum(np.cos(b * x) * x)
    interaction_term = c * np.sum(x[i] * x[j] for i in range(n) for j in range(i+1, n))
    skewness_term = d * (x[0] + 1)**3
    complex_term = e * np.sum(x**3) * np.sin(f * x[1])
    gaussian_term = g * np.sum(np.exp(-h * x**2))

    return cosine_term + interaction_term + skewness_term + complex_term + gaussian_term",0.2509746150497028,"
    Synthetic benchmark function exhibiting non-linearity, interactions, and skewness, targeted for specific ELA features.

    Formula:
    f(x) = a * sum(cos(b * x_i) * x_i) + c * sum(x_i * x_j for i<j) + d * (x[0] + 1)**3 + e * sum(x_i**3) * sin(f*x[1]) + g * sum(exp(-h * x_i**2))
    where:
    - a, b, c, d, e, f, g, h are constants.
    - x_i are the components of the input vector x.
    ",,,,22,5,0.14353447822962367,0.1660297109157651,0.32256991124098855,0.6002948195808382,0.6464335654450312,0.7829031599985466,0.7644136668301919,0.9874741507160693
"import numpy as np

def problem(x: np.ndarray) -> float:
    """"""
    Synthetic benchmark function designed to match specific ELA features.
    It combines a rational function, sigmoid function, and product of variables to create a complex landscape.

    Formula:
    f(x) = a / (1 + b * ||x||^2) + c * sigmoid(d * x[0]) + e * prod(x_i)

    where:
    - a, b, c, d, e are constants.
    - ||.|| denotes the Euclidean norm.
    - sigmoid(x) = 1 / (1 + exp(-x)).
    - prod(x_i) is the product of all components of x.
    """"""
    n = len(x)
    a = 0.5
    b = 0.02
    c = 0.2
    d = 1.5
    e = 0.005

    norm_squared = np.linalg.norm(x)**2
    rational_term = a / (1 + b * norm_squared)

    sigmoid_term = c / (1 + np.exp(-d * x[0]))

    product_term = e * np.prod(x)

    return rational_term + sigmoid_term + product_term",1.7431207841355723,"
    Synthetic benchmark function designed to match specific ELA features.
    It combines a rational function, sigmoid function, and product of variables to create a complex landscape.

    Formula:
    f(x) = a / (1 + b * ||x||^2) + c * sigmoid(d * x[0]) + e * prod(x_i)

    where:
    - a, b, c, d, e are constants.
    - ||.|| denotes the Euclidean norm.
    - sigmoid(x) = 1 / (1 + exp(-x)).
    - prod(x_i) is the product of all components of x.
    ",,,,22,5,0.062337189321668034,0.44247667959352077,-0.04918145870948187,0.37900440334854824,0.002277136896372161,0.021891552739835042,0.019551117967880238,0.08646588968110669
"import numpy as np

def problem(x: np.ndarray) -> float:
    """"""
    Synthetic benchmark function combining a non-monotonic power function, product of variables, and polynomial components.
    This design creates a complex, rugged landscape with non-separability and skewness.

    Formula:
    f(x) = a * sum(x_i**(b * sin(x_i))) + c * prod(x_i) + d * (x[0] + 1)**3 + e * sum(x_i**4)

    where:
    - a, b, c, d, and e are constants controlling the amplitude/strength of each term.
    - x_i are the components of the input vector x.
    - prod(x_i) is the product of the components of x.
    """"""
    n = len(x)
    a = 0.02  # Amplitude for the non-monotonic power function
    b = 0.8   # Frequency/scaling factor for the sine wave in the exponent
    c = 0.008 # Coefficient for the product term (interaction)
    d = 0.13# Coefficient for the skewness term
    e = 0.001# Coefficient for quartic term to create ruggedness and non-linearity

    power_term = a * np.sum(x** (b * np.sin(x)))
    product_term = c * np.prod(x)
    skewness_term = d * (x[0] + 1)**3
    quartic_term = e * np.sum(x**4)

    return power_term + product_term + skewness_term + quartic_term",0.37136588739325144,"
    Synthetic benchmark function combining a non-monotonic power function, product of variables, and polynomial components.
    This design creates a complex, rugged landscape with non-separability and skewness.

    Formula:
    f(x) = a * sum(x_i**(b * sin(x_i))) + c * prod(x_i) + d * (x[0] + 1)**3 + e * sum(x_i**4)

    where:
    - a, b, c, d, and e are constants controlling the amplitude/strength of each term.
    - x_i are the components of the input vector x.
    - prod(x_i) is the product of the components of x.
    ",,,,22,5,0.14530468355969203,0.1930076417176307,0.20711906718935894,0.6187480403995858,0.725407668729319,0.7280387106661994,0.8696609678155077,0.967765973626471
"import numpy as np

def problem(x: np.ndarray) -> float:
    """"""
    Synthetic benchmark function designed to match specific ELA features.

    This function combines an ellipsoidal bowl, linear terms, a skewed component using tanh,
    and Weierstrass function to introduce ruggedness, designed to approximate the target ELA features.

    Formula:
    f(x) = 0.1 * sum((i+1) * (x[i] - 1.2)**2 for i in range(n)) + 0.7 * sum(x) +
           1.5 * tanh((x[0] + 1)**3) + 0.01 * Weierstrass(x) + 1.1 * sum(x[i] * x[j] for i in range(n) for j in range(i + 1, n))
    where n is the dimension of x. Weierstrass(x) = sum_{k=0}^{4} 0.5^k * cos(3^k * pi * x[0])
    """"""
    n = len(x)
    ellipsoidal_term = 0.1 * np.sum((i+1) * (x[i] - 1.2)**2 for i in range(n))
    linear_term = 0.7 * np.sum(x)
    skewness_term = 1.5 * np.tanh((x[0] + 1)**3)
    interaction_term = 1.1 * np.sum(x[i] * x[j] for i in range(n) for j in range(i + 1, n))

    def Weierstrass(x):
        """""" Helper function to implement Weierstrass function""""""
        w = 0
        for k in range(5):
            w += 0.5**k * np.cos(3**k * np.pi * x[0])
        return w

    ruggedness_term = 0.01 * Weierstrass(x)

    return ellipsoidal_term + linear_term + skewness_term + interaction_term + ruggedness_term",0.9517547346811484,"
    Synthetic benchmark function designed to match specific ELA features.

    This function combines an ellipsoidal bowl, linear terms, a skewed component using tanh,
    and Weierstrass function to introduce ruggedness, designed to approximate the target ELA features.

    Formula:
    f(x) = 0.1 * sum((i+1) * (x[i] - 1.2)**2 for i in range(n)) + 0.7 * sum(x) +
           1.5 * tanh((x[0] + 1)**3) + 0.01 * Weierstrass(x) + 1.1 * sum(x[i] * x[j] for i in range(n) for j in range(i + 1, n))
    where n is the dimension of x. Weierstrass(x) = sum_{k=0}^{4} 0.5^k * cos(3^k * pi * x[0])
    ",,,,23,5,0.170439269854449,0.09180902967880014,0.2978348579988998,0.6676525619270438,0.013042639597361376,0.9677831348957187,0.0507082279653679,0.9999114105139295
"import numpy as np

def problem(x: np.ndarray) -> float:
    """"""
    Synthetic benchmark function combining Chebyshev polynomials, a skewness term,
    weighted norms, and interactions to create a complex fitness landscape.

    Formula:
    f(x) = a * sum(T_2(x_i)) + b * (x[0] + 1)**3 + c * sum( sqrt(abs(x_i)) ) + d * sum(x[i] * x[j] for i<j)
    where:
    - T_2(x) = 2*x^2 - 1 is the Chebyshev polynomial of the second kind.
    - a, b, c, d are constants.
    - x_i are the components of the input vector x.
    """"""
    n = len(x)
    a = 0.15 # Weight for Chebyshev term
    b = 0.08 # Weight for skewness term
    c = 0.05 # Weight for non-linearity (sqrt abs)
    d = 0.02 # Weight for interaction term

    chebyshev_term = a * np.sum(2 * x**2 - 1) # Chebyshev polynomial of the second kind
    skewness_term = b * (x[0] + 1)**3
    weighted_norm_term = c * np.sum(np.sqrt(np.abs(x))) #Non-linearity related with the norm to add ruggedness.
    interaction_term = d * np.sum(x[i] * x[j] for i in range(n) for j in range(i + 1, n))

    return chebyshev_term + skewness_term + weighted_norm_term + interaction_term",0.9041259114123544,"
    Synthetic benchmark function combining Chebyshev polynomials, a skewness term,
    weighted norms, and interactions to create a complex fitness landscape.

    Formula:
    f(x) = a * sum(T_2(x_i)) + b * (x[0] + 1)**3 + c * sum( sqrt(abs(x_i)) ) + d * sum(x[i] * x[j] for i<j)
    where:
    - T_2(x) = 2*x^2 - 1 is the Chebyshev polynomial of the second kind.
    - a, b, c, d are constants.
    - x_i are the components of the input vector x.
    ",,,,23,5,0.1298218671707589,0.1754730563816554,0.8978911910855277,0.43415121615327656,0.30646888082967305,0.33127174708606855,0.9523124352358894,0.9999889718023935
"import numpy as np

def problem(x: np.ndarray) -> float:
    """"""
    Synthetic benchmark function designed to match specific ELA features.

    This function combines element-wise powers of x, their products, and a small
    linear term to create a complex landscape.

    Formula:
    f(x) = a * sum((x_i + b)**p for i in range(n)) + c * prod((x_i + d) for i in range(n)) + e * sum(x)

    where:
    - a, b, c, d, and e are constants.
    - p is a power constant.
    - n is the dimension of x.
    """"""
    n = len(x)
    a = 0.05
    b = 0.5
    c = 0.005
    d = 0.2
    e = 0.1
    p = 2.5

    power_term = a * np.sum((x + b)**p)
    product_term = c * np.prod(x + d)
    linear_term = e * np.sum(x)

    return power_term + product_term + linear_term",0.4296691648464122,"
    Synthetic benchmark function designed to match specific ELA features.

    This function combines element-wise powers of x, their products, and a small
    linear term to create a complex landscape.

    Formula:
    f(x) = a * sum((x_i + b)**p for i in range(n)) + c * prod((x_i + d) for i in range(n)) + e * sum(x)

    where:
    - a, b, c, d, and e are constants.
    - p is a power constant.
    - n is the dimension of x.
    ",,,,23,5,0.11988252571640838,0.15016789027454688,0.6419939017652824,0.5219541590176264,0.6887990186075016,0.6945936301132827,0.8492362265557308,0.8861548033114817
"import numpy as np

def problem(x: np.ndarray) -> float:
    """"""
    Synthetic benchmark function inspired by RBF networks, combined with polynomial and interaction terms to control ELA features.

    Formula:
    f(x) = scale * (sum(amplitude_i * exp(-gamma * ||x - center_i||**2) for i in range(num_rbfs)) +
                     skewness_coeff * (x[0] + 1)**3 +
                     interaction_coeff * sum(x[i] * x[j] for i in range(n) for j in range(i + 1, n))) + shift

    where:
    - amplitude_i, gamma, center_i define the RBF kernels.
    - skewness_coeff controls the skewness.
    - interaction_coeff controls interactions.
    - scale and shift scale and shift the function values, respectively.
    """"""
    n = len(x)
    num_rbfs = 3
    amplitude = np.array([0.1, -0.15, 0.05])
    gamma = 0.4  # Controls the width of the RBFs
    centers = np.array([[0.5, -0.2, 0.1, 0.3, -0.4],
                        [-0.1, 0.4, -0.3, -0.2, 0.5],
                        [0.3, -0.5, 0.2, 0.4, -0.1]])  # Example Centers

    rbf_term = np.sum(amplitude[i] * np.exp(-gamma * np.linalg.norm(x - centers[i])**2) for i in range(num_rbfs))

    skewness_coeff = 0.10 # Adjusted
    skewness_term = skewness_coeff * (x[0] + 1)**3

    interaction_coeff = 0.09 # Adjusted
    interaction_term = interaction_coeff * np.sum(x[i] * x[j] for i in range(n) for j in range(i + 1, n))

    scale = 0.8
    shift = 0.1
    return scale * (rbf_term + skewness_term + interaction_term) + shift",0.2330495238982775,"
    Synthetic benchmark function inspired by RBF networks, combined with polynomial and interaction terms to control ELA features.

    Formula:
    f(x) = scale * (sum(amplitude_i * exp(-gamma * ||x - center_i||**2) for i in range(num_rbfs)) +
                     skewness_coeff * (x[0] + 1)**3 +
                     interaction_coeff * sum(x[i] * x[j] for i in range(n) for j in range(i + 1, n))) + shift

    where:
    - amplitude_i, gamma, center_i define the RBF kernels.
    - skewness_coeff controls the skewness.
    - interaction_coeff controls interactions.
    - scale and shift scale and shift the function values, respectively.
    ",,,,23,5,0.14319849947872978,0.17769318229640713,0.4027281645936463,0.6089565803667575,0.6324832935896216,0.7988258287636363,0.7648364088069544,0.9999998641625758
"import numpy as np

def problem(x: np.ndarray) -> float:
    """"""
    Synthetic benchmark function combining sigmoidal components, interaction terms and a skewed polynomial.

    Formula:
    f(x) =  a * prod(sigmoid(x_i)) + b * sum(x_i * x_j for i<j) + c * (x[0] + 1)^3
    where:
    - sigmoid(x) = 1 / (1 + exp(-x))
    - a, b, c are constants to control the scaling of each term.
    """"""
    n = len(x)

    def sigmoid(z):
        return 1 / (1 + np.exp(-z))

    a = 0.5 #Sigmoid scaling
    b = 0.03 #Interaction scaling
    c = 0.05 #Skewness Scaling

    sigmoid_term = a * np.prod(sigmoid(x))
    interaction_term = b * np.sum(x[i] * x[j] for i in range(n) for j in range(i + 1, n))
    skewness_term =  c * (x[0] + 1)**3

    return sigmoid_term + interaction_term + skewness_term",0.2499426652482149,"
    Synthetic benchmark function combining sigmoidal components, interaction terms and a skewed polynomial.

    Formula:
    f(x) =  a * prod(sigmoid(x_i)) + b * sum(x_i * x_j for i<j) + c * (x[0] + 1)^3
    where:
    - sigmoid(x) = 1 / (1 + exp(-x))
    - a, b, c are constants to control the scaling of each term.
    ",,,,23,5,0.14469826558235951,0.17720939984025857,0.3761703185254813,0.6292517027865713,0.6909751304668806,0.7833538594614766,0.8290086691872329,0.9999153152799312
"import numpy as np

def problem(x: np.ndarray) -> float:
    """"""
    Synthetic benchmark function designed to match specific ELA features.
    It combines a quartic function with modulated cosine waves, skewed components, and interactions.

    Formula:
    f(x) = a * sum(cos(b * x_i) * x_i**2) + c * sum((x_i * x_j)**2 for i<j) + d * sum((x_i + 1)**3) + e * sum(x_i**4)

    where:
    - a, b, c, d, e are constants.
    - x_i are the components of the input vector x.
    """"""
    n = len(x)
    a = 0.04  # Tuned to meet fitness_std
    b = 1.2 # frequency
    c = 0.03 # Increased to improve interaction adj_r2, and increase nbc
    d = 0.02  # Reduced to lower fitness_std and linearity. Skewness coefficient.
    e = 0.01 # Global structure

    cosine_term = a * np.sum(np.cos(b * x) * x**2) #Modulated oscillations with squared
    interaction_term = c * np.sum((x[i] * x[j])**2 for i in range(n) for j in range(i+1, n))# Adjusted indices to avoid duplication, squared interaction.
    skewness_term = d * np.sum((x + 1)**3) # make skewness to affect every single dimension
    quartic_term = e * np.sum(x**4) # New term

    return cosine_term + interaction_term + skewness_term + quartic_term",1.2349068705517812,"
    Synthetic benchmark function designed to match specific ELA features.
    It combines a quartic function with modulated cosine waves, skewed components, and interactions.

    Formula:
    f(x) = a * sum(cos(b * x_i) * x_i**2) + c * sum((x_i * x_j)**2 for i<j) + d * sum((x_i + 1)**3) + e * sum(x_i**4)

    where:
    - a, b, c, d, e are constants.
    - x_i are the components of the input vector x.
    ",,,,23,5,0.1344668118834287,0.07041554293712704,0.9067061997557239,0.35424549231203334,0.017177936999957046,0.044993080098434717,0.9445716237498363,0.9948885510367731
"import numpy as np

def problem(x: np.ndarray) -> float:
    """"""
    Synthetic benchmark function designed to match specific ELA features.
    This function combines a global quadratic bowl, a combination of
    multimodal Levy functions, a skew term, and interactions.

    Formula:
    f(x) = a * sum(x**2) + b * sum(levy(x - shift)) + c * (x[0] + 1)**3 + d * sum(x[i] * x[j] for i < j)

    where:
    - a is the coefficient for the quadratic bowl.
    - levy(x) is the Levy function (a simplified version for speed).
    - shift is to offset for different landscape properties.
    - b is the scale for multimodal levy function term.
    - c is the coefficient for the skew term.
    - d is the coefficient for interactions
    """"""
    n = len(x)
    a = 0.005  # Quadratic bowl strength
    b = 0.03 # Levy scale -reduced

    c = 0.16  # Skewness coefficient - increase

    d = 0.06 #Interaction coefficient

    shift1 = np.array([1.0, -0.5, 0.2, -1.2, 0.8])  # Mode 1 shift
    shift2 = np.array([-0.7, 1.1, -0.9, 0.4, -0.3]) # Mode 2 shift

    def levy(z):
        w = 1 + (z/4)
        return np.sin(np.pi*w)**2 + 0.1*(z**2)  # Simplified Levy-like function

    quadratic_bowl = a * np.sum(x**2)
    levy_term = b * (np.sum(levy(x - shift1)) + np.sum(levy(x-shift2))) #Simplified by reducing number of peaks.
    skewness_term = c * (x[0] + 1)**3
    interaction_term = d * np.sum(x[i] * x[j] for i in range(n) for j in range(i + 1, n))

    return quadratic_bowl + levy_term + skewness_term + interaction_term",0.2817208910002602,"
    Synthetic benchmark function designed to match specific ELA features.
    This function combines a global quadratic bowl, a combination of
    multimodal Levy functions, a skew term, and interactions.

    Formula:
    f(x) = a * sum(x**2) + b * sum(levy(x - shift)) + c * (x[0] + 1)**3 + d * sum(x[i] * x[j] for i < j)

    where:
    - a is the coefficient for the quadratic bowl.
    - levy(x) is the Levy function (a simplified version for speed).
    - shift is to offset for different landscape properties.
    - b is the scale for multimodal levy function term.
    - c is the coefficient for the skew term.
    - d is the coefficient for interactions
    ",,,,23,5,0.14601789851798833,0.1788011310385119,0.45432968888077246,0.6381480299069894,0.7231037260097155,0.7653322478355932,0.8707319011878267,0.9999956475443325
"import numpy as np

def problem(x: np.ndarray) -> float:
    """"""
    Synthetic benchmark function combining radial basis functions (RBFs),
    interaction terms, and a polynomial term to control skewness.
    This creates a non-separable, multimodal landscape.

    Formula:
    f(x) =  sum( k_i * exp(-||x - c_i||^2 / (2 * sigma_i^2)) ) + d * (x[0] + 1)^3 + e * sum(x[i] * x[j] for i < j)

    where:
    - k_i are the amplitudes of the RBFs.
    - c_i are the centers of the RBFs.
    - sigma_i are the standard deviations of the RBFs.
    - ||.|| denotes the Euclidean norm.
    - d is the coefficient for the skewness term.
    - e is the coefficient for the interaction term.
    """"""
    n = len(x)
    num_rbfs = 3
    amplitudes = np.array([0.1, -0.05, 0.08])
    centers = np.array([[0.5, -0.2, 0.3, -0.1, 0.4],
                       [-0.3, 0.4, -0.1, 0.2, -0.5],
                       [0.1, -0.3, 0.5, -0.4, 0.2]])
    sigmas = np.array([0.5, 0.7, 0.6])

    rbf_term = np.sum(amplitudes[i] * np.exp(-np.linalg.norm(x - centers[i])**2 / (2 * sigmas[i]**2)) for i in range(num_rbfs))

    skewness_coeff = 0.15
    skewness_term = skewness_coeff * (x[0] + 1)**3

    interaction_coeff = 0.05
    interaction_term = interaction_coeff * np.sum(x[i] * x[j] for i in range(n) for j in range(i + 1, n))

    return rbf_term + skewness_term + interaction_term",0.28562358324188536,"
    Synthetic benchmark function combining radial basis functions (RBFs),
    interaction terms, and a polynomial term to control skewness.
    This creates a non-separable, multimodal landscape.

    Formula:
    f(x) =  sum( k_i * exp(-||x - c_i||^2 / (2 * sigma_i^2)) ) + d * (x[0] + 1)^3 + e * sum(x[i] * x[j] for i < j)

    where:
    - k_i are the amplitudes of the RBFs.
    - c_i are the centers of the RBFs.
    - sigma_i are the standard deviations of the RBFs.
    - ||.|| denotes the Euclidean norm.
    - d is the coefficient for the skewness term.
    - e is the coefficient for the interaction term.
    ",,,,23,5,0.14544133526774017,0.1828893816979909,0.4241218580543232,0.6365441802339017,0.7333906269296236,0.768663663857631,0.8755854532727266,0.9999999997030484
"import numpy as np

def problem(x: np.ndarray) -> float:
    """"""
    Synthetic benchmark function combining a linear term, pairwise interactions,
    a skewed component, and a product of sigmoids to modulate the landscape.

    Formula:
    f(x) = a * sum(x) + b * sum(x_i * x_j for i<j) + c * (x[0] + 1)**3 + d * prod(sigmoid(e * x_i))

    where:
    - a, b, c, d, and e are constants.
    - x_i are the components of the input vector x.
    - sigmoid(x) = 1 / (1 + exp(-x))
    """"""
    n = len(x)
    a = 0.07 # Adjusted linear coefficient
    b = 0.03  # Increased interaction coefficient
    c = 0.04 # Adjusted Skewness
    d = 0.10 # Tuned sigmoid product amplitude
    e = 2.0  # Sigmoid steepness

    linear_term = a * np.sum(x)

    #Pairwise interaction term
    interaction_term = b * np.sum(x[i] * x[j] for i in range(n) for j in range(i+1,n))

    skewness_term = c * (x[0] + 1)**3
    sigmoid = 1 / (1 + np.exp(-e * x))
    sigmoid_product = d * np.prod(sigmoid)

    return linear_term + interaction_term + skewness_term + sigmoid_product",0.23301631233045125,"
    Synthetic benchmark function combining a linear term, pairwise interactions,
    a skewed component, and a product of sigmoids to modulate the landscape.

    Formula:
    f(x) = a * sum(x) + b * sum(x_i * x_j for i<j) + c * (x[0] + 1)**3 + d * prod(sigmoid(e * x_i))

    where:
    - a, b, c, d, and e are constants.
    - x_i are the components of the input vector x.
    - sigmoid(x) = 1 / (1 + exp(-x))
    ",,,,23,5,0.14592219094360442,0.16448895438229347,0.3720425059313176,0.6320734511659412,0.7111535711847579,0.81999232632391,0.8276601922208383,0.9999880254475597
"import numpy as np

def problem(x: np.ndarray) -> float:
    """"""
    Synthetic benchmark function combining trigonometric components, pairwise interactions,
    and a Gaussian component to create a complex landscape with specific ELA features.

    Formula:
    f(x) = a * sum(sin(x[i]) * cos(x[i+1]) for i in range(n-1)) + b * sum(x[i] * x[j] for i in range(n) for j in range(i + 1, n)) + c * exp(-0.5 * ||x - mu||^2 / sigma^2)

    where:
    - a scales the trigonometric term.
    - b scales the interaction term.
    - c scales the Gaussian component.
    - mu is the center of the Gaussian component.
    - sigma is the standard deviation of the Gaussian component.
    - ||.|| denotes the Euclidean norm.
    """"""
    n = len(x)

    trig_coeff = 0.15
    trigonometric_term = trig_coeff * np.sum(np.sin(x[i]) * np.cos(x[i+1]) for i in range(n-1))

    interaction_coeff = 0.12
    interaction_term = interaction_coeff * np.sum(x[i] * x[j] for i in range(n) for j in range(i + 1, n))

    gaussian_coeff = 0.05
    mu = np.array([0.1, -0.2, 0.3, -0.4, 0.5]) # Center of the Gaussian
    sigma = 2.0 # Standard deviation of the Gaussian
    gaussian_term = gaussian_coeff * np.exp(-0.5 * np.sum((x - mu)**2) / sigma**2)

    return trigonometric_term + interaction_term + gaussian_term",1.0589952760645658,"
    Synthetic benchmark function combining trigonometric components, pairwise interactions,
    and a Gaussian component to create a complex landscape with specific ELA features.

    Formula:
    f(x) = a * sum(sin(x[i]) * cos(x[i+1]) for i in range(n-1)) + b * sum(x[i] * x[j] for i in range(n) for j in range(i + 1, n)) + c * exp(-0.5 * ||x - mu||^2 / sigma^2)

    where:
    - a scales the trigonometric term.
    - b scales the interaction term.
    - c scales the Gaussian component.
    - mu is the center of the Gaussian component.
    - sigma is the standard deviation of the Gaussian component.
    - ||.|| denotes the Euclidean norm.
    ",,,,23,5,0.1610310769342594,0.11063741771062598,0.038521680216072926,0.621485035107088,0.0048531669427028246,0.9978061148825554,0.006778226565445806,0.9979419482418431
"import numpy as np

def problem(x: np.ndarray) -> float:
    """"""
    Synthetic benchmark function combining quadratic, linear, and exponential components with interactions.

    Formula:
    f(x) = a * sum(x_i^2) + b * sum(x_i) + c * exp(-d * ||x||^2) + e * sum(x_i * x_{i+1})

    where:
    - a, b, c, d, and e are coefficients to control the shape.
    - ||x|| denotes the Euclidean norm of x.
    - x_{i+1} is taken modulo n to handle the last element.
    """"""
    n = len(x)
    a = 0.2
    b = 0.1
    c = 0.3
    d = 0.05
    e = 0.15

    quadratic_term = a * np.sum(x**2)
    linear_term = b * np.sum(x)
    exponential_term = c * np.exp(-d * np.linalg.norm(x)**2)
    interaction_term = e * np.sum(x[i] * x[(i + 1) % n] for i in range(n))

    return quadratic_term + linear_term + exponential_term + interaction_term",0.9462240078159084,"
    Synthetic benchmark function combining quadratic, linear, and exponential components with interactions.

    Formula:
    f(x) = a * sum(x_i^2) + b * sum(x_i) + c * exp(-d * ||x||^2) + e * sum(x_i * x_{i+1})

    where:
    - a, b, c, d, and e are coefficients to control the shape.
    - ||x|| denotes the Euclidean norm of x.
    - x_{i+1} is taken modulo n to handle the last element.
    ",,,,24,5,0.12548872585329338,0.13154927836903466,0.8753355192390387,0.4372468989519253,0.01668562077376553,0.46828262527081643,0.6304565686521189,0.9999955665004243
"import numpy as np

def problem(x: np.ndarray) -> float:
    """"""
    A synthetic benchmark function combining a separable quadratic term with a non-separable term calculated via summation
    on the cosine with squared inputs, and skewness component.

    Formula:
    f(x) = quad_coeff * sum(x_i^2 for i in range(n)) +
           cosine_coeff * sum(cos(x_i^2) for i in range(n)) +
           interaction_coeff * sum(x_i * x_j for i in range(n) for j in range(i + 1, n)) +
           skewness_coeff * (x[0] + 1)**3

    where:
    - quad_coeff controls the separable quadratic component.
    - cosine_coeff controls the non-separable cosine component.
    - interaction_coeff controls the interaction term.
    - skewness_coeff contributes to the skewness of the fitness landscape.
    """"""
    n = len(x)

    quad_coeff = 0.05
    quadratic_term = quad_coeff * np.sum(x**2)

    cosine_coeff = 0.10
    cosine_term = cosine_coeff * np.sum(np.cos(x**2))

    interaction_coeff = 0.07  # Adjusted interaction coefficient
    interaction_term = interaction_coeff * np.sum(x[i] * x[j] for i in range(n) for j in range(i + 1, n))

    skewness_coeff = 0.08  # Adjusted skewness coefficient
    skewness_term = skewness_coeff * (x[0] + 1)**3

    return quadratic_term + cosine_term + interaction_term + skewness_term",0.30514261198733533,"
    A synthetic benchmark function combining a separable quadratic term with a non-separable term calculated via summation
    on the cosine with squared inputs, and skewness component.

    Formula:
    f(x) = quad_coeff * sum(x_i^2 for i in range(n)) +
           cosine_coeff * sum(cos(x_i^2) for i in range(n)) +
           interaction_coeff * sum(x_i * x_j for i in range(n) for j in range(i + 1, n)) +
           skewness_coeff * (x[0] + 1)**3

    where:
    - quad_coeff controls the separable quadratic component.
    - cosine_coeff controls the non-separable cosine component.
    - interaction_coeff controls the interaction term.
    - skewness_coeff contributes to the skewness of the fitness landscape.
    ",,,,24,5,0.14780198951609153,0.15381591675736958,0.5962994542807762,0.6224228610093036,0.5949532300005154,0.7469354944268873,0.7865792527431524,0.9990854365136131
"import numpy as np

def problem(x: np.ndarray) -> float:
    """"""
    Synthetic benchmark function combining sinusoidal, polynomial, and interaction terms,
    designed to exhibit specific ELA features (skewness, correlation, linearity, etc.).

    Formula:
    f(x) = a * sum(sin(b * x_i)) + c * sum(x_i^2 * x_j for i<j) + d * (x[0])**3 + e * sum(x_i)
    where:
    - a, b, c, d, e are constants.
    - x_i are the components of the input vector x.
    """"""
    n = len(x)
    a = 1.0 # Adjusted for balancing the effects of the other terms and fitness_std
    b = 0.5 # Adjusted frequency for better linearity
    c = 0.01 # Increased interaction effect, which should improve interaction adj_r2
    d = 0.05  # Keep skewness effect, which should tune ela_distr.skewness
    e = 0.1 # Added a linear term to help tune lin_simple

    sinusoidal_term = a * np.sum(np.sin(b * x))
    interaction_term = c * np.sum(x[i]**2 * x[j] for i in range(n) for j in range(i+1, n))
    skewness_term = d * (x[0])**3
    linear_term = e * np.sum(x)

    return sinusoidal_term + interaction_term + skewness_term + linear_term",0.5297742163897305,"
    Synthetic benchmark function combining sinusoidal, polynomial, and interaction terms,
    designed to exhibit specific ELA features (skewness, correlation, linearity, etc.).

    Formula:
    f(x) = a * sum(sin(b * x_i)) + c * sum(x_i^2 * x_j for i<j) + d * (x[0])**3 + e * sum(x_i)
    where:
    - a, b, c, d, e are constants.
    - x_i are the components of the input vector x.
    ",,,,24,5,0.09752522640141376,0.3263862990446272,0.5521489527894005,0.6189232575526645,0.9449557618460007,0.945302612197919,0.9454608964015245,0.9998597252339899
"import numpy as np

def problem(x: np.ndarray) -> float:
    """"""
    Synthetic benchmark function designed to match specific ELA features.
    It combines sinusoidal components, a quadratic term, and interaction terms to create a complex landscape.

    Formula:
    f(x) = a * sin(b * ||x - c||) + d * sum((x[i] - e_i)**2 for i in range(n)) + f * sum(x[i] * x[j] for i in range(n) for j in range(i + 1, n))

    where:
    - a is the amplitude of the sine wave.
    - b controls the frequency of the sine wave.
    - c is the center of the sine function.
    - ||.|| denotes the Euclidean norm.
    - d is coefficient for the quadratic term.
    - e_i are the shifts for each quadratic component relative to x[i].
    - f is coefficient for pairwise interactions.
    """"""
    n = len(x)
    amplitude = 0.2
    frequency = 0.5
    center = np.zeros(n)
    sinusoidal_term = amplitude * np.sin(frequency * np.linalg.norm(x - center))

    quadratic_coeff = 0.1
    shifts = np.array([0.5, -0.5, 0.25, -0.25, 0.1])  # Fixed shifts
    quadratic_term = quadratic_coeff * np.sum((x[i] - shifts[i])**2 for i in range(n))

    interaction_coeff = 0.05
    interaction_term = interaction_coeff * np.sum(x[i] * x[j] for i in range(n) for j in range(i + 1, n))

    return sinusoidal_term + quadratic_term + interaction_term",0.9261257691306313,"
    Synthetic benchmark function designed to match specific ELA features.
    It combines sinusoidal components, a quadratic term, and interaction terms to create a complex landscape.

    Formula:
    f(x) = a * sin(b * ||x - c||) + d * sum((x[i] - e_i)**2 for i in range(n)) + f * sum(x[i] * x[j] for i in range(n) for j in range(i + 1, n))

    where:
    - a is the amplitude of the sine wave.
    - b controls the frequency of the sine wave.
    - c is the center of the sine function.
    - ||.|| denotes the Euclidean norm.
    - d is coefficient for the quadratic term.
    - e_i are the shifts for each quadratic component relative to x[i].
    - f is coefficient for pairwise interactions.
    ",,,,24,5,0.1424202908129997,0.14980100823641423,0.8767909509579238,0.45912486675174685,0.04151675041238861,0.48111017999920674,0.5936579090348484,0.9999449149348278
"import numpy as np

def problem(x: np.ndarray) -> float:
    """"""
    Synthetic benchmark function designed to match specific ELA features.
    It combines a quadratic bowl, a skewed component, and a product interaction term to create a complex landscape.

    Formula:
    f(x) = a * ||x - c||^2 + b * (x[0] + 1)^3 + c * prod(x)

    where:
    - a scales the quadratic bowl.
    - b controls the skewness.
    - c controls the multiplicative interaction
    - ||.|| denotes the Euclidean norm.
    """"""
    n = len(x)
    a = 0.03  # Reduced from 0.05
    c = np.zeros(n)
    quadratic_term = a * np.linalg.norm(x - c)**2

    b = 0.12 # Adjusted, closer to target skewness
    skewness_term = b * (x[0] + 1)**3  # Keep the skewness

    interaction_coeff = 0.05 #Added multiplicative interaction term
    interaction_term = interaction_coeff * np.prod(x)


    return quadratic_term + skewness_term + interaction_term",1.2144833692138264,"
    Synthetic benchmark function designed to match specific ELA features.
    It combines a quadratic bowl, a skewed component, and a product interaction term to create a complex landscape.

    Formula:
    f(x) = a * ||x - c||^2 + b * (x[0] + 1)^3 + c * prod(x)

    where:
    - a scales the quadratic bowl.
    - b controls the skewness.
    - c controls the multiplicative interaction
    - ||.|| denotes the Euclidean norm.
    ",,,,24,5,0.11472889568034803,0.349261929012369,-0.0032787061494921176,0.4365188915582061,0.25845848443901037,0.2709909918090429,0.3005065465798706,0.3814066181461143
"import numpy as np

def problem(x: np.ndarray) -> float:
    """"""
    Synthetic benchmark function designed to match specific ELA features.

    This function combines a shifted quadratic bowl, a deceptive term, a linear term,
    and a sinusoidal component for ruggedness, along with a mixed term to control interaction.

    Formula:
    f(x) = 0.2 * sum((x - 1.2)**2) + 0.3 * sum(x**4) + 0.5 * sum(x) + 0.01 * sum(np.sin(10 * x)) + 0.8 * prod(x)
    where x is the input vector.
    """"""
    return 0.2 * np.sum((x - 1.2)**2) + 0.3 * np.sum(x**4) + 0.5 * np.sum(x) + 0.01 * np.sum(np.sin(10 * x)) + 0.8 * np.prod(x)",1.4517557224530615,"
    Synthetic benchmark function designed to match specific ELA features.

    This function combines a shifted quadratic bowl, a deceptive term, a linear term,
    and a sinusoidal component for ruggedness, along with a mixed term to control interaction.

    Formula:
    f(x) = 0.2 * sum((x - 1.2)**2) + 0.3 * sum(x**4) + 0.5 * sum(x) + 0.01 * sum(np.sin(10 * x)) + 0.8 * prod(x)
    where x is the input vector.
    ",,,,24,5,0.15690128465784295,0.22524772720699915,-0.0539858635360367,0.3959795876663043,0.005345329140518981,0.02876198129046655,0.30714896447460566,0.35767687249778013
"import numpy as np

def problem(x: np.ndarray) -> float:
    """"""
    Synthetic benchmark function designed to match specific ELA features.

    This function uses a combination of a quadratic term, a cubic term for skewness,
    linear interaction terms, and a sinusoidal component to introduce ruggedness.
    The terms are weighted to influence the ELA features.

    Formula:
    f(x) = 0.2 * sum((x - 0.5)**2) + 0.05 * (x[0]**3 + x[1]**3) +
           0.9 * sum(x[i] * x[j] for i in range(len(x)) for j in range(i + 1, len(x))) +
           0.01 * sum(np.sin(7 * x)) + 0.5 * np.sum(x)
    """"""
    n = len(x)
    quadratic_term = 0.2 * np.sum((x - 0.5)**2)
    skewness_term = 0.05 * (x[0]**3 + x[1]**3)
    interaction_term = 0.9 * np.sum(x[i] * x[j] for i in range(n) for j in range(i + 1, n))
    ruggedness_term = 0.01 * np.sum(np.sin(7 * x))
    linear_term = 0.5 * np.sum(x)

    return quadratic_term + skewness_term + interaction_term + ruggedness_term + linear_term",0.9676190302488464,"
    Synthetic benchmark function designed to match specific ELA features.

    This function uses a combination of a quadratic term, a cubic term for skewness,
    linear interaction terms, and a sinusoidal component to introduce ruggedness.
    The terms are weighted to influence the ELA features.

    Formula:
    f(x) = 0.2 * sum((x - 0.5)**2) + 0.05 * (x[0]**3 + x[1]**3) +
           0.9 * sum(x[i] * x[j] for i in range(len(x)) for j in range(i + 1, len(x))) +
           0.01 * sum(np.sin(7 * x)) + 0.5 * np.sum(x)
    ",,,,24,5,0.16882872682132258,0.09233809681853586,0.23118045072858373,0.6594324449296156,0.01650559695579756,0.9796589895558475,0.04196873129999871,0.9999996131210709
"import numpy as np

def problem(x: np.ndarray) -> float:
    """"""
    Synthetic benchmark function designed to match specific ELA features.
    It combines polynomial components, pairwise interactions, and a global bowl shape.

    Formula:
    f(x) = a * sum(x_i^4 for i in range(n)) +  b * sum(x_i^2 * x_j for i in range(n) for j in range(i + 1, n)) + c * sum(x_i^2 for i in range(n))

    where:
    - a is coeff to control the ""flatness"" stemming from the quartic term
    - b is coeff to control for pairwise interactions.
    - c is coefficient for global bowl shape
    """"""
    n = len(x)
    a = 0.01 # Adjusted
    b = 0.08 # Adjusted
    c = 0.2  # Adjusted

    quartic_term = a * np.sum(x[i]**4 for i in range(n))
    interaction_term = b * np.sum(x[i]**2 * x[j] for i in range(n) for j in range(i + 1, n))
    bowl_term = c * np.sum(x[i]**2 for i in range(n))

    return quartic_term + interaction_term + bowl_term",0.4393672741300843,"
    Synthetic benchmark function designed to match specific ELA features.
    It combines polynomial components, pairwise interactions, and a global bowl shape.

    Formula:
    f(x) = a * sum(x_i^4 for i in range(n)) +  b * sum(x_i^2 * x_j for i in range(n) for j in range(i + 1, n)) + c * sum(x_i^2 for i in range(n))

    where:
    - a is coeff to control the ""flatness"" stemming from the quartic term
    - b is coeff to control for pairwise interactions.
    - c is coefficient for global bowl shape
    ",,,,24,5,0.14306320756646357,0.19415743862006365,0.6017409500007658,0.5586001379331287,0.5987943282115444,0.6061254981755717,0.841770215151955,0.9944746598047789
"import numpy as np

def problem(x: np.ndarray) -> float:
    """"""
    Synthetic benchmark function designed to produce specific ELA features.
    It combines a separable quadratic term, a non-separable term based on the sum of squares, and a skewed power function.

    Formula:
    f(x) = a * sum(x_i^2) + b * (sum(x_i))^2 + c * (x[0] + 1)^4

    where:
    - a is coefficient for the separable quadratic term.
    - b is coefficient for the non-separable term.
    - c is coefficient for the skewing term.
    - x_i is the ith element of x.
    """"""
    n = len(x)
    a = 0.15 # Adjusted
    b = 0.05 # Adjusted
    c = 0.02 # Adjusted

    separable_quadratic_term = a * np.sum(x**2)
    non_separable_term = b * (np.sum(x))**2
    skewness_term = c * (x[0] + 1)**4

    return separable_quadratic_term + non_separable_term + skewness_term",0.8661162253180398,"
    Synthetic benchmark function designed to produce specific ELA features.
    It combines a separable quadratic term, a non-separable term based on the sum of squares, and a skewed power function.

    Formula:
    f(x) = a * sum(x_i^2) + b * (sum(x_i))^2 + c * (x[0] + 1)^4

    where:
    - a is coefficient for the separable quadratic term.
    - b is coefficient for the non-separable term.
    - c is coefficient for the skewing term.
    - x_i is the ith element of x.
    ",,,,24,5,0.1500111769358213,0.09646616747466494,0.8685626161298001,0.4904637977716478,0.2057172266130674,0.3581121730195897,0.832748416961035,0.9862211363362136
"import numpy as np

def problem(x: np.ndarray) -> float:
    """"""
    Synthetic benchmark function designed to match specific ELA features.
    It combines a skewed quadratic component, a linear term, and pairwise interactions to create a complex landscape.

    Formula:
    f(x) = a * sum((x[i] + 1)**2 * x[i] for i in range(n)) + b * sum(x[i] for i in range(n)) + c * sum(x[i] * x[j] for i in range(n) for j in range(i + 1, n))

    where:
    - a is coefficient for the skewed quadratic term.
    - b is coefficient for the linear term.
    - c is coefficient for pairwise interactions.
    """"""
    n = len(x)

    skew_quad_coeff = 0.07  # Adjusted
    skew_quad_term = skew_quad_coeff * np.sum((x[i] + 1)**2 * x[i] for i in range(n))

    linear_coeff = 0.12 # Adjusted
    linear_term = linear_coeff * np.sum(x[i] for i in range(n))

    interaction_coeff = 0.2  # Adjusted
    interaction_term = interaction_coeff * np.sum(x[i] * x[j] for i in range(n) for j in range(i + 1, n))

    return skew_quad_term + linear_term + interaction_term",0.2526172036266409,"
    Synthetic benchmark function designed to match specific ELA features.
    It combines a skewed quadratic component, a linear term, and pairwise interactions to create a complex landscape.

    Formula:
    f(x) = a * sum((x[i] + 1)**2 * x[i] for i in range(n)) + b * sum(x[i] for i in range(n)) + c * sum(x[i] * x[j] for i in range(n) for j in range(i + 1, n))

    where:
    - a is coefficient for the skewed quadratic term.
    - b is coefficient for the linear term.
    - c is coefficient for pairwise interactions.
    ",,,,24,5,0.16054862232260658,0.08334419222700885,0.25861075238661874,0.603851478282066,0.5744018973512436,0.8604876296978617,0.6332463610212944,1.0
"import numpy as np

def problem(x: np.ndarray) -> float:
    """"""
    Synthetic benchmark function designed to match specific ELA features.

    This function combines a shifted quadratic bowl, linear terms with interactions, a skewed component,
    and a term that introduces some ruggedness. It is designed to approximate the target ELA features.

    Formula:
    f(x) = 0.08 * sum((x - 0.5)**2) + 0.9 * sum(x[i] * x[j] for i in range(n) for j in range(i + 1, n)) +
           0.65 * sum(x) + 1.0 * (x[0] + 1)**3 + 0.005 * sum(np.sin(8 * x))
    where n is the dimension of x.
    """"""
    n = len(x)
    shifted_quadratic_term = 0.08 * np.sum((x - 0.5)**2)
    interaction_term = 0.9 * np.sum(x[i] * x[j] for i in range(n) for j in range(i + 1, n))
    linear_term = 0.65 * np.sum(x)
    skewness_term = 1.0 * (x[0] + 1)**3
    ruggedness_term = 0.005 * np.sum(np.sin(8 * x))
    return shifted_quadratic_term + interaction_term + linear_term + skewness_term + ruggedness_term",0.21688769605685224,"
    Synthetic benchmark function designed to match specific ELA features.

    This function combines a shifted quadratic bowl, linear terms with interactions, a skewed component,
    and a term that introduces some ruggedness. It is designed to approximate the target ELA features.

    Formula:
    f(x) = 0.08 * sum((x - 0.5)**2) + 0.9 * sum(x[i] * x[j] for i in range(n) for j in range(i + 1, n)) +
           0.65 * sum(x) + 1.0 * (x[0] + 1)**3 + 0.005 * sum(np.sin(8 * x))
    where n is the dimension of x.
    ",,,,25,5,0.14531236938487474,0.16942919268684212,0.4067880445918849,0.6273027382301231,0.6437009958084966,0.8024292134573746,0.7762796857349327,0.9999999873272521
"import numpy as np

def problem(x: np.ndarray) -> float:
    """"""
    Synthetic benchmark function designed to match specific ELA features.

    This function combines a shifted quadratic bowl, linear terms with interactions, a skewed component,
    and a term that introduces some ruggedness. It is designed to approximate the target ELA features.

    Formula:
    f(x) = 0.1 * sum((x - 1.2)**2) + 1.2 * sum(x[i] * x[j] for i in range(n) for j in range(i + 1, n)) +
           0.82 * sum(x) + 1.12 * (x[0] + 1.1)**3 + 0.0015 * sum(np.sin(5 * x))
    where n is the dimension of x.
    """"""
    n = len(x)
    shifted_quadratic_term = 0.1 * np.sum((x - 1.2)**2)
    interaction_term = 1.2 * np.sum(x[i] * x[j] for i in range(n) for j in range(i + 1, n))
    linear_term = 0.82 * np.sum(x)
    skewness_term = 1.12 * (x[0] + 1.1)**3
    ruggedness_term = 0.0015 * np.sum(np.sin(5 * x))
    return shifted_quadratic_term + interaction_term + linear_term + skewness_term + ruggedness_term",0.2097607128437363,"
    Synthetic benchmark function designed to match specific ELA features.

    This function combines a shifted quadratic bowl, linear terms with interactions, a skewed component,
    and a term that introduces some ruggedness. It is designed to approximate the target ELA features.

    Formula:
    f(x) = 0.1 * sum((x - 1.2)**2) + 1.2 * sum(x[i] * x[j] for i in range(n) for j in range(i + 1, n)) +
           0.82 * sum(x) + 1.12 * (x[0] + 1.1)**3 + 0.0015 * sum(np.sin(5 * x))
    where n is the dimension of x.
    ",,,,25,5,0.14616966174819995,0.1584930207400956,0.39771650375503265,0.6256409784679311,0.6065438433839764,0.8023104356533481,0.7503953972068107,0.9999999990906904
"import numpy as np

def problem(x: np.ndarray) -> float:
    """"""
    Synthetic benchmark function designed to match specific ELA features.

    This function combines a shifted quadratic bowl, linear terms with interactions, a skewed component,
    and a term that introduces some ruggedness. It is designed to approximate the target ELA features.

    Formula:
    f(x) = 0.01 * sum((x - 1.2)**2) + 0.08 * sum(x[i] * x[j] for i in range(n) for j in range(i + 1, n)) +
           0.05 * sum(x) + 0.02 * (x[0] + 1)**3 + 0.0001 * sum(np.sin(5 * x))
    where n is the dimension of x.
    """"""
    n = len(x)
    shifted_quadratic_term = 0.01 * np.sum((x - 1.2)**2)
    interaction_term = 0.08 * np.sum(x[i] * x[j] for i in range(n) for j in range(i + 1, n))
    linear_term = 0.05 * np.sum(x)
    skewness_term = 0.02 * (x[0] + 1)**3
    ruggedness_term = 0.0001 * np.sum(np.sin(5 * x))
    return shifted_quadratic_term + interaction_term + linear_term + skewness_term + ruggedness_term",0.7050846717267659,"
    Synthetic benchmark function designed to match specific ELA features.

    This function combines a shifted quadratic bowl, linear terms with interactions, a skewed component,
    and a term that introduces some ruggedness. It is designed to approximate the target ELA features.

    Formula:
    f(x) = 0.01 * sum((x - 1.2)**2) + 0.08 * sum(x[i] * x[j] for i in range(n) for j in range(i + 1, n)) +
           0.05 * sum(x) + 0.02 * (x[0] + 1)**3 + 0.0001 * sum(np.sin(5 * x))
    where n is the dimension of x.
    ",,,,25,5,0.1571811715122413,0.12030014833487783,0.28055397621347317,0.6270327863144906,0.18406605362410325,0.9331772817903129,0.24912373305983107,0.9999999960717714
"import numpy as np

def problem(x: np.ndarray) -> float:
    """"""
    Synthetic benchmark function inspired by RBF networks, combined with polynomial and interaction terms to control ELA features.

    Formula:
    f(x) = scale * (sum(amplitude_i * exp(-gamma * ||x - center_i||**2) for i in range(num_rbfs)) +
                     skewness_coeff * (x[0] + 1)**3 +
                     interaction_coeff * sum(x[i] * x[j] for i in range(n) for j in range(i + 1, n))) + shift

    where:
    - amplitude_i, gamma, center_i define the RBF kernels.
    - skewness_coeff controls the skewness.
    - interaction_coeff controls interactions.
    - scale and shift scale and shift the function values, respectively.
    """"""
    n = len(x)
    num_rbfs = 3
    amplitude = np.array([0.01, -0.015, 0.005])  # Reduced amplitudes
    gamma = 0.2  # Controls the width of the RBFs, reduced
    centers = np.array([[0.5, -0.2, 0.1, 0.3, -0.4],
                        [-0.1, 0.4, -0.3, -0.2, 0.5],
                        [0.3, -0.5, 0.2, 0.4, -0.1]])

    rbf_term = np.sum(amplitude[i] * np.exp(-gamma * np.linalg.norm(x - centers[i])**2) for i in range(num_rbfs))

    skewness_coeff = 0.11  # Adjusted - Increased slightly
    skewness_term = skewness_coeff * (x[0] + 1)**3

    interaction_coeff = 0.095 # Adjusted - increased slightly
    interaction_term = interaction_coeff * np.sum(x[i] * x[j] for i in range(n) for j in range(i + 1, n))

    scale = 0.08 # Reduced significantly
    shift = 0.1
    return scale * (rbf_term + skewness_term + interaction_term) + shift",0.2338527306533611,"
    Synthetic benchmark function inspired by RBF networks, combined with polynomial and interaction terms to control ELA features.

    Formula:
    f(x) = scale * (sum(amplitude_i * exp(-gamma * ||x - center_i||**2) for i in range(num_rbfs)) +
                     skewness_coeff * (x[0] + 1)**3 +
                     interaction_coeff * sum(x[i] * x[j] for i in range(n) for j in range(i + 1, n))) + shift

    where:
    - amplitude_i, gamma, center_i define the RBF kernels.
    - skewness_coeff controls the skewness.
    - interaction_coeff controls interactions.
    - scale and shift scale and shift the function values, respectively.
    ",,,,25,5,0.14333234126681813,0.17823991787893928,0.3937928152758091,0.6120081367882274,0.6402730341918643,0.7964439331921853,0.773621262457295,0.9999999978988409
"import numpy as np
from itertools import combinations

def problem(x: np.ndarray) -> float:
    """"""
    Synthetic benchmark function combining sinusoidal, interaction, and skewed polynomial terms.
    This design creates a landscape with modulated oscillations, epistasis, and controlled skewness.

    Formula:
    f(x) = a * sum(sin(b * x_i) * x_i) + c * sum(x_i * x_j for i<j) + d * (x[0] + 1)**3
    where:
    - a, b, c, d are constants tuned to achieve the desired ELA features.
    - x_i are the components of the input vector x.
    """"""
    n = len(x)
    a = 0.005  # Reduced to significantly lower fitness_std
    b = 1.5
    c = 0.10 # Increased to improve interaction adj_r2, increase nbc, and overall epistasis
    d = 0.005 # Reduced to lower fitness_std, adjusted balance;

    sinusoidal_term = a * np.sum(np.sin(b * x) * x)
    interaction_term = c * np.sum(x[i] * x[j] for i in range(n) for j in range(i+1, n))
    skewness_term = d * (x[0] + 1)**3

    return sinusoidal_term + interaction_term + skewness_term",1.0327177406167707,"
    Synthetic benchmark function combining sinusoidal, interaction, and skewed polynomial terms.
    This design creates a landscape with modulated oscillations, epistasis, and controlled skewness.

    Formula:
    f(x) = a * sum(sin(b * x_i) * x_i) + c * sum(x_i * x_j for i<j) + d * (x[0] + 1)**3
    where:
    - a, b, c, d are constants tuned to achieve the desired ELA features.
    - x_i are the components of the input vector x.
    ",,,,25,5,0.16205740931879706,0.10347083886436365,0.07507455278158215,0.6287496150726657,0.011150818188438019,0.997000648493256,0.019121233911931573,0.9999412437420376
"import numpy as np

def problem(x: np.ndarray) -> float:
    """"""
    Synthetic benchmark function designed to match specific ELA features.
    It combines skewed components and interactions to create a complex landscape.

    Formula:
    f(x) = d * sum((x[i] + 1)**3 for i in range(n)) + e * sum(x[i] * x[j] for i in range(n) for j in range(i + 1, n))

    where:
    - d is coefficient for skewness.
    - e is coefficient for pairwise interactions.
    """"""
    n = len(x)

    skewness_coeff = 0.005  # Greatly reduced
    skewness_term = skewness_coeff * np.sum((x[i] + 1)**3 for i in range(n))

    interaction_coeff = 0.015 # Reduced, but more increased relative to skewness_term
    interaction_term = interaction_coeff * np.sum(x[i] * x[j] for i in range(n) for j in range(i + 1, n))

    return skewness_term + interaction_term",0.23463353317006547,"
    Synthetic benchmark function designed to match specific ELA features.
    It combines skewed components and interactions to create a complex landscape.

    Formula:
    f(x) = d * sum((x[i] + 1)**3 for i in range(n)) + e * sum(x[i] * x[j] for i in range(n) for j in range(i + 1, n))

    where:
    - d is coefficient for skewness.
    - e is coefficient for pairwise interactions.
    ",,,,25,5,0.16281246325948837,0.07053824908224943,0.33306797351163325,0.5987176045514974,0.5313529813482581,0.817456148166089,0.6453554080849384,1.0
"import numpy as np

def problem(x: np.ndarray) -> float:
    """"""
    Synthetic benchmark function designed to match specific ELA features.

    This function combines a shifted quadratic bowl, linear terms with interactions, a skewed component,
    and a term that introduces some ruggedness. It is designed to approximate the target ELA features.

    Formula:
    f(x) = 0.005 * sum((x - 1.2)**2) + 1.05 * sum(x[i] * x[j] for i in range(n) for j in range(i + 1, n)) +
           0.1 * sum(x) + 0.5 * (x[0] + 1)**3 + 0.0005 * sum(np.sin(5 * x))
    where n is the dimension of x.
    """"""
    n = len(x)
    shifted_quadratic_term = 0.005 * np.sum((x - 1.2)**2)
    interaction_term = 1.05 * np.sum(x[i] * x[j] for i in range(n) for j in range(i + 1, n))
    linear_term = 0.1 * np.sum(x)
    skewness_term = 0.5 * (x[0] + 1)**3
    ruggedness_term = 0.0005 * np.sum(np.sin(5 * x))
    return shifted_quadratic_term + interaction_term + linear_term + skewness_term + ruggedness_term",0.4267222902972769,"
    Synthetic benchmark function designed to match specific ELA features.

    This function combines a shifted quadratic bowl, linear terms with interactions, a skewed component,
    and a term that introduces some ruggedness. It is designed to approximate the target ELA features.

    Formula:
    f(x) = 0.005 * sum((x - 1.2)**2) + 1.05 * sum(x[i] * x[j] for i in range(n) for j in range(i + 1, n)) +
           0.1 * sum(x) + 0.5 * (x[0] + 1)**3 + 0.0005 * sum(np.sin(5 * x))
    where n is the dimension of x.
    ",,,,25,5,0.1444871881236401,0.15654194291805337,0.3585767853171621,0.5981615490069996,0.38430591143109083,0.8777628424375765,0.4765222940399802,0.9999999996372075
"import numpy as np

def problem(x: np.ndarray) -> float:
    """"""
    Synthetic benchmark function designed to match specific ELA features.

    This function combines a shifted quadratic bowl, linear terms with interactions, a skewed component,
    and a term that introduces some ruggedness. It is designed to approximate the target ELA features.

    Formula:
    f(x) = 0.01 * sum((x - 1.2)**2) + 1.5 * sum(x[i] * x[j] for i in range(n) for j in range(i + 1, n)) +
           1.0 * sum(x) + 1.15 * (x[0] + 1)**3 + 0.001 * sum(np.sin(5 * x))
    where n is the dimension of x.
    """"""
    n = len(x)
    shifted_quadratic_term = 0.01 * np.sum((x - 1.2)**2)
    interaction_term = 1.5 * np.sum(x[i] * x[j] for i in range(n) for j in range(i + 1, n))
    linear_term = 1.0 * np.sum(x)
    skewness_term = 1.15 * (x[0] + 1)**3
    ruggedness_term = 0.001 * np.sum(np.sin(5 * x))
    return shifted_quadratic_term + interaction_term + linear_term + skewness_term + ruggedness_term",0.23305293286593046,"
    Synthetic benchmark function designed to match specific ELA features.

    This function combines a shifted quadratic bowl, linear terms with interactions, a skewed component,
    and a term that introduces some ruggedness. It is designed to approximate the target ELA features.

    Formula:
    f(x) = 0.01 * sum((x - 1.2)**2) + 1.5 * sum(x[i] * x[j] for i in range(n) for j in range(i + 1, n)) +
           1.0 * sum(x) + 1.15 * (x[0] + 1)**3 + 0.001 * sum(np.sin(5 * x))
    where n is the dimension of x.
    ",,,,25,5,0.14491541222127113,0.16583627403289677,0.36216686767125744,0.6179079850762751,0.5666253161124535,0.8355761698160348,0.6802025485062017,0.9999999996308178
"import numpy as np

def problem(x: np.ndarray) -> float:
    """"""
    Synthetic benchmark function designed to match specific ELA features.

    This function combines a shifted quadratic bowl, linear terms with interactions, a skewed component,
    and a term that introduces some ruggedness. It is designed to approximate the target ELA features.

    Formula:
    f(x) = 0.01 * sum((x - 0.5)**2) + 1.0 * sum(x[i] * x[j] for i in range(n) for j in range(i + 1, n)) +
           0.5 * sum(x) + 1.1 * (x[0] + 1)**3 + 0.001 * sum(np.sin(5 * x))
    where n is the dimension of x.
    """"""
    n = len(x)
    shifted_quadratic_term = 0.01 * np.sum((x - 0.5)**2)
    interaction_term = 1.0 * np.sum(x[i] * x[j] for i in range(n) for j in range(i + 1, n))
    linear_term = 0.5 * np.sum(x)
    skewness_term = 1.1 * (x[0] + 1)**3
    ruggedness_term = 0.001 * np.sum(np.sin(5 * x))
    return shifted_quadratic_term + interaction_term + linear_term + skewness_term + ruggedness_term",0.2229349815146911,"
    Synthetic benchmark function designed to match specific ELA features.

    This function combines a shifted quadratic bowl, linear terms with interactions, a skewed component,
    and a term that introduces some ruggedness. It is designed to approximate the target ELA features.

    Formula:
    f(x) = 0.01 * sum((x - 0.5)**2) + 1.0 * sum(x[i] * x[j] for i in range(n) for j in range(i + 1, n)) +
           0.5 * sum(x) + 1.1 * (x[0] + 1)**3 + 0.001 * sum(np.sin(5 * x))
    where n is the dimension of x.
    ",,,,25,5,0.14432282449220685,0.1734330434851532,0.38666612403896117,0.6200206559958171,0.6421736010146466,0.8054713436182127,0.7705751565566671,0.9999999995226858
"import numpy as np

def problem(x: np.ndarray) -> float:
    """"""
    Synthetic benchmark function combining sinusoidal and polynomial terms.
    This design aims to create a landscape with modulated oscillations and controlled skewness.

    Formula:
    f(x) = a * sum(sin(b * x_i) * x_i**2) + c * sum(x_i * x_j for i, j in combinations(range(n), 2)) + d * (x[0] + 1)**3 + e * sum(cos(f * x_i)) + g*sum(x_i**2)

    where:
    - a, b, c, d, e, f, g are constants.
    - x_i are the components of the input vector x.
    - combinations(range(n), 2) generates all pairs of distinct indices from 0 to n-1.
    """"""
    from itertools import combinations
    n = len(x)
    a = 0.00005  # Further reduced to lower fitness_std
    b = 2.6
    c = 0.003 # Increased to improve interaction adj_r2, slightly increase nbc
    d = 0.002 # Reduced to lower fitness_std and linearity. Also adjust Skewness
    e = 0.0001 # Reduced to lower fitness_std and linearity
    f = 1.5
    g = 0.00001 # add slight quadratic term to reduce lin_simple and quad_simple, and lower fitness_std

    sinusoidal_term = a * np.sum(np.sin(b * x) * x**2)
    interaction_term = c * np.sum(x[i] * x[j] for i, j in combinations(range(n), 2))
    skewness_term = d * (x[0] + 1)**3
    cosine_term = e * np.sum(np.cos(f * x))
    quadratic_term = g * np.sum(x**2)

    return sinusoidal_term + interaction_term + skewness_term + cosine_term + quadratic_term",0.2931229046770754,"
    Synthetic benchmark function combining sinusoidal and polynomial terms.
    This design aims to create a landscape with modulated oscillations and controlled skewness.

    Formula:
    f(x) = a * sum(sin(b * x_i) * x_i**2) + c * sum(x_i * x_j for i, j in combinations(range(n), 2)) + d * (x[0] + 1)**3 + e * sum(cos(f * x_i)) + g*sum(x_i**2)

    where:
    - a, b, c, d, e, f, g are constants.
    - x_i are the components of the input vector x.
    - combinations(range(n), 2) generates all pairs of distinct indices from 0 to n-1.
    ",,,,25,5,0.14235176062580238,0.16651781616980119,0.374380515289099,0.6009620048502887,0.49782973221160925,0.8397451010837655,0.6112408084414758,0.9999763282786582
"import numpy as np
from itertools import combinations

def problem(x: np.ndarray) -> float:
    """"""
    Synthetic benchmark function combining sinusoidal, polynomial, and interaction terms.
    Aims for controlled ELA features: skewness, linearity, and interaction effects.

    Formula:
    f(x) = a * sum(sin(b * x_i) * x_i**2) + c * sum(x_i * x_j) + d * (x[0] + 1)**3 + e * sum(cos(f * x_i)) + g * sum(x_i**2)

    where:
    - a, b, c, d, e are constants controlling term strength.
    - x_i are components of the input vector x.
    """"""

    n = len(x)
    a = 0.00001
    b = 2.6
    c = 0.04 # increased - more interaction
    d = 0.00009  # Reduced a lot
    e = 0.00001 # Reduced
    f = 1.5
    g = 0.001 # Increased

    sinusoidal_term = a * np.sum(np.sin(b * x) * x**2)
    interaction_term = c * np.sum(x[i] * x[j] for i, j in combinations(range(n), 2))
    skewness_term = d * (x[0] + 1)**3
    cosine_term = e * np.sum(np.cos(f * x))
    quadratic_term = g * np.sum(x**2)

    return sinusoidal_term + interaction_term + skewness_term + cosine_term + quadratic_term",1.056565487910541,"
    Synthetic benchmark function combining sinusoidal, polynomial, and interaction terms.
    Aims for controlled ELA features: skewness, linearity, and interaction effects.

    Formula:
    f(x) = a * sum(sin(b * x_i) * x_i**2) + c * sum(x_i * x_j) + d * (x[0] + 1)**3 + e * sum(cos(f * x_i)) + g * sum(x_i**2)

    where:
    - a, b, c, d, e are constants controlling term strength.
    - x_i are components of the input vector x.
    ",,,,26,5,0.16291529625313347,0.10137621910871433,0.04017124325986964,0.6236391765818455,0.0049859024024318625,0.9997422034198593,0.00803331992170342,0.9999999831429932
"import numpy as np

def problem(x: np.ndarray) -> float:
    """"""
    Synthetic benchmark function designed to match specific ELA features.

    This function combines a shifted quadratic bowl, linear terms with interactions, a skewed component,
    and a term that introduces some ruggedness. It is designed to approximate the target ELA features.

    Formula:
    f(x) = 0.01 * sum((x - 0.5)**2) + 1.2 * sum(x[i] * x[j] for i in range(n) for j in range(i + 1, n)) +
           0.5 * sum(x) + 0.5 * (x[0] + 1)**3 + 0.0005 * sum(np.sin(5 * x))
    where n is the dimension of x.
    """"""
    n = len(x)
    shifted_quadratic_term = 0.01 * np.sum((x - 0.5)**2)
    interaction_term = 1.2 * np.sum(x[i] * x[j] for i in range(n) for j in range(i + 1, n))
    linear_term = 0.5 * np.sum(x)
    skewness_term = 0.5 * (x[0] + 1)**3
    ruggedness_term = 0.0005 * np.sum(np.sin(5 * x))
    return shifted_quadratic_term + interaction_term + linear_term + skewness_term + ruggedness_term",0.4688878590933437,"
    Synthetic benchmark function designed to match specific ELA features.

    This function combines a shifted quadratic bowl, linear terms with interactions, a skewed component,
    and a term that introduces some ruggedness. It is designed to approximate the target ELA features.

    Formula:
    f(x) = 0.01 * sum((x - 0.5)**2) + 1.2 * sum(x[i] * x[j] for i in range(n) for j in range(i + 1, n)) +
           0.5 * sum(x) + 0.5 * (x[0] + 1)**3 + 0.0005 * sum(np.sin(5 * x))
    where n is the dimension of x.
    ",,,,26,5,0.1477918553714323,0.14925645709932736,0.32399000382235166,0.6101609108300188,0.35558845854776294,0.8960724725846775,0.43669023233273435,0.9999999996927391
"import numpy as np

def problem(x: np.ndarray) -> float:
    """"""
    Synthetic benchmark function designed to match specific ELA features.

    This function combines a shifted quadratic bowl, linear terms with interactions, a skewed component,
    and a term that introduces some ruggedness. It is designed to approximate the target ELA features.

    Formula:
    f(x) = 0.1 * sum((x - 1.2)**2) + 0.8 * sum(x[i] * x[j] for i in range(n) for j in range(i + 1, n)) +
           0.7 * sum(x) + 1.1 * (x[0] + 1)**3 + 0.01 * sum(np.sin(5 * x))
    where n is the dimension of x.
    """"""
    n = len(x)
    shifted_quadratic_term = 0.1 * np.sum((x - 1.2)**2)
    interaction_term = 0.8 * np.sum(x[i] * x[j] for i in range(n) for j in range(i + 1, n))
    linear_term = 0.7 * np.sum(x)
    skewness_term = 1.1 * (x[0] + 1)**3
    ruggedness_term = 0.01 * np.sum(np.sin(5 * x))
    return shifted_quadratic_term + interaction_term + linear_term + skewness_term + ruggedness_term",0.23082911401969455,"
    Synthetic benchmark function designed to match specific ELA features.

    This function combines a shifted quadratic bowl, linear terms with interactions, a skewed component,
    and a term that introduces some ruggedness. It is designed to approximate the target ELA features.

    Formula:
    f(x) = 0.1 * sum((x - 1.2)**2) + 0.8 * sum(x[i] * x[j] for i in range(n) for j in range(i + 1, n)) +
           0.7 * sum(x) + 1.1 * (x[0] + 1)**3 + 0.01 * sum(np.sin(5 * x))
    where n is the dimension of x.
    ",,,,26,5,0.14552629306889805,0.16991025591839531,0.4120138115751147,0.6324646012881429,0.6737794983560844,0.7889819152516399,0.8130009277146466,0.9999999498946869
"import numpy as np

def problem(x: np.ndarray) -> float:
    """"""
    Synthetic benchmark function combining a linear term, pairwise interactions,
    a skewed component, and a sum of sigmoids to modulate the landscape.

    Formula:
    f(x) = a * sum(x) + b * sum(x_i * x_j for i<j) + c * (x[0] + 1)**3 + d * sum(sigmoid(e * x_i))

    where:
    - a, b, c, d, and e are constants.
    - x_i are the components of the input vector x.
    - sigmoid(x) = 1 / (1 + exp(-x))
    """"""
    n = len(x)
    a = 0.06 # Adjusted linear coefficient
    b = 0.02  # Reduced interaction coefficient
    c = 0.11 # Adjusted Skewness
    d = 0.05 # Tuned sigmoid sum amplitude
    e = 1.0  # Sigmoid steepness

    linear_term = a * np.sum(x)

    #Pairwise interaction term
    interaction_term = b * np.sum(x[i] * x[j] for i in range(n) for j in range(i+1,n))

    skewness_term = c * (x[0] + 1)**3
    sigmoid = 1 / (1 + np.exp(-e * x))
    sigmoid_sum = d * np.sum(sigmoid)

    return linear_term + interaction_term + skewness_term + sigmoid_sum",0.29675840324064,"
    Synthetic benchmark function combining a linear term, pairwise interactions,
    a skewed component, and a sum of sigmoids to modulate the landscape.

    Formula:
    f(x) = a * sum(x) + b * sum(x_i * x_j for i<j) + c * (x[0] + 1)**3 + d * sum(sigmoid(e * x_i))

    where:
    - a, b, c, d, and e are constants.
    - x_i are the components of the input vector x.
    - sigmoid(x) = 1 / (1 + exp(-x))
    ",,,,26,5,0.1449424357027503,0.1725683797093109,0.4405772616103884,0.6448564899961183,0.7631263176735874,0.777479960804616,0.8976157335898276,0.9999998002493691
"import numpy as np

def problem(x: np.ndarray) -> float:
    """"""
    Synthetic benchmark function designed to match specific ELA features.

    This function combines a shifted quadratic bowl, linear terms with interactions, a skewed component,
    and a term that introduces some ruggedness. It is designed to approximate the target ELA features.

    Formula:
    f(x) = 0.12 * sum((x - 1.1)**2) + 1.1 * sum(x[i] * x[j] for i in range(n) for j in range(i + 1, n)) +
           0.75 * sum(x) + 1.15 * (x[0] + 1.0)**3 + 0.002 * sum(np.sin(5 * x))
    where n is the dimension of x.
    """"""
    n = len(x)
    shifted_quadratic_term = 0.12 * np.sum((x - 1.1)**2)
    interaction_term = 1.1 * np.sum(x[i] * x[j] for i in range(n) for j in range(i + 1, n))
    linear_term = 0.75 * np.sum(x)
    skewness_term = 1.15 * (x[0] + 1.0)**3
    ruggedness_term = 0.002 * np.sum(np.sin(5 * x))
    return shifted_quadratic_term + interaction_term + linear_term + skewness_term + ruggedness_term",0.2189395507591621,"
    Synthetic benchmark function designed to match specific ELA features.

    This function combines a shifted quadratic bowl, linear terms with interactions, a skewed component,
    and a term that introduces some ruggedness. It is designed to approximate the target ELA features.

    Formula:
    f(x) = 0.12 * sum((x - 1.1)**2) + 1.1 * sum(x[i] * x[j] for i in range(n) for j in range(i + 1, n)) +
           0.75 * sum(x) + 1.15 * (x[0] + 1.0)**3 + 0.002 * sum(np.sin(5 * x))
    where n is the dimension of x.
    ",,,,26,5,0.1451251833754192,0.16975401809619964,0.406064021208499,0.6213521188328466,0.6261465934654293,0.8021108392783423,0.7606093935288724,0.9999999982902359
"import numpy as np

def problem(x: np.ndarray) -> float:
    """"""
    Synthetic benchmark function designed to match specific ELA features.

    This function combines a quadratic bowl, linear terms with interactions, a skewed component,
    and a term that introduces some ruggedness. It is designed to approximate the target ELA features.

    Formula:
    f(x) = 0.1 * sum((x - 0.2)**2) + 0.8 * sum(x[i] * x[j] for i in range(n) for j in range(i + 1, n)) +
           0.5 * sum(x) + 0.5 * (x[0] + 0.5)**2 + 0.01 * sum(np.sin(x))
    where n is the dimension of x.
    """"""
    n = len(x)
    shifted_quadratic_term = 0.1 * np.sum((x - 0.2)**2)
    interaction_term = 0.8 * np.sum(x[i] * x[j] for i in range(n) for j in range(i + 1, n))
    linear_term = 0.5 * np.sum(x)
    skewness_term = 0.5 * (x[0] + 0.5)**2
    ruggedness_term = 0.01 * np.sum(np.sin(x))
    return shifted_quadratic_term + interaction_term + linear_term + skewness_term + ruggedness_term",0.9608698785028001,"
    Synthetic benchmark function designed to match specific ELA features.

    This function combines a quadratic bowl, linear terms with interactions, a skewed component,
    and a term that introduces some ruggedness. It is designed to approximate the target ELA features.

    Formula:
    f(x) = 0.1 * sum((x - 0.2)**2) + 0.8 * sum(x[i] * x[j] for i in range(n) for j in range(i + 1, n)) +
           0.5 * sum(x) + 0.5 * (x[0] + 0.5)**2 + 0.01 * sum(np.sin(x))
    where n is the dimension of x.
    ",,,,26,5,0.1687463354958077,0.07873851694362208,0.12064296596533505,0.6592174693231473,0.01814604855403242,0.9571986474555069,0.08297637700642196,0.9999998607866802
"import numpy as np

def problem(x: np.ndarray) -> float:
    """"""
    Synthetic benchmark function designed to match specific ELA features.

    This function combines a shifted quadratic bowl, a simplified interaction term, a linear term,
    and a skewness component. It is designed to approximate the target ELA features.

    Formula:
    f(x) = 0.02 * sum((x - 0.5)**2) + 0.1 * (sum(x))**2 +
           0.3 * sum(x) + 0.2 * (x[0] + 1)**3
    where n is the dimension of x.
    """"""
    n = len(x)
    shifted_quadratic_term = 0.02 * np.sum((x - 0.5)**2)
    interaction_term = 0.1 * (np.sum(x))**2
    linear_term = 0.3 * np.sum(x)
    skewness_term = 0.2 * (x[0] + 1)**3
    return shifted_quadratic_term + interaction_term + linear_term + skewness_term",0.25552362199855677,"
    Synthetic benchmark function designed to match specific ELA features.

    This function combines a shifted quadratic bowl, a simplified interaction term, a linear term,
    and a skewness component. It is designed to approximate the target ELA features.

    Formula:
    f(x) = 0.02 * sum((x - 0.5)**2) + 0.1 * (sum(x))**2 +
           0.3 * sum(x) + 0.2 * (x[0] + 1)**3
    where n is the dimension of x.
    ",,,,26,5,0.15012633612364126,0.1429879346497443,0.5591437368542858,0.6338983395529673,0.6121443730095089,0.7802888780031473,0.780670786688299,1.0
"import numpy as np

def problem(x: np.ndarray) -> float:
    """"""
    Synthetic benchmark function designed to match specific ELA features.

    This function combines a shifted quadratic bowl, linear terms with interactions, a skewed component,
    and a term that introduces some ruggedness. It is designed to approximate the target ELA features.

    Formula:
    f(x) = 0.1 * sum((x - 1.2)**2) + 1.0 * sum(x[i] * x[j] for i in range(n) for j in range(i + 1, n)) +
           0.75 * sum(x) + 1.15 * (x[0] + 1)**3 + 0.0005 * sum(np.sin(5 * x))
    where n is the dimension of x.
    """"""
    n = len(x)
    shifted_quadratic_term = 0.1 * np.sum((x - 1.2)**2)
    interaction_term = 1.0 * np.sum(x[i] * x[j] for i in range(n) for j in range(i + 1, n))
    linear_term = 0.75 * np.sum(x)
    skewness_term = 1.15 * (x[0] + 1)**3
    ruggedness_term = 0.0005 * np.sum(np.sin(5 * x))
    return shifted_quadratic_term + interaction_term + linear_term + skewness_term + ruggedness_term",0.22054457687203421,"
    Synthetic benchmark function designed to match specific ELA features.

    This function combines a shifted quadratic bowl, linear terms with interactions, a skewed component,
    and a term that introduces some ruggedness. It is designed to approximate the target ELA features.

    Formula:
    f(x) = 0.1 * sum((x - 1.2)**2) + 1.0 * sum(x[i] * x[j] for i in range(n) for j in range(i + 1, n)) +
           0.75 * sum(x) + 1.15 * (x[0] + 1)**3 + 0.0005 * sum(np.sin(5 * x))
    where n is the dimension of x.
    ",,,,26,5,0.14519086489653793,0.17019270947813953,0.4011235367175608,0.6262873731540259,0.6461124997658003,0.7981087341518704,0.7813580582202306,0.9999999998901766
"import numpy as np

def problem(x: np.ndarray) -> float:
    """"""
    Synthetic benchmark function designed to match specific ELA features.

    This function combines a shifted quadratic bowl, linear terms with interactions, a skewed component,
    and a term that introduces some ruggedness. It is designed to approximate the target ELA features.

    Formula:
    f(x) = 0.1 * sum((x - 1.2)**2) + 0.3 * sum(x[i] * x[j] for i in range(n) for j in range(i + 1, n)) +
           0.5 * sum(x) + 1.12 * (x[0] + 1.1)**3 + 0.01 * sum(np.sin(5 * x))
    where n is the dimension of x.
    """"""
    n = len(x)
    shifted_quadratic_term = 0.1 * np.sum((x - 1.2)**2)
    interaction_term = 0.3 * np.sum(x[i] * x[j] for i in range(n) for j in range(i + 1, n))
    linear_term = 0.5 * np.sum(x)
    skewness_term = 1.12 * (x[0] + 1.1)**3
    ruggedness_term = 0.01 * np.sum(np.sin(5 * x))
    return shifted_quadratic_term + interaction_term + linear_term + skewness_term + ruggedness_term",0.2990869079142166,"
    Synthetic benchmark function designed to match specific ELA features.

    This function combines a shifted quadratic bowl, linear terms with interactions, a skewed component,
    and a term that introduces some ruggedness. It is designed to approximate the target ELA features.

    Formula:
    f(x) = 0.1 * sum((x - 1.2)**2) + 0.3 * sum(x[i] * x[j] for i in range(n) for j in range(i + 1, n)) +
           0.5 * sum(x) + 1.12 * (x[0] + 1.1)**3 + 0.01 * sum(np.sin(5 * x))
    where n is the dimension of x.
    ",,,,26,5,0.14773560433824803,0.16223660990436262,0.5087669691226626,0.6541253317857822,0.7323544034202065,0.7563732283609763,0.8951795230101033,0.9999999501919032
"import numpy as np

def problem(x: np.ndarray) -> float:
    """"""
    Synthetic benchmark function combining sinusoidal, interaction, and skewed polynomial terms.
    This design creates a landscape with modulated oscillations, epistasis, and controlled skewness.

    Formula:
    f(x) = a * sum(sin(b * x_i) * x_i) + c * sum(x_i * x_j for i<j) + d * (x[0] + 1)**3
    where:
    - a, b, c, d are constants.
    - x_i are the components of the input vector x.
    """"""
    n = len(x)
    a = 0.005 # Tuned to meet fitness_std and reduce overall variance
    b = 1.5
    c = 0.004 # Increased to improve interaction adj_r2, and increase nbc
    d = 0.005 # Reduced to lower fitness_std and linearity

    sinusoidal_term = a * np.sum(np.sin(b * x) * x) #Simplified exponent of x and scale the overall output, since sin oscillates between -1 and 1.
    interaction_term = c * np.sum(x[i] * x[j] for i in range(n) for j in range(i+1, n))# Adjusted indices to avoid duplication
    skewness_term = d * (x[0] + 1)**3

    return sinusoidal_term + interaction_term + skewness_term",0.22431221906267518,"
    Synthetic benchmark function combining sinusoidal, interaction, and skewed polynomial terms.
    This design creates a landscape with modulated oscillations, epistasis, and controlled skewness.

    Formula:
    f(x) = a * sum(sin(b * x_i) * x_i) + c * sum(x_i * x_j for i<j) + d * (x[0] + 1)**3
    where:
    - a, b, c, d are constants.
    - x_i are the components of the input vector x.
    ",,,,26,5,0.1455381494881999,0.1635296539229836,0.42350116765207885,0.6227640728429398,0.6476471190955638,0.784489491755865,0.7859117583407472,0.995778223730189
