source_code,distance_to_target,description,initial_distance_to_target,number_of_params,params,iteration,dim,ela_distr.skewness,fitness_distance.fitness_std,nbc.nn_nb.sd_ratio,nbc.nb_fitness.cor,ela_meta.lin_simple.adj_r2,ela_meta.lin_w_interact.adj_r2,ela_meta.quad_simple.adj_r2,ela_meta.quad_w_interact.adj_r2
"import numpy as np

def problem(x: np.ndarray) -> float:
    """"""
    Synthetic 2D landscape with a dominant full quadratic form plus a tiny cubic
    perturbation to induce moderate skewness. Let (u,v) = (x0-xc, y0-yc). The
    objective is:
        f(u,v) = a*u^2 + b*v^2 + c*u*v + d*u + e*v + g*u^3
    with coefficients chosen so the full quadratic model explains nearly all
    variance while the small odd (cubic) term creates non-zero skewness.
    """"""
    # Ensure shape (N,) with N=2
    x = np.asarray(x, dtype=float).ravel()
    if x.shape[0] != 2:
        raise ValueError(""This benchmark is defined for 2D inputs (len(x)==2)."")

    # Shifted coordinates to avoid symmetry about the origin
    xc, yc = 1.5, -2.0
    u = x[0] - xc
    v = x[1] - yc

    # Dominant quadratic with an interaction term
    a = 0.060
    b = 0.080
    c = 0.070

    # Linear components (kept small to keep quadratic dominance)
    d = 0.020
    e = 0.015

    # Tiny cubic perturbation to induce moderate skewness
    g = 0.010

    return (a * u * u) + (b * v * v) + (c * u * v) + (d * u) + (e * v) + (g * u * u * u)",0.4241724877040317,"
    Synthetic 2D landscape with a dominant full quadratic form plus a tiny cubic
    perturbation to induce moderate skewness. Let (u,v) = (x0-xc, y0-yc). The
    objective is:
        f(u,v) = a*u^2 + b*v^2 + c*u*v + d*u + e*v + g*u^3
    with coefficients chosen so the full quadratic model explains nearly all
    variance while the small odd (cubic) term creates non-zero skewness.
    ",,,,1,2,0.42392228464286286,0.6442652976500838,0.5209691914345319,0.8930289086643236,0.507998390380053,0.7421748166804855,0.7569898204636442,1.0
"import numpy as np

def problem(x: np.ndarray) -> float:
    """"""
    Synthetic 2D polynomial benchmark with strong quadratic structure (including an x*y term)
    plus a small cubic perturbation to induce mild distribution skewness.

    Using x=(x0,x1), define (let u=x0-0.2, v=x1+0.1):
        f(u,v) = 1.20*u^2 + 0.85*v^2 + 0.55*u*v
                 + 0.30*u - 0.20*v
                 + 0.045*u^3
    """"""
    # Support generic shape; target is dim=2.
    u = x[0] - 0.2
    v = x[1] + 0.1

    return (1.20 * u**2 +
            0.85 * v**2 +
            0.55 * u * v +
            0.30 * u -
            0.20 * v +
            0.045 * u**3)",0.6503469821449608,"
    Synthetic 2D polynomial benchmark with strong quadratic structure (including an x*y term)
    plus a small cubic perturbation to induce mild distribution skewness.

    Using x=(x0,x1), define (let u=x0-0.2, v=x1+0.1):
        f(u,v) = 1.20*u^2 + 0.85*v^2 + 0.55*u*v
                 + 0.30*u - 0.20*v
                 + 0.045*u^3
    ",,,,1,2,0.2570726773399647,0.2942382613658901,0.8802615140414786,0.809195441377433,0.01883403502663691,0.18334935534862998,0.844514098597661,1.0
"import numpy as np

def problem(x: np.ndarray) -> float:
    """"""
    Synthetic 2D polynomial benchmark with (nearly) perfect quadratic
    structure including an interaction term, plus a tiny cubic tilt to
    slightly reduce quadratic-model fit and induce mild skewness.

    f(x, y) = a x^2 + b y^2 + c x y + d x + e y + eps*(x^3 + 0.7*y^3)
    Returned value is scaled to keep objective magnitudes moderate on [-5, 5]^2.
    """"""
    x = np.asarray(x, dtype=float)
    if x.shape != (2,):
        raise ValueError(""Input x must be a 1D array of shape (2,) for this 2D benchmark."")
    X, Y = float(x[0]), float(x[1])

    a = 0.15
    b = 0.12
    c = 0.08
    d = -0.06
    e = 0.04
    eps = 0.015  # small non-quadratic component

    f = a * X**2 + b * Y**2 + c * X * Y + d * X + e * Y + eps * (X**3 + 0.7 * Y**3)

    return float(f / 3.0)",0.5004816195622152,"
    Synthetic 2D polynomial benchmark with (nearly) perfect quadratic
    structure including an interaction term, plus a tiny cubic tilt to
    slightly reduce quadratic-model fit and induce mild skewness.

    f(x, y) = a x^2 + b y^2 + c x y + d x + e y + eps*(x^3 + 0.7*y^3)
    Returned value is scaled to keep objective magnitudes moderate on [-5, 5]^2.
    ",,,,1,2,0.3729127141823687,0.24016360186451507,0.8971612533382123,0.8417630821253312,0.1929641481527244,0.34186139063014914,0.8256791717015091,1.0
"import numpy as np

def problem(x: np.ndarray) -> float:
    """"""
    Synthetic 2D benchmark: a shifted positive-definite quadratic with a strong interaction
    term plus a tiny cubic perturbation to induce mild distribution skewness.

    Let u = x0 + 1.2 and v = x1 - 0.7. The function is:
        f(x) = s * ( 0.80*u^2 + 1.10*v^2 + 0.90*u*v + 0.15*u + 0.05*v ) + 0.02*s*u^3
    where s is a scale factor. The dominant curvature is fully captured by the full quadratic
    model, while the small cubic term slightly perturbs ELA distributional features.
    """"""
    u = x[0] + 1.2
    v = x[1] - 0.7

    s = 0.35

    quad = 0.80 * u * u + 1.10 * v * v + 0.90 * u * v + 0.15 * u + 0.05 * v
    cubic_perturb = 0.02 * (u ** 3)

    return float(s * quad + s * cubic_perturb)",0.45093462894397657,"
    Synthetic 2D benchmark: a shifted positive-definite quadratic with a strong interaction
    term plus a tiny cubic perturbation to induce mild distribution skewness.

    Let u = x0 + 1.2 and v = x1 - 0.7. The function is:
        f(x) = s * ( 0.80*u^2 + 1.10*v^2 + 0.90*u*v + 0.15*u + 0.05*v ) + 0.02*s*u^3
    where s is a scale factor. The dominant curvature is fully captured by the full quadratic
    model, while the small cubic term slightly perturbs ELA distributional features.
    ",,,,1,2,0.30100188735372824,0.21373509559573778,0.8874226495337767,0.8609587560062503,0.1556398896937206,0.45888300467548954,0.7171968701425196,1.0
"import numpy as np

def problem(x: np.ndarray) -> float:
    """"""
    Smooth 2D synthetic benchmark as a shifted quadratic with an interaction term:
        Let u = x0 - 1.0 and v = x1 + 0.5.
        f(x0, x1) = u^2 + 1.5 v^2 + 0.8 u v + 0.25 u - 0.10 v + 0.35.
    This is a full quadratic polynomial (with pairwise interaction u*v) over x in [-5,5]^2.
    """"""
    u = float(x[0] - 1.0)
    v = float(x[1] + 0.5)
    return u*u + 1.5*(v*v) + 0.8*u*v + 0.25*u - 0.10*v + 0.35",0.5458976604511683,"
    Smooth 2D synthetic benchmark as a shifted quadratic with an interaction term:
        Let u = x0 - 1.0 and v = x1 + 0.5.
        f(x0, x1) = u^2 + 1.5 v^2 + 0.8 u v + 0.25 u - 0.10 v + 0.35.
    This is a full quadratic polynomial (with pairwise interaction u*v) over x in [-5,5]^2.
    ",,,,1,2,0.24604972400487538,0.34413842655254395,0.8823952321677428,0.837777896465198,0.08162519505921305,0.2805276431215281,0.8217623011339541,1.0
"import numpy as np

def problem(x: np.ndarray) -> float:
    """"""
    Two-dimensional smooth benchmark combining a rotated full quadratic basin
    with a very small cubic asymmetry to induce mild non-Gaussianity (skewness).

    Let (u,v) = (x0 - 0.7, x1 + 0.4). The objective is
        f(x) = 0.055 * [ u^2 + 1.6 v^2 + 0.9 u v ] + 0.05*u - 0.02*v + 1e-4 * u^3.
    The dominant term is a full quadratic with interaction (u v), so global
    quadratic models (with interactions) fit very well.
    """"""
    x0 = float(x[0])
    x1 = float(x[1])

    u = x0 - 0.7
    v = x1 + 0.4

    quad = u * u + 1.6 * v * v + 0.9 * u * v  # full quadratic with interaction
    lin = 0.05 * u - 0.02 * v
    asym = 1e-4 * (u ** 3)  # tiny non-quadratic component for controlled skewness

    return 0.055 * quad + lin + asym",0.6271017670936935,"
    Two-dimensional smooth benchmark combining a rotated full quadratic basin
    with a very small cubic asymmetry to induce mild non-Gaussianity (skewness).

    Let (u,v) = (x0 - 0.7, x1 + 0.4). The objective is
        f(x) = 0.055 * [ u^2 + 1.6 v^2 + 0.9 u v ] + 0.05*u - 0.02*v + 1e-4 * u^3.
    The dominant term is a full quadratic with interaction (u v), so global
    quadratic models (with interactions) fit very well.
    ",,,,1,2,0.2806579241628135,0.31048369595131636,0.8986763564770196,0.8345156291781486,0.004408508632578952,0.24456928476983153,0.7835661375985746,1.0
"import numpy as np

def problem(x: np.ndarray) -> float:
    """"""
    Synthetic 2D landscape with a dominant full quadratic form plus small cubic
    perturbations to tune distribution skewness.

    f(x,y) = 1/2*xy + (x-1)^2 + 2*(y+2)^2 + 0.05*(x-1)^3 + 0.02*(y+2)^3
    (full quadratic term includes the interaction xy).
    """"""
    x = np.asarray(x, dtype=float)
    if x.ndim != 1:
        raise ValueError(""Input x must be a 1D array."")
    if x.shape[0] != 2:
        raise ValueError(""This benchmark function is defined for N=2 only."")

    X, Y = x[0], x[1]
    dx = X - 1.0
    dy = Y + 2.0

    quad = 1.0 * dx**2 + 2.0 * dy**2 + 0.5 * X * Y
    cubic_perturb = 0.05 * dx**3 + 0.02 * dy**3

    return float(quad + cubic_perturb)",0.5023268395658541,"
    Synthetic 2D landscape with a dominant full quadratic form plus small cubic
    perturbations to tune distribution skewness.

    f(x,y) = 1/2*xy + (x-1)^2 + 2*(y+2)^2 + 0.05*(x-1)^3 + 0.02*(y+2)^3
    (full quadratic term includes the interaction xy).
    ",,,,1,2,0.28664862789322754,0.23238520830009549,0.9236476051979688,0.9146626061175289,0.6777035800704094,0.7004323855530239,0.9809211932264786,1.0
"import numpy as np

def problem(x: np.ndarray) -> float:
    """"""
    Synthetic 2D benchmark with a dominant rotated quadratic bowl plus a very small
    cubic term to induce slight distribution skewness.

    Let u = x1 - 1.2 and v = x2 + 0.7. The objective is

        f(x1,x2) = s * [ 3u^2 + 2v^2 + 2uv + 0.15u - 0.10v + 0.015(u+v)^3 ] ,

    where s is a scaling constant. The quadratic+interaction structure makes
    quad models fit extremely well, while the tiny cubic term perturbs linearity
    and introduces mild skewness.
    """"""
    x1 = float(x[0])
    x2 = float(x[1])

    u = x1 - 1.2
    v = x2 + 0.7

    s = 0.05  # scale to keep objective variance moderate in [-5,5]^2
    quad = 3.0 * u * u + 2.0 * v * v + 2.0 * u * v
    lin = 0.15 * u - 0.10 * v
    cubic = 0.015 * (u + v) ** 3

    return s * (quad + lin + cubic)",0.4219015051619042,"
    Synthetic 2D benchmark with a dominant rotated quadratic bowl plus a very small
    cubic term to induce slight distribution skewness.

    Let u = x1 - 1.2 and v = x2 + 0.7. The objective is

        f(x1,x2) = s * [ 3u^2 + 2v^2 + 2uv + 0.15u - 0.10v + 0.015(u+v)^3 ] ,

    where s is a scaling constant. The quadratic+interaction structure makes
    quad models fit extremely well, while the tiny cubic term perturbs linearity
    and introduces mild skewness.
    ",,,,1,2,0.2697797771755109,0.2865082673826277,0.887033175550175,0.8432192882352386,0.1863733251644492,0.4190605857003137,0.7795854261652635,1.0
"import numpy as np

def problem(x: np.ndarray) -> float:
    """"""
    Synthetic 2D polynomial benchmark with a dominant full-quadratic form
    (including an interaction term) plus a very small cubic perturbation to
    induce mild distribution skewness.

    Let u = x0 - 1.2 and v = x1 + 0.8. The function is:
        f(x0,x1) = (0.8*u^2 + 0.2*v^2 + 0.6*u*v + 0.05*u - 0.1*v + 0.02*u^3) / 5
    """"""
    u = x[0] - 1.2
    v = x[1] + 0.8
    f = (0.8 * u * u + 0.2 * v * v + 0.6 * u * v + 0.05 * u - 0.1 * v + 0.02 * u**3) / 5.0
    return float(f)",0.5114308832055025,"
    Synthetic 2D polynomial benchmark with a dominant full-quadratic form
    (including an interaction term) plus a very small cubic perturbation to
    induce mild distribution skewness.

    Let u = x0 - 1.2 and v = x1 + 0.8. The function is:
        f(x0,x1) = (0.8*u^2 + 0.2*v^2 + 0.6*u*v + 0.05*u - 0.1*v + 0.02*u^3) / 5
    ",,,,1,2,0.3665374483048584,0.10982544713569087,0.8695144396138094,0.8692128463192271,0.14380108463831587,0.5223203595934116,0.6274473069786614,1.0
"import numpy as np

def problem(x: np.ndarray) -> float:
    """"""
    Synthetic 2D benchmark: a rotated quadratic bowl with a mild cubic perturbation.
    Let u = x0 - 0.7, v = x1 + 1.1. The objective is
        f = 3 u^2 + 1.5 v^2 + 2.2 u v + 0.3 u - 0.15 v + 0.05*(u^3 - v^3) + 0.1
    Optionally, if x has more than 2 dimensions, remaining coordinates contribute
    a small separable quadratic penalty to keep behavior well-defined.
    """"""
    x = np.asarray(x, dtype=float)
    if x.ndim != 1:
        raise ValueError(""Input x must be a 1D array."")
    if x.size < 2:
        raise ValueError(""This benchmark expects at least 2 variables."")

    u = x[0] - 0.7
    v = x[1] + 1.1

    # Main quadratic with interaction term (dominates ELA quadratic fit)
    f = 3.0 * u * u + 1.5 * v * v + 2.2 * u * v + 0.3 * u - 0.15 * v

    # Small higher-order perturbation (keeps quad_w_interact adj_r2 high but < 1)
    f += 0.05 * (u**3 - v**3)

    # Baseline shift
    f += 0.1

    # If higher-dimensional input is provided, add a small separable quadratic penalty.
    # This should not affect 2D ELA targets when x has dim=2.
    if x.size > 2:
        w = x[2:]
        # Keep it gentle to preserve overall ""mostly quadratic"" character.
        f += 0.02 * np.sum(w**2)

    return float(f)",0.5779556341270609,"
    Synthetic 2D benchmark: a rotated quadratic bowl with a mild cubic perturbation.
    Let u = x0 - 0.7, v = x1 + 1.1. The objective is
        f = 3 u^2 + 1.5 v^2 + 2.2 u v + 0.3 u - 0.15 v + 0.05*(u^3 - v^3) + 0.1
    Optionally, if x has more than 2 dimensions, remaining coordinates contribute
    a small separable quadratic penalty to keep behavior well-defined.
    ",,,,1,2,0.3338769083008355,0.24112271639431296,0.8703652327480562,0.8473891851248769,0.009288400356533826,0.38939395501761326,0.6319605951086087,1.0
"import numpy as np

def problem(x: np.ndarray) -> float:
    """"""
    Synthetic 2D nonconvex benchmark built as a smooth *soft minimum* of two
    different full quadratic basins.

    Let x = (x1, x2). Define two full-quadratic functions q1(x), q2(x) with
    interaction terms. The objective is the soft-min:
        f(x) = -tau * log( exp(-q1/tau) + exp(-q2/tau) )

    This creates two competing basins (nonconvex connectivity effects) while
    keeping each component individually quadratic (so quadratic models remain
    reasonably accurate). The soft-min (finite tau) prevents perfect quadratic
    fit and induces mild distribution skewness.
    """"""
    x = np.asarray(x, dtype=float)
    x1, x2 = float(x[0]), float(x[1])

    # Quadratic basin 1 (centered near (0.6, -0.2))
    u = x1 - 0.6
    v = x2 + 0.2
    q1 = 2.2 * u * u + 0.7 * v * v + 1.3 * u * v + 0.35 * u - 0.15 * v

    # Quadratic basin 2 (centered near (-1.0, 0.9)) with different coupling
    u2 = x1 + 1.0
    v2 = x2 - 0.9
    q2 = 1.2 * u2 * u2 + 1.6 * v2 * v2 - 0.9 * u2 * v2 - 0.25 * u2 + 0.30 * v2

    # Soft-min parameter: smaller -> closer to min (more nonconvex), larger -> smoother.
    tau = 0.35

    # Stable soft-min using log-sum-exp:
    # f = -tau * ( m + log( exp(-(q1-m)/tau) + exp(-(q2-m)/tau) ) ) where m = min(q1,q2)
    m = q1 if q1 < q2 else q2
    e1 = np.exp(-(q1 - m) / tau)
    e2 = np.exp(-(q2 - m) / tau)
    f_softmin = -tau * (m + np.log(e1 + e2))

    # Scale to keep objective variance in a moderate range on [-5, 5]^2
    return 0.40 * f_softmin",1.735880393555342,"
    Synthetic 2D nonconvex benchmark built as a smooth *soft minimum* of two
    different full quadratic basins.

    Let x = (x1, x2). Define two full-quadratic functions q1(x), q2(x) with
    interaction terms. The objective is the soft-min:
        f(x) = -tau * log( exp(-q1/tau) + exp(-q2/tau) )

    This creates two competing basins (nonconvex connectivity effects) while
    keeping each component individually quadratic (so quadratic models remain
    reasonably accurate). The soft-min (finite tau) prevents perfect quadratic
    fit and induces mild distribution skewness.
    ",,,,2,2,-0.09911536769782311,1.8245718364739365,0.06490462209464395,0.7927969702405062,0.004590420468235579,0.06080291635214667,0.7599255486615275,0.924952711673511
"import numpy as np

def problem(x: np.ndarray) -> float:
    """"""
    2D synthetic benchmark: a shifted full quadratic with a moderate u*v
    interaction, plus a small odd cubic term and weak sinusoidal ripples.

    Let u = x0 - 1.2, v = x1 + 1.7. The objective is
        f(u,v) = (a*u^2 + b*v^2 + c*u*v) + (d*u + e*v)
                 + eps1*u^3
                 + eps2*sin(k*u) + eps2*sin(k*v)
    scaled by a constant factor to keep objective magnitudes moderate on [-5,5]^2.
    """"""
    x = np.asarray(x, dtype=float).ravel()
    if x.shape[0] != 2:
        raise ValueError(""This benchmark is defined for 2D inputs (len(x)==2)."")

    u = x[0] - 1.2
    v = x[1] + 1.7

    # Full quadratic core (dominant, but not perfectly captured by quadratic+interaction fits)
    a = 0.055
    b = 0.065
    c = 0.040
    d = 0.028
    e = -0.020

    # Small non-quadratic components to induce moderate skewness and reduce exactness
    eps1 = 0.006  # odd cubic in u -> controlled distribution skew
    eps2 = 0.012  # weak ripples -> slight reduction in quadratic explainability
    k = 1.3

    f = (a * u * u + b * v * v + c * u * v) + (d * u + e * v)
    f += eps1 * (u ** 3) + eps2 * np.sin(k * u) + eps2 * np.sin(k * v)

    return float(0.85 * f)",0.26624676080265336,"
    2D synthetic benchmark: a shifted full quadratic with a moderate u*v
    interaction, plus a small odd cubic term and weak sinusoidal ripples.

    Let u = x0 - 1.2, v = x1 + 1.7. The objective is
        f(u,v) = (a*u^2 + b*v^2 + c*u*v) + (d*u + e*v)
                 + eps1*u^3
                 + eps2*sin(k*u) + eps2*sin(k*v)
    scaled by a constant factor to keep objective magnitudes moderate on [-5,5]^2.
    ",,,,2,2,0.4106293894529534,0.229254483423257,0.6564396770639239,0.8596267112594055,0.3811666515160115,0.5604944191283804,0.8170508361590344,0.9997920137339779
"import numpy as np

def problem(x: np.ndarray) -> float:
    """"""
    Synthetic 2D benchmark with a dominant full quadratic in shifted coordinates,
    plus a small, asymmetric (exponential) perturbation to tune distribution skewness.

    Let u = x0 - 0.3 and v = x1 + 1.7. The objective is
        f(u,v) = Q(u,v) + 0.010*(exp(0.30*u) - 1) + 0.020*u^3
    where the dominant full quadratic is
        Q(u,v) = 2.10*u^2 + 1.30*v^2 - 1.80*u*v + 0.70*u - 0.40*v + 0.60.
    """"""
    x = np.asarray(x, dtype=float)
    if x.ndim != 1 or x.shape[0] != 2:
        raise ValueError(""This benchmark function is defined for N=2 and expects x.shape == (2,)."")

    u = x[0] - 0.3
    v = x[1] + 1.7

    quad = 2.10 * u * u + 1.30 * v * v - 1.80 * u * v + 0.70 * u - 0.40 * v + 0.60
    perturb = 0.010 * (np.exp(0.30 * u) - 1.0) + 0.020 * (u ** 3)

    return float(quad + perturb)",0.4371121499231546,"
    Synthetic 2D benchmark with a dominant full quadratic in shifted coordinates,
    plus a small, asymmetric (exponential) perturbation to tune distribution skewness.

    Let u = x0 - 0.3 and v = x1 + 1.7. The objective is
        f(u,v) = Q(u,v) + 0.010*(exp(0.30*u) - 1) + 0.020*u^3
    where the dominant full quadratic is
        Q(u,v) = 2.10*u^2 + 1.30*v^2 - 1.80*u*v + 0.70*u - 0.40*v + 0.60.
    ",,,,2,2,0.45127449001781894,0.18332348016525774,0.9029703168738603,0.9156293759255618,0.38025077972978466,0.6230769058832156,0.7458315148812554,0.9999999999678203
"import numpy as np

def problem(x: np.ndarray) -> float:
    """"""
    Deterministic 2D synthetic benchmark built from:
      1) a rotated/full quadratic form (with interaction u*v),
      2) a small asymmetric (cubic + rational) perturbation to induce mild
         distribution skewness while keeping quadratic models highly predictive.

    Let (u,v) = (x0-1.0, x1+0.5). The objective is
        f = s * [ u^2*A11 + 2*u*v*A12 + v^2*A22 + L1*u + L2*v ] + s * [ c*u^3 + r*u/(1+v^2) ].
    """"""
    x = np.asarray(x, dtype=float)
    if x.ndim != 1 or x.shape[0] != 2:
        raise ValueError(""This benchmark expects x to be a 1D array of shape (2,)."")

    u = x[0] - 1.0
    v = x[1] + 0.5

    # Full quadratic (interaction term present via A12)
    A11 = 1.70
    A12 = 0.95
    A22 = 1.10

    L1 = 0.45
    L2 = -0.30

    # Small non-quadratic perturbations (asymmetry + mild nonlinearity)
    c = 0.020          # cubic tilt (skewness control)
    r = 0.012          # rational term (non-quadratic but bounded)

    s = 0.22           # overall scaling to tune objective-value spread

    quad = (A11 * u * u) + 2.0 * A12 * u * v + (A22 * v * v) + L1 * u + L2 * v
    perturb = c * (u ** 3) + r * (u / (1.0 + v * v))

    return float(s * (quad + perturb))",0.5979421018115402,"
    Deterministic 2D synthetic benchmark built from:
      1) a rotated/full quadratic form (with interaction u*v),
      2) a small asymmetric (cubic + rational) perturbation to induce mild
         distribution skewness while keeping quadratic models highly predictive.

    Let (u,v) = (x0-1.0, x1+0.5). The objective is
        f = s * [ u^2*A11 + 2*u*v*A12 + v^2*A22 + L1*u + L2*v ] + s * [ c*u^3 + r*u/(1+v^2) ].
    ",,,,2,2,0.39130522473499363,0.16539047582098326,0.8852630725126129,0.8745266961298004,0.05828862097628968,0.5736961522787964,0.5023567020560923,0.9999998984367241
"import numpy as np

def problem(x: np.ndarray) -> float:
    """"""
    Synthetic 2D benchmark (N=2) mixing a dominant rotated full-quadratic bowl with a
    small non-quadratic sinusoidal perturbation.

    Let (u,v) be a shifted coordinate:
        u = x0 - 0.30
        v = x1 + 1.70

    Objective:
        f(x0,x1) = s * [ Q(u,v) + L(u,v) + eps * (u+v) * sin(u - v) ]

    where
        Q(u,v) = 1.25*u^2 + 0.65*v^2 + 0.95*u*v      (full quadratic including interaction)
        L(u,v) = 0.10*u - 0.22*v                      (linear tilt)
        s is a scaling constant to keep objective variance moderate on [-5,5]^2.
    The perturbation term slightly degrades quadratic-model fit (so quad-with-interact
    adjusted R^2 < 1) and introduces mild skewness.
    """"""
    x = np.asarray(x, dtype=float)
    if x.ndim != 1 or x.shape[0] != 2:
        raise ValueError(""Input x must be a 1D array of shape (2,)."")

    u = float(x[0]) - 0.30
    v = float(x[1]) + 1.70

    # Dominant full quadratic (with interaction) + linear tilt
    Q = 1.25 * u * u + 0.65 * v * v + 0.95 * u * v
    L = 0.10 * u - 0.22 * v

    # Small non-quadratic perturbation (odd-ish via sin(u-v) and (u+v) factor)
    eps = 0.065
    perturb = eps * (u + v) * np.sin(u - v)

    # Scaling to target a moderate fitness standard deviation on [-5,5]^2
    s = 0.11

    return float(s * (Q + L + perturb))",0.4700086395435507,"
    Synthetic 2D benchmark (N=2) mixing a dominant rotated full-quadratic bowl with a
    small non-quadratic sinusoidal perturbation.

    Let (u,v) be a shifted coordinate:
        u = x0 - 0.30
        v = x1 + 1.70

    Objective:
        f(x0,x1) = s * [ Q(u,v) + L(u,v) + eps * (u+v) * sin(u - v) ]

    where
        Q(u,v) = 1.25*u^2 + 0.65*v^2 + 0.95*u*v      (full quadratic including interaction)
        L(u,v) = 0.10*u - 0.22*v                      (linear tilt)
        s is a scaling constant to keep objective variance moderate on [-5,5]^2.
    The perturbation term slightly degrades quadratic-model fit (so quad-with-interact
    adjusted R^2 < 1) and introduces mild skewness.
    ",,,,2,2,0.36829018535222846,0.16535359501017205,0.8864244701360408,0.8576769263449759,0.17847937088952898,0.484596736030963,0.7064404677697093,0.9998184596901046
"import numpy as np

def problem(x: np.ndarray) -> float:
    """"""
    Synthetic 2D benchmark (non-rotational “curved valley”):
        Let u = x0 - 0.30, v = x1 + 0.90.
        f(u,v) = Q(u,v) + eps3*u^3 + eps_s*sin(k1*u) + eps_s*sin(k2*v)
    where the dominant component is a positive-definite quadratic with interaction:
        Q(u,v) = A*u^2 + B*v^2 + C*u*v + D*u + E*v + F
    The added cubic and sinusoidal terms are small; they slightly reduce the ability
    of quadratic models to perfectly explain the landscape (so quad_w_interact is high,
    but not exactly 1), while maintaining a strong nearest-better structure.
    """"""
    x = np.asarray(x, dtype=float)
    if x.ndim != 1:
        raise ValueError(""Input x must be a 1D array."")
    if x.size != 2:
        raise ValueError(""This benchmark expects exactly 2 variables (dim=2)."")

    u = x[0] - 0.30
    v = x[1] + 0.90

    # Dominant quadratic with interaction (convex, smooth)
    A = 1.20
    B = 0.95
    C = 0.55
    D = -0.35
    E = 0.25
    F = 1.10

    Q = A * u * u + B * v * v + C * u * v + D * u + E * v + F

    # Small non-quadratic perturbations:
    # - cubic term introduces mild skewness
    # - sinusoidal terms break exact quadratic explainability
    eps3 = 0.030
    eps_s = 0.020
    k1 = 2.5
    k2 = 3.3

    f = Q + eps3 * (u ** 3) + eps_s * np.sin(k1 * u) + eps_s * np.sin(k2 * v)
    return float(f)",0.4949712350121998,"
    Synthetic 2D benchmark (non-rotational “curved valley”):
        Let u = x0 - 0.30, v = x1 + 0.90.
        f(u,v) = Q(u,v) + eps3*u^3 + eps_s*sin(k1*u) + eps_s*sin(k2*v)
    where the dominant component is a positive-definite quadratic with interaction:
        Q(u,v) = A*u^2 + B*v^2 + C*u*v + D*u + E*v + F
    The added cubic and sinusoidal terms are small; they slightly reduce the ability
    of quadratic models to perfectly explain the landscape (so quad_w_interact is high,
    but not exactly 1), while maintaining a strong nearest-better structure.
    ",,,,2,2,0.25135235956530094,0.313607833527927,0.8932680303450852,0.8334965490515581,0.1769139172260987,0.30683124836330006,0.8808224878205296,0.9999978327582447
"import numpy as np

def problem(x: np.ndarray) -> float:
    """"""
    Synthetic 2D benchmark (N=2) built from a shifted *full quadratic* form
    (including an interaction term) plus a small *non-quadratic* perturbation.

    Let u = x0 - 0.3, v = x1 + 1.7. The objective is:
        f(x) = s * [ a u^2 + b v^2 + c u v + d u + e v ]
               + p * u^4 + q * v^4          (even perturbation: low skew)
               + r * u^3 + t * v^3          (odd perturbation: controls skewness)

    All coefficients are chosen to keep the landscape globally quadratic-like
    (so a full quadratic fit remains strong) while making the ""no-interaction""
    quadratic fit noticeably worse, and inducing mild distribution skewness.
    """"""
    x = np.asarray(x, dtype=float)
    if x.ndim != 1 or x.shape[0] != 2:
        raise ValueError(""Input x must be a 1D array of shape (2,)."")

    u = x[0] - 0.3
    v = x[1] + 1.7

    # Base full quadratic (with interaction term)
    a, b, c = 1.35, 0.85, 1.20
    d, e = 0.25, -0.35
    quad = a * u * u + b * v * v + c * u * v + d * u + e * v

    # Small non-quadratic perturbations (kept mild to preserve strong quadratic structure)
    s = 0.33
    p, q = 0.0022, 0.0016   # even terms (tend to reduce skewness)
    r, t = 0.0060, -0.0045 # odd terms (tune skewness)

    f = s * quad + p * u**4 + q * v**4 + r * u**3 + t * v**3
    return float(f)",0.4525255514704317,"
    Synthetic 2D benchmark (N=2) built from a shifted *full quadratic* form
    (including an interaction term) plus a small *non-quadratic* perturbation.

    Let u = x0 - 0.3, v = x1 + 1.7. The objective is:
        f(x) = s * [ a u^2 + b v^2 + c u v + d u + e v ]
               + p * u^4 + q * v^4          (even perturbation: low skew)
               + r * u^3 + t * v^3          (odd perturbation: controls skewness)

    All coefficients are chosen to keep the landscape globally quadratic-like
    (so a full quadratic fit remains strong) while making the ""no-interaction""
    quadratic fit noticeably worse, and inducing mild distribution skewness.
    ",,,,2,2,0.40406774617621005,0.14805587217614466,0.8770942461896771,0.866991765956954,0.23160316128398065,0.5210370775536439,0.7237022029295409,0.9996110709873443
"import numpy as np

def problem(x: np.ndarray) -> float:
    """"""
    Synthetic 2D benchmark with a dominant rotated quadratic (incl. interaction),
    plus a small non-quadratic ""bump"" (Gaussian) and a very mild cubic tilt.

    Let (u,v) = (x0-1.0, x1+0.5). The objective is
        f(x) = s * [ 0.25*u^2 + 0.18*v^2 + 0.12*u*v - 0.06*u + 0.04*v
                      + A * exp(-k*((u-0.2)^2 + (v+0.1)^2))
                      + b3 * v^3 ]
    The Gaussian bump introduces non-quadratic structure while the quadratic term
    keeps the landscape highly explainable by full quadratic regression.
    """"""
    x = np.asarray(x, dtype=float).ravel()
    if x.shape[0] != 2:
        raise ValueError(""This benchmark is defined for 2D inputs (len(x)==2)."")

    u = x[0] - 1.0
    v = x[1] + 0.5

    # Dominant full quadratic with interaction + linear drift
    quad = 0.25 * u * u + 0.18 * v * v + 0.12 * u * v - 0.06 * u + 0.04 * v

    # Small non-quadratic components (kept mild to preserve high quadratic fit)
    A = 0.06
    k = 5.5
    bump = A * np.exp(-k * ((u - 0.2) ** 2 + (v + 0.1) ** 2))

    # Mild odd component for non-zero (but not large) skewness
    b3 = 0.010
    cubic_tilt = b3 * (v ** 3)

    s = 0.8  # global scaling to keep magnitudes moderate on [-5,5]^2

    return float(s * (quad + bump + cubic_tilt))",0.3794317891378994,"
    Synthetic 2D benchmark with a dominant rotated quadratic (incl. interaction),
    plus a small non-quadratic ""bump"" (Gaussian) and a very mild cubic tilt.

    Let (u,v) = (x0-1.0, x1+0.5). The objective is
        f(x) = s * [ 0.25*u^2 + 0.18*v^2 + 0.12*u*v - 0.06*u + 0.04*v
                      + A * exp(-k*((u-0.2)^2 + (v+0.1)^2))
                      + b3 * v^3 ]
    The Gaussian bump introduces non-quadratic structure while the quadratic term
    keeps the landscape highly explainable by full quadratic regression.
    ",,,,2,2,0.2239318663352996,0.31709830597481176,0.880676445860555,0.8430594681441791,0.29916191995459734,0.412726457178877,0.8930875679441297,0.9999990989152789
"import numpy as np

def problem(x: np.ndarray) -> float:
    """"""
    Deterministic 2D benchmark: a rotated full quadratic basin (with interaction term)
    plus a very small odd (cubic) perturbation to create slight distribution skewness.

    Let (x0,x1) be rotated into (u,v):
        u =  x0*cos(theta) - x1*sin(theta) - u0
        v =  x0*sin(theta) + x1*cos(theta) - v0

    Objective:
        f(x) = s * [ (a*u^2 + b*v^2 + c*u*v) + (d*u + e*v) + k1*u^3 + k2*v^3 ].
    """"""
    x = np.asarray(x, dtype=float).ravel()
    if x.shape[0] != 2:
        raise ValueError(""This benchmark function is defined for N=2 only (len(x)==2)."")

    x0, x1 = float(x[0]), float(x[1])

    # Rotation (different from the previous axis-aligned constructions)
    theta = 0.65
    ct, st = np.cos(theta), np.sin(theta)

    # Shift in rotated coordinates to avoid symmetry and tune regression behavior
    u0, v0 = 0.9, -1.6
    u = x0 * ct - x1 * st - u0
    v = x0 * st + x1 * ct - v0

    # Dominant full quadratic with interaction (u*v)
    a, b, c = 0.90, 1.35, 0.60
    d, e = 0.05, -0.03

    # Small cubic perturbations for mild skewness (kept tiny to preserve quadratic fit)
    k1, k2 = 8e-4, 4e-4

    # Global scaling to control objective-value spread over [-5,5]^2
    s = 0.020

    quad = a * u * u + b * v * v + c * u * v
    lin = d * u + e * v
    cubic = k1 * u**3 + k2 * v**3

    return float(s * (quad + lin + cubic))",0.401061258997286,"
    Deterministic 2D benchmark: a rotated full quadratic basin (with interaction term)
    plus a very small odd (cubic) perturbation to create slight distribution skewness.

    Let (x0,x1) be rotated into (u,v):
        u =  x0*cos(theta) - x1*sin(theta) - u0
        v =  x0*sin(theta) + x1*cos(theta) - v0

    Objective:
        f(x) = s * [ (a*u^2 + b*v^2 + c*u*v) + (d*u + e*v) + k1*u^3 + k2*v^3 ].
    ",,,,2,2,0.32282867422301054,0.18636610805351297,0.9006249284835328,0.8746330414887359,0.44318882153569256,0.5309900523563255,0.9197635751575766,1.0
"import numpy as np

def problem(x: np.ndarray) -> float:
    """"""
    Synthetic 2D benchmark with a full (quadratic-with-interaction) base plus
    a structured, small nonlinear perturbation (periodic term + tiny cubic),
    e.g. for x=(x0,x1), let u=x0-0.30, v=x1+1.70 and

        Q(u,v) = a*u^2 + b*v^2 + c*u*v + d*u + e*v
        P(u,v) = p*sin(2.7*u)*cos(1.9*v) + q*(u^3 - v^3)

        f(x) = scale * ( Q(u,v) + P(u,v) )

    This keeps the landscape mostly quadratic (high quad-model fit) while
    breaking exact quadraticity to reduce full-quadratic adj-R^2 slightly and
    to induce mild, asymmetric distribution skew.
    """"""
    x = np.asarray(x, dtype=float)
    if x.shape != (2,):
        raise ValueError(""Input x must be a 1D array of shape (2,) for this benchmark."")

    u = float(x[0] - 0.30)
    v = float(x[1] + 1.70)

    # Full quadratic base (with interaction)
    a = 1.35
    b = 1.75
    c = 1.10
    d = -0.35
    e = 0.25
    Q = a * u * u + b * v * v + c * u * v + d * u + e * v

    # Small deterministic nonlinear perturbation
    p = 0.12
    q = 0.010
    P = p * np.sin(2.7 * u) * np.cos(1.9 * v) + q * (u**3 - v**3)

    # Global scale to moderate objective spread on [-5,5]^2
    scale = 0.55

    return float(scale * (Q + P))",0.3972100728737717,"
    Synthetic 2D benchmark with a full (quadratic-with-interaction) base plus
    a structured, small nonlinear perturbation (periodic term + tiny cubic),
    e.g. for x=(x0,x1), let u=x0-0.30, v=x1+1.70 and

        Q(u,v) = a*u^2 + b*v^2 + c*u*v + d*u + e*v
        P(u,v) = p*sin(2.7*u)*cos(1.9*v) + q*(u^3 - v^3)

        f(x) = scale * ( Q(u,v) + P(u,v) )

    This keeps the landscape mostly quadratic (high quad-model fit) while
    breaking exact quadraticity to reduce full-quadratic adj-R^2 slightly and
    to induce mild, asymmetric distribution skew.
    ",,,,2,2,0.33041811423126055,0.18456409467394053,0.9157429722120846,0.8820199849871759,0.45838359979814836,0.6014352583952204,0.8692699145077678,0.9999939981474711
"import numpy as np

def problem(x: np.ndarray) -> float:
    """"""
    Synthetic 2D benchmark built from a shifted *full quadratic* (with interaction)
    plus small non-quadratic components.

    Let (u,v) = (x0-0.7, x1+0.9). The objective is
        f(x) = s * ( Q(u,v) + eps4 * u^2 v^2 ) + s * eps3 * sin(1.5u) sin(1.5v) + eps1 * u^3

    where
        Q(u,v) = a u^2 + b v^2 + c u v + d u + e v.
    The quartic cross-term and sinusoidal ripple slightly reduce the accuracy of a
    full quadratic fit, while the cubic term introduces mild distribution skewness.
    """"""
    x = np.asarray(x, dtype=float).ravel()
    if x.shape[0] != 2:
        raise ValueError(""Input x must be a 1D array of shape (2,)."")

    u = x[0] - 0.7
    v = x[1] + 0.9

    # Dominant full quadratic backbone (includes interaction term)
    a, b, c = 1.10, 0.90, 0.80
    d, e = 0.22, -0.27
    Q = a * u * u + b * v * v + c * u * v + d * u + e * v

    # Small non-quadratic structure:
    # - even quartic cross-term: u^2 v^2 (harms quadratic exactness but keeps skew low)
    # - sinusoidal ripple: introduces mild landscape irregularity
    # - cubic term: controls skewness
    eps4 = 0.015
    eps3 = 0.010
    eps1 = 0.020

    s = 0.60  # global scaling

    ripple = np.sin(1.5 * u) * np.sin(1.5 * v)
    f = s * (Q + eps4 * (u * u) * (v * v)) + s * eps3 * ripple + eps1 * (u * u * u)
    return float(f)",0.5679975196025971,"
    Synthetic 2D benchmark built from a shifted *full quadratic* (with interaction)
    plus small non-quadratic components.

    Let (u,v) = (x0-0.7, x1+0.9). The objective is
        f(x) = s * ( Q(u,v) + eps4 * u^2 v^2 ) + s * eps3 * sin(1.5u) sin(1.5v) + eps1 * u^3

    where
        Q(u,v) = a u^2 + b v^2 + c u v + d u + e v.
    The quartic cross-term and sinusoidal ripple slightly reduce the accuracy of a
    full quadratic fit, while the cubic term introduces mild distribution skewness.
    ",,,,3,2,0.3201830751083439,0.26691614519120194,0.879409759799353,0.839695067720119,0.061559248743520846,0.2885204778002266,0.7818801251783273,0.9999998581736494
"import numpy as np

def problem(x: np.ndarray) -> float:
    """"""
    2D synthetic benchmark with a *rotated, shifted full quadratic* core
    (including an interaction term) plus a very small *asymmetric exponential*
    perturbation that is locally quadratic-cancelled:

    Let (u,v) be a rotated+shifted coordinate from x=(x0,x1):
        u =  ct*x0 - st*x1 - u0
        v =  st*x0 + ct*x1 - v0

    Define the objective:
        f(x) = s * [ (a u^2 + b v^2 + c u v) + (d u + e v)
                    + t*(exp(k u) - 1 - k u) ]

    The exponential term has zero constant and linear parts (so the landscape
    remains mostly quadratic), but it introduces mild skewness and alters
    distribution/nearest-better connectivity.
    """"""
    x = np.asarray(x, dtype=float).ravel()
    if x.shape[0] != 2:
        raise ValueError(""This benchmark is defined for N=2 only (len(x)==2)."")

    x0, x1 = float(x[0]), float(x[1])

    # Rotate + shift to make the landscape orientation non-axis-aligned
    theta = 1.05
    ct, st = np.cos(theta), np.sin(theta)
    u0, v0 = -0.7, 1.25
    u = ct * x0 - st * x1 - u0
    v = st * x0 + ct * x1 - v0

    # Dominant full quadratic with interaction (mostly captured by full quadratic fit)
    a, b, c = 1.15, 0.95, 0.58
    d, e = -0.12, 0.18
    quad = a * u * u + b * v * v + c * u * v
    lin = d * u + e * v

    # Asymmetric perturbation (locally starts at cubic order)
    k = 0.55
    t = 0.018
    exp_pert = t * (np.exp(k * u) - 1.0 - k * u)

    # Scaling to control overall fitness dispersion on [-5,5]^2
    s = 0.060

    return float(s * (quad + lin + exp_pert))",0.5235413388277114,"
    2D synthetic benchmark with a *rotated, shifted full quadratic* core
    (including an interaction term) plus a very small *asymmetric exponential*
    perturbation that is locally quadratic-cancelled:

    Let (u,v) be a rotated+shifted coordinate from x=(x0,x1):
        u =  ct*x0 - st*x1 - u0
        v =  st*x0 + ct*x1 - v0

    Define the objective:
        f(x) = s * [ (a u^2 + b v^2 + c u v) + (d u + e v)
                    + t*(exp(k u) - 1 - k u) ]

    The exponential term has zero constant and linear parts (so the landscape
    remains mostly quadratic), but it introduces mild skewness and alters
    distribution/nearest-better connectivity.
    ",,,,3,2,0.19058573990849156,0.3601394259037261,0.8987795856976097,0.8286856391952513,0.18417351824185896,0.26400380972697957,0.9103623807228568,0.9999991488170533
"import numpy as np

def problem(x: np.ndarray) -> float:
    """"""
    Synthetic 2D benchmark (shifted, rotated quadratic core + small asymmetric cubic break).

    Let (u, v) be shifted coordinates:
        u = x[0] - 0.50,   v = x[1] + 0.90

    Quadratic backbone (with interaction and linear drift):
        Q(u,v) = A*u^2 + B*v^2 + C*u*v + D*u + E*v

    Non-quadratic perturbation (odd in u to induce controlled distribution skewness):
        P(u,v) = eps * (u^3 + 0.35*u*v)

    Objective:
        f(x) = s * ( Q(u,v) + P(u,v) )

    This keeps the landscape very close to a full quadratic model (high quad_w_interact fit),
    while slightly degrading it via the deterministic cubic/odd term.
    """"""
    x = np.asarray(x, dtype=float).ravel()
    if x.shape != (2,):
        raise ValueError(""Input x must be a 1D array of shape (2,)."")

    u = x[0] - 0.50
    v = x[1] + 0.90

    # Quadratic core parameters (rotated/curved bowl + linear drift)
    A = 1.05
    B = 0.85
    C = 0.70
    D = -0.40
    E = 0.25

    Q = A * u * u + B * v * v + C * u * v + D * u + E * v

    # Small asymmetric (odd-in-u) perturbation to reduce perfect quadratic exactness
    eps = 0.020
    P = eps * (u**3 + 0.35 * u * v)

    # Scale to moderate spread over [-5,5]^2 and tune ELA fitness-distance variance
    s = 0.42

    return float(s * (Q + P))",0.4694926851378987,"
    Synthetic 2D benchmark (shifted, rotated quadratic core + small asymmetric cubic break).

    Let (u, v) be shifted coordinates:
        u = x[0] - 0.50,   v = x[1] + 0.90

    Quadratic backbone (with interaction and linear drift):
        Q(u,v) = A*u^2 + B*v^2 + C*u*v + D*u + E*v

    Non-quadratic perturbation (odd in u to induce controlled distribution skewness):
        P(u,v) = eps * (u^3 + 0.35*u*v)

    Objective:
        f(x) = s * ( Q(u,v) + P(u,v) )

    This keeps the landscape very close to a full quadratic model (high quad_w_interact fit),
    while slightly degrading it via the deterministic cubic/odd term.
    ",,,,3,2,0.2714363545573652,0.2816527445896766,0.8900534748598377,0.8429467556209045,0.1387191628791535,0.37899737987835413,0.7754493316777642,1.0
"import numpy as np

def problem(x: np.ndarray) -> float:
    """"""
    2D synthetic benchmark with a shifted full quadratic backbone plus
    (i) an odd cubic tilt (to create non-zero distribution skewness) and
    (ii) weak sinusoidal ripples (to slightly reduce quadratic explainability).

    Let (u,v) = (x0 - 0.3, x1 + 1.1). The objective is

        f(x) = s * [ (a u^2 + b v^2 + c u v) + (d u + e v)
                     + p u^3
                     + r * sin(k u) + r * cos(m v) ],

    where s is a global scaling factor to keep objective magnitudes moderate on [-5,5]^2.
    """"""
    x = np.asarray(x, dtype=float).ravel()
    if x.shape[0] != 2:
        raise ValueError(""This benchmark is defined for 2D inputs (len(x)==2)."")

    u = x[0] - 0.3
    v = x[1] + 1.1

    # Dominant full quadratic backbone (highly structured, but not perfectly quadratic-fit due to ripples)
    a, b, c = 0.085, 0.055, 0.075
    d, e = -0.040, 0.030
    quad = a * u * u + b * v * v + c * u * v + d * u + e * v

    # Odd cubic tilt: introduces mild skewness / nonlinearity beyond a quadratic model
    p = 0.020
    cubic_tilt = p * (u ** 3)

    # Weak ripples: reduce perfect quadratic explainability (targets quad_w_interact < 1)
    r = 0.018
    k = 1.9
    m = 2.3
    ripples = r * np.sin(k * u) + r * np.cos(m * v)

    # Scale to keep fitness_std in a moderate range on [-5,5]^2
    s = 0.55
    return float(s * (quad + cubic_tilt + ripples))",0.45647735610567286,"
    2D synthetic benchmark with a shifted full quadratic backbone plus
    (i) an odd cubic tilt (to create non-zero distribution skewness) and
    (ii) weak sinusoidal ripples (to slightly reduce quadratic explainability).

    Let (u,v) = (x0 - 0.3, x1 + 1.1). The objective is

        f(x) = s * [ (a u^2 + b v^2 + c u v) + (d u + e v)
                     + p u^3
                     + r * sin(k u) + r * cos(m v) ],

    where s is a global scaling factor to keep objective magnitudes moderate on [-5,5]^2.
    ",,,,3,2,0.4618665331083914,0.6413505511368307,0.44335237646301,0.893351891727845,0.49449002280464927,0.7139462877233281,0.7114216920593772,0.9998402174764037
"import numpy as np

def problem(x: np.ndarray) -> float:
    """"""
    Synthetic 2D benchmark with a *coupled quadratic bowl* written via squared
    linear forms (a different parametrization from standard “a*u^2+b*v^2+c*u*v”),
    plus a small even quartic interaction and a tiny odd cubic tilt.

    Steps:
      1) Affine transform to (u,v): [u,v]^T = A [x0,x1]^T + b0
      2) Coupled quadratic backbone:
           g(u,v) = (p*u + q*v + r0)^2 + s1*(u - v)^2 + t0*(u*v)
      3) Perturbations:
           + eps4*(u*v)^2   (even, slightly degrades quadratic models)
           + eps3*(0.5*u^3 - 0.8*v^3) (odd, introduces moderate skewness)

    Objective: f(x) = alpha * ( g(u,v) + eps4*(u*v)^2 + eps3*(0.5*u^3 - 0.8*v^3) ).
    """"""
    x = np.asarray(x, dtype=float).ravel()
    if x.shape[0] != 2:
        raise ValueError(""This benchmark function is defined for N=2 only (len(x)==2)."")

    x0, x1 = float(x[0]), float(x[1])

    # Affine transform (new backbone parametrization; not the previous rotated-coordinate style)
    # [u, v] = A*[x0, x1] + b0
    A00, A01 = 0.80, 0.30
    A10, A11 = -0.45, 0.95
    b0u, b0v = -0.65, 1.15

    u = A00 * x0 + A01 * x1 + b0u
    v = A10 * x0 + A11 * x1 + b0v

    # Coupled quadratic backbone (expressed as squared linear forms + explicit bilinear term)
    p, q, r0 = 1.10, -0.65, 0.35
    s1 = 0.55
    t0 = 1.35  # makes interaction-based quadratic explainable, but not ""quad_simple""

    g = (p * u + q * v + r0) ** 2 + s1 * (u - v) ** 2 + t0 * (u * v)

    # Small even quartic interaction (slightly reduces full-quadratic fit from perfect)
    eps4 = 2.2e-3
    quart = eps4 * (u * v) ** 2

    # Tiny odd cubic tilt (controls skewness without destroying quadratic structure too much)
    eps3 = 1.2e-3
    cubic = eps3 * (0.5 * u**3 - 0.8 * v**3)

    # Scaling to adjust objective-value spread over [-5,5]^2
    alpha = 0.30

    return float(alpha * (g + quart + cubic))",0.41386898285855256,"
    Synthetic 2D benchmark with a *coupled quadratic bowl* written via squared
    linear forms (a different parametrization from standard “a*u^2+b*v^2+c*u*v”),
    plus a small even quartic interaction and a tiny odd cubic tilt.

    Steps:
      1) Affine transform to (u,v): [u,v]^T = A [x0,x1]^T + b0
      2) Coupled quadratic backbone:
           g(u,v) = (p*u + q*v + r0)^2 + s1*(u - v)^2 + t0*(u*v)
      3) Perturbations:
           + eps4*(u*v)^2   (even, slightly degrades quadratic models)
           + eps3*(0.5*u^3 - 0.8*v^3) (odd, introduces moderate skewness)

    Objective: f(x) = alpha * ( g(u,v) + eps4*(u*v)^2 + eps3*(0.5*u^3 - 0.8*v^3) ).
    ",,,,3,2,0.38413685515435064,0.25774831547351057,0.903181327317998,0.8579123455072443,0.3805987492312291,0.4714065393270505,0.9032736585835011,0.9999843024360033
"import numpy as np

def problem(x: np.ndarray) -> float:
    """"""
    Shifted-and-rotated 2D landscape with a dominant full quadratic backbone plus
    a small *non-quadratic* perturbation.

    Let (u,v) be a rotated/shifted version of (x0,x1):
        u =  (x0*cosθ - x1*sinθ) - u0
        v =  (x0*sinθ + x1*cosθ) - v0

    The objective is
        f(x) = s * ( Q(u,v) + P(u,v) )

    where
        Q(u,v) = a u^2 + b v^2 + c u v + d u + e v   (full quadratic with interaction),
        P(u,v) = t1 * (u + uoff)^3 + t2 * sin(k1*u) * cos(k2*v)  (small non-quadratic terms).

    This keeps the landscape mostly quadratic (high quadratic model fit) while
    breaking exact quadraticity and introducing asymmetric distribution behavior.
    """"""
    x = np.asarray(x, dtype=float).ravel()
    if x.shape != (2,):
        raise ValueError(""Input x must be a 1D array of shape (2,) for this benchmark."")

    x0, x1 = float(x[0]), float(x[1])

    # Rotate + shift (different from previous axis-aligned constructions)
    theta = 0.42
    ct, st = np.cos(theta), np.sin(theta)
    u0, v0 = -0.8, 1.25
    u = x0 * ct - x1 * st - u0
    v = x0 * st + x1 * ct - v0

    # Dominant full quadratic backbone
    a, b, c = 1.25, 0.95, 0.70
    d, e = -0.30, 0.22
    Q = a * u * u + b * v * v + c * u * v + d * u + e * v

    # Small non-quadratic perturbation (breaks perfect quadratic exactness)
    t1 = 0.018
    t2 = 0.020
    uoff = 0.20
    k1, k2 = 1.35, 1.10
    P = t1 * (u + uoff) ** 3 + t2 * np.sin(k1 * u) * np.cos(k2 * v)

    # Scale to keep objective variation moderate on [-5,5]^2
    s = 0.16
    return float(s * (Q + P))",0.6225236293848591,"
    Shifted-and-rotated 2D landscape with a dominant full quadratic backbone plus
    a small *non-quadratic* perturbation.

    Let (u,v) be a rotated/shifted version of (x0,x1):
        u =  (x0*cosθ - x1*sinθ) - u0
        v =  (x0*sinθ + x1*cosθ) - v0

    The objective is
        f(x) = s * ( Q(u,v) + P(u,v) )

    where
        Q(u,v) = a u^2 + b v^2 + c u v + d u + e v   (full quadratic with interaction),
        P(u,v) = t1 * (u + uoff)^3 + t2 * sin(k1*u) * cos(k2*v)  (small non-quadratic terms).

    This keeps the landscape mostly quadratic (high quadratic model fit) while
    breaking exact quadraticity and introducing asymmetric distribution behavior.
    ",,,,3,2,0.17232917013679686,0.3229225519660543,0.9048724997441125,0.8127376198354008,0.1544429233215216,0.1743111870173521,0.9824897379739801,0.9999995136753319
"import numpy as np

def problem(x: np.ndarray) -> float:
    """"""
    Synthetic 2D benchmark with a shifted *full quadratic* backbone plus a very small
    odd non-quadratic perturbation.

    Let (u, v) be shifted coordinates:
        u = x0 - 0.70
        v = x1 + 0.40

    The objective is:
        f(x) = s * [ a*u^2 + b*v^2 + c*u*v + d*u + e*v
                     + p*(u^3 - 0.6*v^3)
                     + q*(u - v)*sin(u + v) ]

    The quadratic terms (including interaction c*u*v) dominate global structure,
    while the small odd perturbations control skewness and slightly reduce the
    ability of a full quadratic surrogate to explain the landscape perfectly.
    """"""
    x = np.asarray(x, dtype=float).ravel()
    if x.shape[0] != 2:
        raise ValueError(""Input x must be a 1D array of shape (2,)."")

    u = float(x[0]) - 0.70
    v = float(x[1]) + 0.40

    # Full quadratic backbone (interaction is strong so ""quad_simple"" is worse than ""quad_w_interact"")
    a, b, c = 0.95, 0.60, 1.10
    d, e = -0.18, 0.26

    quad = a * u * u + b * v * v + c * u * v + d * u + e * v

    # Tiny non-quadratic perturbation (odd-ish) to yield nonzero skewness and adj_r2 < 1
    p = 0.0020
    q = 0.0035
    perturb = p * (u**3 - 0.6 * v**3) + q * (u - v) * np.sin(u + v)

    # Scaling to keep fitness variability moderate on [-5, 5]^2
    s = 0.13

    return float(s * (quad + perturb))",0.6037427765656963,"
    Synthetic 2D benchmark with a shifted *full quadratic* backbone plus a very small
    odd non-quadratic perturbation.

    Let (u, v) be shifted coordinates:
        u = x0 - 0.70
        v = x1 + 0.40

    The objective is:
        f(x) = s * [ a*u^2 + b*v^2 + c*u*v + d*u + e*v
                     + p*(u^3 - 0.6*v^3)
                     + q*(u - v)*sin(u + v) ]

    The quadratic terms (including interaction c*u*v) dominate global structure,
    while the small odd perturbations control skewness and slightly reduce the
    ability of a full quadratic surrogate to explain the landscape perfectly.
    ",,,,3,2,0.3735552197787164,0.16426529332155992,0.8803980373846342,0.8651401406399485,0.04767175195256822,0.5778056056812878,0.48742140598894146,0.9999993985481059
"import numpy as np

def problem(x: np.ndarray) -> float:
    """"""
    2D synthetic landscape built from a *shifted full quadratic backbone*
    (includes an interaction term) plus a *small cubic/quartic-style perturbation*
    that slightly breaks exact quadratic fit and induces mild distribution skewness.

    Let (u,v) be shifted coordinates:
        u = x[0] - 0.8,   v = x[1] + 1.1

    Objective:
        f(u,v) = s * ( Q(u,v) + L(u,v) + eps * (u^3 + 0.5*u*v^2) )

    where
        Q(u,v) = a*u^2 + b*v^2 + c*u*v     (full quadratic with interaction)
        L(u,v) = d*u + e*v                 (linear tilt)

    The dominant Q+L drives the high quadratic-model explainability, while the
    odd perturbation term slightly degrades quadratic fit (so quad_full adj R^2 < 1)
    and creates controlled skewness in objective values over [-5,5]^2.
    """"""
    x = np.asarray(x, dtype=float).ravel()
    if x.shape[0] != 2:
        raise ValueError(""Input x must be a 1D array of shape (2,) for this benchmark."")

    u = float(x[0]) - 0.8
    v = float(x[1]) + 1.1

    # Full quadratic backbone (interaction makes quad_simple worse than quad_full)
    a, b, c = 0.75, 0.40, 0.55
    # Small linear tilt
    d, e = 0.12, -0.10

    Q = a * u * u + b * v * v + c * u * v
    L = d * u + e * v

    # Small odd perturbation term (breaks perfect quadratic structure; induces mild skew)
    eps = 0.035
    perturb = (u**3 + 0.5 * u * v * v)

    # Scaling to keep fitness variance moderate on [-5,5]^2
    s = 0.06
    return float(s * (Q + L + eps * perturb))",0.5782735410994391,"
    2D synthetic landscape built from a *shifted full quadratic backbone*
    (includes an interaction term) plus a *small cubic/quartic-style perturbation*
    that slightly breaks exact quadratic fit and induces mild distribution skewness.

    Let (u,v) be shifted coordinates:
        u = x[0] - 0.8,   v = x[1] + 1.1

    Objective:
        f(u,v) = s * ( Q(u,v) + L(u,v) + eps * (u^3 + 0.5*u*v^2) )

    where
        Q(u,v) = a*u^2 + b*v^2 + c*u*v     (full quadratic with interaction)
        L(u,v) = d*u + e*v                 (linear tilt)

    The dominant Q+L drives the high quadratic-model explainability, while the
    odd perturbation term slightly degrades quadratic fit (so quad_full adj R^2 < 1)
    and creates controlled skewness in objective values over [-5,5]^2.
    ",,,,3,2,0.3888459766310239,0.2187563766357793,0.8752666996339701,0.8579865210782543,0.03294473368661223,0.45661795444437897,0.5833063841899754,1.0
"import numpy as np

def problem(x: np.ndarray) -> float:
    """"""
    Synthetic 2D benchmark: a rotated, shifted FULL quadratic bowl (with interaction)
    plus a small non-quadratic perturbation that prevents perfect quadratic fit.

    Steps:
      1) Shift to (x-c) and rotate with an orthogonal matrix to get y=(y0,y1).
      2) Base quadratic:
           Q(y) = a*y0^2 + b*y1^2 + m*y0*y1 + d*y0 + e*y1
      3) Perturbations:
           P1(y) = g * y0^2 * y1^2          (even, breaks exact quadratic representability)
           P2(y) = h * y0^3                (odd, induces mild skewness)

    Objective:
        f(x) = s * ( Q(y) + P1(y) + P2(y) )
    """"""
    x = np.asarray(x, dtype=float).ravel()
    if x.shape[0] != 2:
        raise ValueError(""This benchmark is defined for N=2 and expects x.shape == (2,)."")

    # Shift (different from prior examples) + rotation (orthonormal)
    c0, c1 = -0.6, 0.9
    x1 = x[0] - c0
    x2 = x[1] - c1

    # Rotation by angle ~ 33 degrees
    ang = 0.5759586531581288  # radians (approx 33 degrees)
    ca, sa = np.cos(ang), np.sin(ang)

    y0 = ca * x1 + sa * x2
    y1 = -sa * x1 + ca * x2

    # Full quadratic with interaction (chosen so ""no-interaction"" quad fits worse)
    a = 1.85
    b = 0.95
    m = -1.55
    d = 0.25
    e = -0.30

    Q = a * y0 * y0 + b * y1 * y1 + m * y0 * y1 + d * y0 + e * y1

    # Small non-quadratic pieces to get quad_w_interact adj_r2 < 1 while staying close
    g = 0.020   # y0^2*y1^2 term (even)
    P1 = g * (y0 * y0) * (y1 * y1)

    # Mild odd term for moderate skewness
    h = 0.012
    P2 = h * (y0 ** 3)

    # Global scaling to keep objective variability moderate in [-5,5]^2
    s = 0.55

    return float(s * (Q + P1 + P2))",0.571588904257733,"
    Synthetic 2D benchmark: a rotated, shifted FULL quadratic bowl (with interaction)
    plus a small non-quadratic perturbation that prevents perfect quadratic fit.

    Steps:
      1) Shift to (x-c) and rotate with an orthogonal matrix to get y=(y0,y1).
      2) Base quadratic:
           Q(y) = a*y0^2 + b*y1^2 + m*y0*y1 + d*y0 + e*y1
      3) Perturbations:
           P1(y) = g * y0^2 * y1^2          (even, breaks exact quadratic representability)
           P2(y) = h * y0^3                (odd, induces mild skewness)

    Objective:
        f(x) = s * ( Q(y) + P1(y) + P2(y) )
    ",,,,3,2,0.2526030897715753,0.23135270225396187,0.8761588399686441,0.8313044257834812,0.21082194305758872,0.21892740536838648,0.9908515534258439,0.9989014315768097
"import numpy as np

def problem(x: np.ndarray) -> float:
    """"""
    2D deterministic synthetic benchmark with a dominant rotated full-quadratic backbone
    (including an interaction term), plus a small non-polynomial asymmetric perturbation.

    Let (u,v) be a rotated+shifted coordinate:
        u =  x0*cos(theta) - x1*sin(theta) - u0
        v =  x0*sin(theta) + x1*cos(theta) - v0

    Core (dominant full quadratic with interaction):
        Q(u,v) = a*u^2 + b*v^2 + c*u*v + d*u + e*v

    Perturbation (non-quadratic, asymmetry + bounded odd nonlinearity):
        P(u,v) = g * (u^3 / (1 + u^2)) + h * (v * exp(-p*u^2))

    Objective:
        f(x) = s * ( Q(u,v) + P(u,v) )
    """"""
    x = np.asarray(x, dtype=float).ravel()
    if x.shape[0] != 2:
        raise ValueError(""This benchmark function is defined for N=2 and expects x.shape == (2,)."")

    x0, x1 = float(x[0]), float(x[1])

    # Rotation + shift (totally different ""motivation"" vs. axis-aligned bowls)
    theta = 0.92
    ct, st = np.cos(theta), np.sin(theta)
    u0, v0 = 0.6, -1.1
    u = x0 * ct - x1 * st - u0
    v = x0 * st + x1 * ct - v0

    # Dominant full quadratic backbone (high quadratic explainability, but not exact)
    a = 2.00
    b = 1.25
    c = 1.10
    d = -0.35
    e = 0.55
    Q = a * u * u + b * v * v + c * u * v + d * u + e * v

    # Small, bounded, asymmetric non-polynomial perturbation
    g = 0.35
    h = -0.22
    p = 0.85
    P = g * (u**3 / (1.0 + u**2)) + h * (v * np.exp(-p * u * u))

    # Global scaling to control objective spread over [-5,5]^2
    s = 0.18
    return float(s * (Q + P))",0.47084188630958346,"
    2D deterministic synthetic benchmark with a dominant rotated full-quadratic backbone
    (including an interaction term), plus a small non-polynomial asymmetric perturbation.

    Let (u,v) be a rotated+shifted coordinate:
        u =  x0*cos(theta) - x1*sin(theta) - u0
        v =  x0*sin(theta) + x1*cos(theta) - v0

    Core (dominant full quadratic with interaction):
        Q(u,v) = a*u^2 + b*v^2 + c*u*v + d*u + e*v

    Perturbation (non-quadratic, asymmetry + bounded odd nonlinearity):
        P(u,v) = g * (u^3 / (1 + u^2)) + h * (v * exp(-p*u^2))

    Objective:
        f(x) = s * ( Q(u,v) + P(u,v) )
    ",,,,3,2,0.2440795861848448,0.3251748128547356,0.8913793180693212,0.846468886445431,0.1827632504404144,0.32548259896667764,0.8460006948117901,0.9999153539482603
"import numpy as np

def problem(x: np.ndarray) -> float:
    """"""
    Synthetic 2D benchmark on [-5,5]^2.

    Uses a dominant full quadratic with an interaction term, plus:
      - an asymmetric Gaussian bump (non-quadratic; reduces perfect quadratic fit)
      - a mild cubic tilt (controls skewness)

    Let (u,v) = (x0-0.8, x1+0.2). The objective is:
        f(x) = s * ( Q(u,v) + bump(u,v) + b3*v^3 )

    where
        Q(u,v) = a*u^2 + c*v^2 + d*u*v + eu*u + ev*v
        bump(u,v) = A * exp( -k * ((u-u0)^2 + (v-v0)^2) ) * (1 + alpha*u)
    """"""
    x = np.asarray(x, dtype=float).ravel()
    if x.shape[0] != 2:
        raise ValueError(""This benchmark is defined for 2D inputs (len(x)==2)."")

    u = x[0] - 0.8
    v = x[1] + 0.2

    # Dominant full quadratic (includes interaction uv) + linear drift
    a = 0.22
    c = 0.16
    d = 0.18
    eu = -0.08
    ev = 0.06
    Q = a * u * u + c * v * v + d * u * v + eu * u + ev * v

    # Asymmetric Gaussian bump (breaks pure quadratic explainability)
    A = 0.12
    k = 4.5
    u0 = 0.10
    v0 = -0.30
    alpha = 0.30
    bump = A * np.exp(-k * ((u - u0) ** 2 + (v - v0) ** 2)) * (1.0 + alpha * u)

    # Mild odd component for non-zero (moderate) skewness
    b3 = 0.006
    cubic_tilt = b3 * (v ** 3)

    s = 0.95  # global scaling to keep magnitudes moderate

    return float(s * (Q + bump + cubic_tilt))",0.4109376020009602,"
    Synthetic 2D benchmark on [-5,5]^2.

    Uses a dominant full quadratic with an interaction term, plus:
      - an asymmetric Gaussian bump (non-quadratic; reduces perfect quadratic fit)
      - a mild cubic tilt (controls skewness)

    Let (u,v) = (x0-0.8, x1+0.2). The objective is:
        f(x) = s * ( Q(u,v) + bump(u,v) + b3*v^3 )

    where
        Q(u,v) = a*u^2 + c*v^2 + d*u*v + eu*u + ev*v
        bump(u,v) = A * exp( -k * ((u-u0)^2 + (v-v0)^2) ) * (1 + alpha*u)
    ",,,,4,2,0.2982527658870919,0.22002257305403758,0.8481766478275425,0.8509634159399758,0.1726095319769931,0.4717612810403765,0.7152420757213667,0.999989981777773
"import numpy as np

def problem(x: np.ndarray) -> float:
    """"""
    Synthetic 2D benchmark (domain [-5,5]^2): a dominant full quadratic with a mild
    second quadratic component (small multimodality) plus a tiny cubic perturbation.

    With u = x0 + 1.2 and v = x1 - 0.7, define two quadratics:
        Q1(u,v) = 0.65*u^2 + 1.00*v^2 + 0.75*u*v + 0.90*u + 0.55*v
        Q2(u,v) = 0.65*(u-0.6)^2 + 1.00*(v+0.4)^2 + 0.75*(u-0.6)*(v+0.4)
                  + 0.90*(u-0.6) + 0.55*(v+0.4)
    and combine them as a weighted sum, then add a tiny odd (skewing) term:
        f(x) = s * ((1-w)*Q1 + w*Q2) + t * u^3

    This is deterministic and uses only NumPy.
    """"""
    u = x[0] + 1.2
    v = x[1] - 0.7

    # Primary full quadratic (kept strong, but with increased linear drive)
    Q1 = (0.65 * u * u
          + 1.00 * v * v
          + 0.75 * u * v
          + 0.90 * u
          + 0.55 * v)

    # Secondary, slightly shifted quadratic (small weight to avoid destroying quad fit)
    du, dv = 0.6, -0.4  # note: v shift uses (v - (-0.4)) = (v+0.4)
    us = u - du
    vs = v - dv
    Q2 = (0.65 * us * us
          + 1.00 * vs * vs
          + 0.75 * us * vs
          + 0.90 * us
          + 0.55 * vs)

    # Combine; choose small w to keep high quad-w-interact explainability but alter local structure
    w = 0.08

    # Scale and skew perturbation (cubic amplitude tuned down to reduce skewness)
    s = 0.55
    t = 0.012

    f = s * ((1.0 - w) * Q1 + w * Q2) + t * (u ** 3)
    return float(f)",0.3798999170858839,"
    Synthetic 2D benchmark (domain [-5,5]^2): a dominant full quadratic with a mild
    second quadratic component (small multimodality) plus a tiny cubic perturbation.

    With u = x0 + 1.2 and v = x1 - 0.7, define two quadratics:
        Q1(u,v) = 0.65*u^2 + 1.00*v^2 + 0.75*u*v + 0.90*u + 0.55*v
        Q2(u,v) = 0.65*(u-0.6)^2 + 1.00*(v+0.4)^2 + 0.75*(u-0.6)*(v+0.4)
                  + 0.90*(u-0.6) + 0.55*(v+0.4)
    and combine them as a weighted sum, then add a tiny odd (skewing) term:
        f(x) = s * ((1-w)*Q1 + w*Q2) + t * u^3

    This is deterministic and uses only NumPy.
    ",,,,4,2,0.3114036315017492,0.22915606799706553,0.89790966793188,0.8684647416587418,0.2745433162045732,0.5175878130129845,0.7743097214104725,1.0
"import numpy as np

def problem(x: np.ndarray) -> float:
    """"""
    Synthetic 2D benchmark: dominant rotated full-quadratic with interaction
    (plus linear drift), but with a small smooth non-quadratic sinusoidal term
    and a very mild cubic tilt.

    With (u,v) = (x0, x1), we use
        f(u,v) = q(u,v) + eps * sin(c*u) * sin(c*v) + b3 * v^3
    where the full quadratic is
        q(u,v) = a*u^2 + d*v^2 + b*u*v + e*u + g*v
    (chosen so the landscape is mostly quadratic yet not perfectly so).
    """"""
    x = np.asarray(x, dtype=float).ravel()
    if x.shape[0] != 2:
        raise ValueError(""This benchmark is defined for 2D inputs (len(x)==2)."")

    u = x[0]
    v = x[1]

    # Dominant full quadratic (includes interaction term b*u*v)
    a = 0.22
    d = 0.16
    b = 0.38
    e = -0.28
    g = 0.10
    q = a * u * u + d * v * v + b * u * v + e * u + g * v

    # Mild non-quadratic structure to prevent perfect quadratic explainability
    eps = 0.045
    c = 0.65
    osc = eps * np.sin(c * u) * np.sin(c * v)

    # Very mild odd component (kept small to control skewness)
    b3 = 0.006
    cubic_tilt = b3 * (v ** 3)

    # Scaling to keep objective variability moderate over [-5,5]^2
    s = 1.1
    return float(s * (q + osc + cubic_tilt))",0.6657191240618323,"
    Synthetic 2D benchmark: dominant rotated full-quadratic with interaction
    (plus linear drift), but with a small smooth non-quadratic sinusoidal term
    and a very mild cubic tilt.

    With (u,v) = (x0, x1), we use
        f(u,v) = q(u,v) + eps * sin(c*u) * sin(c*v) + b3 * v^3
    where the full quadratic is
        q(u,v) = a*u^2 + d*v^2 + b*u*v + e*u + g*v
    (chosen so the landscape is mostly quadratic yet not perfectly so).
    ",,,,4,2,0.34061539744509783,0.4615257580501416,0.860120745198343,0.8844768619476819,0.05262875730137668,0.7301201281080065,0.3390131076674744,0.9999784105689548
"import numpy as np

def problem(x: np.ndarray) -> float:
    """"""
    2D synthetic benchmark with a shifted full-quadratic core plus *symmetric*
    non-quadratic terms to avoid perfect quadratic explainability.

    Let u = x0 - 1.2, v = x1 + 1.7. The objective is:
        f(u,v) = (a*u^2 + b*v^2 + c*u*v) + (d*u + e*v)
                 + eps_c*u^3                       (small odd cubic)
                 + eps_s*(sin(k*u) + sin(k*v))    (weak ripples)
                 + eps_q*(u^4 + v^4)              (symmetric quartic)

    The result is scaled by a constant factor to keep magnitudes moderate over [-5,5]^2.
    """"""
    x = np.asarray(x, dtype=float).ravel()
    if x.shape[0] != 2:
        raise ValueError(""This benchmark is defined for 2D inputs (len(x)==2)."")

    u = x[0] - 1.2
    v = x[1] + 1.7

    # Dominant full quadratic core
    a = 0.055
    b = 0.065
    c = 0.040
    d = 0.028
    e = -0.020

    # Non-quadratic components: reduce skewness (smaller odd cubic),
    # increase non-quadratic ""energy"" mostly symmetrically (quartic + ripples).
    eps_c = 0.0035      # odd cubic term (controls skewness; reduced)
    eps_s = 0.0135      # ripple strength (reduces quadratic fit; increases variance)
    k = 1.3
    eps_q = 0.0018      # symmetric quartic term (nonlinearity without sign bias)

    f = (a * u * u + b * v * v + c * u * v) + (d * u + e * v)
    f += eps_c * (u ** 3) + eps_s * (np.sin(k * u) + np.sin(k * v))
    f += eps_q * (u ** 4 + v ** 4)

    return float(0.94 * f)",0.43812574296029466,"
    2D synthetic benchmark with a shifted full-quadratic core plus *symmetric*
    non-quadratic terms to avoid perfect quadratic explainability.

    Let u = x0 - 1.2, v = x1 + 1.7. The objective is:
        f(u,v) = (a*u^2 + b*v^2 + c*u*v) + (d*u + e*v)
                 + eps_c*u^3                       (small odd cubic)
                 + eps_s*(sin(k*u) + sin(k*v))    (weak ripples)
                 + eps_q*(u^4 + v^4)              (symmetric quartic)

    The result is scaled by a constant factor to keep magnitudes moderate over [-5,5]^2.
    ",,,,4,2,0.3269319585435832,0.15740137862842912,0.9082376823262766,0.856539231241966,0.44367503482860804,0.48361559059838394,0.9422496807069329,0.9957818871462338
"import numpy as np

def problem(x: np.ndarray) -> float:
    """"""
    Synthetic N=2 benchmark built from an affine-transformed coupled quadratic,
    plus small even and odd perturbations to tune nonlinearity/ELA features.

    Let (u,v)^T = A (x0,x1)^T + b. Define a quadratic backbone
        g(u,v) = (p*u + q*v + r0)^2 + s*(u - v)^2 + t*(u*v).
    Then the objective is
        f(x) = alpha * ( g(u,v)
                         + eps4*(u*v)^2                      [even quartic]
                         + eps_sin * sin(k*u) * sin(k*v)   [smooth even oscillation]
                         + eps3*(0.5*u^3 - 0.8*v^3)        [odd cubic tilt]
                        ).

    This keeps the landscape close to a (possibly interacting) quadratic,
    while the perturbations reduce perfect quadratic-fit and control skewness.
    """"""
    x = np.asarray(x, dtype=float).ravel()
    if x.shape[0] != 2:
        raise ValueError(""This benchmark function is defined for N=2 only (len(x)==2)."")

    x0, x1 = float(x[0]), float(x[1])

    # Affine transform into internal coordinates (u, v)
    A00, A01 = 0.80, 0.30
    A10, A11 = -0.45, 0.95
    b0u, b0v = -0.65, 1.15
    u = A00 * x0 + A01 * x1 + b0u
    v = A10 * x0 + A11 * x1 + b0v

    # Coupled quadratic backbone (expressed via squared linear forms + interaction)
    p, q, r0 = 1.10, -0.65, 0.35
    s = 0.52
    t = 1.25
    g = (p * u + q * v + r0) ** 2 + s * (u - v) ** 2 + t * (u * v)

    # Perturbations: even quartic + smooth even oscillation + small odd cubic tilt
    eps4 = 1.2e-2
    quart = eps4 * (u * v) ** 2

    k = 1.35
    eps_sin = 3.5e-3
    osc_even = eps_sin * np.sin(k * u) * np.sin(k * v)

    eps3 = 6.0e-4
    cubic_odd = eps3 * (0.5 * u**3 - 0.8 * v**3)

    # Overall scaling (controls fitness-value spread over [-5,5]^2)
    alpha = 0.45
    return float(alpha * (g + quart + osc_even + cubic_odd))",0.4245375029959399,"
    Synthetic N=2 benchmark built from an affine-transformed coupled quadratic,
    plus small even and odd perturbations to tune nonlinearity/ELA features.

    Let (u,v)^T = A (x0,x1)^T + b. Define a quadratic backbone
        g(u,v) = (p*u + q*v + r0)^2 + s*(u - v)^2 + t*(u*v).
    Then the objective is
        f(x) = alpha * ( g(u,v)
                         + eps4*(u*v)^2                      [even quartic]
                         + eps_sin * sin(k*u) * sin(k*v)   [smooth even oscillation]
                         + eps3*(0.5*u^3 - 0.8*v^3)        [odd cubic tilt]
                        ).

    This keeps the landscape close to a (possibly interacting) quadratic,
    while the perturbations reduce perfect quadratic-fit and control skewness.
    ",,,,4,2,0.40438145349813,0.23683128500033843,0.9040056388806896,0.8635254550474433,0.38248662900019087,0.47918161119639957,0.8964199939014891,0.9995629873071012
"import numpy as np

def problem(x: np.ndarray) -> float:
    """"""
    Deterministic 2D synthetic landscape: a rotated full quadratic (with interaction)
    plus a small periodic perturbation to break perfect quadratic structure.

    Let (u,v) be a rotation/shift of (x0,x1):
        u =  x0*cos(theta) - x1*sin(theta) - u0
        v =  x0*sin(theta) + x1*cos(theta) - v0

    Objective:
        f(x) = s * [ a*u^2 + b*v^2 + c*u*v + d*u + e*v ]
               + t * [ cos(p*u) + 0.7*cos(p*v) ]
               + w * (u^3 - 0.6*v^3)

    for N=2 (len(x)=2). All operations are deterministic.
    """"""
    x = np.asarray(x, dtype=float).ravel()
    if x.shape[0] != 2:
        raise ValueError(""This benchmark function is defined for N=2 only (len(x)==2)."")

    x0, x1 = float(x[0]), float(x[1])

    # Rotation
    theta = 0.65
    ct, st = np.cos(theta), np.sin(theta)

    # Shift in rotated coordinates
    u0, v0 = 0.9, -1.6
    u = x0 * ct - x1 * st - u0
    v = x0 * st + x1 * ct - v0

    # Full quadratic with interaction
    a, b, c = 0.90, 1.35, 0.60
    d, e = 0.05, -0.03

    # Periodic perturbation (non-quadratic; symmetric-ish but breaks perfect fits)
    p = 2.4
    s = 0.032         # scale up spread vs a near-pure quadratic
    t = 0.020         # periodic amplitude (controls ELA degradation from quadratic)

    # Small odd perturbation to tune skewness (kept mild)
    w = 5.0e-4

    quad = a * u * u + b * v * v + c * u * v
    lin = d * u + e * v
    periodic = np.cos(p * u) + 0.7 * np.cos(p * v)
    odd = (u**3 - 0.6 * v**3)

    return float(s * (quad + lin) + t * periodic + w * odd)",0.37240545745648373,"
    Deterministic 2D synthetic landscape: a rotated full quadratic (with interaction)
    plus a small periodic perturbation to break perfect quadratic structure.

    Let (u,v) be a rotation/shift of (x0,x1):
        u =  x0*cos(theta) - x1*sin(theta) - u0
        v =  x0*sin(theta) + x1*cos(theta) - v0

    Objective:
        f(x) = s * [ a*u^2 + b*v^2 + c*u*v + d*u + e*v ]
               + t * [ cos(p*u) + 0.7*cos(p*v) ]
               + w * (u^3 - 0.6*v^3)

    for N=2 (len(x)=2). All operations are deterministic.
    ",,,,4,2,0.3152651251355506,0.14623408115314634,0.8392095504603649,0.8708855326291219,0.417309168082536,0.5149226243692628,0.9079816938474589,0.9990006634107209
"import numpy as np

def problem(x: np.ndarray) -> float:
    """"""
    Deterministic 2D synthetic landscape built from a shifted anisotropic
    quadratic form with an interaction term, plus a small odd cubic
    perturbation (controls skewness) and a tiny even quartic term (breaks
    the perfect full-quadratic fit).

    Let (u, v) = (x0 - 1.2, x1 - (-1.6)). The objective is:
        f(u, v) = s * [ a u^2 + b v^2 + c u v + d u + e v
                        + g u^3 + k u^2 v^2 ]
    where s scales the overall fitness dispersion.
    """"""
    x = np.asarray(x, dtype=float).ravel()
    if x.shape[0] != 2:
        raise ValueError(""This benchmark is defined for 2D inputs (len(x)==2)."")

    # Shift to avoid symmetry and to better condition the ELA models
    u = x[0] - 1.2
    v = x[1] + 1.6  # since subtracting (-1.6)

    # Overall scaling to target a moderate fitness standard deviation
    s = 0.50

    # Quadratic core (dominant), with interaction
    a = 0.035
    b = 0.042
    c = 0.026

    # Small linear drift (kept modest so linear models are not too dominant)
    d = 0.006
    e = 0.005

    # Odd perturbation to induce a controlled skewness (reduced vs previous)
    g = 0.0025

    # Tiny even quartic interaction to prevent a perfect quadratic fit
    k = 0.0012

    q = a * u * u + b * v * v + c * u * v + d * u + e * v
    p_odd = g * u * u * u
    p_quartic = k * u * u * v * v

    return float(s * (q + p_odd + p_quartic))",0.4118326698098406,"
    Deterministic 2D synthetic landscape built from a shifted anisotropic
    quadratic form with an interaction term, plus a small odd cubic
    perturbation (controls skewness) and a tiny even quartic term (breaks
    the perfect full-quadratic fit).

    Let (u, v) = (x0 - 1.2, x1 - (-1.6)). The objective is:
        f(u, v) = s * [ a u^2 + b v^2 + c u v + d u + e v
                        + g u^3 + k u^2 v^2 ]
    where s scales the overall fitness dispersion.
    ",,,,4,2,0.34134551865229845,0.22240164614151248,0.8954411366443911,0.8749011969826693,0.4098107485448885,0.45277228839233674,0.9276753596383114,1.0
"import numpy as np

def problem(x: np.ndarray) -> float:
    """"""
    2D synthetic benchmark: a translated/rotated-style quadratic bowl with an
    interaction term, plus small asymmetric and oscillatory higher-order
    perturbations.

    Let u = x1 - 1.2 and v = x2 + 0.7. The objective is

        f(x1,x2) = s * [ 3u^2 + 2v^2 + 2uv + 0.15u - 0.10v
                         + kc*(u+v)^3
                         + kp * (u*sin(a*v) + 0.7*v*sin(b*u))
                                      * (1 - 0.15*(u^2+v^2)) ]

    where the added terms (odd cubic + bounded oscillatory perturbation) reduce
    exact quadratic fit while keeping overall structure strongly quadratic.
    """"""
    x1 = float(x[0])
    x2 = float(x[1])

    u = x1 - 1.2
    v = x2 + 0.7

    # Base quadratic/linear structure (dominant component)
    quad = 3.0 * u * u + 2.0 * v * v + 2.0 * u * v
    lin = 0.15 * u - 0.10 * v

    # Mild asymmetric component (odd polynomial) to induce modest skewness
    kc = 0.010

    # Small oscillatory perturbation to affect neighborhood-connectivity metrics
    # while keeping the landscape close to quadratic.
    a = 0.9
    b = 1.1
    kp = 0.18

    cubic_asym = kc * (u + v) ** 3
    osc = (u * np.sin(a * v) + 0.7 * v * np.sin(b * u)) * (1.0 - 0.15 * (u * u + v * v))

    # Overall scaling to tune objective-value variability in [-5,5]^2
    s = 0.065

    return s * (quad + lin + cubic_asym + kp * osc)",0.4300645670873149,"
    2D synthetic benchmark: a translated/rotated-style quadratic bowl with an
    interaction term, plus small asymmetric and oscillatory higher-order
    perturbations.

    Let u = x1 - 1.2 and v = x2 + 0.7. The objective is

        f(x1,x2) = s * [ 3u^2 + 2v^2 + 2uv + 0.15u - 0.10v
                         + kc*(u+v)^3
                         + kp * (u*sin(a*v) + 0.7*v*sin(b*u))
                                      * (1 - 0.15*(u^2+v^2)) ]

    where the added terms (odd cubic + bounded oscillatory perturbation) reduce
    exact quadratic fit while keeping overall structure strongly quadratic.
    ",,,,4,2,0.28541850138412767,0.27514096550624645,0.8964645646953877,0.8405322855793098,0.18246147912551677,0.4333026815686649,0.7592667486312124,0.9982768216032875
"import numpy as np

def problem(x: np.ndarray) -> float:
    """"""
    Deterministic 2D shifted landscape combining:
      - a dominant *full quadratic* term: a*u^2 + b*v^2 + c*u*v
      - a small odd (u^3) perturbation to induce mild skewness
      - a very small non-quadratic sinusoidal ripple (breaks perfect quadratic fit)

    With shifted coordinates u = x0 - xc, v = x1 - yc:
      f(x) = s * [a*u^2 + b*v^2 + c*u*v + g*u^3 + r*sin(ku)]
    """"""
    x = np.asarray(x, dtype=float).ravel()
    if x.shape[0] != 2:
        raise ValueError(""This benchmark is defined for 2D inputs (len(x)==2)."")

    xc, yc = 1.5, -2.0
    u = x[0] - xc
    v = x[1] - yc

    # Overall scaling to control fitness-value dispersion
    s = 0.055

    # Dominant full quadratic (no explicit linear terms -> reduces linear-model fit)
    a = 0.060
    b = 0.080
    c = 0.070

    # Reduced odd perturbation for milder skewness
    g = 0.004

    # Tiny non-quadratic ripple to lower full-quadratic adjusted R^2 from ~1
    r = 0.004
    k = 1.3

    quad = a * u * u + b * v * v + c * u * v
    odd = g * u * u * u
    ripple = r * np.sin(k * u)

    return s * (quad + odd + ripple)",0.39794196561223133,"
    Deterministic 2D shifted landscape combining:
      - a dominant *full quadratic* term: a*u^2 + b*v^2 + c*u*v
      - a small odd (u^3) perturbation to induce mild skewness
      - a very small non-quadratic sinusoidal ripple (breaks perfect quadratic fit)

    With shifted coordinates u = x0 - xc, v = x1 - yc:
      f(x) = s * [a*u^2 + b*v^2 + c*u*v + g*u^3 + r*sin(ku)]
    ",,,,4,2,0.3940223807674936,0.21544779913103662,0.8978032670336381,0.8877674934698696,0.34158992497289886,0.6353753752771157,0.7203873784509086,0.9999939085288557
"import numpy as np

def problem(x: np.ndarray) -> float:
    """"""
    Synthetic 2D benchmark: a dominant *interaction-heavy* quadratic plus mild non-quadratic
    structure (a small Gaussian bump and a tiny sinusoidal ripple).

    Let (u, v) = (x0 - 1.0, x1 + 0.5). The objective is
        f(x) =  (a*u^2 + b*v^2 + c*u*v) + (p*u + q*v)
                + A * exp(-k*((u-u0)^2 + (v-v0)^2))
                + r * sin(3u) * cos(3v)
                + t * (u^3 - v^3)

    The interaction term (c*u*v) is chosen large relative to a and b so that:
    - a quadratic model *without* interaction explains less (lower quad_simple adj-R2),
    - a full quadratic model *with* interaction explains very well (high quad_w_interact adj-R2).
    """"""
    x = np.asarray(x, dtype=float).ravel()
    if x.shape[0] != 2:
        raise ValueError(""This benchmark is defined for 2D inputs (len(x)==2)."")

    u = x[0] - 1.0
    v = x[1] + 0.5

    # Interaction-heavy quadratic + linear drift
    a = 0.035
    b = 0.030
    c = 0.22
    p = -0.85
    q = 0.70
    quad_lin = (a * u * u + b * v * v + c * u * v) + (p * u + q * v)

    # Mild non-quadratic components
    A = 0.11
    k = 7.0
    u0 = 0.20
    v0 = -0.10
    bump = A * np.exp(-k * ((u - u0) ** 2 + (v - v0) ** 2))

    # Tiny ripple to influence neighborhood-based ELA stats without destroying quadratic fit too much
    r = 0.035
    ripple = r * np.sin(3.0 * u) * np.cos(3.0 * v)

    # Skewness-controlled odd part (opposite signs to reduce global skew)
    t = 0.012
    odd = t * (u ** 3 - v ** 3)

    return float(quad_lin + bump + ripple + odd)",1.2899818128760243,"
    Synthetic 2D benchmark: a dominant *interaction-heavy* quadratic plus mild non-quadratic
    structure (a small Gaussian bump and a tiny sinusoidal ripple).

    Let (u, v) = (x0 - 1.0, x1 + 0.5). The objective is
        f(x) =  (a*u^2 + b*v^2 + c*u*v) + (p*u + q*v)
                + A * exp(-k*((u-u0)^2 + (v-v0)^2))
                + r * sin(3u) * cos(3v)
                + t * (u^3 - v^3)

    The interaction term (c*u*v) is chosen large relative to a and b so that:
    - a quadratic model *without* interaction explains less (lower quad_simple adj-R2),
    - a full quadratic model *with* interaction explains very well (high quad_w_interact adj-R2).
    ",,,,4,2,-0.13944472490214344,1.4483068877773777,0.2733354122613814,0.9314005680534689,0.5001954448491378,0.9835970875959068,0.502934697726359,0.9999499502911805
"import numpy as np

def problem(x: np.ndarray) -> float:
    """"""
    2D synthetic benchmark combining:
      - a shifted full quadratic with interaction,
      - a reduced odd cubic term to tune skewness,
      - and weak sinusoidal ripples to break perfect quadratic fit.

    Let u = x0 - 1.2, v = x1 + 1.7.
    f(u,v) = (a*u^2 + b*v^2 + c*u*v) + (d*u + e*v)
             + eps1*u^3
             + eps2*sin(k*u) + eps2*sin(k*v)
    and the final objective is scaled for controlled fitness variance.
    """"""
    x = np.asarray(x, dtype=float).ravel()
    if x.shape[0] != 2:
        raise ValueError(""This benchmark is defined for 2D inputs (len(x)==2)."")

    u = x[0] - 1.2
    v = x[1] + 1.7

    # Quadratic core: adjust relative strengths to tune lin/quad explainability
    a = 0.045
    b = 0.055
    c = 0.055  # stronger interaction -> lowers quad_simple adj_r2 more than quad_w_interact

    d = 0.030
    e = -0.018

    # Non-quadratic parts: reduce skewness (smaller odd cubic), increase quadratic breakage (larger ripples)
    eps1 = 0.0035  # odd cubic amplitude (controls skewness)
    eps2 = 0.018   # ripple amplitude (reduces quad_w_interact perfectness)
    k = 1.1

    f = (a * u * u + b * v * v + c * u * v) + (d * u + e * v)
    f += eps1 * (u ** 3) + eps2 * np.sin(k * u) + eps2 * np.sin(k * v)

    # Increase overall scale to raise fitness_distance.fitness_std toward target
    return float(1.05 * f)",0.4009086435800156,"
    2D synthetic benchmark combining:
      - a shifted full quadratic with interaction,
      - a reduced odd cubic term to tune skewness,
      - and weak sinusoidal ripples to break perfect quadratic fit.

    Let u = x0 - 1.2, v = x1 + 1.7.
    f(u,v) = (a*u^2 + b*v^2 + c*u*v) + (d*u + e*v)
             + eps1*u^3
             + eps2*sin(k*u) + eps2*sin(k*v)
    and the final objective is scaled for controlled fitness variance.
    ",,,,5,2,0.452673254899559,0.16994140333674868,0.7328658342788396,0.8782493679102691,0.2596679610840342,0.6280435826349926,0.6450237957994532,0.9994936325229995
"import numpy as np

def problem(x: np.ndarray) -> float:
    """"""
    2D synthetic benchmark: a full quadratic base Q(u,v) plus a small
    non-quadratic perturbation P(u,v), scaled to control objective spread.

    Let u = x0 - 0.30, v = x1 + 1.70.
        Q(u,v) = a u^2 + b v^2 + c u v + d u + e v
        P(u,v) = p*sin(2.7*u)*cos(1.9*v) + q*(u^3 + v^3) + r*(u^4 + v^4)

        f(x) = scale * (Q + P)

    The quartic term prevents perfect full-quadratic fit; cubic/trig
    amplitudes are tuned to adjust skewness while retaining high quadratic fit.
    """"""
    x = np.asarray(x, dtype=float)
    if x.shape != (2,):
        raise ValueError(""Input x must be a 1D array of shape (2,) for this benchmark."")

    u = float(x[0] - 0.30)
    v = float(x[1] + 1.70)

    # Full quadratic base
    a = 1.35
    b = 1.75
    c = 1.10
    d = -0.35
    e = 0.25
    Q = a*u*u + b*v*v + c*u*v + d*u + e*v

    # Nonlinear perturbation (non-quadratic breaking; tuned amplitudes)
    p = 0.085                  # slightly smaller trig amplitude (less skew from oscillatory term)
    q = 0.0065                 # reduced cubic magnitude (less asymmetry)
    r = 0.0016                 # tiny symmetric quartic to force quad_w_interact adj-R2 < 1
    P = (p * np.sin(2.7*u) * np.cos(1.9*v)
         + q * (u**3 + v**3)
         + r * (u**4 + v**4))

    # Global scale to increase fitness_std
    scale = 0.85

    return float(scale * (Q + P))",0.4128160687394956,"
    2D synthetic benchmark: a full quadratic base Q(u,v) plus a small
    non-quadratic perturbation P(u,v), scaled to control objective spread.

    Let u = x0 - 0.30, v = x1 + 1.70.
        Q(u,v) = a u^2 + b v^2 + c u v + d u + e v
        P(u,v) = p*sin(2.7*u)*cos(1.9*v) + q*(u^3 + v^3) + r*(u^4 + v^4)

        f(x) = scale * (Q + P)

    The quartic term prevents perfect full-quadratic fit; cubic/trig
    amplitudes are tuned to adjust skewness while retaining high quadratic fit.
    ",,,,5,2,0.33094301049291935,0.17410012090365948,0.920097916120131,0.8830951198464486,0.4810579320812169,0.6057363355226935,0.8868704214955029,0.9999837064147772
"import numpy as np

def problem(x: np.ndarray) -> float:
    """"""
    Synthetic 2D benchmark on x=(x0,x1) using shifted coordinates u=x0-0.30, v=x1+1.70.

    Base is a full quadratic (with interaction):
        Q(u,v) = a*u^2 + b*v^2 + c*u*v + d*u + e*v

    Perturbation adds structured non-quadratic terms:
        P(u,v) = p*sin(2.7*u)*cos(1.9*v) + q*(u^3 + v^3) + r*(u^4 + v^4)

    Objective:
        f(x) = scale * ( Q(u,v) + P(u,v) )
    """"""
    x = np.asarray(x, dtype=float)
    if x.shape != (2,):
        raise ValueError(""Input x must be a 1D array of shape (2,) for this benchmark."")

    u = float(x[0] - 0.30)
    v = float(x[1] + 1.70)

    # Full quadratic base (slightly re-weighted to enlarge curvature/fitness spread)
    a = 1.50
    b = 1.90
    c = 1.05
    d = -0.45
    e = 0.30
    Q = a * u * u + b * v * v + c * u * v + d * u + e * v

    # Non-quadratic perturbation (tuned: reduce skewness, but break exact quadraticity)
    p = 0.18
    q = 0.0055
    r = 0.010  # small quartic term to drop quad_w_interact adj-R^2 below 1.0
    P = (
        p * np.sin(2.7 * u) * np.cos(1.9 * v)
        + q * (u**3 + v**3)
        + r * (u**4 + v**4)
    )

    # Larger global scale to increase fitness-distance standard deviation
    scale = 0.75

    return float(scale * (Q + P))",0.42778102693165904,"
    Synthetic 2D benchmark on x=(x0,x1) using shifted coordinates u=x0-0.30, v=x1+1.70.

    Base is a full quadratic (with interaction):
        Q(u,v) = a*u^2 + b*v^2 + c*u*v + d*u + e*v

    Perturbation adds structured non-quadratic terms:
        P(u,v) = p*sin(2.7*u)*cos(1.9*v) + q*(u^3 + v^3) + r*(u^4 + v^4)

    Objective:
        f(x) = scale * ( Q(u,v) + P(u,v) )
    ",,,,5,2,0.3188172675984205,0.16403236408447217,0.9160056633052913,0.877745126123475,0.5034215811899704,0.5812883093220574,0.9293960203858349,0.9996246122308197
"import numpy as np

def problem(x: np.ndarray) -> float:
    """"""
    Deterministic 2D shifted landscape:
      f(u,v) = s * [ p*u + q*v
                    + a*u^2 + b*v^2 + c*u*v
                    + g*u^3
                    + r*sin(k*u) + r2*cos(k2*v) ]
    with shifts u = x0 - xc, v = x1 - yc.
    """"""
    x = np.asarray(x, dtype=float).ravel()
    if x.shape[0] != 2:
        raise ValueError(""This benchmark is defined for 2D inputs (len(x)==2)."")

    xc, yc = 1.5, -2.0
    u = x[0] - xc
    v = x[1] - yc

    # Scale up to increase fitness_std
    s = 0.085

    # Quadratic core (reduce interaction c to boost quad_simple adj-R2)
    a = 0.065
    b = 0.085
    c = 0.040

    # Add small linear structure to raise lin_* adj-R2
    p = 0.014
    q = -0.009

    # Reduce odd term to lower skewness
    g = 0.0020

    # Increase/expand non-quadratic ripple to reduce quad_w_interact adj-R2 from ~1
    r = 0.0060
    k = 1.6
    r2 = 0.0045
    k2 = 1.2

    quad = a * u * u + b * v * v + c * u * v
    lin = p * u + q * v
    odd = g * u * u * u
    ripple = r * np.sin(k * u) + r2 * np.cos(k2 * v)

    return s * (lin + quad + odd + ripple)",0.3780630106135189,"
    Deterministic 2D shifted landscape:
      f(u,v) = s * [ p*u + q*v
                    + a*u^2 + b*v^2 + c*u*v
                    + g*u^3
                    + r*sin(k*u) + r2*cos(k2*v) ]
    with shifts u = x0 - xc, v = x1 - yc.
    ",,,,5,2,0.2533662405911746,0.2793713376805175,0.9246224136188707,0.8714809866103128,0.49863262507036843,0.5896692399811833,0.9184582273623088,0.9999836332011607
"import numpy as np

def problem(x: np.ndarray) -> float:
    """"""
    Deterministic 2D benchmark built from a strong full quadratic plus a very small
    non-quadratic sinusoidal ripple and a weak, largely symmetric cubic term.

    Let u = x0 + 1.2 and v = x1 - 0.7. Define a full quadratic
        Q(u,v) = a u^2 + b v^2 + c u v + d u + e v
    with (a,b,c,d,e) chosen to keep quad_w_interact explainability high.

    Then use
        f(x) = s * Q(u,v) + ripple(u,v) + t * (u^3 - 3*u0^2*u),
    where ripple(u,v) = eps1*sin(k1*u) + eps2*sin(k2*v) + eps3*sin(k3*(u+v)).
    The cubic is “centered” via (u^3 - 3*u0^2*u) to reduce global skewness.
    Domain: x in [-5,5]^2; all operations are valid.
    """"""
    u = x[0] + 1.2
    v = x[1] - 0.7

    # Full quadratic core (kept dominant to retain high quad explainability)
    a, b, c = 0.65, 1.00, 0.75
    d, e = 0.90, 0.55
    Q = a * u * u + b * v * v + c * u * v + d * u + e * v

    # Small non-quadratic ripple to (i) lower perfect quad fit from ~1.0,
    # and (ii) increase landscape roughness / adjust ELA connectivity stats.
    k1, k2, k3 = 0.9, 1.1, 0.7
    eps1, eps2, eps3 = 0.010, 0.008, 0.006
    ripple = (
        eps1 * np.sin(k1 * u)
        + eps2 * np.sin(k2 * v)
        + eps3 * np.sin(k3 * (u + v))
    )

    # Weak, mostly symmetric cubic component to tune skewness (reduced skew by centering).
    # Choose u0 close to the quadratic's typical shift scale.
    u0 = 1.2  # in terms of the original x0 shift (u = x0 + 1.2)
    t = 0.006
    cubic_centered = (u ** 3) - (3.0 * (u0 ** 2) * u)

    # Overall scaling: increase fitness standard deviation vs the previous version.
    s = 0.70

    f = s * Q + ripple + t * cubic_centered
    return float(f)",0.3989161621169212,"
    Deterministic 2D benchmark built from a strong full quadratic plus a very small
    non-quadratic sinusoidal ripple and a weak, largely symmetric cubic term.

    Let u = x0 + 1.2 and v = x1 - 0.7. Define a full quadratic
        Q(u,v) = a u^2 + b v^2 + c u v + d u + e v
    with (a,b,c,d,e) chosen to keep quad_w_interact explainability high.

    Then use
        f(x) = s * Q(u,v) + ripple(u,v) + t * (u^3 - 3*u0^2*u),
    where ripple(u,v) = eps1*sin(k1*u) + eps2*sin(k2*v) + eps3*sin(k3*(u+v)).
    The cubic is “centered” via (u^3 - 3*u0^2*u) to reduce global skewness.
    Domain: x in [-5,5]^2; all operations are valid.
    ",,,,5,2,0.30796445514535975,0.24893982412578322,0.9049061747396896,0.8725371281242004,0.23618528584379814,0.49910242910017333,0.7568299127028568,0.9999992326713305
"import numpy as np

def problem(x: np.ndarray) -> float:
    """"""
    2D synthetic benchmark with a shifted full quadratic core plus
    symmetric non-quadratic components.

    Let u = x0 - 1.2, v = x1 + 1.7. Define
        Q(u,v) = a*u^2 + b*v^2 + c*u*v + d*u + e*v
        R(u,v) = eps4*(u^4 + v^4) + epsc*(cos(k*u) + cos(k*v) - 2)
    Objective: f(u,v) = s*( Q(u,v) + R(u,v) ).

    The added terms are even in u,v to reduce skewness while slightly
    degrading exact quadratic explainability.
    """"""
    x = np.asarray(x, dtype=float).ravel()
    if x.shape[0] != 2:
        raise ValueError(""This benchmark is defined for 2D inputs (len(x)==2)."")

    u = x[0] - 1.2
    v = x[1] + 1.7

    # Quadratic core (retuned)
    a = 0.050
    b = 0.062
    c = 0.038
    d = 0.033
    e = -0.018

    # Symmetric non-quadratic terms (reduce skew, increase spread)
    eps4 = 0.0009     # even quartic -> increases fitness_std, breaks perfect quadratic fits
    epsc = 0.010      # even cosine ripples -> mild nonlinearity without odd skew
    k = 1.35

    Q = (a * u * u + b * v * v + c * u * v) + (d * u + e * v)
    R = eps4 * (u**4 + v**4) + epsc * (np.cos(k * u) + np.cos(k * v) - 2.0)

    # Scaling factor to keep magnitudes moderate on [-5,5]^2
    s = 0.95
    f = s * (Q + R)
    return float(f)",0.4169546406620612,"
    2D synthetic benchmark with a shifted full quadratic core plus
    symmetric non-quadratic components.

    Let u = x0 - 1.2, v = x1 + 1.7. Define
        Q(u,v) = a*u^2 + b*v^2 + c*u*v + d*u + e*v
        R(u,v) = eps4*(u^4 + v^4) + epsc*(cos(k*u) + cos(k*v) - 2)
    Objective: f(u,v) = s*( Q(u,v) + R(u,v) ).

    The added terms are even in u,v to reduce skewness while slightly
    degrading exact quadratic explainability.
    ",,,,5,2,0.28548008303377354,0.17640910525448353,0.9111000611236847,0.8588041632633091,0.4120322694823565,0.47793339441215876,0.928970521141193,0.9981395660495929
"import numpy as np

def problem(x: np.ndarray) -> float:
    """"""
    Deterministic 2D rotated landscape:
      - primary term: a rotated shifted full quadratic with interaction (u*v)
      - secondary term: a small sinusoidal ripple to reduce near-perfect quadratic fit
      - tiny odd (cubic) perturbation to induce mild positive skewness

    Let (x0,x1) be rotated into (u,v) with theta=0.65 and shift (u0,v0):
        u =  x0*cos(theta) - x1*sin(theta) - u0
        v =  x0*sin(theta) + x1*cos(theta) - v0

    Objective:
        f(x) = s*(a*u^2 + b*v^2 + c*u*v + d*u + e*v)
             + r*(sin(w*u) + 0.5*sin(1.3*w*v))
             + eps*(u^3 - 0.7*v^3)
    """"""
    x = np.asarray(x, dtype=float).ravel()
    if x.shape[0] != 2:
        raise ValueError(""This benchmark function is defined for N=2 only (len(x)==2)."")

    x0, x1 = float(x[0]), float(x[1])

    # Rotation and shift
    theta = 0.65
    ct, st = np.cos(theta), np.sin(theta)
    u0, v0 = 0.9, -1.6

    u = x0 * ct - x1 * st - u0
    v = x0 * st + x1 * ct - v0

    # Quadratic core (kept as main structure)
    a, b, c = 0.90, 1.35, 0.60
    d, e = 0.05, -0.03

    # Scale increased to better match objective spread (fitness_std)
    s = 0.050

    # Add a small non-quadratic ripple to avoid an overly perfect quadratic regression
    r = 0.006
    w = 2.2

    ripple = np.sin(w * u) + 0.5 * np.sin(1.3 * w * v)

    # Tiny odd perturbation: mild skewness while preserving mostly quadratic shape
    eps = 1.8e-4
    skew = u**3 - 0.7 * v**3

    quad = a * u * u + b * v * v + c * u * v
    lin = d * u + e * v

    return float(s * (quad + lin) + r * ripple + eps * skew)",0.4031107353199452,"
    Deterministic 2D rotated landscape:
      - primary term: a rotated shifted full quadratic with interaction (u*v)
      - secondary term: a small sinusoidal ripple to reduce near-perfect quadratic fit
      - tiny odd (cubic) perturbation to induce mild positive skewness

    Let (x0,x1) be rotated into (u,v) with theta=0.65 and shift (u0,v0):
        u =  x0*cos(theta) - x1*sin(theta) - u0
        v =  x0*sin(theta) + x1*cos(theta) - v0

    Objective:
        f(x) = s*(a*u^2 + b*v^2 + c*u*v + d*u + e*v)
             + r*(sin(w*u) + 0.5*sin(1.3*w*v))
             + eps*(u^3 - 0.7*v^3)
    ",,,,6,2,0.3194287336985553,0.18991417061966034,0.906759742961783,0.8749221344167678,0.4368583594447301,0.5260011417632292,0.9183874734418249,0.999968143907955
"import numpy as np

def problem(x: np.ndarray) -> float:
    """"""
    2D synthetic benchmark: shifted full quadratic base plus a small,
    coupled nonlinear perturbation.

    Let u = x0 - 0.30, v = x1 + 1.70. Define
        Q(u,v) = a*u^2 + b*v^2 + c*u*v + d*u + e*v
        P(u,v) = p*sin(alpha*u + beta*v) + r*(u^3 - 3*u*v^2)
        f(x) = scale * (Q + P)

    The quadratic base keeps meta quad-model fit high, while P breaks
    exact quadraticity to avoid perfect full-quadratic adjusted R^2.
    """"""
    x = np.asarray(x, dtype=float)
    if x.shape != (2,):
        raise ValueError(""Input x must be a 1D array of shape (2,) for this benchmark."")

    u = float(x[0] - 0.30)
    v = float(x[1] + 1.70)

    # Full quadratic base (with interaction)
    a = 1.25
    b = 1.60
    c = 0.95
    d = -0.25
    e = 0.20
    Q = a * u * u + b * v * v + c * u * v + d * u + e * v

    # Smaller, coupled nonlinear perturbation (less separable periodicity)
    p = 0.10
    alpha = 1.35
    beta = -0.85

    r = 0.030
    P = p * np.sin(alpha * u + beta * v) + r * (u**3 - 3.0 * u * v * v)

    # Increase overall spread without making the landscape too chaotic
    scale = 0.78

    return float(scale * (Q + P))",0.4107885750418891,"
    2D synthetic benchmark: shifted full quadratic base plus a small,
    coupled nonlinear perturbation.

    Let u = x0 - 0.30, v = x1 + 1.70. Define
        Q(u,v) = a*u^2 + b*v^2 + c*u*v + d*u + e*v
        P(u,v) = p*sin(alpha*u + beta*v) + r*(u^3 - 3*u*v^2)
        f(x) = scale * (Q + P)

    The quadratic base keeps meta quad-model fit high, while P breaks
    exact quadraticity to avoid perfect full-quadratic adjusted R^2.
    ",,,,6,2,0.26853518969192436,0.20568302967096214,0.9231072702760837,0.8764574486639073,0.503104552090882,0.5612587247750062,0.9424175922360538,0.9999906229154185
"import numpy as np

def problem(x: np.ndarray) -> float:
    """"""
    2D synthetic benchmark: shifted polynomial surface with a full quadratic core
    (including an interaction term), plus very small symmetric non-quadratic terms
    to slightly reduce the exact quadratic explainability.

    Let u = x0 - 1.2, v = x1 + 1.7. The objective is:
        f(u,v) = (a*u^2 + b*v^2 + c*u*v) + (d*u + e*v)
               + eps2*(sin(k*u) + sin(k*v))
               + eps4*(u^4 + v^4)
    returned as  scale * f(u,v).
    """"""
    x = np.asarray(x, dtype=float).ravel()
    if x.shape[0] != 2:
        raise ValueError(""This benchmark is defined for 2D inputs (len(x)==2)."")

    u = x[0] - 1.2
    v = x[1] + 1.7

    # Quadratic core (dominant). Reduced interaction slightly so ""quad_simple""
    # (no u*v) is not overly explained, while ""quad_w_interact"" remains high.
    a = 0.065
    b = 0.075
    c = 0.030
    d = 0.035
    e = -0.022

    # Keep non-quadratic effects small and mostly symmetric to reduce skewness.
    eps2 = 0.009
    k = 1.2

    # Symmetric quartic term to prevent the full-quadratic model from becoming
    # almost perfectly exact on the sampled points (avoid adj_r2 == 1.0).
    eps4 = 1.2e-4

    f = (a * u * u + b * v * v + c * u * v) + (d * u + e * v)
    f += eps2 * (np.sin(k * u) + np.sin(k * v))
    f += eps4 * (u**4 + v**4)

    return float(0.96 * f)",0.3875716048028904,"
    2D synthetic benchmark: shifted polynomial surface with a full quadratic core
    (including an interaction term), plus very small symmetric non-quadratic terms
    to slightly reduce the exact quadratic explainability.

    Let u = x0 - 1.2, v = x1 + 1.7. The objective is:
        f(u,v) = (a*u^2 + b*v^2 + c*u*v) + (d*u + e*v)
               + eps2*(sin(k*u) + sin(k*v))
               + eps4*(u^4 + v^4)
    returned as  scale * f(u,v).
    ",,,,6,2,0.23654823158361218,0.2933167611397947,0.9152879931694414,0.8543298302073511,0.4114793500993679,0.4740834739259251,0.9458665548347962,0.9998820052103596
"import numpy as np

def problem(x: np.ndarray) -> float:
    """"""
    Deterministic 2D shifted landscape on u=x0-xc, v=x1-yc:
        f(u,v) = s * [ p*u + q*v
                       + a*u^2 + b*v^2 + c*u*v
                       + r*sin(k*u) + r2*cos(k2*v) ]
    Uses only a quadratic core plus small separable periodic ripples (no cubic term),
    with a global scale factor s to tune objective-value dispersion.
    """"""
    x = np.asarray(x, dtype=float).ravel()
    if x.shape[0] != 2:
        raise ValueError(""This benchmark is defined for 2D inputs (len(x)==2)."")

    # Shifted coordinates (breaks symmetry but keeps determinism)
    xc, yc = 1.1, -1.7
    u = x[0] - xc
    v = x[1] - yc

    # Scale to raise fitness_std without overwhelming quadratic structure
    s = 0.14

    # Reduce linear dominance (tune lin_* adj-R2 downward)
    p = 0.010
    q = -0.006

    # Quadratic core: increase interaction term to lower quad_simple adj-R2,
    # while keeping full quadratic predictability high.
    a = 0.055
    b = 0.075
    c = 0.135

    # Keep distribution skewness lower by avoiding odd (cubic) terms;
    # add small symmetric periodic ripples to prevent perfect quadratic fit.
    r = 0.0105
    k = 3.2
    r2 = 0.0075
    k2 = 2.3

    quad = a * u * u + b * v * v + c * u * v
    lin = p * u + q * v
    ripple = r * np.sin(k * u) + r2 * np.cos(k2 * v)

    return s * (lin + quad + ripple)",0.6076828360534184,"
    Deterministic 2D shifted landscape on u=x0-xc, v=x1-yc:
        f(u,v) = s * [ p*u + q*v
                       + a*u^2 + b*v^2 + c*u*v
                       + r*sin(k*u) + r2*cos(k2*v) ]
    Uses only a quadratic core plus small separable periodic ripples (no cubic term),
    with a global scale factor s to tune objective-value dispersion.
    ",,,,6,2,0.41759461174416135,0.18053352786777138,0.6917931594728485,0.9039567433875381,0.11519950014288924,0.7636318986213638,0.372975131692463,0.9999595915795914
"import numpy as np

def problem(x: np.ndarray) -> float:
    """"""
    2D deterministic synthetic benchmark in shifted coordinates (u=x0-1.2, v=x1+1.7).

    Objective = (full quadratic + linear) with a *very small* odd cubic (to control skewness)
    and symmetric sinusoidal ripples (to slightly degrade quadratic model fits):

        f(u,v) = (a*u^2 + b*v^2 + c*u*v) + (d*u + e*v)
                 + eps1*u^3
                 + eps2*sin(k*u) + eps2*sin(k*v)

    Returns a scaled value to control the overall fitness standard deviation.
    """"""
    x = np.asarray(x, dtype=float).ravel()
    if x.shape[0] != 2:
        raise ValueError(""This benchmark is defined for 2D inputs (len(x)==2)."")

    u = x[0] - 1.2
    v = x[1] + 1.7

    # Quadratic core tuned to increase quad_simple adj_r2 (reduce interaction strength c)
    a = 0.050
    b = 0.046
    c = 0.030

    # Larger linear component to raise lin_simple adj_r2 (but quadratic still dominant overall)
    d = 0.060
    e = -0.040

    # Keep skewness low via a much smaller odd term
    eps1 = 0.0015  # odd cubic amplitude

    # Add symmetric non-quadratic ripples to reduce perfect quadratic explainability
    eps2 = 0.030   # ripple amplitude
    k = 1.1

    f = (a * u * u + b * v * v + c * u * v) + (d * u + e * v)
    f += eps1 * (u ** 3)
    f += eps2 * np.sin(k * u) + eps2 * np.sin(k * v)

    # Scale to increase fitness std (skewness is mostly scale-invariant)
    return float(1.80 * f)",0.473714437164549,"
    2D deterministic synthetic benchmark in shifted coordinates (u=x0-1.2, v=x1+1.7).

    Objective = (full quadratic + linear) with a *very small* odd cubic (to control skewness)
    and symmetric sinusoidal ripples (to slightly degrade quadratic model fits):

        f(u,v) = (a*u^2 + b*v^2 + c*u*v) + (d*u + e*v)
                 + eps1*u^3
                 + eps2*sin(k*u) + eps2*sin(k*v)

    Returns a scaled value to control the overall fitness standard deviation.
    ",,,,6,2,0.3185169371810231,0.2706298374716669,0.9106301464629036,0.845873075547445,0.18365265835427544,0.37551577142643705,0.8203166454922085,0.9976205602404921
"import numpy as np

def problem(x: np.ndarray) -> float:
    """"""
    Deterministic 2D shifted benchmark mixing:
      - dominant full quadratic: a*u^2 + b*v^2 + c*u*v
      - small linear terms: p*u + q*v (to increase linear-model explainability)
      - reduced odd asymmetry: g*u^3 (to control skewness)
      - mild non-quadratic ripples: r*(sin(k1*u) + 0.6*sin(k2*v))
    where (u,v) are shifted coordinates: u=x0-xc, v=x1-yc.
    """"""
    x = np.asarray(x, dtype=float).ravel()
    if x.shape[0] != 2:
        raise ValueError(""This benchmark is defined for 2D inputs (len(x)==2)."")

    xc, yc = 1.5, -2.0
    u = x[0] - xc
    v = x[1] - yc

    # Overall scaling (controls objective-value dispersion)
    s = 0.09

    # Dominant full quadratic (kept strong to preserve high quad adj-R2)
    a = 0.075
    b = 0.095
    c = 0.060

    # Small linear terms (improve linear-model fit without dominating)
    p = 0.030
    q = -0.025

    # Reduced odd perturbation (to lower skewness vs previous version)
    g = 0.0023

    # Mild, multi-direction ripple (to prevent perfect quadratic explainability)
    r = 0.0060
    k1 = 1.10
    k2 = 0.90

    quad = a * u * u + b * v * v + c * u * v
    lin = p * u + q * v
    odd = g * u * u * u
    ripple = r * (np.sin(k1 * u) + 0.6 * np.sin(k2 * v))

    return s * (quad + lin + odd + ripple)",0.354248273893154,"
    Deterministic 2D shifted benchmark mixing:
      - dominant full quadratic: a*u^2 + b*v^2 + c*u*v
      - small linear terms: p*u + q*v (to increase linear-model explainability)
      - reduced odd asymmetry: g*u^3 (to control skewness)
      - mild non-quadratic ripples: r*(sin(k1*u) + 0.6*sin(k2*v))
    where (u,v) are shifted coordinates: u=x0-xc, v=x1-yc.
    ",,,,6,2,0.29151137364413116,0.2706190725540954,0.9179548738221561,0.8700149514597983,0.3885120113131823,0.557006603779988,0.8451416635597665,0.9999870130482031
"import numpy as np

def problem(x: np.ndarray) -> float:
    """"""
    2D synthetic benchmark: shifted full quadratic base plus a structured nonlinear term.

    Let u = x0 - 0.30, v = x1 + 1.70.
        Q(u,v) = a*u^2 + b*v^2 + c*u*v + d*u + e*v
        P(u,v) = s*sin(k1*u)*cos(k2*v) + t*(u^4 + v^4)
    Then f(x) = scale * (Q(u,v) + P(u,v)).

    The quadratic base preserves high quadratic-with-interaction explainability,
    while the bounded nonlinear term prevents the full quadratic fit from being exact.
    """"""
    x = np.asarray(x, dtype=float)
    if x.shape != (2,):
        raise ValueError(""Input x must be a 1D array of shape (2,) for this benchmark."")

    u = float(x[0] - 0.30)
    v = float(x[1] + 1.70)

    # Full quadratic base (with interaction)
    a = 1.25
    b = 1.65
    c = 1.05
    d = -0.45
    e = 0.30
    Q = a * u * u + b * v * v + c * u * v + d * u + e * v

    # Nonlinear perturbation (reduced skew risk: more symmetric, bounded term)
    s = 0.18
    k1 = 2.9
    k2 = 2.0

    # Small hard-to-fit (but very small) higher-order component to avoid perfect quad-R2
    t = 0.0022
    P = s * np.sin(k1 * u) * np.cos(k2 * v) + t * (u**4 + v**4)

    # Increase spread a bit vs previous version to better match fitness_std target
    scale = 0.75

    return float(scale * (Q + P))",0.403437843709253,"
    2D synthetic benchmark: shifted full quadratic base plus a structured nonlinear term.

    Let u = x0 - 0.30, v = x1 + 1.70.
        Q(u,v) = a*u^2 + b*v^2 + c*u*v + d*u + e*v
        P(u,v) = s*sin(k1*u)*cos(k2*v) + t*(u^4 + v^4)
    Then f(x) = scale * (Q(u,v) + P(u,v)).

    The quadratic base preserves high quadratic-with-interaction explainability,
    while the bounded nonlinear term prevents the full quadratic fit from being exact.
    ",,,,6,2,0.32476867695841205,0.17552336875555338,0.912942566647141,0.8837866116007119,0.47860928246726536,0.6065142603308453,0.8837932115463742,0.9999570925001241
"import numpy as np

def problem(x: np.ndarray) -> float:
    """"""
    Deterministic 2D shifted landscape with reduced “pure quadratic”
    explanatory power by adding coupled nonlinear terms.

    Let u = x0 - 1.5, v = x1 + 2.0. Define
      f(u,v) = s * ( L + Q + R ),
    where
      L = p*u + q*v,
      Q = a*u^2 + b*v^2 + c*u*v,
      R = g*u^3
          + r1*sin(k1*u) + r2*cos(k2*v)
          + r3*sin(k3*u*v)
    (all terms deterministic).
    """"""
    x = np.asarray(x, dtype=float).ravel()
    if x.shape[0] != 2:
        raise ValueError(""This benchmark is defined for 2D inputs (len(x)==2)."")

    # Shift to create a nontrivial basin location
    xc, yc = 1.5, -2.0
    u = x[0] - xc
    v = x[1] - yc

    # Scale up to increase overall fitness spread
    s = 0.12

    # Keep a mild linear component (not too dominant)
    p = 0.009
    q = -0.006

    # Quadratic core (moderate, but not overly dominant)
    a = 0.058
    b = 0.082
    c = 0.030

    # Reduce skewness contribution (cubic is small and can be partially balanced)
    g = 0.0010

    # Increase nonlinear/ripple contributions (especially coupled u*v term)
    r1 = 0.012
    k1 = 2.0
    r2 = 0.010
    k2 = 1.7
    r3 = 0.020
    k3 = 1.15

    L = p * u + q * v
    Q = a * u * u + b * v * v + c * u * v
    R = g * u * u * u + r1 * np.sin(k1 * u) + r2 * np.cos(k2 * v) + r3 * np.sin(k3 * u * v)

    return s * (L + Q + R)",0.40674050285127394,"
    Deterministic 2D shifted landscape with reduced “pure quadratic”
    explanatory power by adding coupled nonlinear terms.

    Let u = x0 - 1.5, v = x1 + 2.0. Define
      f(u,v) = s * ( L + Q + R ),
    where
      L = p*u + q*v,
      Q = a*u^2 + b*v^2 + c*u*v,
      R = g*u^3
          + r1*sin(k1*u) + r2*cos(k2*v)
          + r3*sin(k3*u*v)
    (all terms deterministic).
    ",,,,6,2,0.2378346056004461,0.27457476654696195,0.9223922033258708,0.880953473915176,0.5580221776710561,0.6120077882429241,0.9533522327349451,0.9997620069075304
"import numpy as np

def problem(x: np.ndarray) -> float:
    """"""
    Deterministic shifted 2D landscape:
        u = x0 - xc, v = x1 - yc
        f(x) = s * [ a u^2 + b v^2 + c u v
                     + d u + e v
                     + g u^3
                     + r1 sin(k1 u) + r2 sin(k2 v) ].
    Core is a full quadratic bowl with small odd (u^3) skew and small axis-coupled
    sinusoidal ripples to avoid a perfect quadratic fit.
    """"""
    x = np.asarray(x, dtype=float).ravel()
    if x.shape[0] != 2:
        raise ValueError(""This benchmark is defined for 2D inputs (len(x)==2)."")

    xc, yc = 1.5, -2.0
    u = x[0] - xc
    v = x[1] - yc

    # Increase overall dispersion to raise fitness_std
    s = 0.085

    # Quadratic core (dominant but not too ""perfect"" with added ripples)
    a = 0.070
    b = 0.095
    c = 0.060

    # Small linear terms to improve linear adj-R2 without destroying quadratic fit
    d = 0.0032
    e = -0.0021

    # Reduced odd term to lower skewness
    g = 0.0018

    # Slightly stronger, less axis-aligned non-quadratic ripples
    r1, k1 = 0.0055, 1.15
    r2, k2 = 0.0030, 0.90

    quad = a * u * u + b * v * v + c * u * v
    lin = d * u + e * v
    odd = g * u * u * u
    ripple = r1 * np.sin(k1 * u) + r2 * np.sin(k2 * v)

    return s * (quad + lin + odd + ripple)",0.3485630782160598,"
    Deterministic shifted 2D landscape:
        u = x0 - xc, v = x1 - yc
        f(x) = s * [ a u^2 + b v^2 + c u v
                     + d u + e v
                     + g u^3
                     + r1 sin(k1 u) + r2 sin(k2 v) ].
    Core is a full quadratic bowl with small odd (u^3) skew and small axis-coupled
    sinusoidal ripples to avoid a perfect quadratic fit.
    ",,,,6,2,0.2717656060662618,0.25186170487253434,0.9123277239206564,0.8714228934380369,0.43618256847296094,0.5943650131474921,0.8550688348616319,0.999989638549959
"import numpy as np

def problem(x: np.ndarray) -> float:
    """"""
    2D deterministic shifted landscape with a dominant full quadratic plus controlled
    non-quadratic and skew-inducing perturbations.

    Let u = x0 - xc, v = x1 - yc. The objective is
      f(x) = s * ( a*u^2 + b*v^2 + c*u*v
                 + d*u + e*v                  [small linear part]
                 + g*u^3                      [odd term -> skewness]
                 + r1*sin(k1*u) + r2*sin(k2*v) [non-quadratic ripples -> reduce pure quadratic fit]
                 + q*(u^4 + v^4) )           [small quartic -> keeps quad_w_interact adj_R2 < 1]
    """"""
    x = np.asarray(x, dtype=float).ravel()
    if x.shape[0] != 2:
        raise ValueError(""This benchmark is defined for 2D inputs (len(x)==2)."")

    xc, yc = 1.5, -2.0
    u = x[0] - xc
    v = x[1] - yc

    # Overall scaling (controls fitness dispersion / fitness_std)
    s = 0.075

    # Dominant full quadratic (provides high quad fits while leaving room for perturbations)
    a = 0.075
    b = 0.095
    c = 0.080

    # Small linear terms to increase linear-model adjusted R^2
    d = 0.010
    e = 0.006

    # Reduced odd perturbation to lower skewness
    g = 0.0022

    # Non-quadratic ripples to prevent perfect quadratic recoverability
    r1 = 0.007
    k1 = 1.3
    r2 = 0.0045
    k2 = 2.0

    # Small quartic part to reduce the full-quadratic adjusted R^2 from ~1
    q = 2.0e-4

    quad = a * u * u + b * v * v + c * u * v
    lin = d * u + e * v
    odd = g * u * u * u
    ripple = r1 * np.sin(k1 * u) + r2 * np.sin(k2 * v)
    quart = q * (u ** 4 + v ** 4)

    return s * (quad + lin + odd + ripple + quart)",0.3672999595224161,"
    2D deterministic shifted landscape with a dominant full quadratic plus controlled
    non-quadratic and skew-inducing perturbations.

    Let u = x0 - xc, v = x1 - yc. The objective is
      f(x) = s * ( a*u^2 + b*v^2 + c*u*v
                 + d*u + e*v                  [small linear part]
                 + g*u^3                      [odd term -> skewness]
                 + r1*sin(k1*u) + r2*sin(k2*v) [non-quadratic ripples -> reduce pure quadratic fit]
                 + q*(u^4 + v^4) )           [small quartic -> keeps quad_w_interact adj_R2 < 1]
    ",,,,6,2,0.3108864569694273,0.21850419514284117,0.9160620534317423,0.8749835345620455,0.3663774751150311,0.5889258047399482,0.7932809106656369,0.9999240561063866
"import numpy as np

def problem(x: np.ndarray) -> float:
    """"""
    Deterministic 2D nearly-quadratic benchmark with dominant interaction.

    Let (u,v) = (x0-2, x1+1). The function is:
        f(u,v) = s * ( Q(u,v) + eps4*u^2*v^2 + eps3*u^3 )
    where the quadratic core is
        Q(u,v) = a*u^2 + b*v^2 + c*u*v + d*u + e*v.
    The small quartic term (u^2*v^2) prevents exact quadratic fitting, while the
    cubic term (u^3) introduces controlled (positive) skewness.
    """"""
    x = np.asarray(x, dtype=float).ravel()
    if x.shape[0] != 2:
        raise ValueError(""This benchmark is defined for 2D inputs (len(x)==2)."")

    u = x[0] - 2.0
    v = x[1] + 1.0

    # Quadratic core with strong interaction so quad_simple (no u*v) is weaker,
    # while quad_w_interact remains very strong (near-perfect but not exact due to perturbations).
    a = 0.055
    b = 0.018
    c = 0.090
    d = -0.020
    e = 0.030

    # Small perturbations to avoid perfect adjusted R^2 == 1.0
    eps4 = 8.0e-4   # quartic
    eps3 = 2.2e-4   # cubic (controls skewness)

    s = 0.22  # overall scaling to yield moderate objective-value dispersion on [-5,5]^2

    Q = a * u * u + b * v * v + c * u * v + d * u + e * v
    f = Q + eps4 * (u * u) * (v * v) + eps3 * (u ** 3)

    return float(s * f)",0.44712236844117104,"
    Deterministic 2D nearly-quadratic benchmark with dominant interaction.

    Let (u,v) = (x0-2, x1+1). The function is:
        f(u,v) = s * ( Q(u,v) + eps4*u^2*v^2 + eps3*u^3 )
    where the quadratic core is
        Q(u,v) = a*u^2 + b*v^2 + c*u*v + d*u + e*v.
    The small quartic term (u^2*v^2) prevents exact quadratic fitting, while the
    cubic term (u^3) introduces controlled (positive) skewness.
    ",,,,7,2,0.4401785775819384,0.28408265421028717,0.39457395473162715,0.9153506288806856,0.29927250880407613,0.752253157308912,0.5492899257022539,1.0
"import numpy as np

def problem(x: np.ndarray) -> float:
    """"""
    2D synthetic benchmark: a nearly exact *full quadratic* in a shifted/rotated
    coordinate system, plus a very small non-quadratic correction to induce mild
    skewness and keep the full-quadratic model from being perfect.

    Let (u,v) = R(x - x_shift) with a fixed rotation R. Define the full quadratic
    with interaction:
        Q(u,v) = a*u^2 + b*v^2 + c*u*v + d*u + e*v + f0
    The objective is
        f(x) = s*( Q(u,v) + alpha*u^3 + beta*(u*v)*exp(-gamma*(u^2+v^2)) )
    where alpha and beta are small (non-quadratic, deterministic perturbations).
    """"""
    x = np.asarray(x, dtype=float).ravel()
    if x.shape != (2,):
        raise ValueError(""Input x must be a 1D array of shape (2,) for this benchmark."")

    # Shift + rotation (different style than previous solutions: linear algebra form)
    x_shift = np.array([1.65, -0.95], dtype=float)
    theta = 0.78
    ct, st = np.cos(theta), np.sin(theta)
    R = np.array([[ct, -st],
                  [st,  ct]], dtype=float)

    u, v = (R @ (x - x_shift)).astype(float)

    # Full quadratic core with strong interaction (so quad_w_interact >> quad_simple)
    a = 0.95
    b = 0.70
    c = 0.85
    d = -0.22
    e = 0.30
    f0 = 0.05

    Q = a*u*u + b*v*v + c*u*v + d*u + e*v + f0

    # Small deterministic non-quadratic terms:
    # - alpha*u^3 controls mild (asymmetric) skewness
    # - beta*(u*v)*exp(-gamma*(u^2+v^2)) introduces localized curvature break
    alpha = 0.012
    beta = 0.028
    gamma = 0.40

    corr = alpha*(u**3) + beta*(u*v)*np.exp(-gamma*(u*u + v*v))

    # Global scaling to moderate fitness spread on [-5,5]^2
    s = 0.52
    return float(s * (Q + corr))",0.4627914403130102,"
    2D synthetic benchmark: a nearly exact *full quadratic* in a shifted/rotated
    coordinate system, plus a very small non-quadratic correction to induce mild
    skewness and keep the full-quadratic model from being perfect.

    Let (u,v) = R(x - x_shift) with a fixed rotation R. Define the full quadratic
    with interaction:
        Q(u,v) = a*u^2 + b*v^2 + c*u*v + d*u + e*v + f0
    The objective is
        f(x) = s*( Q(u,v) + alpha*u^3 + beta*(u*v)*exp(-gamma*(u^2+v^2)) )
    where alpha and beta are small (non-quadratic, deterministic perturbations).
    ",,,,7,2,0.31832667997611047,0.19457831219114521,0.866145711265778,0.9071411596131638,0.6423971134841431,0.6489284379641529,0.9918228115537403,0.9999999576236006
"import numpy as np

def problem(x: np.ndarray) -> float:
    """"""
    Deterministic 2D synthetic benchmark built as a nearly full *quadratic with a strong
    interaction* term (u*v), with very small non-quadratic components to tune skewness
    and prevent a perfect quadratic fit.

    Let (u,v) be a shift of (x0,x1):
        u = x0 - 0.6
        v = x1 + 1.1

    Objective (scaled):
        f(x) = s * [ A*u^2 + B*v^2 + C*u*v ]
               + s * [ 0.02*u^3 + eps*( sin(2.3*u) + 0.7*cos(1.7*v) ) ]

    The dominant interaction C*u*v is intended to make the interaction-free quadratic
    model fit (quad_simple) substantially worse than the full quadratic model fit
    (quad_w_interact).
    """"""
    x = np.asarray(x, dtype=float).ravel()
    if x.shape[0] != 2:
        raise ValueError(""This benchmark is defined for N=2 inputs (len(x)==2)."")

    x0, x1 = float(x[0]), float(x[1])
    u = x0 - 0.6
    v = x1 + 1.1

    # Overall scale (controls dispersion / fitness_std)
    s = 1.25

    # Strong interaction, weak univariate quadratics (to reduce quad_simple fit)
    A = 0.020
    B = 0.030
    C = 0.120

    quad = A * u * u + B * v * v + C * u * v

    # Small odd term to induce slight positive skewness
    odd = 0.02 * (u ** 3)

    # Tiny periodic ripples (break exact quadratic structure, but keep quad_w_interact high)
    eps = 0.008
    ripple = eps * (np.sin(2.3 * u) + 0.7 * np.cos(1.7 * v))

    return float(s * (quad + odd + ripple))",1.150743865116819,"
    Deterministic 2D synthetic benchmark built as a nearly full *quadratic with a strong
    interaction* term (u*v), with very small non-quadratic components to tune skewness
    and prevent a perfect quadratic fit.

    Let (u,v) be a shift of (x0,x1):
        u = x0 - 0.6
        v = x1 + 1.1

    Objective (scaled):
        f(x) = s * [ A*u^2 + B*v^2 + C*u*v ]
               + s * [ 0.02*u^3 + eps*( sin(2.3*u) + 0.7*cos(1.7*v) ) ]

    The dominant interaction C*u*v is intended to make the interaction-free quadratic
    model fit (quad_simple) substantially worse than the full quadratic model fit
    (quad_w_interact).
    ",,,,7,2,-0.0033643695352029196,1.3713689700451126,0.3352079409484656,0.9177092392893771,0.5789666738197433,0.9275815117110962,0.6059092794200073,0.9999848828660832
"import numpy as np

def problem(x: np.ndarray) -> float:
    """"""
    Deterministic 2D synthetic landscape built from a *rotated* quadratic bowl plus
    a small non-quadratic sinusoidal interaction and a weak cubic skew term.

    Let x = (x0, x1). Rotate/scale to (y0, y1):
        y0 = 0.8*x0 - 0.6*x1
        y1 = 0.6*x0 + 0.8*x1

    Define
        Q = a*y0^2 + b*y1^2 + c*y0*y1 + d*y0 + e*y1
        R = amp * sin(alpha*y0) * sin(beta*y1)          (non-quadratic interaction)
        S = skew * y0^3                                 (odd term -> skewness)
        P = amp4 * (y0^4 + y1^4)                        (tiny higher-order to avoid perfect quadratic fit)

    Objective:
        f(x) = s * ( Q + R + S + P )
    """"""
    x = np.asarray(x, dtype=float).ravel()
    if x.shape[0] != 2:
        raise ValueError(""This benchmark is defined for 2D inputs (len(x)==2)."")

    x0, x1 = x[0], x[1]

    # Rotate (so it is structurally different from axis-aligned shifted quadratics)
    y0 = 0.8 * x0 - 0.6 * x1
    y1 = 0.6 * x0 + 0.8 * x1

    # Core quadratic with a strong cross term (improves quad_w_interact vs quad_simple)
    a = 1.00
    b = 0.75
    c = 0.55

    # Very small linear terms (keeps lin_simple low, but allows some contribution)
    d = 0.010
    e = -0.007

    # Weak cubic skew around the rotated axis y0
    skew = 0.030

    # Small non-quadratic interaction (sin * sin) to keep quadratic fits < 1
    amp = 0.060
    alpha = 1.15
    beta = 0.85

    # Tiny quartic for additional deviation from a pure quadratic model
    amp4 = 0.0018

    # Overall scaling to control fitness dispersion
    s = 0.35

    Q = a * y0 * y0 + b * y1 * y1 + c * y0 * y1 + d * y0 + e * y1
    R = amp * np.sin(alpha * y0) * np.sin(beta * y1)
    S = skew * (y0 ** 3)
    P = amp4 * (y0 ** 4 + y1 ** 4)

    return float(s * (Q + R + S + P))",0.7983183849180889,"
    Deterministic 2D synthetic landscape built from a *rotated* quadratic bowl plus
    a small non-quadratic sinusoidal interaction and a weak cubic skew term.

    Let x = (x0, x1). Rotate/scale to (y0, y1):
        y0 = 0.8*x0 - 0.6*x1
        y1 = 0.6*x0 + 0.8*x1

    Define
        Q = a*y0^2 + b*y1^2 + c*y0*y1 + d*y0 + e*y1
        R = amp * sin(alpha*y0) * sin(beta*y1)          (non-quadratic interaction)
        S = skew * y0^3                                 (odd term -> skewness)
        P = amp4 * (y0^4 + y1^4)                        (tiny higher-order to avoid perfect quadratic fit)

    Objective:
        f(x) = s * ( Q + R + S + P )
    ",,,,7,2,0.19159287679787884,0.3142767789917642,0.8928557345822837,0.7996209426013232,0.013299796243738797,0.014931184659628408,0.9878515017987629,0.9998970877841765
"import numpy as np

def problem(x: np.ndarray) -> float:
    """"""
    Synthetic 2D benchmark with a dominant rotated full-quadratic core plus
    structured local “bumps” (Gaussian terms) to introduce controlled
    non-quadratic effects and reduce perfect quadratic explainability.

    Let x = (x0,x1). Shift and rotate to coordinates (u,w):
        (u,w) = R * ((x0-xc),(x1-yc)),  where R is a 2D rotation.
    The objective is
        f = s * [ (quad in u,w, including u*w interaction)
                  + (linear in u,w)
                  + A+ * exp(-((u-u0)^2+(w-w0)^2)/(2*sig^2))
                  + A- * exp(-((u+u0)^2+(w-w0)^2)/(2*sig^2)) ]
    where the last two terms create localized non-quadratic structure while
    keeping the global shape largely quadratic.
    """"""
    x = np.asarray(x, dtype=float).ravel()
    if x.shape[0] != 2:
        raise ValueError(""This benchmark is defined for 2D inputs (len(x)==2)."")

    # Shift
    xc, yc = -0.8, 1.1
    dx0 = x[0] - xc
    dx1 = x[1] - yc

    # Rotate (ensures non-axis-aligned quadratic structure)
    theta = 0.65  # radians
    cth = np.cos(theta)
    sth = np.sin(theta)
    u = cth * dx0 - sth * dx1
    w = sth * dx0 + cth * dx1

    # Overall scale (controls fitness dispersion)
    s = 0.11

    # Dominant full quadratic core (high quad explainability, but not perfect)
    au = 0.080
    aw = 0.070
    auw = 0.055  # u*w interaction

    # Linear drift (moderate linear explainability)
    lu = -0.016
    lw = 0.013

    quad = au * u * u + aw * w * w + auw * u * w
    lin = lu * u + lw * w

    # Localized Gaussian bumps (structured non-quadraticity)
    # Positive and negative bumps reduce the chance of an exact quadratic fit,
    # and allow nontrivial nearest-better connectivity structure.
    u0, w0 = 1.05, -0.55
    sig = 0.95
    A_plus = 0.090
    A_minus = -0.070

    r1 = (u - u0) * (u - u0) + (w - w0) * (w - w0)
    r2 = (u + u0) * (u + u0) + (w - w0) * (w - w0)

    gauss = A_plus * np.exp(-0.5 * r1 / (sig * sig)) + A_minus * np.exp(-0.5 * r2 / (sig * sig))

    # Slightly mix in a smooth ""cubic-ish"" symmetric correction to tune skewness
    # (kept small to preserve high quadratic models).
    # Symmetric in sign (uses even powers) with a mild odd component controlled by u.
    eps = 0.0025
    symmetric_odd_tune = eps * (u * u) * (u * 0.25 + w * 0.10)

    return float(s * (quad + lin + gauss + symmetric_odd_tune))",0.5140783289815195,"
    Synthetic 2D benchmark with a dominant rotated full-quadratic core plus
    structured local “bumps” (Gaussian terms) to introduce controlled
    non-quadratic effects and reduce perfect quadratic explainability.

    Let x = (x0,x1). Shift and rotate to coordinates (u,w):
        (u,w) = R * ((x0-xc),(x1-yc)),  where R is a 2D rotation.
    The objective is
        f = s * [ (quad in u,w, including u*w interaction)
                  + (linear in u,w)
                  + A+ * exp(-((u-u0)^2+(w-w0)^2)/(2*sig^2))
                  + A- * exp(-((u+u0)^2+(w-w0)^2)/(2*sig^2)) ]
    where the last two terms create localized non-quadratic structure while
    keeping the global shape largely quadratic.
    ",,,,7,2,0.22818382554451236,0.2639640394817,0.8868454721090084,0.8427362960213833,0.2750561838248857,0.27659560806214384,0.9987241707836738,0.9998006169496664
"import numpy as np

def problem(x: np.ndarray) -> float:
    """"""
    Deterministic 2D synthetic benchmark with a rotated, shifted quadratic
    (including a uv interaction) plus small bounded non-quadratic terms.

    Let (u,v) be a rotation+shift of x:
        [u, v]^T = R @ (x - [xc, yc]) ,
    where R is a fixed 2D rotation matrix.

    Objective:
        f = (A u^2 + B v^2 + C u v) + (D u + E v)
            + alpha * (u^3 / (1 + u^2))              # bounded odd term -> controlled skew
            + beta  * (sin(omega * (u + 0.7*v))^2)  # smooth periodic ripple -> breaks exact quad fit

    A global scale is applied to keep objective magnitudes moderate on [-5,5]^2.
    """"""
    x = np.asarray(x, dtype=float).ravel()
    if x.shape[0] != 2:
        raise ValueError(""This benchmark is defined for 2D inputs (len(x)==2)."")

    # Shift
    xc, yc = 0.8, -1.3
    xs = x - np.array([xc, yc], dtype=float)

    # Rotation (fixed, deterministic)
    theta = 0.65  # radians
    ct, st = np.cos(theta), np.sin(theta)
    u = ct * xs[0] + st * xs[1]
    v = -st * xs[0] + ct * xs[1]

    # Quadratic core (dominant, with interaction)
    A = 0.085
    B = 0.060
    C = 0.050
    D = -0.018
    E = 0.026

    quad = (A * u * u + B * v * v + C * u * v) + (D * u + E * v)

    # Small bounded odd term to induce slight skewness without blowing up
    alpha = 0.075
    odd_bounded = alpha * (u**3 / (1.0 + u*u))

    # Smooth non-quadratic ripple to prevent perfect quadratic explainability
    beta = 0.020
    omega = 1.35
    ripple = beta * (np.sin(omega * (u + 0.7 * v)) ** 2)

    s = 1.8  # overall scaling for a moderate fitness std on [-5,5]^2
    return float(s * (quad + odd_bounded + ripple))",0.40090208400204524,"
    Deterministic 2D synthetic benchmark with a rotated, shifted quadratic
    (including a uv interaction) plus small bounded non-quadratic terms.

    Let (u,v) be a rotation+shift of x:
        [u, v]^T = R @ (x - [xc, yc]) ,
    where R is a fixed 2D rotation matrix.

    Objective:
        f = (A u^2 + B v^2 + C u v) + (D u + E v)
            + alpha * (u^3 / (1 + u^2))              # bounded odd term -> controlled skew
            + beta  * (sin(omega * (u + 0.7*v))^2)  # smooth periodic ripple -> breaks exact quad fit

    A global scale is applied to keep objective magnitudes moderate on [-5,5]^2.
    ",,,,7,2,0.30226228781352166,0.25499432949404965,0.9312659860735749,0.8673548477166019,0.4592355567895361,0.540645220240935,0.9291923953009021,0.9998145198169515
"import numpy as np

def problem(x: np.ndarray) -> float:
    """"""
    Nonconvex 2D benchmark built as a *mixture of two full quadratics* (with
    interaction term u*v) plus small cubic and sinusoidal perturbations.

    Let (x0,x1) be the input and define shifted coordinates:
        u = x0 + 1.2,   v = x1 - 0.7
    Primary full quadratic:
        Q1 = a*u^2 + b*v^2 + c*u*v + d*u + e*v
    Secondary full quadratic (different center) to induce landscape
    irregularity / nearest-better structure:
        Q2 = a*(u-u2)^2 + b*(v-v2)^2 + c*(u-u2)*(v-v2) + d2*(u-u2) + e2*(v-v2)
    Objective:
        f(x) = s*( Q1 + w*Q2 ) + eps*(u^3 + 0.5*v^3) + eta*(sin(k*u) + 0.7*sin(k*v))
    """"""
    x = np.asarray(x, dtype=float).ravel()
    if x.shape[0] != 2:
        raise ValueError(""This benchmark is defined for 2D inputs (len(x)==2)."")

    x0, x1 = float(x[0]), float(x[1])

    # Shifts (keep well inside [-5,5]^2 typical domains)
    u = x0 + 1.2
    v = x1 - 0.7

    # Primary quadratic parameters (full quadratic with interaction)
    a, b, c = 1.05, 0.82, 0.62
    d, e = -0.18, 0.11

    Q1 = a * u * u + b * v * v + c * u * v + d * u + e * v

    # Secondary quadratic with different center (mixture to affect ELA connectivity)
    u2, v2 = 2.0, -1.5
    d2, e2 = 0.22, -0.16
    uu, vv = u - u2, v - v2
    Q2 = a * uu * uu + b * vv * vv + c * uu * vv + d2 * uu + e2 * vv

    # Perturbations: cubic tilt (controls skewness) + small sinusoidal ripples
    w = 0.22         # secondary weight (kept small to preserve high quadratic explainability)
    s = 0.022       # overall scale (controls fitness_value dispersion)
    eps = 0.0042    # cubic perturbation magnitude (skewness)
    eta = 0.0105    # sinusoidal ripple amplitude (breaks perfect quadratic fit)
    k = 1.35

    cubic = u**3 + 0.5 * v**3
    ripple = np.sin(k * u) + 0.7 * np.sin(k * v)

    return float(s * (Q1 + w * Q2) + eps * cubic + eta * ripple)",0.43998780675715676,"
    Nonconvex 2D benchmark built as a *mixture of two full quadratics* (with
    interaction term u*v) plus small cubic and sinusoidal perturbations.

    Let (x0,x1) be the input and define shifted coordinates:
        u = x0 + 1.2,   v = x1 - 0.7
    Primary full quadratic:
        Q1 = a*u^2 + b*v^2 + c*u*v + d*u + e*v
    Secondary full quadratic (different center) to induce landscape
    irregularity / nearest-better structure:
        Q2 = a*(u-u2)^2 + b*(v-v2)^2 + c*(u-u2)*(v-v2) + d2*(u-u2) + e2*(v-v2)
    Objective:
        f(x) = s*( Q1 + w*Q2 ) + eps*(u^3 + 0.5*v^3) + eta*(sin(k*u) + 0.7*sin(k*v))
    ",,,,7,2,0.42329682924039436,0.1628704987608706,0.8867536437107931,0.8947037081779278,0.47057460789446004,0.5421591642352509,0.9044372655771125,0.999720626254371
"import numpy as np

def problem(x: np.ndarray) -> float:
    """"""
    Deterministic 2D shifted-and-scaled benchmark built from:
      - a dominant full quadratic in shifted coordinates (u=x0-xc, v=x1-yc),
      - plus small *even* non-quadratic ripples using sin/cos to prevent a perfect
        quadratic fit (so quad_w_interact adj-R2 < 1),
      - plus a small linear drift to keep linear-model adj-R2 at a moderate level,
      - no random terms; fully deterministic.

    Form:
      f(x) = s * [ a u^2 + b v^2 + c u v  + d u + e v
                   + eps * ( sin(k*u)^2 + 0.7*sin(m*v)^2 + 0.12*cos((k+m)*u*v) ) ]
    where u=x0-xc, v=x1-yc.
    """"""
    x = np.asarray(x, dtype=float).ravel()
    if x.shape[0] != 2:
        raise ValueError(""This benchmark is defined for 2D inputs (len(x)==2)."")

    xc, yc = 1.5, -2.0
    u = x[0] - xc
    v = x[1] - yc

    # Scaling to target a relatively high objective-value dispersion
    s = 0.105

    # Dominant full quadratic: moderate interaction to keep quad_simple adj-R2 lower
    a = 0.070
    b = 0.085
    c = 0.038

    # Linear drift: enough to make linear models explain some variance,
    # but not so large that the landscape becomes mostly linear
    d = 0.018
    e = -0.012

    # Small even ripples (mostly symmetric) to keep skewness low while
    # slightly degrading perfect quadratic explainability
    eps = 0.0105
    k = 1.25
    m = 0.85

    ripples = (np.sin(k * u) ** 2) + 0.7 * (np.sin(m * v) ** 2)
    # A very small multiplicative cosine term introduces subtle nonlinearity
    ripples += 0.12 * np.cos((k + m) * (u * v))

    return s * (a * u * u + b * v * v + c * u * v + d * u + e * v + eps * ripples)",0.364717309901384,"
    Deterministic 2D shifted-and-scaled benchmark built from:
      - a dominant full quadratic in shifted coordinates (u=x0-xc, v=x1-yc),
      - plus small *even* non-quadratic ripples using sin/cos to prevent a perfect
        quadratic fit (so quad_w_interact adj-R2 < 1),
      - plus a small linear drift to keep linear-model adj-R2 at a moderate level,
      - no random terms; fully deterministic.

    Form:
      f(x) = s * [ a u^2 + b v^2 + c u v  + d u + e v
                   + eps * ( sin(k*u)^2 + 0.7*sin(m*v)^2 + 0.12*cos((k+m)*u*v) ) ]
    where u=x0-xc, v=x1-yc.
    ",,,,7,2,0.21303262000626397,0.3042481883713562,0.9082435085658105,0.8739787947951794,0.503194381977861,0.5758683564751229,0.9362079173407937,0.9999871457801485
"import numpy as np

def problem(x: np.ndarray) -> float:
    """"""
    Deterministic 2D benchmark built from:
      - a dominant full quadratic (includes an interaction term u*v),
      - moderate linear drift (u and v),
      - small symmetric non-quadratic curvature via even quartic terms:
          (u*v)^2 and (u^4+v^4).

    Let u = x0 - 1.0, v = x1 + 0.5. The objective is:
        f(x) = s * [ a u^2 + b v^2 + c u v + d u + e v
                     + g (u v)^2 + h (u^4 + v^4) ].
    """"""
    x = np.asarray(x, dtype=float).ravel()
    if x.shape[0] != 2:
        raise ValueError(""This benchmark is defined for 2D inputs (len(x)==2)."")

    u = x[0] - 1.0
    v = x[1] + 0.5

    # Overall scale (controls objective-value dispersion)
    s = 0.65

    # Dominant full quadratic (with a noticeable interaction u*v)
    a = 0.085
    b = 0.095
    c = 0.070
    d = 0.020
    e = -0.018

    # Small symmetric (even) nonlinearities to prevent a perfect quadratic fit
    g = 0.0024      # (u*v)^2 term (interaction-induced nonlinearity)
    h = 0.0009      # axis quartic curvature

    f = (a * u * u + b * v * v + c * u * v + d * u + e * v
         + g * (u * v) ** 2 + h * (u ** 4 + v ** 4))

    return float(s * f)",0.5364209777448903,"
    Deterministic 2D benchmark built from:
      - a dominant full quadratic (includes an interaction term u*v),
      - moderate linear drift (u and v),
      - small symmetric non-quadratic curvature via even quartic terms:
          (u*v)^2 and (u^4+v^4).

    Let u = x0 - 1.0, v = x1 + 0.5. The objective is:
        f(x) = s * [ a u^2 + b v^2 + c u v + d u + e v
                     + g (u v)^2 + h (u^4 + v^4) ].
    ",,,,7,2,0.30070885328580904,0.23479725158995296,0.8882168070908811,0.8334801038179547,0.16409762562147012,0.2765606401838456,0.887255990683925,0.9988146908229089
"import numpy as np

def problem(x: np.ndarray) -> float:
    """"""
    Synthetic 2D global-optimization benchmark on [-5,5]^2.

    Let (u,v) be shifted variables:
        u = x0 - 0.8,  v = x1 + 1.3

    Define two different full quadratic basins (each includes interaction u*v):
        Q1(u,v) = a1*u^2 + b1*v^2 + c1*u*v + d1*u + e1*v
        Q2(u,v) = a2*u^2 + b2*v^2 + c2*u*v + d2*u + e2*v

    Combine them with a *soft switching* weight depending on which quadratic is smaller:
        w(u,v) = sigmoid( k * (Q2 - Q1) ),  sigmoid(t)=1/(1+exp(-t))

    Then add a small odd perturbation to induce mild skewness (non-quadraticity):
        P(u) = beta * (u^3)

    Objective:
        f(x) = s * ( w*Q1 + (1-w)*Q2 + P(u) )

    This yields a largely quadratic landscape with interaction, but not perfectly
    representable by a single global quadratic-with-interactions model.
    """"""
    x = np.asarray(x, dtype=float).ravel()
    if x.shape != (2,):
        raise ValueError(""Input x must be a 1D array of shape (2,) for this benchmark."")

    u = x[0] - 0.8
    v = x[1] + 1.3

    # Two distinct quadratic basins (different curvature/interaction/linear terms)
    a1, b1, c1 = 0.62, 0.88, 0.55
    d1, e1 = -0.35, 0.22

    a2, b2, c2 = 0.78, 0.76, -0.30
    d2, e2 = 0.18, -0.28

    Q1 = a1 * u * u + b1 * v * v + c1 * u * v + d1 * u + e1 * v
    Q2 = a2 * u * u + b2 * v * v + c2 * u * v + d2 * u + e2 * v

    # Soft switching between basins; introduces structured non-quadraticity
    k = 1.35
    t = k * (Q2 - Q1)
    # numerically stable sigmoid
    w = np.where(t >= 0, 1.0 / (1.0 + np.exp(-t)), np.exp(t) / (1.0 + np.exp(t)))

    # Small odd perturbation for mild skewness and to prevent exact quadratic fit
    beta = 0.035

    s = 0.55  # overall scaling controlling objective spread on [-5,5]^2
    f = s * (w * Q1 + (1.0 - w) * Q2 + beta * (u ** 3))
    return float(f)",0.3868893399338037,"
    Synthetic 2D global-optimization benchmark on [-5,5]^2.

    Let (u,v) be shifted variables:
        u = x0 - 0.8,  v = x1 + 1.3

    Define two different full quadratic basins (each includes interaction u*v):
        Q1(u,v) = a1*u^2 + b1*v^2 + c1*u*v + d1*u + e1*v
        Q2(u,v) = a2*u^2 + b2*v^2 + c2*u*v + d2*u + e2*v

    Combine them with a *soft switching* weight depending on which quadratic is smaller:
        w(u,v) = sigmoid( k * (Q2 - Q1) ),  sigmoid(t)=1/(1+exp(-t))

    Then add a small odd perturbation to induce mild skewness (non-quadraticity):
        P(u) = beta * (u^3)

    Objective:
        f(x) = s * ( w*Q1 + (1-w)*Q2 + P(u) )

    This yields a largely quadratic landscape with interaction, but not perfectly
    representable by a single global quadratic-with-interactions model.
    ",,,,7,2,0.23401173220549296,0.3695141492473305,0.9173462943714276,0.8405452016762871,0.4451946102748278,0.47060033458830197,0.9444444545282547,0.9872360632257381
"import numpy as np

def problem(x: np.ndarray) -> float:
    """"""
    Deterministic 2D rotated shifted-quadratic with tiny structured residuals.

    Let (u,v) be a rotation/shift of (x0,x1):
        u = (x0-xc)*cos(theta) + (x1-yc)*sin(theta)
        v = -(x0-xc)*sin(theta) + (x1-yc)*cos(theta)

    Landscape:
        f(x) = s * [ a*u^2 + b*v^2 + c*u*v          (dominant full quadratic)
                    + d*u + e*v                    (linear drift)
                    + p*sin(k*u) + q*cos(m*v)     (small periodic residual)
                    + r*u^3 ]                      (very small odd term to tune skewness)
    """"""
    x = np.asarray(x, dtype=float).ravel()
    if x.shape[0] != 2:
        raise ValueError(""This benchmark function is defined for N=2 (len(x)==2)."")

    x0, x1 = float(x[0]), float(x[1])

    # Shift + rotation (different formulation than axis-aligned quadratics)
    xc, yc = -1.2, 1.6
    theta = 0.9
    ct, st = np.cos(theta), np.sin(theta)

    dx0, dx1 = x0 - xc, x1 - yc
    u = dx0 * ct + dx1 * st
    v = -dx0 * st + dx1 * ct

    # Dominant quadratic with interaction (to keep quad_w_interact high,
    # while quad_simple is degraded by substantial u*v term)
    a = 0.62
    b = 0.34
    c = 0.95

    # Mild linear drift (moderate linear explainability)
    d = 0.18
    e = -0.12

    # Small, structured residuals to prevent perfect quadratic explainability
    # and to tune distribution skewness away from 0
    s = 0.105
    p = 0.008
    k = 1.35
    q = 0.006
    m = 1.15
    r = 0.0016

    quad = a * u * u + b * v * v + c * u * v + d * u + e * v
    residual = p * np.sin(k * u) + q * np.cos(m * v) + r * (u ** 3)

    return float(s * (quad + residual))",0.4430553058649953,"
    Deterministic 2D rotated shifted-quadratic with tiny structured residuals.

    Let (u,v) be a rotation/shift of (x0,x1):
        u = (x0-xc)*cos(theta) + (x1-yc)*sin(theta)
        v = -(x0-xc)*sin(theta) + (x1-yc)*cos(theta)

    Landscape:
        f(x) = s * [ a*u^2 + b*v^2 + c*u*v          (dominant full quadratic)
                    + d*u + e*v                    (linear drift)
                    + p*sin(k*u) + q*cos(m*v)     (small periodic residual)
                    + r*u^3 ]                      (very small odd term to tune skewness)
    ",,,,8,2,0.324142572204531,0.18037422081994564,0.8668395237913403,0.9069108856955402,0.5800379116072624,0.5835952326416476,0.9984249254463079,0.9999996308580845
"import numpy as np

def problem(x: np.ndarray) -> float:
    """"""
    Deterministic 2D rotated/shifted landscape: a *full quadratic with strong interaction*
    (to keep quad_w_interact very high while making quad_simple noticeably lower),
    plus (i) a small odd cubic term to introduce mild positive skewness and (ii) a tiny
    cosine ripple to prevent an exact quadratic fit.

    Let (u,v) be rotated+shifted coordinates:
        u =  (x0-xc)*cos(theta) - (x1-yc)*sin(theta)
        v =  (x0-xc)*sin(theta) + (x1-yc)*cos(theta)

    Objective:
        f(x) = s*( a*u^2 + b*v^2 + c*u*v + d*u + e*v )
               + g*u^3
               + t*(cos(k*u) + 0.5*cos(k*v))
    for x in [-5,5]^2.
    """"""
    x = np.asarray(x, dtype=float).ravel()
    if x.shape[0] != 2:
        raise ValueError(""This benchmark function is defined for N=2 only (len(x)==2)."")

    x0, x1 = float(x[0]), float(x[1])

    # Rotation/shift (different from the exact prior templates: new parameters/backbone instance)
    xc, yc = -0.7, 1.1
    theta = 1.02
    ct, st = np.cos(theta), np.sin(theta)
    u = (x0 - xc) * ct - (x1 - yc) * st
    v = (x0 - xc) * st + (x1 - yc) * ct

    # Quadratic part: emphasize interaction c to degrade quad_simple explainability
    a, b, c = 0.55, 0.40, 0.95
    d, e = 0.12, -0.08

    # Scale: controls fitness dispersion (fitness_std)
    s = 0.42

    # Mild positive skewness via u^3 (small enough to keep quadratic fits strong)
    g = 0.020

    # Tiny ripple to keep quad_w_interact adj-R2 < 1 while remaining high
    t = 0.018
    k = 2.6

    quad = a * u * u + b * v * v + c * u * v + d * u + e * v
    skew = g * (u ** 3)
    ripple = t * (np.cos(k * u) + 0.5 * np.cos(k * v))

    return float(s * quad + skew + ripple)",0.4690768830439107,"
    Deterministic 2D rotated/shifted landscape: a *full quadratic with strong interaction*
    (to keep quad_w_interact very high while making quad_simple noticeably lower),
    plus (i) a small odd cubic term to introduce mild positive skewness and (ii) a tiny
    cosine ripple to prevent an exact quadratic fit.

    Let (u,v) be rotated+shifted coordinates:
        u =  (x0-xc)*cos(theta) - (x1-yc)*sin(theta)
        v =  (x0-xc)*sin(theta) + (x1-yc)*cos(theta)

    Objective:
        f(x) = s*( a*u^2 + b*v^2 + c*u*v + d*u + e*v )
               + g*u^3
               + t*(cos(k*u) + 0.5*cos(k*v))
    for x in [-5,5]^2.
    ",,,,8,2,0.4665039314465131,0.10631229206217638,0.8806596030446431,0.9093716089459762,0.43908522807726,0.665210965639081,0.7562037139895105,0.999991613206104
"import numpy as np

def problem(x: np.ndarray) -> float:
    """"""
    Synthetic 2D benchmark on [-5,5]^2 built from a *quadratic backbone*
    blended smoothly between two full quadratics plus two small non-quadratic
    perturbations.

    Let (u,v) be shifted:
        u = x0 - 1.1,  v = x1 + 0.6

    Define two full quadratics Q1 and Q2 (each includes an interaction u*v).
    Smooth blending uses a log-sum-exp weight (soft-min):
        w = exp(-rho*Q1) / (exp(-rho*Q1) + exp(-rho*Q2))
        Qblend = w*Q1 + (1-w)*Q2

    Add:
      - an asymmetric Gaussian bump (non-quadratic, mostly localized)
      - a localized skew term (non-quadratic but small)

    Objective:
        f(x) = s * ( Qblend + ag*exp(-k*((u-uo)^2 + (v-vo)^2))
                         + a_skew * (v-vo) * exp(-k2*u^2) )

    This preserves high quadratic explainability (especially with interactions),
    while controlling skewness via the localized asymmetric terms.
    """"""
    x = np.asarray(x, dtype=float).ravel()
    if x.shape != (2,):
        raise ValueError(""Input x must be a 1D array of shape (2,)."")

    u = x[0] - 1.1
    v = x[1] + 0.6

    # Full quadratic backbone (interaction present)
    # Q1
    Q1 = (
        0.62 * u * u
        + 0.78 * v * v
        + 0.53 * u * v
        - 0.22 * u
        + 0.15 * v
    )
    # Q2 (slightly different curvature/linear terms to induce structured non-quadraticity)
    us = u + 0.35
    vs = v - 0.25
    Q2 = (
        0.58 * us * us
        + 0.86 * vs * vs
        - 0.44 * us * vs
        + 0.10 * us
        - 0.13 * vs
    )

    # Smooth blend: soft-min style
    rho = 0.65
    a1 = np.exp(-rho * Q1)
    a2 = np.exp(-rho * Q2)
    w = a1 / (a1 + a2)

    Qblend = w * Q1 + (1.0 - w) * Q2

    # Small non-quadratic localized terms
    # Asymmetric Gaussian bump (controls skewness and fitness dispersion without breaking quadratic fits too much)
    uo, vo = 0.25, -0.05
    ag = 0.045
    k = 4.6
    gauss = ag * np.exp(-k * ((u - uo) ** 2 + (v - vo) ** 2))

    # Localized skew term: odd in (v-vo) but damped by u, very mild overall
    a_skew = 0.020
    k2 = 2.8
    skew = a_skew * (v - vo) * np.exp(-k2 * (u ** 2))

    # Global scaling to keep values within a reasonable spread on [-5,5]^2
    s = 0.48

    return float(s * (Qblend + gauss + skew))",0.44654521559497196,"
    Synthetic 2D benchmark on [-5,5]^2 built from a *quadratic backbone*
    blended smoothly between two full quadratics plus two small non-quadratic
    perturbations.

    Let (u,v) be shifted:
        u = x0 - 1.1,  v = x1 + 0.6

    Define two full quadratics Q1 and Q2 (each includes an interaction u*v).
    Smooth blending uses a log-sum-exp weight (soft-min):
        w = exp(-rho*Q1) / (exp(-rho*Q1) + exp(-rho*Q2))
        Qblend = w*Q1 + (1-w)*Q2

    Add:
      - an asymmetric Gaussian bump (non-quadratic, mostly localized)
      - a localized skew term (non-quadratic but small)

    Objective:
        f(x) = s * ( Qblend + ag*exp(-k*((u-uo)^2 + (v-vo)^2))
                         + a_skew * (v-vo) * exp(-k2*u^2) )

    This preserves high quadratic explainability (especially with interactions),
    while controlling skewness via the localized asymmetric terms.
    ",,,,8,2,0.17634445119920394,0.43899337616661227,0.8791666063025925,0.8259424084256222,0.3272760292681262,0.331893381267738,0.957171711288849,0.9847909646827887
"import numpy as np

def problem(x: np.ndarray) -> float:
    """"""
    Deterministic 2D benchmark on x in [-5,5]^2.

    Rotate/shift:
      (y0,y1) = R * (x - c),  with R a fixed 2D rotation and c a shift.
    Then use a partially dominant quadratic plus controlled non-quadratic structure:

      f(x) = s * [ Q(y0,y1)
                   + a4*(y0^4 + y1^4)/12
                   + eps * (sin(k*y0) + sin(m*y1))^2
                   + t3*y1^3
                 ]

    where Q includes a full quadratic form with linear terms:
      Q = q0*y0^2 + q1*y1^2 + q2*y0*y1 + l0*y0 + l1*y1.
    The added quartic + sinusoidal-even ripple prevent a near-perfect
    quadratic regression (quad_w_interact adj-R2 < 1), while the small cubic
    term induces mild skewness.
    """"""
    x = np.asarray(x, dtype=float).ravel()
    if x.shape[0] != 2:
        raise ValueError(""This benchmark is defined for 2D inputs (len(x)==2)."")

    # Shift and rotate (different backbone than prior sinusoidal/quadratic-only forms)
    c0, c1 = -0.7, 1.3
    th = 0.55
    ct, st = np.cos(th), np.sin(th)

    z0 = x[0] - c0
    z1 = x[1] - c1
    y0 = ct * z0 - st * z1
    y1 = st * z0 + ct * z1

    # Scaling
    s = 0.11

    # Full quadratic with moderate interaction and linear drift
    q0 = 0.085
    q1 = 0.095
    q2 = 0.060
    l0 = 0.020
    l1 = -0.015
    Q = q0 * y0 * y0 + q1 * y1 * y1 + q2 * y0 * y1 + l0 * y0 + l1 * y1

    # Non-quadratic (even) quartic to reduce quadratic explainability
    a4 = 0.065
    quartic = (y0**4 + y1**4) / 12.0

    # Non-quadratic (even) sinusoidal ripple via squared sum (keeps skew low)
    eps = 0.012
    k = 1.35
    m = 0.95
    ripple = (np.sin(k * y0) + np.sin(m * y1))**2

    # Small odd cubic to target mild positive skewness
    t3 = 0.010
    cubic = t3 * (y1**3)

    f = s * (Q + a4 * quartic + eps * ripple + cubic)
    return float(f)",0.5911235046543052,"
    Deterministic 2D benchmark on x in [-5,5]^2.

    Rotate/shift:
      (y0,y1) = R * (x - c),  with R a fixed 2D rotation and c a shift.
    Then use a partially dominant quadratic plus controlled non-quadratic structure:

      f(x) = s * [ Q(y0,y1)
                   + a4*(y0^4 + y1^4)/12
                   + eps * (sin(k*y0) + sin(m*y1))^2
                   + t3*y1^3
                 ]

    where Q includes a full quadratic form with linear terms:
      Q = q0*y0^2 + q1*y1^2 + q2*y0*y1 + l0*y0 + l1*y1.
    The added quartic + sinusoidal-even ripple prevent a near-perfect
    quadratic regression (quad_w_interact adj-R2 < 1), while the small cubic
    term induces mild skewness.
    ",,,,8,2,0.4454495129795932,0.07093343007842445,0.8951159874448085,0.8583108143465438,0.2951171179645284,0.29508907350012514,0.9079836419276824,0.9870140121370364
"import numpy as np

def problem(x: np.ndarray) -> float:
    """"""
    Deterministic 2D synthetic benchmark built from a rotated shifted quadratic
    plus a small even periodic modulation and a tiny odd tilt.

    Let z = R (x - c) with a fixed rotation matrix R. The objective is
        f(x) = S * ( Q(z0,z1)
                     + A * [1 - cos(b1*z0)] + A * [1 - cos(b2*z1)]
                     + G * [1 - cos(b3*(z0+z1))]
                     + T * z0^3 )
    where
        Q(z0,z1) = a*z0^2 + b*z1^2 + c*z0*z1 + d*z0 + e*z1.
    The periodic terms are even (cosine), so they mainly degrade perfect
    quadratic explainability without strongly increasing skewness; the small
    odd term z0^3 introduces controlled skew.
    """"""
    x = np.asarray(x, dtype=float).ravel()
    if x.shape[0] != 2:
        raise ValueError(""This benchmark is defined for 2D inputs (len(x)==2)."")

    # Shift and rotate (totally different backbone from previous sin-squared/ripples in u,v)
    c0, c1 = 1.1, -1.8
    dx0, dx1 = x[0] - c0, x[1] - c1

    theta = 0.55  # fixed rotation
    ct, st = np.cos(theta), np.sin(theta)
    z0 = ct * dx0 - st * dx1
    z1 = st * dx0 + ct * dx1

    # Quadratic core (dominant; includes interaction)
    a = 0.085
    b = 0.060
    c = 0.075
    d = 0.020
    e = -0.014

    Q = a * z0 * z0 + b * z1 * z1 + c * z0 * z1 + d * z0 + e * z1

    # Even periodic modulation to keep full-quadratic fit below perfect (adj-R2 < 1)
    A = 0.010
    b1 = 2.3
    b2 = 1.7
    b3 = 1.05
    periodic = A * (1.0 - np.cos(b1 * z0)) + A * (1.0 - np.cos(b2 * z1)) + 0.65 * A * (1.0 - np.cos(b3 * (z0 + z1)))

    # Tiny odd tilt to control skewness (kept small so quadratic dominance remains)
    T = 0.0032
    odd = T * (z0 ** 3)

    # Scale to yield a comparatively large fitness dispersion on [-5,5]^2
    S = 4.1

    return float(S * (Q + periodic + odd))",0.4989301181807502,"
    Deterministic 2D synthetic benchmark built from a rotated shifted quadratic
    plus a small even periodic modulation and a tiny odd tilt.

    Let z = R (x - c) with a fixed rotation matrix R. The objective is
        f(x) = S * ( Q(z0,z1)
                     + A * [1 - cos(b1*z0)] + A * [1 - cos(b2*z1)]
                     + G * [1 - cos(b3*(z0+z1))]
                     + T * z0^3 )
    where
        Q(z0,z1) = a*z0^2 + b*z1^2 + c*z0*z1 + d*z0 + e*z1.
    The periodic terms are even (cosine), so they mainly degrade perfect
    quadratic explainability without strongly increasing skewness; the small
    odd term z0^3 introduces controlled skew.
    ",,,,8,2,0.23619768362948296,0.3103416294107179,0.9007543393079374,0.8329613224687942,0.2163197668008229,0.2913682015847382,0.9175349939368528,0.9998583001532036
"import numpy as np

def problem(x: np.ndarray) -> float:
    """"""
    Shifted 2D landscape in (u,v) with a *full quadratic* backbone plus an
    interaction-driven nonlinear perturbation:

        u = x0 - xc
        v = x1 - yc

        f(x) = s * [ a*u^2 + b*v^2 + c*u*v           (full quadratic backbone)
                     + d*u + e*v                   (small linear drift)
                     + h * (u^2*v)                (odd mixed term -> controlled skew)
                     + p * sin(q*u*v)             (interaction ripple -> degrades simple quadratic
                                                   more than full quadratic) ]

    The quadratic backbone is intentionally dominant so that the full quadratic
    model (with interaction) fits well, while the nonlinear terms depend on u*v
    to reduce quad_simple explainability.
    """"""
    x = np.asarray(x, dtype=float).ravel()
    if x.shape[0] != 2:
        raise ValueError(""This benchmark is defined for 2D inputs (len(x)==2)."")

    xc, yc = -1.2, 2.3
    u = x[0] - xc
    v = x[1] - yc

    # Global scaling: controls overall fitness dispersion / fitness_std
    s = 0.12

    # Full quadratic backbone (with interaction)
    a = 0.085
    b = 0.075
    c = 0.065
    d = 0.018
    e = -0.012

    # Interaction-driven nonlinearity:
    # - h*u^2*v is odd in the mixed sense (controls skewness without dominating)
    # - sin(q*u*v) depends on the interaction only (hurts quad_simple more)
    h = 0.0040
    p = 0.028
    q = 1.55

    quad = a * u * u + b * v * v + c * u * v
    lin = d * u + e * v
    odd_mixed = h * (u * u) * v
    ripple = p * np.sin(q * u * v)

    return float(s * (quad + lin + odd_mixed + ripple))",0.3270436781521876,"
    Shifted 2D landscape in (u,v) with a *full quadratic* backbone plus an
    interaction-driven nonlinear perturbation:

        u = x0 - xc
        v = x1 - yc

        f(x) = s * [ a*u^2 + b*v^2 + c*u*v           (full quadratic backbone)
                     + d*u + e*v                   (small linear drift)
                     + h * (u^2*v)                (odd mixed term -> controlled skew)
                     + p * sin(q*u*v)             (interaction ripple -> degrades simple quadratic
                                                   more than full quadratic) ]

    The quadratic backbone is intentionally dominant so that the full quadratic
    model (with interaction) fits well, while the nonlinear terms depend on u*v
    to reduce quad_simple explainability.
    ",,,,8,2,0.22714590394976275,0.22944047770985998,0.8882062576328621,0.877806033548433,0.332711379960152,0.5889308189995579,0.7542779979631167,0.9997400344653001
"import numpy as np

def problem(x: np.ndarray) -> float:
    """"""
    2D rotated-and-shifted almost-quadratic benchmark.

    Let (u,v) be the coordinates obtained by rotating and shifting x:
        [u,v]^T = R * ([x0,x1]^T - [xc,yc]^T),  where R is a fixed 2D rotation.

    The objective is a dominant full quadratic plus a very small cubic perturbation:
        f(x) = s * ( u^2*a + v^2*b + u*v*c + d*u + e*v  +  g*u^3 )

    This keeps the landscape highly “quadratic” (high quad adj-R2) while the small
    cubic term controls distribution skewness and prevents a perfect quadratic fit.
    """"""
    x = np.asarray(x, dtype=float).ravel()
    if x.shape[0] != 2:
        raise ValueError(""This benchmark is defined for 2D inputs (len(x)==2)."")

    # Shift (different from prior shifts)
    xc, yc = -1.0, 2.2
    dx = x[0] - xc
    dy = x[1] - yc

    # Rotation (fixed, different backbone from pure axis-aligned shifts)
    theta = 0.55  # radians
    ct, st = np.cos(theta), np.sin(theta)
    u = ct * dx + st * dy
    v = -st * dx + ct * dy

    # Scale and dominant full quadratic form
    s = 0.085

    a = 0.085   # u^2 coefficient
    b = 0.070   # v^2 coefficient
    c = -0.055  # u*v interaction
    d = 0.018   # linear in u
    e = -0.015  # linear in v

    # Small cubic perturbation (controls skewness without destroying quadratic fit)
    g = 0.0016

    quad = a * u * u + b * v * v + c * u * v + d * u + e * v
    odd = g * (u ** 3)

    return float(s * (quad + odd))",0.4211615980091871,"
    2D rotated-and-shifted almost-quadratic benchmark.

    Let (u,v) be the coordinates obtained by rotating and shifting x:
        [u,v]^T = R * ([x0,x1]^T - [xc,yc]^T),  where R is a fixed 2D rotation.

    The objective is a dominant full quadratic plus a very small cubic perturbation:
        f(x) = s * ( u^2*a + v^2*b + u*v*c + d*u + e*v  +  g*u^3 )

    This keeps the landscape highly “quadratic” (high quad adj-R2) while the small
    cubic term controls distribution skewness and prevents a perfect quadratic fit.
    ",,,,8,2,0.25120800748926675,0.19753031825129236,0.8781201602454485,0.897816702533279,0.5717525503506953,0.5766047243498836,0.9922266981124711,1.0
"import numpy as np

def problem(x: np.ndarray) -> float:
    """"""
    2D shifted benchmark with a dominant full quadratic core plus structured
    (radial + ridge + cubic interaction) perturbations.

    Let u = x[0] - 0.7, v = x[1] + 0.9. Define:
      Q(u,v) = a*u^2 + b*v^2 + c*u*v + d*u + e*v
    Let r = sqrt(u^2 + v^2), and use a rotated ridge coordinate:
      t = 0.6*u + 0.8*v.
    The function is:
      f = s * [ Q(u,v)
                + p * r^3
                + q * sin(5.2*t)
                + w * (u*v*(u-v)) ]
    where p,q,w are small enough to keep the landscape mostly quadratic-dominated.
    """"""
    x = np.asarray(x, dtype=float).ravel()
    if x.shape[0] != 2:
        raise ValueError(""This benchmark is defined for 2D inputs (len(x)==2)."")

    u = x[0] - 0.7
    v = x[1] + 0.9

    # Dominant full quadratic core (shifted + linear + interaction)
    a, b, c = 0.070, 0.085, 0.060
    d, e = -0.012, 0.018
    Q = a * u * u + b * v * v + c * u * v + d * u + e * v

    # Structured deterministic perturbations
    r = np.sqrt(u * u + v * v)  # safe for all real u,v
    t = 0.6 * u + 0.8 * v       # rotated ridge direction

    p = 0.0032   # radial skew-control (via r^3)
    q = 0.0065   # ridge ripple to slightly reduce perfect quadratic explainability
    w = 0.0024   # cubic interaction tilt to tune skewness / local structure

    pert = p * (r ** 3) + q * np.sin(5.2 * t) + w * (u * v * (u - v))

    s = 0.95  # global scaling (keeps magnitudes moderate on [-5,5]^2)
    return float(s * (Q + pert))",0.4505820548922099,"
    2D shifted benchmark with a dominant full quadratic core plus structured
    (radial + ridge + cubic interaction) perturbations.

    Let u = x[0] - 0.7, v = x[1] + 0.9. Define:
      Q(u,v) = a*u^2 + b*v^2 + c*u*v + d*u + e*v
    Let r = sqrt(u^2 + v^2), and use a rotated ridge coordinate:
      t = 0.6*u + 0.8*v.
    The function is:
      f = s * [ Q(u,v)
                + p * r^3
                + q * sin(5.2*t)
                + w * (u*v*(u-v)) ]
    where p,q,w are small enough to keep the landscape mostly quadratic-dominated.
    ",,,,8,2,0.2516735984824608,0.26459919133127435,0.9116278325787798,0.8490831403000932,0.2577935373389506,0.36493367637172147,0.8998614015089372,0.9997984048097536
"import numpy as np

def problem(x: np.ndarray) -> float:
    """"""
    Shifted 2D synthetic landscape (deterministic), built from:
      - a linear drift,
      - a full quadratic form in shifted coordinates (includes an interaction u*v),
      - small *cubic cross* terms (u^2 v and u v^2) to prevent a perfect quadratic fit,
      - even (symmetry-preserving) periodic ripples to keep skewness moderate.

    Let u = x0 - xc, v = x1 - yc. We evaluate
        f(u,v) = s * [
            p*u + q*v
          + a*u^2 + b*v^2 + c*u*v
          + t*(u^2*v) + t2*(u*v^2)
          + r1*sin(k1*u)^2 + r2*sin(k2*v)^2
          + r3*cos(k3*u*v)
        ].
    """"""
    x = np.asarray(x, dtype=float).ravel()
    if x.shape[0] != 2:
        raise ValueError(""This benchmark is defined for 2D inputs (len(x)==2)."")

    xc, yc = -0.8, 1.1
    u = x[0] - xc
    v = x[1] - yc

    # Global scaling: increases objective dispersion on [-5,5]^2
    s = 0.14

    # Linear part: moderate (not dominant) to keep lin_* adj-R2 around target ranges
    p = 0.020
    q = -0.015

    # Full quadratic with comparatively strong interaction to reduce quad_simple adj-R2
    a = 0.075
    b = 0.060
    c = 0.095

    # Small cubic cross terms: breaks exact quadratic explainability (quad_w_interact < 1)
    # and helps shape nearest-better connectivity without dominating.
    t = 0.006
    t2 = -0.005

    # Even periodic ripples (sin^2) + weak multiplicative cosine to add non-quadratic structure
    r1 = 0.010
    r2 = 0.009
    k1 = 1.35
    k2 = 0.95

    r3 = 0.004
    k3 = 0.55

    lin = p * u + q * v
    quad = a * u * u + b * v * v + c * u * v
    cubic_cross = t * (u * u * v) + t2 * (u * v * v)
    ripples = r1 * (np.sin(k1 * u) ** 2) + r2 * (np.sin(k2 * v) ** 2) + r3 * np.cos(k3 * u * v)

    return float(s * (lin + quad + cubic_cross + ripples))",0.6756490733129833,"
    Shifted 2D synthetic landscape (deterministic), built from:
      - a linear drift,
      - a full quadratic form in shifted coordinates (includes an interaction u*v),
      - small *cubic cross* terms (u^2 v and u v^2) to prevent a perfect quadratic fit,
      - even (symmetry-preserving) periodic ripples to keep skewness moderate.

    Let u = x0 - xc, v = x1 - yc. We evaluate
        f(u,v) = s * [
            p*u + q*v
          + a*u^2 + b*v^2 + c*u*v
          + t*(u^2*v) + t2*(u*v^2)
          + r1*sin(k1*u)^2 + r2*sin(k2*v)^2
          + r3*cos(k3*u*v)
        ].
    ",,,,8,2,0.3800726382333016,0.36076788584957176,0.3519276840872109,0.8887941908064366,0.0017544027091733335,0.6559448613722384,0.3467491539453302,0.9999836472799036
"import numpy as np

def problem(x: np.ndarray) -> float:
    """"""
    Synthetic 2D benchmark on [-5,5]^2.

    Backbone: a shifted + rotated *full quadratic* (with an interaction term) in
    coordinates (u,v), plus structured *even* non-quadratic perturbations:
      f(x) = s * [ Q(u,v)
                   + epsA*(sin(k*u) + 0.6*sin(k2*v))
                   + epsB*(u^4 + v^4)
                   + wG*exp(-alpha*((u-xg)^2+(v-yg)^2))
                   + beta*u^3 ]

    where (u,v) are obtained by an orthonormal rotation of (x-x_center).
    The small beta*u^3 term is the only odd component to tune skewness.
    """"""
    x = np.asarray(x, dtype=float).ravel()
    if x.shape != (2,):
        raise ValueError(""Input x must be a 1D array of shape (2,) for this benchmark."")

    # Shift
    x0, y0 = 1.2, -1.7
    xs, ys = x[0] - x0, x[1] - y0

    # Rotate (orthonormal)
    theta = 0.63  # radians
    cth, sth = np.cos(theta), np.sin(theta)
    u = cth * xs + sth * ys
    v = -sth * xs + cth * ys

    # Full quadratic with interaction (dominant component)
    # Make curvature anisotropic + moderate interaction
    au, bv, cuv = 0.95, 1.25, 0.60  # curvature terms
    du, ev = 0.18, -0.10          # linear drift in rotated coords

    Q = au * (u * u) + bv * (v * v) + cuv * (u * v) + du * u + ev * v

    # Even structured ripples + mild localized bump (affects connectivity/FD stats)
    k, k2 = 1.45, 2.05
    epsA = 0.035
    ripples = np.sin(k * u) + 0.6 * np.sin(k2 * v)

    # Small quartic (keeps quadratic explainability high but not perfect)
    epsB = 0.0022
    quart = u**4 + v**4

    # Local even Gaussian bump (second ""feature"" to shape nearest-better graph)
    xg, yg = 0.9, -0.6
    alpha = 1.7
    wG = 0.10
    bump = np.exp(-alpha * ((u - xg) ** 2 + (v - yg) ** 2))

    # Small odd term to tune skewness (kept small to remain near-symmetric)
    beta = 0.0042

    # Global scaling controls overall fitness dispersion
    s = 0.085

    f = s * (Q + epsA * ripples + epsB * quart + wG * bump + beta * (u**3))
    return float(f)",0.4903968237888325,"
    Synthetic 2D benchmark on [-5,5]^2.

    Backbone: a shifted + rotated *full quadratic* (with an interaction term) in
    coordinates (u,v), plus structured *even* non-quadratic perturbations:
      f(x) = s * [ Q(u,v)
                   + epsA*(sin(k*u) + 0.6*sin(k2*v))
                   + epsB*(u^4 + v^4)
                   + wG*exp(-alpha*((u-xg)^2+(v-yg)^2))
                   + beta*u^3 ]

    where (u,v) are obtained by an orthonormal rotation of (x-x_center).
    The small beta*u^3 term is the only odd component to tune skewness.
    ",,,,8,2,0.3237395026466205,0.21422144068293,0.9218607657247458,0.9048384254357331,0.6370375135840718,0.6389620504952014,0.9951316774657186,0.9999627651410258
"import numpy as np

def problem(x: np.ndarray) -> float:
    """"""
    Deterministic 2D shifted mixed polynomial/trigonometric landscape:

      Let u = x0 - xc, v = x1 - yc. The objective is
      f(u,v) = s * [ L(u,v) + Q(u,v) + C(u,v) + T(u,v) ]

      L(u,v) = p*u + q*v
      Q(u,v) = a*u^2 + b*v^2 + c*u*v
      C(u,v) = d*(u^3 - v^3)         (anti-symmetric cubic to reduce skew)
      T(u,v) = r*sin(k*u) + r2*cos(k2*v) + m*u*v*sin(k3*(u+v))

    where all terms are smooth and computed exactly (no randomness).
    """"""
    x = np.asarray(x, dtype=float).ravel()
    if x.shape[0] != 2:
        raise ValueError(""This benchmark is defined for 2D inputs (len(x)==2)."")

    # Shift (keeps minimizer away from origin to make ELA more informative)
    xc, yc = 1.2, -1.8
    u = x[0] - xc
    v = x[1] - yc

    # Global scale to increase fitness std / spread over [-5,5]^2
    s = 0.11

    # Linear part (kept small but nonzero)
    p = 0.020
    q = -0.012

    # Quadratic core: reduce dominance so linear/quadratic fits are not near-perfect
    a = 0.052
    b = 0.070
    c = 0.028

    # Cubic anti-symmetric term: helps control skewness closer to target while
    # adding non-quadratic structure to lower quad_simple / quad_full R2.
    d = 0.018

    # Trigonometric / interaction ripples: increase ruggedness to move R2 away from 1
    r = 0.018
    k = 1.9
    r2 = 0.014
    k2 = 1.35

    # Interaction ripple to prevent full quadratic model from explaining everything
    m = 0.0065
    k3 = 1.1

    lin = p * u + q * v
    quad = a * u * u + b * v * v + c * u * v
    cubic = d * (u * u * u - v * v * v)
    trig = r * np.sin(k * u) + r2 * np.cos(k2 * v) + m * u * v * np.sin(k3 * (u + v))

    return s * (lin + quad + cubic + trig)",2.050212490540318,"
    Deterministic 2D shifted mixed polynomial/trigonometric landscape:

      Let u = x0 - xc, v = x1 - yc. The objective is
      f(u,v) = s * [ L(u,v) + Q(u,v) + C(u,v) + T(u,v) ]

      L(u,v) = p*u + q*v
      Q(u,v) = a*u^2 + b*v^2 + c*u*v
      C(u,v) = d*(u^3 - v^3)         (anti-symmetric cubic to reduce skew)
      T(u,v) = r*sin(k*u) + r2*cos(k2*v) + m*u*v*sin(k3*(u+v))

    where all terms are smooth and computed exactly (no randomness).
    ",,,,9,2,-0.20013566990335724,2.3156205270592785,0.6416702551146003,0.875673074794915,0.7740587266247378,0.8132555215995487,0.8101901458002823,0.9986946723906434
"import numpy as np

def problem(x: np.ndarray) -> float:
    """"""
    Deterministic 2D shifted smooth-but-rugged landscape.

    Let (u,v) = (x0-xc, x1-yc). The objective is
        f(u,v) = s * [ L(u,v) + Q(u,v) + R(u,v) ]

    with
        L(u,v) = p*u + q*v
        Q(u,v) = a*u^2 + b*v^2 + c*u*v           (general quadratic)
        R(u,v) = r1*sin(k1*u) + r2*cos(k2*v) + r3*sin(k3*u)*cos(k4*v)

    The periodic term R reduces overly-quadratic behavior (lowering quadratic model fits)
    while keeping skewness near-symmetric by avoiding a dominant odd-power term.
    """"""
    x = np.asarray(x, dtype=float).ravel()
    if x.shape[0] != 2:
        raise ValueError(""This benchmark is defined for 2D inputs (len(x)==2)."")

    xc, yc = 1.5, -2.0
    u = x[0] - xc
    v = x[1] - yc

    # Global scale: increase overall fitness spread
    s = 0.12

    # Linear component (moderate)
    p = 0.020
    q = -0.015

    # Quadratic core: reduce dominance so quad_simple won't be ~1
    a = 0.055
    b = 0.075
    c = 0.030

    # Remove dominant odd terms (improves skewness control)
    # Add coupled periodic terms to reduce quadratic model R^2
    r1 = 0.030
    k1 = 2.4
    r2 = 0.025
    k2 = 2.1
    r3 = 0.020
    k3 = 1.7
    k4 = 1.3

    L = p * u + q * v
    Q = a * u * u + b * v * v + c * u * v
    R = r1 * np.sin(k1 * u) + r2 * np.cos(k2 * v) + r3 * np.sin(k3 * u) * np.cos(k4 * v)

    return s * (L + Q + R)",0.39068424659009826,"
    Deterministic 2D shifted smooth-but-rugged landscape.

    Let (u,v) = (x0-xc, x1-yc). The objective is
        f(u,v) = s * [ L(u,v) + Q(u,v) + R(u,v) ]

    with
        L(u,v) = p*u + q*v
        Q(u,v) = a*u^2 + b*v^2 + c*u*v           (general quadratic)
        R(u,v) = r1*sin(k1*u) + r2*cos(k2*v) + r3*sin(k3*u)*cos(k4*v)

    The periodic term R reduces overly-quadratic behavior (lowering quadratic model fits)
    while keeping skewness near-symmetric by avoiding a dominant odd-power term.
    ",,,,9,2,0.22809674488803813,0.29031381858894795,0.9284079936453481,0.8807504550886354,0.5149525837974969,0.5790686321389773,0.9438036065834301,0.9993154378106195
"import numpy as np

def problem(x: np.ndarray) -> float:
    """"""
    2D shifted landscape (u=x0-xc, v=x1-yc) combining:
      - a dominant full quadratic: a*u^2 + b*v^2 + c*u*v
      - a modest linear drift: d*u + e*v
      - a weak odd term for controlled skew: g*u^3
      - non-quadratic deterministic ripples + mild symmetric absolute bump to
        prevent the full-quadratic model from fitting perfectly.

    f(x) = s * [ quad(u,v) + lin(u,v) + odd(u) + ripple(u,v) + sym_nq(u,v) ]
    with quad=a*u^2+b*v^2+c*u*v, lin=d*u+e*v, odd=g*u^3.
    """"""
    x = np.asarray(x, dtype=float).ravel()
    if x.shape[0] != 2:
        raise ValueError(""This benchmark is defined for 2D inputs (len(x)==2)."")

    xc, yc = 1.5, -2.0
    u = x[0] - xc
    v = x[1] - yc

    # Overall scaling: controls fitness dispersion (fitness_std)
    s = 0.115

    # Dominant full quadratic (keeps quad models strong but not perfect)
    a = 0.082
    b = 0.100
    c = 0.086

    # Increase linear influence to raise linear adjusted R^2
    d = 0.018
    e = 0.010

    # Reduce odd term amplitude to target lower skewness
    g = 0.0015

    # Non-quadratic components to reduce perfect quadratic recoverability
    # (ripples: oscillatory, mixed-frequency; absolute bump: symmetric)
    r1 = 0.010
    k1 = 1.7
    r2 = 0.007
    k2 = 2.6
    r3 = 0.005
    k3 = 1.1

    # Small quartic to further deviate from pure quadratic without dominating
    q = 3.5e-4

    # Symmetric nonlinearity (doesn't create skew, but adds non-quadratic structure)
    t_abs = 0.013  # abs(u) and abs(v) are symmetric around u=0,v=0

    quad = a * u * u + b * v * v + c * u * v
    lin = d * u + e * v
    odd = g * u * u * u

    ripple = (
        r1 * np.sin(k1 * u)
        + r2 * np.sin(k2 * v)
        + r3 * np.sin(k3 * (u - v))
    )

    quart = q * (u ** 4 + v ** 4)
    sym_nq = quart + t_abs * (np.abs(u) + 0.85 * np.abs(v))

    return s * (quad + lin + odd + ripple + sym_nq)",0.353615260401511,"
    2D shifted landscape (u=x0-xc, v=x1-yc) combining:
      - a dominant full quadratic: a*u^2 + b*v^2 + c*u*v
      - a modest linear drift: d*u + e*v
      - a weak odd term for controlled skew: g*u^3
      - non-quadratic deterministic ripples + mild symmetric absolute bump to
        prevent the full-quadratic model from fitting perfectly.

    f(x) = s * [ quad(u,v) + lin(u,v) + odd(u) + ripple(u,v) + sym_nq(u,v) ]
    with quad=a*u^2+b*v^2+c*u*v, lin=d*u+e*v, odd=g*u^3.
    ",,,,9,2,0.28407066361855254,0.2308417023447905,0.9125920559370785,0.8643722445942172,0.38026268372647176,0.5753020044534102,0.8191284304033523,0.9998041920631843
"import numpy as np

def problem(x: np.ndarray) -> float:
    """"""
    Deterministic 2D shifted landscape composed of a dominant full quadratic
    plus small linear terms, weak skew-inducing odd term, and controlled
    non-quadratic ripples (sine) and quartic smooth perturbations.

    For x=[x0,x1], define u=x0-xc, v=x1-yc with (xc,yc)=(1.5,-2.0). The function is

        f(x) = s * ( a u^2 + b v^2 + c u v
                      + d u + e v
                      + g u^3                       [skewness control]
                      + r1 sin(k1 u) + r2 sin(k2 v) + r3 sin(k3 u + k3' v)  [ripples]
                      + q (u^4 + v^4)              [keep quad-fit slightly < 1]
                    )
    """"""
    x = np.asarray(x, dtype=float).ravel()
    if x.shape[0] != 2:
        raise ValueError(""This benchmark is defined for 2D inputs (len(x)==2)."")

    xc, yc = 1.5, -2.0
    u = x[0] - xc
    v = x[1] - yc

    # Scaling: increases objective dispersion (fitness_std-like effect)
    s = 0.11

    # Dominant full quadratic (drives high quadratic meta-R2 values)
    a = 0.075
    b = 0.092
    c = 0.078

    # Small linear part (enables moderate linear meta-R2 values)
    d = 0.0095
    e = 0.0058

    # Weaken odd term to reduce skewness
    g = 0.0012

    # Ripples: increase non-quadraticity so full quadratic fit is < 1
    r1 = 0.010
    k1 = 1.35
    r2 = 0.0065
    k2 = 2.15

    # Mild coupled ripple to affect neighborhood structure/correlations
    r3 = 0.0022
    k3u = 1.9
    k3v = -1.2

    # Small quartic smooth perturbation (keeps quad_w_interact adj_r2 near, but not at, 1)
    q = 7.5e-4

    quad = a * u * u + b * v * v + c * u * v
    lin = d * u + e * v
    odd = g * (u ** 3)
    ripple = r1 * np.sin(k1 * u) + r2 * np.sin(k2 * v) + r3 * np.sin(k3u * u + k3v * v)
    quart = q * (u ** 4 + v ** 4)

    return s * (quad + lin + odd + ripple + quart)",0.3711584194297346,"
    Deterministic 2D shifted landscape composed of a dominant full quadratic
    plus small linear terms, weak skew-inducing odd term, and controlled
    non-quadratic ripples (sine) and quartic smooth perturbations.

    For x=[x0,x1], define u=x0-xc, v=x1-yc with (xc,yc)=(1.5,-2.0). The function is

        f(x) = s * ( a u^2 + b v^2 + c u v
                      + d u + e v
                      + g u^3                       [skewness control]
                      + r1 sin(k1 u) + r2 sin(k2 v) + r3 sin(k3 u + k3' v)  [ripples]
                      + q (u^4 + v^4)              [keep quad-fit slightly < 1]
                    )
    ",,,,9,2,0.2749822025505719,0.19285287901226278,0.909847119177909,0.8677036545879283,0.41928410098828106,0.560786078640329,0.8654232620438853,0.9993080983539511
"import numpy as np

def problem(x: np.ndarray) -> float:
    """"""
    Deterministic 2D synthetic benchmark: rotated full quadratic with interaction,
    plus stronger oscillatory (non-quadratic) components and a weaker odd term to
    control skewness.

    For x = (x0,x1), rotate/shift to (u,v):
        u = x0*cos(theta) - x1*sin(theta) - u0
        v = x0*sin(theta) + x1*cos(theta) - v0

    Objective:
        f(x) = A * (a*u^2 + b*v^2 + c*u*v + d*u + e*v)
             + B * (cos(p*u) + 0.7*cos(p*v) + 0.3*cos(p*(u-v)))
             + C * (sin(q*u) - 0.6*sin(q*v))
             + D * (u^3 - 0.6*v^3)

    This keeps the landscape largely quadratic (high quad fits) but degrades them
    with oscillations so that linear/quadratic ELA statistics are not overly perfect.
    """"""
    x = np.asarray(x, dtype=float).ravel()
    if x.shape[0] != 2:
        raise ValueError(""This benchmark function is defined for N=2 only (len(x)==2)."")

    x0, x1 = float(x[0]), float(x[1])

    # Rotation
    theta = 0.80
    ct, st = np.cos(theta), np.sin(theta)

    # Shift in rotated coordinates
    u0, v0 = 0.7, -1.35
    u = x0 * ct - x1 * st - u0
    v = x0 * st + x1 * ct - v0

    # Full quadratic (with interaction)
    a, b, c = 1.00, 1.25, 0.95
    # Keep linear drift small to reduce skewness
    d, e = 0.010, -0.012

    # Oscillatory (non-quadratic) parts
    p = 2.8
    q = 3.6

    # Scales tuned to increase spread/variance and reduce perfect quadratic fit
    A = 0.078
    B = 0.055
    C = 0.018

    # Weak odd component (reduced vs previous to lower skewness)
    D = 2.0e-4

    quad = a * u * u + b * v * v + c * u * v + d * u + e * v
    osc1 = np.cos(p * u) + 0.7 * np.cos(p * v) + 0.3 * np.cos(p * (u - v))
    osc2 = np.sin(q * u) - 0.6 * np.sin(q * v)
    odd = (u**3 - 0.6 * v**3)

    return float(A * quad + B * osc1 + C * osc2 + D * odd)",0.442671143205232,"
    Deterministic 2D synthetic benchmark: rotated full quadratic with interaction,
    plus stronger oscillatory (non-quadratic) components and a weaker odd term to
    control skewness.

    For x = (x0,x1), rotate/shift to (u,v):
        u = x0*cos(theta) - x1*sin(theta) - u0
        v = x0*sin(theta) + x1*cos(theta) - v0

    Objective:
        f(x) = A * (a*u^2 + b*v^2 + c*u*v + d*u + e*v)
             + B * (cos(p*u) + 0.7*cos(p*v) + 0.3*cos(p*(u-v)))
             + C * (sin(q*u) - 0.6*sin(q*v))
             + D * (u^3 - 0.6*v^3)

    This keeps the landscape largely quadratic (high quad fits) but degrades them
    with oscillations so that linear/quadratic ELA statistics are not overly perfect.
    ",,,,9,2,0.24804894824290585,0.2544437284517667,0.801293162901969,0.8490675661854596,0.29087339539702795,0.3079890786650453,0.9836210419987612,0.9980618214271555
"import numpy as np

def problem(x: np.ndarray) -> float:
    """"""
    2D shifted semi-quadratic landscape with:
      - a dominant full quadratic form: a*u^2 + b*v^2 + c*u*v
      - a small linear component: d*u + e*v  (to raise linear-model R^2)
      - a weak odd (cubic) term: g*u^3       (to induce controlled skewness)
      - controlled non-quadratic perturbations:
          r1*sin(k1*u) + r2*sin(k2*v)
          plus small quartic terms q*(u^4+v^4) to keep quad-with-interactions
          from becoming nearly perfect (adj R^2 < 1).
    where u = x0 - xc, v = x1 - yc.
    """"""
    x = np.asarray(x, dtype=float).ravel()
    if x.shape[0] != 2:
        raise ValueError(""This benchmark is defined for 2D inputs (len(x)==2)."")

    xc, yc = 1.5, -2.0
    u = x[0] - xc
    v = x[1] - yc

    # Overall scaling: increases objective dispersion (fitness_std)
    s = 0.12

    # Dominant full quadratic (keeps quad_simple and quad_w_interact high)
    a = 0.075
    b = 0.095
    c = 0.080

    # Linear component (raise linear_simple adj R^2 without dominating)
    d = 0.016
    e = 0.012

    # Weaker odd term to reduce skewness
    g = 0.00115

    # Non-quadratic ripples (reduce perfect quadratic recoverability)
    r1 = 0.010
    k1 = 1.35
    r2 = 0.006
    k2 = 2.15

    # Quartic (reduces quad_w_interact adj R^2 from ~1 toward target)
    q = 4.2e-4

    quad = a * u * u + b * v * v + c * u * v
    lin = d * u + e * v
    odd = g * u * u * u
    ripple = r1 * np.sin(k1 * u) + r2 * np.sin(k2 * v)
    quart = q * (u ** 4 + v ** 4)

    return s * (quad + lin + odd + ripple + quart)",0.36135566941789504,"
    2D shifted semi-quadratic landscape with:
      - a dominant full quadratic form: a*u^2 + b*v^2 + c*u*v
      - a small linear component: d*u + e*v  (to raise linear-model R^2)
      - a weak odd (cubic) term: g*u^3       (to induce controlled skewness)
      - controlled non-quadratic perturbations:
          r1*sin(k1*u) + r2*sin(k2*v)
          plus small quartic terms q*(u^4+v^4) to keep quad-with-interactions
          from becoming nearly perfect (adj R^2 < 1).
    where u = x0 - xc, v = x1 - yc.
    ",,,,9,2,0.2864286082694565,0.20846295212603336,0.9110438513122929,0.8658937598625679,0.39663950588796704,0.5772281993038427,0.8320091009389846,0.9997363912202902
"import numpy as np

def problem(x: np.ndarray) -> float:
    """"""
    Shifted 2D synthetic landscape in (u,v) with a full-quadratic backbone plus
    controlled interaction nonlinearities and a *small* cubic perturbation:

        u = x0 - xc,  v = x1 - yc

        f(x) = s * [ a*u^2 + b*v^2 + c*u*v                      (full quadratic)
                     + d*u + e*v                               (linear drift)
                     + h*u^2*v                                 (odd mixed term -> skew)
                     + p*sin(q*u*v)                            (interaction ripple)
                     + r*(u^3 - 3*u*v^2)                      (cubic harmonic -> breaks exact quadratic fit)
                   ].

    The design is deterministic and intended for x in [-5,5]^N (here N=2).
    """"""
    x = np.asarray(x, dtype=float).ravel()
    if x.shape[0] != 2:
        raise ValueError(""This benchmark is defined for 2D inputs (len(x)==2)."")

    # Shift (keep the landscape away from the origin)
    xc, yc = -1.2, 2.3
    u = x[0] - xc
    v = x[1] - yc

    # Global scaling: increases overall dispersion (fitness_std)
    s = 0.182

    # Full quadratic backbone (dominant)
    a = 0.087
    b = 0.079
    c = 0.068
    d = 0.021
    e = -0.013

    # Nonlinear components (tuned to control skewness / ruggedness without
    # completely destroying quadratic explainability)
    h = 0.0032                 # controls skewness (odd in v when u^2 is used)
    p = 0.027                  # interaction ripple
    q = 1.45

    # Small cubic harmonic perturbation (reduces perfect full-quadratic fit)
    r = 0.0018                 # must be small to keep quad_w_interact adj_r2 high

    quad = a * u * u + b * v * v + c * u * v
    lin = d * u + e * v

    odd_mixed = h * (u * u) * v
    ripple = p * np.sin(q * u * v)

    # Harmonic cubic: (u^3 - 3uv^2) breaks exact quadratic models
    cubic = r * (u**3 - 3.0 * u * (v**2))

    return float(s * (quad + lin + odd_mixed + ripple + cubic))",0.41812460980996363,"
    Shifted 2D synthetic landscape in (u,v) with a full-quadratic backbone plus
    controlled interaction nonlinearities and a *small* cubic perturbation:

        u = x0 - xc,  v = x1 - yc

        f(x) = s * [ a*u^2 + b*v^2 + c*u*v                      (full quadratic)
                     + d*u + e*v                               (linear drift)
                     + h*u^2*v                                 (odd mixed term -> skew)
                     + p*sin(q*u*v)                            (interaction ripple)
                     + r*(u^3 - 3*u*v^2)                      (cubic harmonic -> breaks exact quadratic fit)
                   ].

    The design is deterministic and intended for x in [-5,5]^N (here N=2).
    ",,,,9,2,0.3075340261289675,0.19917123611183032,0.9045031618394204,0.8868968883282131,0.25183921280262533,0.6184285656912825,0.6397004951631716,0.9998168538109595
"import numpy as np

def problem(x: np.ndarray) -> float:
    """"""
    Deterministic 2D synthetic landscape on x in [-5,5]^2.

    Rotate/shift into (u,v) and combine:
      - a full quadratic with interaction in (u,v):  a*u^2 + b*v^2 + c*u*v + d*u + e*v
      - a moderate periodic perturbation:          t*(cos(p*u) + 0.7*cos(p*v))
      - a small symmetric quartic term (breaks pure quadratic models): q*(u^4 + v^4)
      - a very mild odd perturbation to avoid perfect symmetry:
            w*(u^3 - 0.6*v^3)

    f(x) = s*(quad + lin) + t*periodic + q*quartic + w*odd
    """"""
    x = np.asarray(x, dtype=float).ravel()
    if x.shape[0] != 2:
        raise ValueError(""This benchmark function is defined for N=2 only (len(x)==2)."")

    x0, x1 = float(x[0]), float(x[1])

    # Rotation
    theta = 0.65
    ct, st = np.cos(theta), np.sin(theta)

    # Shift in rotated coordinates
    u0, v0 = 0.9, -1.6
    u = x0 * ct - x1 * st - u0
    v = x0 * st + x1 * ct - v0

    # Full quadratic with interaction
    a, b, c = 0.90, 1.35, 0.60
    d, e = 0.05, -0.03

    # Non-quadratic components (strengthened vs previous version to reduce quadratic fit)
    p = 2.4
    s = 0.055          # overall quadratic scale (increases objective-value spread)
    t = 0.028          # periodic perturbation amplitude (reduces perfect quadratic adj-R2)
    q = 2.5e-3         # symmetric quartic (breaks quad models without introducing much skew)
    w = 1.2e-4         # mild odd term (keeps skewness modest)

    quad = a * u * u + b * v * v + c * u * v
    lin = d * u + e * v
    periodic = np.cos(p * u) + 0.7 * np.cos(p * v)
    quartic = u**4 + v**4
    odd = u**3 - 0.6 * v**3

    return float(s * (quad + lin) + t * periodic + q * quartic + w * odd)",0.5172101203023748,"
    Deterministic 2D synthetic landscape on x in [-5,5]^2.

    Rotate/shift into (u,v) and combine:
      - a full quadratic with interaction in (u,v):  a*u^2 + b*v^2 + c*u*v + d*u + e*v
      - a moderate periodic perturbation:          t*(cos(p*u) + 0.7*cos(p*v))
      - a small symmetric quartic term (breaks pure quadratic models): q*(u^4 + v^4)
      - a very mild odd perturbation to avoid perfect symmetry:
            w*(u^3 - 0.6*v^3)

    f(x) = s*(quad + lin) + t*periodic + q*quartic + w*odd
    ",,,,9,2,0.4999790844680694,0.04817674053484577,0.8296731355131852,0.9021420978658896,0.45205563822071776,0.4868996804753445,0.9032526292617187,0.9973558487747649
"import numpy as np

def problem(x: np.ndarray) -> float:
    """"""
    Shifted 2D synthetic landscape in (u,v) with a full-quadratic backbone plus
    controlled non-quadratic perturbations:

        u = x0 - xc,  v = x1 - yc
        f(x) = s * [ a*u^2 + b*v^2 + c*u*v               (full quadratic backbone)
                     + d*u + e*v                         (linear drift)
                     + h*u^2*v                           (odd mixed term -> skew)
                     + p*sin(q*u*v)                     (interaction ripple)
                     + t*u^3                             (breaks exact quadratic fit) ]

    The coefficients are chosen to moderately favor linear/quadratic models while
    keeping the full-quadratic model very strong but not perfect (t*u^3 term).
    """"""
    x = np.asarray(x, dtype=float).ravel()
    if x.shape[0] != 2:
        raise ValueError(""This benchmark is defined for 2D inputs (len(x)==2)."")

    # Shift
    xc, yc = -1.2, 2.3
    u = x[0] - xc
    v = x[1] - yc

    # Global scaling (controls fitness dispersion / fitness_std)
    s = 0.155

    # Full quadratic backbone
    a = 0.072
    b = 0.068
    c = 0.060

    # Linear drift (to increase linear-model explainability)
    d = 0.026
    e = -0.017

    # Odd mixed term (controls skewness; kept small)
    h = 0.0027

    # Interaction ripple (adds ruggedness beyond simple quadratics)
    p = 0.022
    q = 1.55

    # Non-quadratic perturbation to ensure quad_w_interact is strong but not exact
    t = 0.0032

    quad = a * u * u + b * v * v + c * u * v
    lin = d * u + e * v
    odd_mixed = h * (u * u) * v
    ripple = p * np.sin(q * u * v)
    cubic_break = t * (u ** 3)

    return float(s * (quad + lin + odd_mixed + ripple + cubic_break))",0.3121510842301799,"
    Shifted 2D synthetic landscape in (u,v) with a full-quadratic backbone plus
    controlled non-quadratic perturbations:

        u = x0 - xc,  v = x1 - yc
        f(x) = s * [ a*u^2 + b*v^2 + c*u*v               (full quadratic backbone)
                     + d*u + e*v                         (linear drift)
                     + h*u^2*v                           (odd mixed term -> skew)
                     + p*sin(q*u*v)                     (interaction ripple)
                     + t*u^3                             (breaks exact quadratic fit) ]

    The coefficients are chosen to moderately favor linear/quadratic models while
    keeping the full-quadratic model very strong but not perfect (t*u^3 term).
    ",,,,9,2,0.18438343017346984,0.23351353252273538,0.8850524496223245,0.8854535181025331,0.3786102719625747,0.5974374885214494,0.7894358773305559,0.9998297891787102
"import numpy as np

def problem(x: np.ndarray) -> float:
    """"""
    Deterministic 2D shifted polynomial-with-sinusoidal perturbation.

    Let u = x0 - 1.5 and v = x1 + 2.0. The objective is
        f(u,v) = s * [ Lin + Quad + Cubic + Ripple ],
    where
        Lin   = A*u + B*v
        Quad  = C*(u^2 + v^2) + D*u*v
        Cubic = E*(u^3 - v^3)
        Ripple = R*sin(k*(u+v)) + R2*cos(k2*(u-v))

    This structure mixes a quadratic form (with an interaction term u*v),
    a small antisymmetric cubic to adjust skewness, and a small smooth ripple.
    """"""
    x = np.asarray(x, dtype=float).ravel()
    if x.shape[0] != 2:
        raise ValueError(""This benchmark is defined for 2D inputs (len(x)==2)."")

    # Shift
    xc, yc = 1.5, -2.0
    u = x[0] - xc
    v = x[1] - yc

    # Global scaling (controls fitness value std)
    s = 0.11

    # Linear part (kept modest to avoid overly linear landscapes)
    A = 0.010
    B = -0.007

    # Quadratic core (interaction term D*u*v included to reduce quad_simple fit)
    C = 0.060
    D = 0.090

    # Small antisymmetric cubic (controls skewness while keeping it subtle)
    E = 0.00085

    # Smooth perturbation (prevents perfect quadratic explanations)
    R = 0.0032
    k = 1.85
    R2 = 0.0029
    k2 = 1.25

    lin = A * u + B * v
    quad = C * (u * u + v * v) + D * u * v
    cubic = E * (u * u * u - v * v * v)
    ripple = R * np.sin(k * (u + v)) + R2 * np.cos(k2 * (u - v))

    return s * (lin + quad + cubic + ripple)",0.640416794320194,"
    Deterministic 2D shifted polynomial-with-sinusoidal perturbation.

    Let u = x0 - 1.5 and v = x1 + 2.0. The objective is
        f(u,v) = s * [ Lin + Quad + Cubic + Ripple ],
    where
        Lin   = A*u + B*v
        Quad  = C*(u^2 + v^2) + D*u*v
        Cubic = E*(u^3 - v^3)
        Ripple = R*sin(k*(u+v)) + R2*cos(k2*(u-v))

    This structure mixes a quadratic form (with an interaction term u*v),
    a small antisymmetric cubic to adjust skewness, and a small smooth ripple.
    ",,,,9,2,0.4082665137695027,0.16268911599286207,0.8785240286945494,0.8794923376370962,0.06175887277456059,0.6568351061914864,0.42599515146627287,0.9999907709077034
"import numpy as np

def problem(x: np.ndarray) -> float:
    """"""
    Deterministic 2D shifted-and-scaled benchmark:
      f(x)= s * [ a u^2 + b v^2 + c u v + d u + e v
                + eps * ( sin(k*u)^2 + 0.7*sin(m*v)^2 + 0.15*cos((k+m)*u*v)^2 ) ]
    with u=x0-xc, v=x1-yc. Even ripples (sin^2/cos^2) add non-quadratic ruggedness
    to prevent perfect quadratic fits while keeping the landscape largely symmetric.
    """"""
    x = np.asarray(x, dtype=float).ravel()
    if x.shape[0] != 2:
        raise ValueError(""This benchmark is defined for 2D inputs (len(x)==2)."")

    xc, yc = 1.5, -2.0
    u = x[0] - xc
    v = x[1] - yc

    # Increase objective spread
    s = 0.125

    # Stronger uv interaction to lower quad_simple.adj_r2 (quad_simple lacks uv)
    a = 0.060
    b = 0.078
    c = 0.065

    # Reduce linear drift to lower lin_* adj-R2
    d = 0.009
    e = -0.007

    # Slightly stronger ripples to pull quad_w_interact.adj_r2 below 1
    eps = 0.018
    k = 1.40
    m = 0.95

    ripples = (np.sin(k * u) ** 2) + 0.7 * (np.sin(m * v) ** 2)
    ripples += 0.15 * (np.cos((k + m) * (u * v)) ** 2)

    return s * (a * u * u + b * v * v + c * u * v + d * u + e * v + eps * ripples)",0.35501861130910106,"
    Deterministic 2D shifted-and-scaled benchmark:
      f(x)= s * [ a u^2 + b v^2 + c u v + d u + e v
                + eps * ( sin(k*u)^2 + 0.7*sin(m*v)^2 + 0.15*cos((k+m)*u*v)^2 ) ]
    with u=x0-xc, v=x1-yc. Even ripples (sin^2/cos^2) add non-quadratic ruggedness
    to prevent perfect quadratic fits while keeping the landscape largely symmetric.
    ",,,,10,2,0.28365500063280646,0.2428253051560144,0.9090032892448061,0.8699256928079212,0.3200421723695422,0.5722625687696765,0.7651105447729359,0.9999523239034482
"import numpy as np

def problem(x: np.ndarray) -> float:
    """"""
    2D shifted semi-quadratic landscape:
      f(u,v)= s * ( a*u^2 + b*v^2 + c*u*v        [dominant full quadratic]
                 + d*u + e*v                      [linear trend]
                 + g*u^3                          [controlled odd skew]
                 + r1*sin(k1*u) + r2*sin(k2*v)   [rugged non-quadratic]
                 + q*(u^4 + v^4)                  [non-quadratic even distortion]
                )
    where u=x0-xc, v=x1-yc, with (xc,yc)=(1.5,-2.0).
    """"""
    x = np.asarray(x, dtype=float).ravel()
    if x.shape[0] != 2:
        raise ValueError(""This benchmark is defined for 2D inputs (len(x)==2)."")

    xc, yc = 1.5, -2.0
    u = x[0] - xc
    v = x[1] - yc

    # 1) Increase dispersion to raise fitness_distance.fitness_std
    s = 0.165

    # 2) Keep full quadratic dominant, but make interaction stronger
    a = 0.070
    b = 0.085
    c = 0.095  # increased to reduce quad_simple.adj_r2

    # 3) Slightly stronger linear components to raise linear-simple adj-R2
    d = 0.020
    e = 0.014

    # 4) Reduce odd term to lower skewness
    g = 0.00075

    # 5) Increase ripples to avoid near-perfect quadratic recoverability
    r1 = 0.016
    k1 = 1.35
    r2 = 0.010
    k2 = 2.15

    # 6) Increase quartic distortion slightly to bring quad_w_interact.adj_r2 below 1
    q = 7.5e-4

    quad = a * u * u + b * v * v + c * u * v
    lin = d * u + e * v
    odd = g * u * u * u
    ripple = r1 * np.sin(k1 * u) + r2 * np.sin(k2 * v)
    quart = q * (u ** 4 + v ** 4)

    return s * (quad + lin + odd + ripple + quart)",0.39275670141066044,"
    2D shifted semi-quadratic landscape:
      f(u,v)= s * ( a*u^2 + b*v^2 + c*u*v        [dominant full quadratic]
                 + d*u + e*v                      [linear trend]
                 + g*u^3                          [controlled odd skew]
                 + r1*sin(k1*u) + r2*sin(k2*v)   [rugged non-quadratic]
                 + q*(u^4 + v^4)                  [non-quadratic even distortion]
                )
    where u=x0-xc, v=x1-yc, with (xc,yc)=(1.5,-2.0).
    ",,,,10,2,0.3128476866206736,0.16635276238965946,0.912261887845432,0.8613084047229757,0.33487981116304055,0.5611051117665735,0.783092069266344,0.9992410333661419
"import numpy as np

def problem(x: np.ndarray) -> float:
    """"""
    Shifted 2D synthetic landscape in (u,v) with a full-quadratic backbone plus
    stronger non-quadratic perturbations.

        u = x0 - xc,  v = x1 - yc
        f(x) = s * [ a*u^2 + b*v^2 + c*u*v               (full quadratic backbone)
                     + d*u + e*v                         (linear drift)
                     + h*u^2*v                           (odd mixed term -> skew)
                     + p*sin(q*u*v)                     (interaction ripple -> ruggedness)
                     + t*u^3                             (cubic break -> limits exact quadratic fit) ]

    The coefficients are chosen so that:
      - overall dispersion is increased via s,
      - linear explainability is increased via d,e,
      - ruggedness/non-quadraticity is increased via p and t,
      - skewness remains mild via h.
    """"""
    x = np.asarray(x, dtype=float).ravel()
    if x.shape[0] != 2:
        raise ValueError(""This benchmark is defined for 2D inputs (len(x)==2)."")

    # Shift (kept from previous version)
    xc, yc = -1.2, 2.3
    u = x[0] - xc
    v = x[1] - yc

    # Global scaling (increase fitness dispersion)
    s = 0.230

    # Full quadratic backbone (kept similar)
    a = 0.072
    b = 0.068
    c = 0.060

    # Linear drift (slightly stronger to raise lin_simple adj-R2)
    d = 0.038
    e = -0.026

    # Odd mixed term (kept small to maintain mild skewness)
    h = 0.0033

    # Interaction ripple (stronger to reduce smoothness / adjust nbc ratios)
    p = 0.035
    q = 2.10

    # Non-quadratic perturbation (stronger to pull quad_w_interact adj-R2 below 1)
    t = 0.0062

    quad = a * u * u + b * v * v + c * u * v
    lin = d * u + e * v
    odd_mixed = h * (u * u) * v
    ripple = p * np.sin(q * u * v)
    cubic_break = t * (u ** 3)

    return float(s * (quad + lin + odd_mixed + ripple + cubic_break))",0.3226228673832827,"
    Shifted 2D synthetic landscape in (u,v) with a full-quadratic backbone plus
    stronger non-quadratic perturbations.

        u = x0 - xc,  v = x1 - yc
        f(x) = s * [ a*u^2 + b*v^2 + c*u*v               (full quadratic backbone)
                     + d*u + e*v                         (linear drift)
                     + h*u^2*v                           (odd mixed term -> skew)
                     + p*sin(q*u*v)                     (interaction ripple -> ruggedness)
                     + t*u^3                             (cubic break -> limits exact quadratic fit) ]

    The coefficients are chosen so that:
      - overall dispersion is increased via s,
      - linear explainability is increased via d,e,
      - ruggedness/non-quadraticity is increased via p and t,
      - skewness remains mild via h.
    ",,,,10,2,0.16858200953175645,0.21498390584812718,0.8886315098153845,0.8757711954966624,0.4143760831369966,0.60746889169843,0.8072820829811841,0.9996657392914303
"import numpy as np

def problem(x: np.ndarray) -> float:
    """"""
    Shifted 2D landscape in (u,v) with a *full quadratic backbone* plus
    (i) a controlled odd mixed term for skewness and (ii) a sinusoidal
    interaction ripple to reduce perfect-quadratic fit.

        u = x0 - xc,  v = x1 - yc

        f(x) = s * [
            a*u^2 + b*v^2 + c*u*v              (full quadratic backbone)
          + d*u + e*v                          (linear drift)
          + h*u^2*v                            (odd mixed term)
          + p*sin(q*u*v)                       (interaction ripple)
        ]
    """"""
    x = np.asarray(x, dtype=float).ravel()
    if x.shape[0] != 2:
        raise ValueError(""This benchmark is defined for 2D inputs (len(x)==2)."")

    xc, yc = -1.2, 2.3
    u = x[0] - xc
    v = x[1] - yc

    # Increase overall dispersion (target: higher fitness_std)
    s = 0.18

    # Full quadratic backbone (keep dominant so quad_w_interact remains high)
    a = 0.085
    b = 0.075
    c = 0.065

    # Slightly stronger linear drift (target: higher lin_simple adj_r2)
    d = 0.024
    e = -0.018

    # Reduce odd term amplitude (target: slightly lower skewness)
    h = 0.0032

    # Increase ripple amplitude to avoid near-perfect quadratic explainability
    # and to adjust connectivity geometry.
    p = 0.045
    q = 1.55

    quad = a * u * u + b * v * v + c * u * v
    lin = d * u + e * v
    odd_mixed = h * (u * u) * v
    ripple = p * np.sin(q * u * v)

    return float(s * (quad + lin + odd_mixed + ripple))",0.31003316854412116,"
    Shifted 2D landscape in (u,v) with a *full quadratic backbone* plus
    (i) a controlled odd mixed term for skewness and (ii) a sinusoidal
    interaction ripple to reduce perfect-quadratic fit.

        u = x0 - xc,  v = x1 - yc

        f(x) = s * [
            a*u^2 + b*v^2 + c*u*v              (full quadratic backbone)
          + d*u + e*v                          (linear drift)
          + h*u^2*v                            (odd mixed term)
          + p*sin(q*u*v)                       (interaction ripple)
        ]
    ",,,,10,2,0.21425783986528263,0.23011401213355176,0.8783609534496594,0.884088753569504,0.3621689210294434,0.5971465702524144,0.7760079166813708,0.9993527933310797
"import numpy as np

def problem(x: np.ndarray) -> float:
    """"""
    2D synthetic benchmark with a shifted full quadratic plus controlled non-quadratic components.

    Let u = x0 - 1.2, v = x1 + 1.7. The objective is:
        f(u,v) = (a*u^2 + b*v^2 + c*u*v) + (d*u + e*v)
                 + eps1*u^3
                 + eps2*sin(k*u) + eps2*sin(k*v)

    The returned value is scaled by `scale` to tune fitness spread over [-5,5]^2.
    """"""
    x = np.asarray(x, dtype=float).ravel()
    if x.shape[0] != 2:
        raise ValueError(""This benchmark is defined for 2D inputs (len(x)==2)."")

    u = x[0] - 1.2
    v = x[1] + 1.7

    # Adjusted quadratic+linear structure
    a = 0.048
    b = 0.058
    c = 0.065  # stronger u*v interaction => lowers quad_simple adj_r2

    d = 0.034
    e = -0.015

    # Reduce skewness (odd term) and slightly increase ripple deviation
    eps1 = 0.0025  # was 0.006 -> substantially less skew
    eps2 = 0.018   # was 0.012 -> more non-quadratic variation
    k = 1.45        # slight change to alter ripple pattern

    f = (a * u * u + b * v * v + c * u * v) + (d * u + e * v)
    f += eps1 * (u ** 3) + eps2 * np.sin(k * u) + eps2 * np.sin(k * v)

    scale = 1.10  # was 0.85 -> increases fitness std / spread
    return float(scale * f)",0.5216139414811123,"
    2D synthetic benchmark with a shifted full quadratic plus controlled non-quadratic components.

    Let u = x0 - 1.2, v = x1 + 1.7. The objective is:
        f(u,v) = (a*u^2 + b*v^2 + c*u*v) + (d*u + e*v)
                 + eps1*u^3
                 + eps2*sin(k*u) + eps2*sin(k*v)

    The returned value is scaled by `scale` to tune fitness spread over [-5,5]^2.
    ",,,,10,2,0.4468101113533811,0.16035627880144177,0.908942864267946,0.884633011024301,0.21048557713623642,0.6330400337678906,0.5957401342485787,0.999595212381187
"import numpy as np

def problem(x: np.ndarray) -> float:
    """"""
    Deterministic 2D shifted benchmark with:
      - dominant full quadratic: a*u^2 + b*v^2 + c*u*v
      - linear terms: p*u + q*v
      - reduced odd asymmetry: g*u^3
      - mild non-quadratic harmonics: r*(sin(k1*u)+0.6*sin(k2*v)) + r2*(cos(k3*u)-cos(k4*v))
    where (u,v) = (x0-xc, x1-yc). Objective is scaled by s.
    """"""
    x = np.asarray(x, dtype=float).ravel()
    if x.shape[0] != 2:
        raise ValueError(""This benchmark is defined for 2D inputs (len(x)==2)."")

    xc, yc = 1.5, -2.0
    u = x[0] - xc
    v = x[1] - yc

    # Increased dispersion to raise fitness_distance.fitness_std
    s = 0.115

    # Slightly adjusted quadratic weights (still dominant, but not perfectly ""quadratic-only"")
    a = 0.070
    b = 0.090
    c = 0.052

    # Slightly stronger linear components to lift linear-model adj-R2
    p = 0.036
    q = -0.030

    # Reduced odd term to lower skewness
    g = 0.0012

    # Stronger mild ripples to reduce quad adj-R2 perfection and increase ruggedness
    r = 0.0095
    k1 = 1.10
    k2 = 0.90

    # Additional small even harmonic to further break pure quadratic explainability
    r2 = 0.0045
    k3 = 1.35
    k4 = 1.05

    quad = a * u * u + b * v * v + c * u * v
    lin = p * u + q * v
    odd = g * u * u * u

    ripple = r * (np.sin(k1 * u) + 0.6 * np.sin(k2 * v)) + r2 * (np.cos(k3 * u) - np.cos(k4 * v))

    return s * (quad + lin + odd + ripple)",0.35567273265611155,"
    Deterministic 2D shifted benchmark with:
      - dominant full quadratic: a*u^2 + b*v^2 + c*u*v
      - linear terms: p*u + q*v
      - reduced odd asymmetry: g*u^3
      - mild non-quadratic harmonics: r*(sin(k1*u)+0.6*sin(k2*v)) + r2*(cos(k3*u)-cos(k4*v))
    where (u,v) = (x0-xc, x1-yc). Objective is scaled by s.
    ",,,,10,2,0.2674020503017942,0.27471119590371623,0.9192122904210818,0.871532044012281,0.40133465290390896,0.5433958434933968,0.871134087480179,0.9999381426597417
"import numpy as np

def problem(x: np.ndarray) -> float:
    """"""
    Deterministic shifted 2D landscape with a quadratic bowl plus
    linear drift and structured non-quadratic ripples.

    Let u = x0 - xc, v = x1 - yc. Then:
        f(x) = s * [
            a u^2 + b v^2 + c u v
          + d u + e v
          + g u^3
          + r1 sin(k1 u) + r2 sin(k2 v)
          + r3 sin(k3 (u+v)) + r4 cos(k4 (u-v))
        ].
    """"""
    x = np.asarray(x, dtype=float).ravel()
    if x.shape[0] != 2:
        raise ValueError(""This benchmark is defined for 2D inputs (len(x)==2)."")

    xc, yc = 1.5, -2.0
    u = x[0] - xc
    v = x[1] - yc

    # Increase overall dispersion to raise fitness_distance.fitness_std
    s = 0.115

    # Quadratic core: slightly rebalanced so perturbations affect ELA fits more
    a = 0.060
    b = 0.082
    c = 0.052

    # Small linear terms
    d = 0.0036
    e = -0.0024

    # Reduced odd term to lower skewness
    g = 0.0008

    # Ripples: increase complexity/non-separability to break exact-quadratic behavior
    r1, k1 = 0.0060, 1.25
    r2, k2 = 0.0038, 0.95
    r3, k3 = 0.0045, 0.75  # non-separable sin(u+v)
    r4, k4 = 0.0028, 1.10 # non-separable cos(u-v)

    quad = a * u * u + b * v * v + c * u * v
    lin = d * u + e * v
    odd = g * u * u * u
    ripple = (
        r1 * np.sin(k1 * u)
        + r2 * np.sin(k2 * v)
        + r3 * np.sin(k3 * (u + v))
        + r4 * np.cos(k4 * (u - v))
    )

    return s * (quad + lin + odd + ripple)",0.343232157002301,"
    Deterministic shifted 2D landscape with a quadratic bowl plus
    linear drift and structured non-quadratic ripples.

    Let u = x0 - xc, v = x1 - yc. Then:
        f(x) = s * [
            a u^2 + b v^2 + c u v
          + d u + e v
          + g u^3
          + r1 sin(k1 u) + r2 sin(k2 v)
          + r3 sin(k3 (u+v)) + r4 cos(k4 (u-v))
        ].
    ",,,,10,2,0.2575182309913284,0.24990460622705718,0.9085000842436624,0.8741065063484699,0.43427700438351474,0.590082707978338,0.8577160663015372,0.999975497711978
"import numpy as np

def problem(x: np.ndarray) -> float:
    """"""
    Deterministic 2D shifted landscape: dominant full quadratic + small linear terms,
    a weakened cubic odd term (skewness control), and mild sinusoidal/radial ripples.

    Let u = x0 - xc, v = x1 - yc with (xc, yc) = (1.5, -2.0). The function is

        f(x) = s * ( a u^2 + b v^2 + c u v
                      + d u + e v
                      + g u^3
                      + r1 sin(k1 u) + r2 sin(k2 v) + r3 sin(k3u*u + k3v*v)
                      + q (u^4 + v^4) )

    This is smooth, deterministic, and well-defined for x in [-5,5]^N (here N=2).
    """"""
    x = np.asarray(x, dtype=float).ravel()
    if x.shape[0] != 2:
        raise ValueError(""This benchmark is defined for 2D inputs (len(x)==2)."")

    xc, yc = 1.5, -2.0
    u = x[0] - xc
    v = x[1] - yc

    # Increased dispersion (raise fitness_distance.fitness_std)
    s = 0.17

    # Full quadratic backbone; increase uv interaction to reduce quad_simple.adj_r2
    a = 0.075
    b = 0.092
    c = 0.11

    # Slightly larger linear component (helps lin_w_interact.adj_r2)
    d = 0.010
    e = 0.0065

    # Reduce skewness by weakening odd cubic term
    g = 0.00075

    # Increase ripples mildly to reduce quad fit and affect neighborhood statistics
    r1 = 0.013
    k1 = 1.35
    r2 = 0.009
    k2 = 2.15

    r3 = 0.0031
    k3u = 1.9
    k3v = -1.2

    # Slightly stronger quartic perturbation to pull quad_w_interact.adj_r2 down
    q = 1.05e-3

    quad = a * u * u + b * v * v + c * u * v
    lin = d * u + e * v
    odd = g * (u ** 3)

    ripple = (
        r1 * np.sin(k1 * u)
        + r2 * np.sin(k2 * v)
        + r3 * np.sin(k3u * u + k3v * v)
    )

    quart = q * (u ** 4 + v ** 4)

    return s * (quad + lin + odd + ripple + quart)",0.3930693337140021,"
    Deterministic 2D shifted landscape: dominant full quadratic + small linear terms,
    a weakened cubic odd term (skewness control), and mild sinusoidal/radial ripples.

    Let u = x0 - xc, v = x1 - yc with (xc, yc) = (1.5, -2.0). The function is

        f(x) = s * ( a u^2 + b v^2 + c u v
                      + d u + e v
                      + g u^3
                      + r1 sin(k1 u) + r2 sin(k2 v) + r3 sin(k3u*u + k3v*v)
                      + q (u^4 + v^4) )

    This is smooth, deterministic, and well-defined for x in [-5,5]^N (here N=2).
    ",,,,10,2,0.31146531916435183,0.14773382573701485,0.8973425220787086,0.8600492712086707,0.3252802134906248,0.5491812674179734,0.7819754943562978,0.998892808592673
"import numpy as np

def problem(x: np.ndarray) -> float:
    """"""
    2D synthetic benchmark: shifted full quadratic plus mild non-quadratic terms.

    Let u = x0 - 1.2, v = x1 + 1.7 and define
        f(u,v) = (a*u^2 + b*v^2 + c*u*v) + (d*u + e*v)
                 + eps1*u^3
                 + eps2*sin(k*u) + eps2*sin(k*v).
    The returned objective is scale * f(u,v).
    """"""
    x = np.asarray(x, dtype=float).ravel()
    if x.shape[0] != 2:
        raise ValueError(""This benchmark is defined for 2D inputs (len(x)==2)."")

    u = x[0] - 1.2
    v = x[1] + 1.7

    # Quadratic core (tuned to reduce quad_simple explainability via stronger interaction)
    a = 0.050
    b = 0.062
    c = 0.055  # stronger u*v interaction -> lowers quad_simple adj_r2
    d = 0.030
    e = -0.020

    # Non-quadratic components
    eps1 = 0.0030  # reduced cubic strength -> lower skewness
    eps2 = 0.0170  # slightly stronger ripples -> quad_w_interact adj_r2 < 1

    k = 1.3

    f = (a * u * u + b * v * v + c * u * v) + (d * u + e * v)
    f += eps1 * (u ** 3) + eps2 * np.sin(k * u) + eps2 * np.sin(k * v)

    scale = 1.12  # increased overall spread -> higher fitness_distance.fitness_std
    return float(scale * f)",0.4475606554190235,"
    2D synthetic benchmark: shifted full quadratic plus mild non-quadratic terms.

    Let u = x0 - 1.2, v = x1 + 1.7 and define
        f(u,v) = (a*u^2 + b*v^2 + c*u*v) + (d*u + e*v)
                 + eps1*u^3
                 + eps2*sin(k*u) + eps2*sin(k*v).
    The returned objective is scale * f(u,v).
    ",,,,10,2,0.4246036333504207,0.20528130829006208,0.9007372143317423,0.8735228844658938,0.2506556661757978,0.5736083339407332,0.692573223936272,0.9995841617539875
"import numpy as np

def problem(x: np.ndarray) -> float:
    """"""
    Shifted 2D synthetic landscape on u=x0-xc, v=x1-yc.
    Main component is a full quadratic backbone a*u^2 + b*v^2 + c*u*v,
    with linear drift (d*u+e*v), a small skewness-inducing odd mixed term h*u^2*v,
    plus mild non-quadratic structure: a sine ripple sin(q*u*v) and a cubic term t*u^3:

        f(u,v) = s * [ a*u^2 + b*v^2 + c*u*v
                       + d*u + e*v
                       + h*u^2*v
                       + p*sin(q*u*v)
                       + t*u^3 ]

    This is deterministic and defined for any x in [-5,5]^2.
    """"""
    x = np.asarray(x, dtype=float).ravel()
    if x.shape[0] != 2:
        raise ValueError(""This benchmark is defined for 2D inputs (len(x)==2)."")

    # Shift (fixed optimum location)
    xc, yc = -1.2, 2.3
    u = x[0] - xc
    v = x[1] - yc

    # Overall scaling (controls fitness dispersion / fitness_std)
    s = 0.22

    # Full quadratic backbone (strong but not perfectly dominant)
    a = 0.075
    b = 0.072
    c = 0.046  # slightly reduced so quad_simple fit drops a bit

    # Linear drift (to increase linear-model explainability)
    d = 0.040
    e = -0.025

    # Odd mixed term (controls skewness)
    h = 0.0032

    # Non-quadratic ripple (mild ruggedness)
    p = 0.020
    q = 2.2

    # Cubic term (breaks exact quadratic fit; stronger than before to avoid quad_w_interact=1)
    t = 0.0050

    quad = a * u * u + b * v * v + c * u * v
    lin = d * u + e * v
    odd_mixed = h * (u * u) * v
    ripple = p * np.sin(q * u * v)
    cubic_break = t * (u ** 3)

    return float(s * (quad + lin + odd_mixed + ripple + cubic_break))",0.3399350739554454,"
    Shifted 2D synthetic landscape on u=x0-xc, v=x1-yc.
    Main component is a full quadratic backbone a*u^2 + b*v^2 + c*u*v,
    with linear drift (d*u+e*v), a small skewness-inducing odd mixed term h*u^2*v,
    plus mild non-quadratic structure: a sine ripple sin(q*u*v) and a cubic term t*u^3:

        f(u,v) = s * [ a*u^2 + b*v^2 + c*u*v
                       + d*u + e*v
                       + h*u^2*v
                       + p*sin(q*u*v)
                       + t*u^3 ]

    This is deterministic and defined for any x in [-5,5]^2.
    ",,,,11,2,0.14519060117185054,0.2560511310454244,0.888651925313706,0.8744715993789856,0.5017148794780678,0.6182782721823921,0.8847861083786404,0.9998908070376452
"import numpy as np

def problem(x: np.ndarray) -> float:
    """"""
    Shifted 2D synthetic landscape with a *full quadratic backbone* plus:
      - linear drift,
      - a small odd mixed term (to tune distribution skewness),
      - a deterministic sinusoidal interaction ripple (to prevent over-perfect
        quadratic fit while keeping quad explainability high).

    Let u = x0 - xc, v = x1 - yc. Then

      f(x) = s * [ a u^2 + b v^2 + c u v            (full quadratic)
                 + d u + e v                       (linear drift)
                 + h u^2 v                         (odd mixed term)
                 + p sin(q u v)                    (interaction ripple) ].
    """"""
    x = np.asarray(x, dtype=float).ravel()
    if x.shape[0] != 2:
        raise ValueError(""This benchmark is defined for 2D inputs (len(x)==2)."")

    xc, yc = -1.2, 2.3
    u = x[0] - xc
    v = x[1] - yc

    # Increase overall dispersion to better match target fitness std.
    s = 0.25

    # Quadratic backbone: keep dominant so quadratic fits remain strong,
    # but allow enough ripple to avoid near-perfect quadratic R^2.
    a = 0.085
    b = 0.075
    c = 0.063

    # Slightly stronger linear drift to raise lin_simple adjusted R^2,
    # while still letting interactions (u*v) matter for lin_w_interact.
    d = 0.030
    e = -0.021

    # Reduce odd mixed term amplitude to lower skewness toward the target.
    h = 0.0020

    # Increase ripple amplitude/frequency a bit so quad_w_interact is high
    # but not ~perfect; also tends to affect neighborhood connectivity geometry.
    p = 0.065
    q = 1.8

    quad = a * u * u + b * v * v + c * u * v
    lin = d * u + e * v
    odd_mixed = h * (u * u) * v
    ripple = p * np.sin(q * u * v)

    return float(s * (quad + lin + odd_mixed + ripple))",0.3267362485652515,"
    Shifted 2D synthetic landscape with a *full quadratic backbone* plus:
      - linear drift,
      - a small odd mixed term (to tune distribution skewness),
      - a deterministic sinusoidal interaction ripple (to prevent over-perfect
        quadratic fit while keeping quad explainability high).

    Let u = x0 - xc, v = x1 - yc. Then

      f(x) = s * [ a u^2 + b v^2 + c u v            (full quadratic)
                 + d u + e v                       (linear drift)
                 + h u^2 v                         (odd mixed term)
                 + p sin(q u v)                    (interaction ripple) ].
    ",,,,11,2,0.19705770820971946,0.24603258363472835,0.905609336590292,0.8806546036471171,0.4003309805112046,0.600099888783667,0.8110344156171173,0.9988007604246546
"import numpy as np

def problem(x: np.ndarray) -> float:
    """"""
    Synthetic 2D benchmark: shifted mixed quadratic core with weak linear drift,
    small symmetric odd terms (to control skewness), and deterministic ripples
    including an interaction-like diagonal sinusoid.

    Let u = x0 - 1.5, v = x1 + 2.0. The function is:
        f(u,v) = s * ( Q(u,v) + L(u,v) + O(u,v) + R(u,v) )
    where
        Q(u,v) = a u^2 + b v^2 + c u v          (full quadratic core)
        L(u,v) = d u + e v                      (linear drift)
        O(u,v) = g (u^3 - v^3)                  (reduced/partly canceled skew)
        R(u,v) = r1 sin(k1 u) + r2 sin(k2 v) + r3 sin(k3 (u+v))
    """"""
    x = np.asarray(x, dtype=float).ravel()
    if x.shape[0] != 2:
        raise ValueError(""This benchmark is defined for 2D inputs (len(x)==2)."")

    u = x[0] - 1.5
    v = x[1] + 2.0  # since yc = -2

    # Overall scale to increase objective dispersion (fitness_std)
    s = 0.118

    # Quadratic core (still dominant, but not perfectly explainable by a single quadratic fit)
    a = 0.070
    b = 0.095
    c = 0.060

    # Mild linear drift to keep linear-model fit (adjusted R^2) in a reasonable range
    d = 0.0030
    e = -0.0020

    # Reduce net skewness by partially canceling odd effects
    g = 0.0007  # smaller than before, and antisymmetric across u/v

    # Increase deterministic non-quadratic ripples so quad fits are high but not perfect
    r1, k1 = 0.0080, 1.15
    r2, k2 = 0.0055, 0.90
    r3, k3 = 0.0045, 0.75  # diagonal interaction-like ripple (u+v)

    quad = a * u * u + b * v * v + c * u * v
    lin = d * u + e * v
    odd = g * (u**3 - v**3)
    ripple = r1 * np.sin(k1 * u) + r2 * np.sin(k2 * v) + r3 * np.sin(k3 * (u + v))

    return s * (quad + lin + odd + ripple)",0.3307351311565005,"
    Synthetic 2D benchmark: shifted mixed quadratic core with weak linear drift,
    small symmetric odd terms (to control skewness), and deterministic ripples
    including an interaction-like diagonal sinusoid.

    Let u = x0 - 1.5, v = x1 + 2.0. The function is:
        f(u,v) = s * ( Q(u,v) + L(u,v) + O(u,v) + R(u,v) )
    where
        Q(u,v) = a u^2 + b v^2 + c u v          (full quadratic core)
        L(u,v) = d u + e v                      (linear drift)
        O(u,v) = g (u^3 - v^3)                  (reduced/partly canceled skew)
        R(u,v) = r1 sin(k1 u) + r2 sin(k2 v) + r3 sin(k3 (u+v))
    ",,,,11,2,0.243571236694396,0.2632394234223526,0.9039338049722919,0.8704077536008985,0.4173095539625689,0.5821815672091296,0.8488759925741678,0.9999721133871582
"import numpy as np

def problem(x: np.ndarray) -> float:
    """"""
    Shifted 2D synthetic landscape with a full-quadratic backbone plus
    controlled non-quadratic perturbations:

        u = x0 - xc,  v = x1 - yc
        f(x) = s * [ a*u^2 + b*v^2 + c*u*v              (full quadratic)
                     + d*u + e*v                         (linear drift)
                     + h*u^2*v                           (odd mixed term -> skew)
                     + p*sin(q*u*v)                     (interaction ripple)
                     + t*u^3 ]                          (breaks exact quadratic fit)

    All operations are deterministic and valid for x in [-5,5]^N.
    """"""
    x = np.asarray(x, dtype=float).ravel()
    if x.shape[0] != 2:
        raise ValueError(""This benchmark is defined for 2D inputs (len(x)==2)."")

    # Shift (fixed)
    xc, yc = -1.2, 2.3
    u = x[0] - xc
    v = x[1] - yc

    # Global scaling: tuned to increase objective dispersion (fitness_std target)
    s = 0.21

    # Full quadratic backbone: keep it dominant but not perfectly matchable
    a = 0.068
    b = 0.064
    c = 0.058

    # Linear drift: slightly stronger to raise linear-model adjusted R^2
    d = 0.033
    e = -0.020

    # Odd mixed term: governs skewness; kept small
    h = 0.00255

    # Interaction ripple: increases ruggedness (reduces overly-high nearest-better structure)
    p = 0.030
    q = 1.35

    # Cubic perturbation: breaks exact full-quadratic explainability (avoid adj_r2 ~= 1)
    t = 0.0052

    quad = a * u * u + b * v * v + c * u * v
    lin = d * u + e * v
    odd_mixed = h * (u * u) * v
    ripple = p * np.sin(q * u * v)
    cubic_break = t * (u ** 3)

    return float(s * (quad + lin + odd_mixed + ripple + cubic_break))",0.32740786509442144,"
    Shifted 2D synthetic landscape with a full-quadratic backbone plus
    controlled non-quadratic perturbations:

        u = x0 - xc,  v = x1 - yc
        f(x) = s * [ a*u^2 + b*v^2 + c*u*v              (full quadratic)
                     + d*u + e*v                         (linear drift)
                     + h*u^2*v                           (odd mixed term -> skew)
                     + p*sin(q*u*v)                     (interaction ripple)
                     + t*u^3 ]                          (breaks exact quadratic fit)

    All operations are deterministic and valid for x in [-5,5]^N.
    ",,,,11,2,0.17189371069612389,0.21067902110079034,0.8925571485213724,0.8833960146301124,0.40086610939905293,0.6020768781267211,0.8016649600016527,0.9997126872294628
"import numpy as np

def problem(x: np.ndarray) -> float:
    """"""
    Shifted 2D synthetic landscape in (u,v) built from a full-quadratic backbone
    plus controlled higher-order interaction terms.

        u = x0 - xc
        v = x1 - yc

        f(x) = s * [ a*u^2 + b*v^2 + c*u*v         (full quadratic backbone)
                     + d*u + e*v                  (small linear drift)
                     + h*u^2*v                    (odd mixed term -> controlled skew)
                     + p*(u*v)*sin(q*u*v)         (interaction ripple beyond quadratic) ]

    The backbone dominates global structure (so quad_w_interact fits well),
    while the higher-order interaction term prevents an exact full-quadratic fit.
    """"""
    x = np.asarray(x, dtype=float).ravel()
    if x.shape[0] != 2:
        raise ValueError(""This benchmark is defined for 2D inputs (len(x)==2)."")

    xc, yc = -1.2, 2.3
    u = x[0] - xc
    v = x[1] - yc

    # Overall scaling: controls fitness dispersion / fitness_std
    s = 0.18

    # Full quadratic backbone + small linear drift
    a = 0.085
    b = 0.075
    c = 0.065
    d = 0.026
    e = -0.018

    # Skew control (odd in the u^2*v mixed sense)
    h = 0.0030

    # Non-quadratic interaction term:
    # using (u*v)*sin(q*u*v) introduces cubic+ higher-order components that
    # reduce overfitting of full-quadratic ELA (adj_r2 < 1) while keeping
    # quad_w_interact reasonably high.
    p = 0.040
    q = 1.25

    quad = a * u * u + b * v * v + c * u * v
    lin = d * u + e * v
    odd_mixed = h * (u * u) * v
    ripple = p * (u * v) * np.sin(q * u * v)

    return float(s * (quad + lin + odd_mixed + ripple))",0.21005081266139475,"
    Shifted 2D synthetic landscape in (u,v) built from a full-quadratic backbone
    plus controlled higher-order interaction terms.

        u = x0 - xc
        v = x1 - yc

        f(x) = s * [ a*u^2 + b*v^2 + c*u*v         (full quadratic backbone)
                     + d*u + e*v                  (small linear drift)
                     + h*u^2*v                    (odd mixed term -> controlled skew)
                     + p*(u*v)*sin(q*u*v)         (interaction ripple beyond quadratic) ]

    The backbone dominates global structure (so quad_w_interact fits well),
    while the higher-order interaction term prevents an exact full-quadratic fit.
    ",,,,11,2,0.24325792039391714,0.2506089616374455,0.693302463055177,0.7870308487482912,0.3232291477407359,0.5406678812597376,0.7287193685733393,0.9346263275418655
"import numpy as np

def problem(x: np.ndarray) -> float:
    """"""
    2D shifted synthetic landscape:
        u = x0 - xc,  v = x1 - yc

    f(u,v) = s * [  a*u^2 + b*v^2 + c*u*v          (full-quadratic backbone)
                  + d*u + e*v                     (linear drift)
                  + h*u^2*v                      (small odd term -> skew)
                  + p*sin(q*u*v)                (interaction ripple)
                  + t*u^3                        (non-quadratic cubic break)
                  + f4*(u*v)^2 ]               (quartic interaction to reduce exact quad fit)

    This intentionally keeps the global structure largely quadratic (high quad models),
    while adding non-quadratic interaction/ripple components so the full-quadratic
    adjusted R^2 is strong but not perfect.
    """"""
    x = np.asarray(x, dtype=float).ravel()
    if x.shape[0] != 2:
        raise ValueError(""This benchmark is defined for 2D inputs (len(x)==2)."")

    # Shift (fixed, deterministic)
    xc, yc = -1.2, 2.3
    u = x[0] - xc
    v = x[1] - yc

    # Global scaling: increases objective dispersion (fitness_std) without changing
    # the relative goodness-of-fit measures too much.
    s = 0.225

    # Full quadratic backbone (dominant structure)
    a = 0.075
    b = 0.071
    c = 0.058

    # Linear drift (moderate linear explainability)
    d = 0.027
    e = -0.018

    # Small odd term to induce skewness
    h = 0.0025

    # Interaction ripple (non-quadratic ruggedness)
    p = 0.033
    q = 1.55

    # Non-quadratic cubic term
    t = 0.0065

    # Quartic interaction term (breaks exact quadratic fit more reliably than only sin/cubic)
    f4 = 0.0042

    quad = a * u * u + b * v * v + c * u * v
    lin = d * u + e * v
    odd_mixed = h * (u * u) * v
    ripple = p * np.sin(q * u * v)
    cubic_break = t * (u ** 3)
    quartic_break = f4 * (u * v) ** 2

    return float(s * (quad + lin + odd_mixed + ripple + cubic_break + quartic_break))",0.4447854857030221,"
    2D shifted synthetic landscape:
        u = x0 - xc,  v = x1 - yc

    f(u,v) = s * [  a*u^2 + b*v^2 + c*u*v          (full-quadratic backbone)
                  + d*u + e*v                     (linear drift)
                  + h*u^2*v                      (small odd term -> skew)
                  + p*sin(q*u*v)                (interaction ripple)
                  + t*u^3                        (non-quadratic cubic break)
                  + f4*(u*v)^2 ]               (quartic interaction to reduce exact quad fit)

    This intentionally keeps the global structure largely quadratic (high quad models),
    while adding non-quadratic interaction/ripple components so the full-quadratic
    adjusted R^2 is strong but not perfect.
    ",,,,11,2,0.3124737940173342,0.11635287062206481,0.895676625773916,0.8828997702785756,0.5237609732009373,0.5358213667961854,0.9376807128351233,0.9998658929458718
"import numpy as np

def problem(x: np.ndarray) -> float:
    """"""
    2D synthetic benchmark with a shifted full quadratic core plus small,
    mostly-symmetric higher-order terms.

    Let u = x0 - 1.2, v = x1 + 1.7. The objective is
        f(u,v) = (a*u^2 + b*v^2 + c*u*v) + (d*u + e*v)
                 + eps3*(u^3)                         [odd -> mild skew]
                 + eps_s*(sin(k*u) + sin(k*v))      [ripples -> reduce exactness]
                 + eps4*(u^4 + v^4)                 [even -> reduce quad exactness]
    returned after a constant scaling for moderate magnitudes on [-5,5]^2.
    """"""
    x = np.asarray(x, dtype=float).ravel()
    if x.shape[0] != 2:
        raise ValueError(""This benchmark is defined for 2D inputs (len(x)==2)."")

    u = x[0] - 1.2
    v = x[1] + 1.7

    # Full quadratic core (dominant, but not perfectly explainable)
    a = 0.050
    b = 0.060
    c = 0.038

    # Linear trend slightly stronger to increase linear-model fit
    d = 0.055
    e = -0.028

    # Non-quadratic components: keep small so quad fits remain high,
    # but reduce ""perfect"" quadratic explainability.
    eps3 = 0.0028     # odd cubic (reduce skewness vs previous)
    eps_s = 0.010      # weak sinusoidal ripples
    k = 1.25
    eps4 = 0.0011     # small even quartic (reduces exactness without skewing)

    f = (a * u * u + b * v * v + c * u * v) + (d * u + e * v)
    f += eps3 * (u ** 3)
    f += eps_s * (np.sin(k * u) + np.sin(k * v))
    f += eps4 * (u ** 4 + v ** 4)

    return float(1.10 * f)",0.44383840260092133,"
    2D synthetic benchmark with a shifted full quadratic core plus small,
    mostly-symmetric higher-order terms.

    Let u = x0 - 1.2, v = x1 + 1.7. The objective is
        f(u,v) = (a*u^2 + b*v^2 + c*u*v) + (d*u + e*v)
                 + eps3*(u^3)                         [odd -> mild skew]
                 + eps_s*(sin(k*u) + sin(k*v))      [ripples -> reduce exactness]
                 + eps4*(u^4 + v^4)                 [even -> reduce quad exactness]
    returned after a constant scaling for moderate magnitudes on [-5,5]^2.
    ",,,,11,2,0.33235952639794836,0.17229324699366735,0.9195816085631681,0.8525363670868782,0.3900483125172593,0.4566734718196939,0.9264712277706074,0.9970437746744625
"import numpy as np

def problem(x: np.ndarray) -> float:
    """"""
    2D deterministic synthetic benchmark with a shifted full quadratic plus
    (i) a weak odd cubic (to induce modest skewness) and (ii) an even quartic
    (to reduce exact quadratic explainability).

    With u = x0 - 1.2, v = x1 + 1.7, define
        f(u,v) = a u^2 + b v^2 + c u v + d u + e v
               + eps3*(u^4 + v^4)
               + eps1*(u^3 + v^3)
               + eps2*sin(k*u) + eps2*sin(k*v)

    The final objective is scaled by a constant factor to keep magnitudes
    moderate on [-5, 5]^2.
    """"""
    x = np.asarray(x, dtype=float).ravel()
    if x.shape[0] != 2:
        raise ValueError(""This benchmark is defined for 2D inputs (len(x)==2)."")

    u = x[0] - 1.2
    v = x[1] + 1.7

    # Full quadratic core (dominant structure)
    a = 0.060
    b = 0.070
    c = 0.055  # slightly stronger interaction to reduce quadratic-without-interaction fit
    d = 0.040
    e = -0.028

    # Non-quadratic components:
    # - small odd cubic to induce only modest skewness (reduced vs previous code)
    # - small even quartic to prevent perfect quadratic model fit
    # - weak sinusoidal ripples (kept smaller to avoid excessive geometry changes)
    eps1 = 0.0022
    eps3 = 0.0030
    eps2 = 0.0075
    k = 1.25

    f = (a * u * u + b * v * v + c * u * v) + (d * u + e * v)
    f += eps3 * (u**4 + v**4)
    f += eps1 * (u**3 + v**3)
    f += eps2 * np.sin(k * u) + eps2 * np.sin(k * v)

    # Scale to get a larger fitness standard deviation (ELA distribution spread)
    return float(1.25 * f)",0.45466351500652263,"
    2D deterministic synthetic benchmark with a shifted full quadratic plus
    (i) a weak odd cubic (to induce modest skewness) and (ii) an even quartic
    (to reduce exact quadratic explainability).

    With u = x0 - 1.2, v = x1 + 1.7, define
        f(u,v) = a u^2 + b v^2 + c u v + d u + e v
               + eps3*(u^4 + v^4)
               + eps1*(u^3 + v^3)
               + eps2*sin(k*u) + eps2*sin(k*v)

    The final objective is scaled by a constant factor to keep magnitudes
    moderate on [-5, 5]^2.
    ",,,,11,2,0.33808824411312144,0.123391363498603,0.9104228257544178,0.8664062017096669,0.46033868645704945,0.4926940081328026,0.9346386458284756,0.9948598023717715
"import numpy as np

def problem(x: np.ndarray) -> float:
    """"""
    Shifted 2D landscape on (u,v) = (x0-cx, x1-cy) composed of:
      - a full quadratic backbone:  a*u^2 + b*v^2 + c*u*v
      - a linear drift:           d*u + e*v
      - a mild skew-inducing odd term: h*u^2*v
      - non-quadratic ruggedness: p*sin(q*u*v)  + r*sin(ku) + s*cos(lv)

    f(u,v) = scale * [ quad(u,v) + lin(u,v) + h*u^2*v + p*sin(q*u*v) + r*sin(ku) + s*cos(lv) ]
    """"""
    x = np.asarray(x, dtype=float).ravel()
    if x.shape[0] != 2:
        raise ValueError(""This benchmark is defined for 2D inputs (len(x)==2)."")

    # Shift to create a non-origin optimum location
    cx, cy = -1.2, 2.3
    u = x[0] - cx
    v = x[1] - cy

    # Global scaling: increase overall fitness dispersion
    scale = 0.320

    # Full quadratic backbone (kept as the dominant structure)
    a = 0.072
    b = 0.068
    c = 0.060

    # Linear drift (kept moderate)
    d = 0.038
    e = -0.026

    # Mild odd mixed term to produce mild positive skewness
    h = 0.0039  # slightly larger than before

    # Non-quadratic ruggedness:
    # - stronger interaction ripple reduces smoothness / NN-better connectivity ratio
    # - separable ripples break quadratic exactness while keeping quad R^2 high
    p = 0.062
    q = 3.00
    r = 0.020
    k = 2.0
    s = 0.014
    l = 1.6

    quad = a * u * u + b * v * v + c * u * v
    lin = d * u + e * v
    odd_mixed = h * (u * u) * v
    ripple_interact = p * np.sin(q * u * v)
    ripple_sep = r * np.sin(k * u) + s * np.cos(l * v)

    return float(scale * (quad + lin + odd_mixed + ripple_interact + ripple_sep))",0.29127042813068654,"
    Shifted 2D landscape on (u,v) = (x0-cx, x1-cy) composed of:
      - a full quadratic backbone:  a*u^2 + b*v^2 + c*u*v
      - a linear drift:           d*u + e*v
      - a mild skew-inducing odd term: h*u^2*v
      - non-quadratic ruggedness: p*sin(q*u*v)  + r*sin(ku) + s*cos(lv)

    f(u,v) = scale * [ quad(u,v) + lin(u,v) + h*u^2*v + p*sin(q*u*v) + r*sin(ku) + s*cos(lv) ]
    ",,,,11,2,0.22227777116377462,0.2784300788966815,0.8690310350204857,0.8866896267882179,0.36099266094991267,0.6297161336576468,0.7397599626373379,0.9983133919399684
"import numpy as np

def problem(x: np.ndarray) -> float:
    """"""
    2D shifted landscape with a dominant quadratic form plus small, structured
    non-quadratic ripples:

        u = x0 - 1.5,  v = x1 + 2.0
        f(x) = s * ( Q(u,v) + L(u,v) + R(u,v) )

    where
        Q(u,v) = a u^2 + b v^2 + c u v        (full quadratic bowl core)
        L(u,v) = d u + e v                    (small linear terms)
        R(u,v) = g u^3 + r1 sin(k1 u) + r2 sin(k2 v) + r3 sin(k3*(u+0.7 v))

    The quadratic core provides high predictability for linear/quadratic fits,
    while the coupled sinusoid and reduced odd term prevent an (overly) perfect
    quadratic explanation and avoid excessive skewness.
    """"""
    x = np.asarray(x, dtype=float).ravel()
    if x.shape[0] != 2:
        raise ValueError(""This benchmark is defined for 2D inputs (len(x)==2)."")

    u = x[0] - 1.5
    v = x[1] + 2.0

    # Scale: increase overall dispersion to raise fitness_distance.fitness_std
    s = 0.12

    # Quadratic core (dominant but not perfectly ""quadratic-fit compatible"")
    a = 0.070
    b = 0.095
    c = 0.060

    # Small linear terms to keep linear adj-R2 in a realistic range
    d = 0.0032
    e = -0.0021

    # Much smaller odd term to reduce distribution skewness
    g = 0.0008

    # Ripples: strengthen slightly and add a coupled (u,v) sinusoid so the
    # full quadratic model is not exact, but still remains highly explanatory.
    r1, k1 = 0.0060, 1.15
    r2, k2 = 0.0036, 0.90
    r3, k3 = 0.0060, 1.35

    quad = a * u * u + b * v * v + c * u * v
    lin = d * u + e * v
    odd = g * u * u * u
    ripple = (
        r1 * np.sin(k1 * u)
        + r2 * np.sin(k2 * v)
        + r3 * np.sin(k3 * (u + 0.7 * v))
    )

    return s * (quad + lin + odd + ripple)",0.33839982357663645,"
    2D shifted landscape with a dominant quadratic form plus small, structured
    non-quadratic ripples:

        u = x0 - 1.5,  v = x1 + 2.0
        f(x) = s * ( Q(u,v) + L(u,v) + R(u,v) )

    where
        Q(u,v) = a u^2 + b v^2 + c u v        (full quadratic bowl core)
        L(u,v) = d u + e v                    (small linear terms)
        R(u,v) = g u^3 + r1 sin(k1 u) + r2 sin(k2 v) + r3 sin(k3*(u+0.7 v))

    The quadratic core provides high predictability for linear/quadratic fits,
    while the coupled sinusoid and reduced odd term prevent an (overly) perfect
    quadratic explanation and avoid excessive skewness.
    ",,,,11,2,0.2523003994933983,0.2558805078242635,0.9051460944570991,0.87370374415054,0.4370315019365825,0.5901500184661472,0.8602778497346967,0.9999793452032381
"import numpy as np

def problem(x: np.ndarray) -> float:
    """"""
    Deterministic 2D synthetic benchmark with a rotated quadratic core plus
    small non-quadratic perturbations.

    Let y = x - [xc, yc], rotate by angle theta to (z1, z2):
        z1 =  y0*cos(theta) + y1*sin(theta)
        z2 = -y0*sin(theta) + y1*cos(theta)

    Objective:
        f(x) = s * ( Q(z1,z2) + p1*(z1**2)*z2 + p2*(z1)*(z2**2) + r*(cos(k*z1)-1) + r*(cos(k*z2)-1) )

    where the dominant structure is the full quadratic
        Q(z1,z2) = a*z1**2 + b*z2**2 + c*z1*z2 + d*z1 + e*z2

    The cubic mixed terms control distribution skewness and prevent a perfect
    full-quadratic fit (so quad_w_interact adj-R2 < 1), while the cosine terms
    add mild smooth ruggedness without overwhelming quadratic explainability.
    """"""
    x = np.asarray(x, dtype=float).ravel()
    if x.shape[0] != 2:
        raise ValueError(""This benchmark is defined for 2D inputs (len(x)==2)."")

    # Shift (optimum not at the origin)
    xc, yc = -3.1, 1.7
    y0 = x[0] - xc
    y1 = x[1] - yc

    # Rotate coordinates to change the interaction geometry
    theta = 0.73
    ct = np.cos(theta)
    st = np.sin(theta)
    z1 = y0 * ct + y1 * st
    z2 = -y0 * st + y1 * ct

    # Overall scaling: controls fitness dispersion (fitness_std)
    s = 0.33

    # Full quadratic backbone (dominant structure)
    a = 0.11
    b = 0.075
    c = 0.085
    d = 0.020
    e = -0.027

    Q = a * z1 * z1 + b * z2 * z2 + c * z1 * z2 + d * z1 + e * z2

    # Non-quadratic perturbations (mixed cubic with odd components -> skew)
    # Keep them small enough so full quadratic remains highly explainable.
    p1 = 0.0042
    p2 = -0.0030
    cubic_mix = p1 * (z1 * z1) * z2 + p2 * z1 * (z2 * z2)

    # Mild smooth ruggedness (separable but shifted by rotation)
    k = 1.35
    r = 0.012
    ripple = r * (np.cos(k * z1) - 1.0) + r * (np.cos(k * z2) - 1.0)

    return float(s * (Q + cubic_mix + ripple))",0.3924624187285853,"
    Deterministic 2D synthetic benchmark with a rotated quadratic core plus
    small non-quadratic perturbations.

    Let y = x - [xc, yc], rotate by angle theta to (z1, z2):
        z1 =  y0*cos(theta) + y1*sin(theta)
        z2 = -y0*sin(theta) + y1*cos(theta)

    Objective:
        f(x) = s * ( Q(z1,z2) + p1*(z1**2)*z2 + p2*(z1)*(z2**2) + r*(cos(k*z1)-1) + r*(cos(k*z2)-1) )

    where the dominant structure is the full quadratic
        Q(z1,z2) = a*z1**2 + b*z2**2 + c*z1*z2 + d*z1 + e*z2

    The cubic mixed terms control distribution skewness and prevent a perfect
    full-quadratic fit (so quad_w_interact adj-R2 < 1), while the cosine terms
    add mild smooth ruggedness without overwhelming quadratic explainability.
    ",,,,12,2,0.2080849272483511,0.23093217223622695,0.9078849500660715,0.8865755123156085,0.5008975782995297,0.5477880901976799,0.9596225278799281,0.9999476820912375
"import numpy as np

def problem(x: np.ndarray) -> float:
    """"""
    Deterministic 2D synthetic benchmark based on a smooth “two-quadratic”
    landscape using a log-sum-exp (soft minimum) of two full quadratic basins,
    plus an asymmetric odd perturbation.

    Let (u,v) be shifted coordinates:
        u = x0 - xc1,  v = x1 - yc1

    Define two full quadratic functions (with their own centers):
        Q1(u,v) = a u^2 + b v^2 + c u v + d u + e v
        Q2(u,v) = a2 (u-ux)^2 + b2 (v-vy)^2 + c2 (u-ux)(v-vy) + d2 (u-ux) + e2 (v-vy)

    The objective uses a smooth soft-min via log-sum-exp:
        F_soft(u,v) = -(1/k) * log( exp(-k*Q1(u,v)) + w * exp(-k*Q2(u,v)) )

    Finally, add a small odd asymmetric term to tune distribution skew:
        f(x) = s_scale * ( F_soft(u,v) + a_odd*(u^3 - 0.7*v^3) + r * sin(omega*(u-v)) )
    """"""
    x = np.asarray(x, dtype=float).ravel()
    if x.shape[0] != 2:
        raise ValueError(""This benchmark is defined for 2D inputs (len(x)==2)."")

    x0, x1 = x[0], x[1]

    # Main shift (also used for the coordinate system)
    xc1, yc1 = -1.2, 2.3
    u = x0 - xc1
    v = x1 - yc1

    # Secondary basin is slightly displaced in the (u,v) coordinates
    ux, vy = 0.35, -0.25

    # Full quadratic basin parameters (dominant quadratic backbone)
    a, b, c = 0.085, 0.072, 0.060
    d, e = 0.022, -0.015

    # Second quadratic basin (similar curvature, slightly different orientation/tilt)
    a2, b2, c2 = 0.080, 0.078, 0.055
    d2, e2 = 0.018, -0.010

    # Evaluate quadratics around each basin's own center expressed in (u,v)
    u2 = u - ux
    v2 = v - vy

    Q1 = a * u * u + b * v * v + c * u * v + d * u + e * v
    Q2 = a2 * u2 * u2 + b2 * v2 * v2 + c2 * u2 * v2 + d2 * u2 + e2 * v2

    # Soft-min / log-sum-exp aggregation (creates nontrivial ELA while keeping
    # quadratic structure interpretable).
    # Use a stable formulation with shifts.
    k = 7.5
    w = 0.85

    t1 = -k * Q1
    t2 = -k * Q2
    m = np.maximum(t1, t2)
    F_soft = -(1.0 / k) * (m + np.log(np.exp(t1 - m) + w * np.exp(t2 - m)))

    # Asymmetric odd perturbation to induce mild skewness and affect connectivity geometry
    a_odd = 0.0038  # odd in u and v (overall mild, not dominating quadratic fit)

    # Small deterministic sinusoidal ripple (depends on u-v to inject nonlinearity
    # but avoid overwhelming the quadratic explainability)
    r = 0.020
    omega = 2.2

    f = F_soft + a_odd * (u**3 - 0.7 * v**3) + r * np.sin(omega * (u - v))

    # Global scaling to adjust fitness standard deviation
    s_scale = 0.34
    return float(s_scale * f)",0.37180525291773364,"
    Deterministic 2D synthetic benchmark based on a smooth “two-quadratic”
    landscape using a log-sum-exp (soft minimum) of two full quadratic basins,
    plus an asymmetric odd perturbation.

    Let (u,v) be shifted coordinates:
        u = x0 - xc1,  v = x1 - yc1

    Define two full quadratic functions (with their own centers):
        Q1(u,v) = a u^2 + b v^2 + c u v + d u + e v
        Q2(u,v) = a2 (u-ux)^2 + b2 (v-vy)^2 + c2 (u-ux)(v-vy) + d2 (u-ux) + e2 (v-vy)

    The objective uses a smooth soft-min via log-sum-exp:
        F_soft(u,v) = -(1/k) * log( exp(-k*Q1(u,v)) + w * exp(-k*Q2(u,v)) )

    Finally, add a small odd asymmetric term to tune distribution skew:
        f(x) = s_scale * ( F_soft(u,v) + a_odd*(u^3 - 0.7*v^3) + r * sin(omega*(u-v)) )
    ",,,,12,2,0.19360598859153158,0.189258793503493,0.892477336960101,0.8940450379409867,0.5082781972292539,0.6100708327955523,0.9045768360103507,0.9999085816867179
"import numpy as np

def problem(x: np.ndarray) -> float:
    """"""
    Synthetic 2D benchmark (u,v) with a shifted, moderately dominant quadratic core
    plus a small cubic “spiral” term and a tiny non-quadratic cosine ripple.

    Let u = x0 - xc, v = x1 - yc. The objective is

        f(x) = s * [  a*u^2 + b*v^2 + c*u*v          (full quadratic backbone)
                    + d*u + e*v                      (linear drift)
                    + eps*(u^3 - 3*u*v^2)            (odd cubic term -> skew)
                    + gam*(u^2+v^2)*cos(w*(u+v)) ]   (non-quadratic ripple)

    This differs in construction from the previous versions: the odd term is a cubic
    harmonic (u^3 - 3uv^2) and the ripple depends on (u+v) rather than u*v.
    """"""
    x = np.asarray(x, dtype=float).ravel()
    if x.shape[0] != 2:
        raise ValueError(""This benchmark is defined for 2D inputs (len(x)==2)."")

    xc, yc = 1.1, -1.7
    u = x[0] - xc
    v = x[1] - yc

    # Quadratic backbone coefficients (kept dominant but not perfectly exact)
    a = 0.095
    b = 0.075
    c = 0.085

    # Linear drift: moderate to pull linear fits into the target regime
    d = -0.030
    e = 0.040

    # Odd cubic harmonic for controlled skewness
    eps = 0.0065  # odd term amplitude

    # Non-quadratic ripple (small), radial magnitude times cosine of (u+v)
    gam = 0.0045
    w = 2.35

    quad = a * u * u + b * v * v + c * u * v
    lin = d * u + e * v
    cubic = eps * (u**3 - 3.0 * u * v * v)
    ripple = gam * (u*u + v*v) * np.cos(w * (u + v))

    # Global scaling to adjust fitness distribution spread (fitness_std)
    s = 1.95

    return float(s * (quad + lin + cubic + ripple))",0.3193944846411142,"
    Synthetic 2D benchmark (u,v) with a shifted, moderately dominant quadratic core
    plus a small cubic “spiral” term and a tiny non-quadratic cosine ripple.

    Let u = x0 - xc, v = x1 - yc. The objective is

        f(x) = s * [  a*u^2 + b*v^2 + c*u*v          (full quadratic backbone)
                    + d*u + e*v                      (linear drift)
                    + eps*(u^3 - 3*u*v^2)            (odd cubic term -> skew)
                    + gam*(u^2+v^2)*cos(w*(u+v)) ]   (non-quadratic ripple)

    This differs in construction from the previous versions: the odd term is a cubic
    harmonic (u^3 - 3uv^2) and the ripple depends on (u+v) rather than u*v.
    ",,,,12,2,0.2901624412985033,0.1666089119541985,0.771408362273836,0.8756828569518456,0.4784190860103718,0.488376918654096,0.8975939954732147,0.9964667828419896
"import numpy as np

def problem(x: np.ndarray) -> float:
    """"""
    Deterministic 2D synthetic landscape with a *full quadratic* backbone plus
    localized, exponentially-decaying higher-order perturbations.

    Let u = x0 - xc, v = x1 - yc. The function is
        f(x) = s * [ Q(u,v) + r1 * (u*v) * exp(-k*(u^2+v^2))
                             + r2 * (u^2*v) * exp(-k*(u^2+v^2)) ]

    where the quadratic backbone is
        Q(u,v) = a*u^2 + b*v^2 + c*u*v + d*u + e*v.

    The exponential terms introduce controlled non-quadratic structure and
    mild skew (via the odd u^2*v factor) without destroying the strong global
    quadratic fit.
    """"""
    x = np.asarray(x, dtype=float).ravel()
    if x.shape[0] != 2:
        raise ValueError(""This benchmark is defined for 2D inputs (len(x)==2)."")

    # Shift to break naive positioning
    xc, yc = -1.2, 2.3
    u = x[0] - xc
    v = x[1] - yc

    # Full-quadratic backbone (dominant global structure)
    a = 0.060
    b = 0.055
    c = 0.048
    d = 0.032
    e = -0.020

    # Localized perturbations (different functional form than polynomials/trig)
    k = 0.28
    r1 = 0.018   # interaction-local ripple
    r2 = 0.022   # odd mixed term -> controls skewness

    s = 0.30  # overall scaling (controls fitness dispersion / fitness_std)

    quad = a * u * u + b * v * v + c * u * v + d * u + e * v
    r = np.exp(-k * (u * u + v * v))
    pert = r1 * (u * v) * r + r2 * (u * u * v) * r

    return float(s * (quad + pert))",0.33621073754275177,"
    Deterministic 2D synthetic landscape with a *full quadratic* backbone plus
    localized, exponentially-decaying higher-order perturbations.

    Let u = x0 - xc, v = x1 - yc. The function is
        f(x) = s * [ Q(u,v) + r1 * (u*v) * exp(-k*(u^2+v^2))
                             + r2 * (u^2*v) * exp(-k*(u^2+v^2)) ]

    where the quadratic backbone is
        Q(u,v) = a*u^2 + b*v^2 + c*u*v + d*u + e*v.

    The exponential terms introduce controlled non-quadratic structure and
    mild skew (via the odd u^2*v factor) without destroying the strong global
    quadratic fit.
    ",,,,12,2,0.18984232370101697,0.2204901015823489,0.9002795978424867,0.8902026717462035,0.44266149373038755,0.6199111087904462,0.8345820514246644,0.9999497798569361
"import numpy as np

def problem(x: np.ndarray) -> float:
    """"""
    2D rotated-and-shifted benchmark with a *full quadratic backbone* plus
    (i) a small odd cubic tilt (to control skewness) and
    (ii) deterministic Rastrigin-like cosine ripples (to reduce smoothness/connectivity)
    while keeping quadratic explainability high.

    Let (x0, x1) be input. Define a rotation:
        u = 0.8*x0 + 0.6*x1
        v = -0.6*x0 + 0.8*x1
    and shift to the basin center:
        us = u - 0.7,  vs = v + 1.1

    The objective is:
        f = S * [ (a*us^2 + b*vs^2 + c*us*vs) + (d*us + e*vs)
                   + k3*us^3
                   + A*(cos(2π*ωu*us) + cos(2π*ωv*vs) - 2) ]
    where the cosine term is centered so it contributes ~0 near us=vs=0.
    """"""
    x = np.asarray(x, dtype=float).ravel()
    if x.shape[0] != 2:
        raise ValueError(""This benchmark is defined for 2D inputs (len(x)==2)."")

    x0, x1 = x[0], x[1]

    # Rotation (totally different form from previous shift-only constructions)
    u = 0.8 * x0 + 0.6 * x1
    v = -0.6 * x0 + 0.8 * x1

    # Shift (basin center in rotated coordinates)
    us = u - 0.7
    vs = v + 1.1

    # Scale to yield a relatively large fitness dispersion (fitness_std target)
    S = 0.38

    # Full quadratic backbone with a moderate interaction term
    a = 0.075
    b = 0.090
    c = 0.052

    # Linear drift (kept moderate so linear models explain some but not all variance)
    d = 0.018
    e = -0.014

    # Odd cubic tilt to induce mild positive skewness
    k3 = 0.0042

    # Deterministic cosine ripples (Rastrigin-like), centered to reduce impact at the center
    A = 0.035
    omega_u = 0.95
    omega_v = 1.10
    twopi = 2.0 * np.pi
    ripple = A * (np.cos(twopi * omega_u * us) + np.cos(twopi * omega_v * vs) - 2.0)

    quad = a * us * us + b * vs * vs + c * us * vs
    lin = d * us + e * vs
    odd = k3 * (us ** 3)

    return float(S * (quad + lin + odd + ripple))",0.5229895520522516,"
    2D rotated-and-shifted benchmark with a *full quadratic backbone* plus
    (i) a small odd cubic tilt (to control skewness) and
    (ii) deterministic Rastrigin-like cosine ripples (to reduce smoothness/connectivity)
    while keeping quadratic explainability high.

    Let (x0, x1) be input. Define a rotation:
        u = 0.8*x0 + 0.6*x1
        v = -0.6*x0 + 0.8*x1
    and shift to the basin center:
        us = u - 0.7,  vs = v + 1.1

    The objective is:
        f = S * [ (a*us^2 + b*vs^2 + c*us*vs) + (d*us + e*vs)
                   + k3*us^3
                   + A*(cos(2π*ωu*us) + cos(2π*ωv*vs) - 2) ]
    where the cosine term is centered so it contributes ~0 near us=vs=0.
    ",,,,12,2,0.27669473392599025,0.3858168505887949,0.8722552164092657,0.8542255678065218,0.2467122571600967,0.24797389757756796,0.9767603168598109,0.9987209866961987
"import numpy as np

def problem(x: np.ndarray) -> float:
    """"""
    Synthetic 2D benchmark using a *quartic (non-quadratic) radial backbone* in shifted
    coordinates plus an *asymmetric odd term* and a *weak periodic interaction ripple*.

    Let u = x0 - x[0], v = x1 - x[1]. The objective is
        f = s * [ Q2(u,v) + Q4(u,v) + odd(u) + ripple(u,v) ]
    with
        Q2(u,v) = a*(u^2 + v^2) + b*u*v
        Q4(u,v) = c*(u^4 + v^4) + d*(u^2*v^2)
        odd(u)   = e*u^3                       (creates mild skew)
        ripple  = g*sin(k*(u + 0.7*v)) + h*cos(k2*(u - v))
    This form is intentionally different from previous quadratic-backbone designs.
    """"""
    x = np.asarray(x, dtype=float).ravel()
    if x.shape[0] != 2:
        raise ValueError(""This benchmark is defined for 2D inputs (len(x)==2)."")

    # Shift (center of the main basin)
    x0, x1 = -0.8, 1.35
    u = x0 - x[0]
    v = x1 - x[1]

    # Global scale (tuned to give relatively large objective dispersion on [-5,5]^2)
    s = 0.22

    # Quadratic + quartic backbone (quartic reduces perfect quadratic explainability)
    a = 0.085
    b = 0.055
    c = 0.014
    d = 0.010

    # Asymmetric odd component to induce target-like mild skewness
    e = 0.006

    # Weak interaction ripple (adds ruggedness without dominating)
    g = 0.030
    k = 1.55
    h = 0.020
    k2 = 2.2

    q2 = a * (u*u + v*v) + b * u * v
    q4 = c * (u**4 + v**4) + d * (u*u*v*v)
    odd = e * (u**3)
    ripple = g * np.sin(k * (u + 0.7 * v)) + h * np.cos(k2 * (u - v))

    return float(s * (q2 + q4 + odd + ripple))",0.5178245108665447,"
    Synthetic 2D benchmark using a *quartic (non-quadratic) radial backbone* in shifted
    coordinates plus an *asymmetric odd term* and a *weak periodic interaction ripple*.

    Let u = x0 - x[0], v = x1 - x[1]. The objective is
        f = s * [ Q2(u,v) + Q4(u,v) + odd(u) + ripple(u,v) ]
    with
        Q2(u,v) = a*(u^2 + v^2) + b*u*v
        Q4(u,v) = c*(u^4 + v^4) + d*(u^2*v^2)
        odd(u)   = e*u^3                       (creates mild skew)
        ripple  = g*sin(k*(u + 0.7*v)) + h*cos(k2*(u - v))
    This form is intentionally different from previous quadratic-backbone designs.
    ",,,,12,2,0.36566079993382195,0.048371091293659726,0.8979517512854751,0.8547586883474371,0.41406329624300114,0.4165883459871631,0.94020387349771,0.9877192134187268
"import numpy as np

def problem(x: np.ndarray) -> float:
    """"""
    Shifted 2D benchmark mixing a full quadratic backbone with a controlled
    *non-polynomial* interaction term.

    Let (u,v) be centered variables:
        u = x0 - cx,  v = x1 - cy

    The function is:
        f(u,v) = s * [ (a u^2 + b v^2 + c u v) + (d u + e v)
                       + eta * u^2 * (v)                       (odd cubic skew control)
                       + r * (u v) * tanh(k * u v)           (non-polynomial interaction) ]

    The quadratic backbone makes quad/full-quadratic models highly predictive,
    while the tanh interaction and the odd cubic term prevent a perfect fit.
    """"""
    x = np.asarray(x, dtype=float).ravel()
    if x.shape[0] != 2:
        raise ValueError(""This benchmark is defined for 2D inputs (len(x)==2)."")

    # Non-origin center (deterministic shift)
    cx, cy = 1.35, -2.10
    u = x[0] - cx
    v = x[1] - cy

    # Global scaling controls overall fitness dispersion
    s = 0.42

    # Full quadratic backbone (dominant)
    a = 0.090
    b = 0.080
    c = -0.030

    # Linear drift (moderate)
    d = 0.040
    e = -0.025

    # Odd cubic term to introduce mild positive skewness
    eta = 0.010

    # Non-polynomial interaction: (u v) * tanh(k u v)
    # - behaves ~ linear for small |u v|
    # - saturates for large |u v|, adding controlled non-quadratic curvature
    r = 0.055
    k = 1.25

    quad = a * u * u + b * v * v + c * u * v
    lin = d * u + e * v
    odd_cubic = eta * (u * u) * v
    nonpoly = r * (u * v) * np.tanh(k * u * v)

    return float(s * (quad + lin + odd_cubic + nonpoly))",0.5422988956573448,"
    Shifted 2D benchmark mixing a full quadratic backbone with a controlled
    *non-polynomial* interaction term.

    Let (u,v) be centered variables:
        u = x0 - cx,  v = x1 - cy

    The function is:
        f(u,v) = s * [ (a u^2 + b v^2 + c u v) + (d u + e v)
                       + eta * u^2 * (v)                       (odd cubic skew control)
                       + r * (u v) * tanh(k * u v)           (non-polynomial interaction) ]

    The quadratic backbone makes quad/full-quadratic models highly predictive,
    while the tanh interaction and the odd cubic term prevent a perfect fit.
    ",,,,12,2,0.4296140935089544,0.1497079515206041,0.9105905838168077,0.9275077962903909,0.6652859690284173,0.7180187002051485,0.9200383177375575,0.9986728360949361
"import numpy as np

def problem(x: np.ndarray) -> float:
    """"""
    2D synthetic benchmark with a shifted quadratic core plus *localized,
    asymmetric* nonlinearity and a weak separable ripple.

    Let (u,v) be the shifted coordinates:
        u = x0 - 0.7,   v = x1 + 1.1

    The objective is:
        f(x) = s * (a*u^2 + b*v^2 + c*u*v + d*u + e*v)
               + alpha * (u^3) * exp(-beta*(u^2+v^2))     [asymmetric skew control]
               + gamma * sin(k*u) * sin(l*v)             [weak non-quadratic ripple]
               + delta * (u^2+v^2)^2                     [small quartic break of exactness]

    All terms are deterministic and well-defined for x in [-5,5]^N.
    """"""
    x = np.asarray(x, dtype=float).ravel()
    if x.size != 2:
        raise ValueError(""This benchmark is defined for 2D inputs (len(x)==2)."")

    u = x[0] - 0.7
    v = x[1] + 1.1

    # Quadratic core (dominant, but not so perfect that quad fits become exact)
    s = 0.26
    a = 0.085
    b = 0.060
    c = 0.052
    d = -0.014
    e = 0.018

    quad = a * u * u + b * v * v + c * u * v + d * u + e * v

    # Localized asymmetric term to induce moderate positive skewness
    alpha = 0.095
    beta = 0.22
    skew_term = alpha * (u ** 3) * np.exp(-beta * (u * u + v * v))

    # Weak non-quadratic ripple (separable product of sines)
    gamma = 0.020
    k = 1.15
    l = 0.95
    ripple = gamma * np.sin(k * u) * np.sin(l * v)

    # Small quartic penalty to reduce the ""perfectness"" of quadratic models
    delta = 0.0025
    quartic = delta * (u * u + v * v) ** 2

    return float(s * quad + skew_term + ripple + quartic)",0.5600796214843415,"
    2D synthetic benchmark with a shifted quadratic core plus *localized,
    asymmetric* nonlinearity and a weak separable ripple.

    Let (u,v) be the shifted coordinates:
        u = x0 - 0.7,   v = x1 + 1.1

    The objective is:
        f(x) = s * (a*u^2 + b*v^2 + c*u*v + d*u + e*v)
               + alpha * (u^3) * exp(-beta*(u^2+v^2))     [asymmetric skew control]
               + gamma * sin(k*u) * sin(l*v)             [weak non-quadratic ripple]
               + delta * (u^2+v^2)^2                     [small quartic break of exactness]

    All terms are deterministic and well-defined for x in [-5,5]^N.
    ",,,,12,2,0.4778340110237014,0.10854868357566906,0.8960659057306679,0.8574452645561291,0.3503242731416653,0.3509679955741987,0.9279824038244188,0.9919017365327558
"import numpy as np

def problem(x: np.ndarray) -> float:
    """"""
    2D benchmark with a rotated/shifted full-quadratic core plus an
    asymmetric (odd) Gaussian modulation.

    Let x=(x0,x1). We use centered coordinates:
        u = x0 - 0.7,  v = x1 + 1.3
    and define a quadratic “envelope”:
        Q = a*u^2 + b*v^2 + c*u*v + d*u + e*v
    Then we add a weak non-quadratic term that is odd in u:
        G = t * u * exp(-alpha*(v - v0)^2)
    Objective:
        f(x) = scale * (Q + G)

    The quadratic part makes quad-w-interaction ELA very strong, while the
    asymmetric Gaussian term controls skewness and prevents an exact fit.
    """"""
    x = np.asarray(x, dtype=float).ravel()
    if x.shape[0] != 2:
        raise ValueError(""This benchmark is defined for 2D inputs (len(x)==2)."")

    u = x[0] - 0.7
    v = x[1] + 1.3

    # Full quadratic backbone (dominant)
    a = 0.060
    b = 0.085
    c = 0.055
    d = 0.008
    e = -0.020

    Q = a * u * u + b * v * v + c * u * v + d * u + e * v

    # Asymmetric odd Gaussian modulation (odd in u -> controlled skewness)
    alpha = 0.55
    v0 = -0.4
    t = 0.070  # small enough to keep quad_w_interact high, but nonzero for mismatch
    G = t * u * np.exp(-alpha * (v - v0) * (v - v0))

    # Scale to get a target-like dispersion of values on [-5,5]^2
    scale = 1.35

    return float(scale * (Q + G))",0.4434408937036595,"
    2D benchmark with a rotated/shifted full-quadratic core plus an
    asymmetric (odd) Gaussian modulation.

    Let x=(x0,x1). We use centered coordinates:
        u = x0 - 0.7,  v = x1 + 1.3
    and define a quadratic “envelope”:
        Q = a*u^2 + b*v^2 + c*u*v + d*u + e*v
    Then we add a weak non-quadratic term that is odd in u:
        G = t * u * exp(-alpha*(v - v0)^2)
    Objective:
        f(x) = scale * (Q + G)

    The quadratic part makes quad-w-interaction ELA very strong, while the
    asymmetric Gaussian term controls skewness and prevents an exact fit.
    ",,,,12,2,0.3181119189266918,0.2773212924241789,0.9301157202948773,0.847958398765763,0.23586396233174117,0.4221160039603895,0.8275103615294995,0.9969456324355326
"import numpy as np

def problem(x: np.ndarray) -> float:
    """"""
    2D synthetic benchmark (deterministic) built from:
      - a shifted, rotated full quadratic polynomial in (u,v),
      - a small odd cubic term (to induce moderate objective skewness),
      - a localized Gaussian bump (to reduce perfect quadratic explainability),
      - weak separable sinusoidal ripples (to perturb neighborhood connectivity).

    Let x = (x0, x1). Define u = x0 - xc, v = x1 - yc and rotate:
        [u_r]   [ cosθ  -sinθ ] [u]
        [v_r] = [ sinθ   cosθ ] [v]

    Objective:
        f = s * (a*u_r^2 + b*v_r^2 + c*u_r*v_r + d*u_r + e*v_r)
            + t * u_r^3
            + g * exp(-α * ((u_r - μ)^2 + (v_r - ν)^2))
            + w1*sin(k1*u_r) + w2*sin(k2*v_r)
    """"""
    x = np.asarray(x, dtype=float).ravel()
    if x.shape[0] != 2:
        raise ValueError(""This benchmark is defined for 2D inputs (len(x)==2)."")

    xc, yc = -1.15, 2.05
    u = x[0] - xc
    v = x[1] - yc

    # Rotate coordinates to make the ""interaction"" geometry nontrivial
    theta = 0.62
    ct, st = np.cos(theta), np.sin(theta)
    u_r = ct * u - st * v
    v_r = st * u + ct * v

    # Full quadratic backbone (keeps quad_w_interact adj-R2 high but not perfect)
    s = 0.28
    a = 0.07
    b = 0.058
    c = 0.052
    d = 0.026
    e = -0.019

    # Moderate skewness via small odd cubic term
    t = 0.010

    # Localized bump to reduce near-perfect quadratic explainability
    g = 0.085
    alpha = 2.6
    mu, nu = 0.35, -0.22

    # Weak separable ripples (different from earlier u*v coupling)
    w1 = 0.020
    w2 = 0.015
    k1 = 1.7
    k2 = 1.35

    quad = a * u_r * u_r + b * v_r * v_r + c * u_r * v_r + d * u_r + e * v_r
    cubic = t * (u_r ** 3)
    bump = g * np.exp(-alpha * ((u_r - mu) ** 2 + (v_r - nu) ** 2))
    ripple = w1 * np.sin(k1 * u_r) + w2 * np.sin(k2 * v_r)

    return float(s * quad + cubic + bump + ripple)",0.5266891381347031,"
    2D synthetic benchmark (deterministic) built from:
      - a shifted, rotated full quadratic polynomial in (u,v),
      - a small odd cubic term (to induce moderate objective skewness),
      - a localized Gaussian bump (to reduce perfect quadratic explainability),
      - weak separable sinusoidal ripples (to perturb neighborhood connectivity).

    Let x = (x0, x1). Define u = x0 - xc, v = x1 - yc and rotate:
        [u_r]   [ cosθ  -sinθ ] [u]
        [v_r] = [ sinθ   cosθ ] [v]

    Objective:
        f = s * (a*u_r^2 + b*v_r^2 + c*u_r*v_r + d*u_r + e*v_r)
            + t * u_r^3
            + g * exp(-α * ((u_r - μ)^2 + (v_r - ν)^2))
            + w1*sin(k1*u_r) + w2*sin(k2*v_r)
    ",,,,12,2,0.5228600373787468,0.33756528874709696,0.8029831812207197,0.9568896152373849,0.6901838804407144,0.7978686164659123,0.8345449070648536,0.9998055026091792
"import numpy as np

def problem(x: np.ndarray) -> float:
    """"""
    2D synthetic benchmark built from a *shifted quadratic backbone* with:
      - anisotropic quadratic terms plus a controlled interaction u*v,
      - a linear drift,
      - a small odd cubic component to induce mild skewness,
      - a weak cosine “curvature” perturbation that slightly breaks exact quadratic fits.

    Let u = x0 - xc and v = x1 - yc. The objective is

        f(x) = S * [ a*u^2 + b*v^2 + c*u*v
                     + d*u + e*v
                     + eps*u^3
                     + gam * (u*v) * cos(k*(u - v)) ]

    Only deterministic algebra is used (no randomness).
    """"""
    x = np.asarray(x, dtype=float).ravel()
    if x.shape[0] != 2:
        raise ValueError(""This benchmark is defined for 2D inputs (len(x)==2)."")

    # Shift (different from the earlier xc/yc choices)
    xc, yc = -0.7, 1.4
    u = x[0] - xc
    v = x[1] - yc

    # Quadratic backbone (interaction term included to favor quad-with-interactions)
    a = 0.060
    b = 0.072
    c = 0.045

    # Linear drift (so linear models explain some trend)
    d = -0.018
    e = 0.026

    # Odd cubic term to create mild (not large) skewness
    eps = 0.0045

    # Weak non-quadratic curvature perturbation (breaks perfect quadratic explainability)
    gam = 0.0038
    k = 2.7

    quad = a * u * u + b * v * v + c * u * v
    lin = d * u + e * v
    odd = eps * (u ** 3)
    ripple = gam * (u * v) * np.cos(k * (u - v))

    # Global scaling to tune overall fitness dispersion (variance)
    S = 4.0

    return float(S * (quad + lin + odd + ripple))",0.41670562811100575,"
    2D synthetic benchmark built from a *shifted quadratic backbone* with:
      - anisotropic quadratic terms plus a controlled interaction u*v,
      - a linear drift,
      - a small odd cubic component to induce mild skewness,
      - a weak cosine “curvature” perturbation that slightly breaks exact quadratic fits.

    Let u = x0 - xc and v = x1 - yc. The objective is

        f(x) = S * [ a*u^2 + b*v^2 + c*u*v
                     + d*u + e*v
                     + eps*u^3
                     + gam * (u*v) * cos(k*(u - v)) ]

    Only deterministic algebra is used (no randomness).
    ",,,,13,2,0.22513604283041447,0.2669473622189952,0.9032399972026528,0.8522184977644024,0.23649967544684022,0.40466731316630894,0.8381404033997392,0.9993916856480292
"import numpy as np

def problem(x: np.ndarray) -> float:
    """"""
    2D shifted, rotated landscape with a *general quadratic backbone*
    (i.e., a full quadratic in the original variables) plus mild
    higher-order (non-quadratic) perturbations.

    Let x=(x0,x1), shift to y=(x0-xc, x1-yc) and rotate:
        r =  c1*y0 + s1*y1
        t = -s1*y0 + c1*y1

    Quadratic backbone (general quadratic) in rotated coordinates:
        Q(r,t) = a*r^2 + b*t^2 + c*r*t + d*r + e*t

    The non-quadratic part is designed to:
      - introduce mild skewness via an odd cubic term in t,
      - slightly reduce full-quadratic explainability via a small sinusoidal
        interaction ripple (non-polynomial).

        P(y) = k*t^3 + m*sin(omega*(r*t))

    Objective:
        f(x) = scale * ( Q(r,t) + P(y) )
    """"""
    x = np.asarray(x, dtype=float).ravel()
    if x.shape[0] != 2:
        raise ValueError(""This benchmark is defined for 2D inputs (len(x)==2)."")

    # Shift
    xc, yc = -1.15, 2.35
    y0 = x[0] - xc
    y1 = x[1] - yc

    # Rotation (motivated by changing interaction geometry without changing dim)
    ang = 0.72
    c1 = np.cos(ang)
    s1 = np.sin(ang)
    r = c1 * y0 + s1 * y1
    t = -s1 * y0 + c1 * y1

    # Scale: target relatively large fitness_std
    scale = 0.42

    # General quadratic backbone (should be well captured by quad_w_interact)
    a = 0.085
    b = 0.078
    c = 0.052
    d = 0.025
    e = -0.022
    Q = a * r * r + b * t * t + c * r * t + d * r + e * t

    # Higher-order perturbations:
    # - odd cubic in t to control skewness
    # - sinusoidal interaction ripple (non-polynomial) to keep quad_w_interact < 1
    k = 0.0105
    m = 0.020
    omega = 1.35
    P = k * (t ** 3) + m * np.sin(omega * (r * t))

    return float(scale * (Q + P))",0.6165455048064493,"
    2D shifted, rotated landscape with a *general quadratic backbone*
    (i.e., a full quadratic in the original variables) plus mild
    higher-order (non-quadratic) perturbations.

    Let x=(x0,x1), shift to y=(x0-xc, x1-yc) and rotate:
        r =  c1*y0 + s1*y1
        t = -s1*y0 + c1*y1

    Quadratic backbone (general quadratic) in rotated coordinates:
        Q(r,t) = a*r^2 + b*t^2 + c*r*t + d*r + e*t

    The non-quadratic part is designed to:
      - introduce mild skewness via an odd cubic term in t,
      - slightly reduce full-quadratic explainability via a small sinusoidal
        interaction ripple (non-polynomial).

        P(y) = k*t^3 + m*sin(omega*(r*t))

    Objective:
        f(x) = scale * ( Q(r,t) + P(y) )
    ",,,,13,2,0.3916867503426432,0.7612474713648276,0.28300435673297786,0.8943790129740474,0.34408332318120155,0.7241196263646578,0.5592888093051454,0.999872334843977
"import numpy as np

def problem(x: np.ndarray) -> float:
    """"""
    2D shifted/rotated quadratic “backbone” with small higher-order anisotropic
    perturbations.

    Let x = (x0, x1), shift to (u,v) = (x0-xc, x1-yc) and rotate:
        [y0] =  [cosA -sinA] [u]
        [y1]   [sinA  cosA] [v]

    Backbone (full quadratic):
        Q = a*y0^2 + b*y1^2 + c*y0*y1 + d*y0 + e*y1

    Perturbations (kept small so full-quadratic remains highly explainable):
        P1 = t * (y0^3) * y1      (odd mixed term -> controlled skew)
        P2 = r * (y0^4 + y1^4)   (weak quartic anisotropy)

    Objective:
        f(x) = s * (Q + P1 + P2)
    """"""
    x = np.asarray(x, dtype=float).ravel()
    if x.shape[0] != 2:
        raise ValueError(""This benchmark is defined for 2D inputs (len(x)==2)."")

    xc, yc = -0.9, 1.6
    u = x[0] - xc
    v = x[1] - yc

    # Rotation to make the coordinate-wise structure less “obvious”
    A = 0.65
    ca, sa = np.cos(A), np.sin(A)
    y0 = ca * u - sa * v
    y1 = sa * u + ca * v

    # Full-quadratic backbone (dominant)
    a = 0.095
    b = 0.082
    c = 0.060
    d = 0.030
    e = -0.022

    # Higher-order perturbations (small but non-negligible)
    # P1 induces controlled skewness through an odd mixed term.
    t = 0.0016
    # P2 slightly breaks exact quadratic explainability while remaining mild.
    r = 0.00055

    Q = a * y0 * y0 + b * y1 * y1 + c * y0 * y1 + d * y0 + e * y1
    P1 = t * (y0 ** 3) * y1
    P2 = r * (y0 ** 4 + y1 ** 4)

    # Scaling to tune overall fitness dispersion
    s = 0.32

    return float(s * (Q + P1 + P2))",0.46187291442615264,"
    2D shifted/rotated quadratic “backbone” with small higher-order anisotropic
    perturbations.

    Let x = (x0, x1), shift to (u,v) = (x0-xc, x1-yc) and rotate:
        [y0] =  [cosA -sinA] [u]
        [y1]   [sinA  cosA] [v]

    Backbone (full quadratic):
        Q = a*y0^2 + b*y1^2 + c*y0*y1 + d*y0 + e*y1

    Perturbations (kept small so full-quadratic remains highly explainable):
        P1 = t * (y0^3) * y1      (odd mixed term -> controlled skew)
        P2 = r * (y0^4 + y1^4)   (weak quartic anisotropy)

    Objective:
        f(x) = s * (Q + P1 + P2)
    ",,,,13,2,0.25981026261650314,0.17846017601284858,0.8973128596965771,0.8692128209192197,0.3750586949774631,0.3798109113947522,0.9815420473919019,0.9967846102920986
"import numpy as np

def problem(x: np.ndarray) -> float:
    """"""
    Shifted 2D landscape with a dominant full quadratic backbone plus
    deterministic non-quadratic structure injected via directional ripples
    and a small odd cubic component.

    Let (u,v) = (x0-cx, x1-cy). The function is:
        f(u,v) = s * [ Q(u,v) + R(u,v) + S(u,v) ]

    where
        Q(u,v) = a*u^2 + b*v^2 + c*u*v + d*u + e*v + f0        (full quadratic backbone)
        R(u,v) = r1*sin(w1*(u+v)) + r2*cos(w2*(u-v))           (directional rugged ripples)
               + r3*(u^2 - v^2)^2                              (small quartic edge distortion)
        S(u,v) = sk*(u^3 - 3*u*v^2)                            (odd cubic to induce skew)

    This is deterministic and valid for x in [-5,5]^N (N=2 here).
    """"""
    x = np.asarray(x, dtype=float).ravel()
    if x.shape[0] != 2:
        raise ValueError(""This benchmark is defined for 2D inputs (len(x)==2)."")

    # Shift (fixed)
    cx, cy = -1.35, 1.95
    u = x[0] - cx
    v = x[1] - cy

    # Global scale to increase fitness dispersion
    s = 0.32

    # Full quadratic backbone (dominant, with strong interaction)
    a = 0.085
    b = 0.072
    c = 0.058
    d = 0.030
    e = -0.022
    f0 = 0.0

    # Directional ripples (different from old sin(q*u*v) style)
    r1 = 0.028
    w1 = 2.3
    r2 = 0.020
    w2 = 1.7

    # Small quartic distortion to keep quad_w_interact adj-R2 high but < 1
    r3 = 0.0065

    # Odd cubic producing mild skewness
    sk = 0.0032

    Q = a*u*u + b*v*v + c*u*v + d*u + e*v + f0
    R = r1*np.sin(w1*(u+v)) + r2*np.cos(w2*(u-v)) + r3*(u*u - v*v)**2
    S = sk*(u**3 - 3.0*u*v*v)

    return float(s * (Q + R + S))",0.5014610022775187,"
    Shifted 2D landscape with a dominant full quadratic backbone plus
    deterministic non-quadratic structure injected via directional ripples
    and a small odd cubic component.

    Let (u,v) = (x0-cx, x1-cy). The function is:
        f(u,v) = s * [ Q(u,v) + R(u,v) + S(u,v) ]

    where
        Q(u,v) = a*u^2 + b*v^2 + c*u*v + d*u + e*v + f0        (full quadratic backbone)
        R(u,v) = r1*sin(w1*(u+v)) + r2*cos(w2*(u-v))           (directional rugged ripples)
               + r3*(u^2 - v^2)^2                              (small quartic edge distortion)
        S(u,v) = sk*(u^3 - 3*u*v^2)                            (odd cubic to induce skew)

    This is deterministic and valid for x in [-5,5]^N (N=2 here).
    ",,,,13,2,0.39931427104937317,0.09376049187018297,0.8506019239836582,0.8570034205946441,0.27498146324606504,0.4777411811105578,0.5487111397942349,0.9899518898827665
"import numpy as np

def problem(x: np.ndarray) -> float:
    """"""
    2D shifted landscape with an almost full-quadratic backbone, plus
    a deterministic localized nonlinearity (Gaussian “bump”) and a tiny
    odd quartic term to create controlled skewness.

    Let u = x0 - xc, v = x1 - yc. The objective is:
        f(x) = s * [ a u^2 + b v^2 + c u v + d u + e v ]
               + A * (u*v) * exp(-t (u^2+v^2))
               + eta * (u^4 - v^4)

    where the first bracket is the dominant full quadratic (driving high
    quad_w_interact adj-R2), while the remaining terms softly break exact
    quadratic structure and introduce skewness.
    """"""
    x = np.asarray(x, dtype=float).ravel()
    if x.shape[0] != 2:
        raise ValueError(""This benchmark is defined for 2D inputs (len(x)==2)."")

    xc, yc = 0.9, -1.4
    u = x[0] - xc
    v = x[1] - yc

    # Quadratic backbone (dominant)
    a, b, c = 0.095, 0.080, 0.060
    d, e = 0.020, -0.015
    s = 0.95  # global scale to increase fitness dispersion

    quad = a * u * u + b * v * v + c * u * v + d * u + e * v

    # Localized nonlinearity (non-polynomial, but smooth and small)
    A = 0.055
    t = 0.12
    bump = A * (u * v) * np.exp(-t * (u * u + v * v))

    # Tiny odd component to tune skewness without destroying quadratic fit
    eta = 2.2e-4
    odd_quartic = eta * (u**4 - v**4)

    return float(s * quad + bump + odd_quartic)",0.451180136856131,"
    2D shifted landscape with an almost full-quadratic backbone, plus
    a deterministic localized nonlinearity (Gaussian “bump”) and a tiny
    odd quartic term to create controlled skewness.

    Let u = x0 - xc, v = x1 - yc. The objective is:
        f(x) = s * [ a u^2 + b v^2 + c u v + d u + e v ]
               + A * (u*v) * exp(-t (u^2+v^2))
               + eta * (u^4 - v^4)

    where the first bracket is the dominant full quadratic (driving high
    quad_w_interact adj-R2), while the remaining terms softly break exact
    quadratic structure and introduce skewness.
    ",,,,13,2,0.23637249760165877,0.2828427526651576,0.8829667180277098,0.8304915001647895,0.16277346942325582,0.37296016280031385,0.8021994275787627,0.9992482254584277
"import numpy as np

def problem(x: np.ndarray) -> float:
    """"""
    Shifted 2D synthetic landscape built from a *full quadratic* backbone
    (including cross-term u*v), with:
      (i) a mild asymmetric cubic harmonic to induce controlled skewness, and
      (ii) small non-quadratic terms (sine ripple + tiny quartic cross term)
          to prevent perfect quadratic explainability.

    Let u = x0 - xc, v = x1 - yc. The objective is:
        f(x) = s * [ Q(u,v) + L(u,v) + eps*(u^3 - 3*u*v^2)
                    + gam*sin(w*u + t*v) + eta*u^2*v^2 ]

    where Q is a full quadratic (au^2 + bv^2 + cuv) and L is linear (du + ev).
    All computations are deterministic and valid for x in [-5,5]^N (here N=2).
    """"""
    x = np.asarray(x, dtype=float).ravel()
    if x.shape[0] != 2:
        raise ValueError(""This benchmark is defined for 2D inputs (len(x)==2)."")

    # Fixed shift (backbone is ""quadratic-like"" in the translated coordinates)
    xc, yc = 0.8, -2.1
    u = x[0] - xc
    v = x[1] - yc

    # Global scaling: tuned to increase objective dispersion (fitness_std)
    s = 0.62

    # Full quadratic backbone (dominant)
    a = 0.85
    b = 0.72
    c = -0.38  # cross-term to support high quad_w_interact

    # Linear drift (moderate)
    d = 0.18
    e = -0.11

    # Asymmetric cubic harmonic (skewness driver; odd in u)
    eps = 0.020

    # Small non-quadratic ripple (breaks exact quadratic explainability)
    gam = 0.012
    w = 1.35
    t = -0.95

    # Tiny quartic cross-term (further reduces perfect quadratic fit)
    eta = 0.0045

    Q = a * u * u + b * v * v + c * u * v
    L = d * u + e * v
    cubic_skew = eps * (u**3 - 3.0 * u * v * v)
    ripple = gam * np.sin(w * u + t * v)
    quartic_cross = eta * (u * u) * (v * v)

    return float(s * (Q + L + cubic_skew + ripple + quartic_cross))",0.5455795598647526,"
    Shifted 2D synthetic landscape built from a *full quadratic* backbone
    (including cross-term u*v), with:
      (i) a mild asymmetric cubic harmonic to induce controlled skewness, and
      (ii) small non-quadratic terms (sine ripple + tiny quartic cross term)
          to prevent perfect quadratic explainability.

    Let u = x0 - xc, v = x1 - yc. The objective is:
        f(x) = s * [ Q(u,v) + L(u,v) + eps*(u^3 - 3*u*v^2)
                    + gam*sin(w*u + t*v) + eta*u^2*v^2 ]

    where Q is a full quadratic (au^2 + bv^2 + cuv) and L is linear (du + ev).
    All computations are deterministic and valid for x in [-5,5]^N (here N=2).
    ",,,,13,2,0.4675875425787477,0.1472857933768733,0.9280484206905418,0.9205472210374783,0.6225888349134534,0.7246265964073297,0.8816533481631862,0.999999752115416
"import numpy as np

def problem(x: np.ndarray) -> float:
    """"""
    2D synthetic benchmark with a *full quadratic* backbone (quadratic + u*v interaction)
    plus moderate linear drift, and a small *even* quartic perturbation to slightly
    reduce full-quadratic explainability while keeping skewness low.

    Let (u,v) be shifted coordinates:
        u = x[0] - 0.7,  v = x[1] + 1.3

    Objective:
        f(u,v) = s * [ (a*u^2 + b*v^2 + c*u*v) + (d*u + e*v)
                       + g*(u^2)*(v^2) + h*(u^4 + v^4)
                       + r*sin(k*u*v) ]

    where g and h are small even (non-odd) terms (reducing skewness),
    and sin(k*u*v) is also centered/symmetric to add mild non-quadratic structure.
    """"""
    x = np.asarray(x, dtype=float).ravel()
    if x.shape[0] != 2:
        raise ValueError(""This benchmark is defined for 2D inputs (len(x)==2)."")

    u = x[0] - 0.7
    v = x[1] + 1.3

    # Full quadratic backbone
    a = 0.065
    b = 0.075
    c = 0.055
    d = 0.018
    e = -0.020

    # Even quartic perturbations (kept small to preserve high quad_w_interact fit)
    g = 0.0038   # u^2 v^2 (even, breaks pure quadratic explainability)
    h = 0.0018   # u^4 + v^4 (even, controls skewness)

    # Mild symmetric ripple (non-quadratic but low-skew due to symmetry in u*v)
    r = 0.010
    k = 1.65

    s = 2.15  # scale up to increase overall fitness dispersion

    quad = a * u * u + b * v * v + c * u * v
    lin = d * u + e * v
    even_quartic = g * (u * u) * (v * v) + h * (u**4 + v**4)
    ripple = r * np.sin(k * u * v)

    return float(s * (quad + lin + even_quartic + ripple))",0.5046001079323156,"
    2D synthetic benchmark with a *full quadratic* backbone (quadratic + u*v interaction)
    plus moderate linear drift, and a small *even* quartic perturbation to slightly
    reduce full-quadratic explainability while keeping skewness low.

    Let (u,v) be shifted coordinates:
        u = x[0] - 0.7,  v = x[1] + 1.3

    Objective:
        f(u,v) = s * [ (a*u^2 + b*v^2 + c*u*v) + (d*u + e*v)
                       + g*(u^2)*(v^2) + h*(u^4 + v^4)
                       + r*sin(k*u*v) ]

    where g and h are small even (non-odd) terms (reducing skewness),
    and sin(k*u*v) is also centered/symmetric to add mild non-quadratic structure.
    ",,,,13,2,0.3687275796286741,0.15090427827841021,0.910926231535695,0.8516556687651113,0.34036208349169983,0.36731197749016375,0.9459063535060374,0.9971079466506835
"import numpy as np

def problem(x: np.ndarray) -> float:
    """"""
    2D shifted landscape built from a rotated full-quadratic form plus
    small higher-order perturbations.

    Let u = x0 - xc, v = x1 - yc. Define the quadratic core by a symmetric
    matrix A (capturing an interaction/rotation) and a linear term l:

        q(u,v) = [u v] A [u v]^T + l0*u + l1*v

    with
        A = [[a, k],
             [k, b]]

    The objective adds controlled non-quadratic components:
        + eps_cubic * (u^3 - 3*u*v^2)          (odd cubic harmonic -> skew)
        + eps_quad4 * (u^2 + v^2)^2           (radial quartic -> breaks exactness)
        + eps_rip  * sin(wu*u) * cos(wv*v)    (small separable ripple)

    Final scaling s controls the fitness dispersion.
    """"""
    x = np.asarray(x, dtype=float).ravel()
    if x.shape[0] != 2:
        raise ValueError(""This benchmark is defined for 2D inputs (len(x)==2)."")

    xc, yc = -0.6, 1.4
    u = x[0] - xc
    v = x[1] - yc

    # Rotated / interacting quadratic core (full quadratic is very strong)
    a = 0.11
    b = 0.085
    k = 0.055  # interaction term (and effective rotation)

    l0 = 0.020
    l1 = -0.016

    quad = a * u * u + 2.0 * k * u * v + b * v * v + l0 * u + l1 * v

    # Non-quadratic perturbations (keep them small to stay close to full-quadratic,
    # but sufficient to prevent perfect quad_w_interact fit and tune skewness)
    eps_cubic = 0.0040
    cubic_harmonic = (u**3 - 3.0 * u * v * v)

    eps_quad4 = 0.0009
    radial_quartic = (u * u + v * v) ** 2

    eps_rip = 0.0022
    wu = 1.35
    wv = 1.05
    ripple = np.sin(wu * u) * np.cos(wv * v)

    # Scale to match target fitness dispersion (fitness_std)
    s = 0.42

    return float(s * (quad + eps_cubic * cubic_harmonic + eps_quad4 * radial_quartic + eps_rip * ripple))",0.521096500372881,"
    2D shifted landscape built from a rotated full-quadratic form plus
    small higher-order perturbations.

    Let u = x0 - xc, v = x1 - yc. Define the quadratic core by a symmetric
    matrix A (capturing an interaction/rotation) and a linear term l:

        q(u,v) = [u v] A [u v]^T + l0*u + l1*v

    with
        A = [[a, k],
             [k, b]]

    The objective adds controlled non-quadratic components:
        + eps_cubic * (u^3 - 3*u*v^2)          (odd cubic harmonic -> skew)
        + eps_quad4 * (u^2 + v^2)^2           (radial quartic -> breaks exactness)
        + eps_rip  * sin(wu*u) * cos(wv*v)    (small separable ripple)

    Final scaling s controls the fitness dispersion.
    ",,,,13,2,0.3977568432557284,0.12058143930752568,0.9032294233758478,0.8610520584483741,0.1653633912787269,0.481251805486648,0.6789266624350497,0.9992312371837414
"import numpy as np

def problem(x: np.ndarray) -> float:
    """"""
    2D shifted-and-rotated synthetic benchmark.

    Let (u,v) be the shifted input and then rotated by angle theta:
        u = x0 - cx,  v = x1 - cy
        [u';v'] = R_theta [u;v]

    The objective is a dominant full-quadratic model plus controlled non-quadratic
    structure (to keep full-quadratic ELA high but not perfect) and controlled
    odd/cubic asymmetry (to induce moderate skew):

        f = s * ( Q2(u',v') + L(u',v')
                  + H * u' * v' * (u' - 0.6*v')                 [cubic odd term]
                  + P1 * cos(w1*u') + P2 * sin(w2*v')           [rugged bumps]
                  + P3 * cos(w3*(u'+v')) )

    where
        Q2(u',v') = a*u'^2 + b*v'^2 + c*u'*v'
        L(u',v')  = d*u' + e*v'
    """"""
    x = np.asarray(x, dtype=float).ravel()
    if x.shape[0] != 2:
        raise ValueError(""This benchmark is defined for 2D inputs (len(x)==2)."")

    # Shift (non-origin optimum location)
    cx, cy = -1.05, 1.85
    u = x[0] - cx
    v = x[1] - cy

    # Rotate to decorrelate axes (different ""shape"" from purely separable u,v)
    theta = 0.63
    ct, st = np.cos(theta), np.sin(theta)
    up = ct * u - st * v
    vp = st * u + ct * v

    # Global scale (controls overall fitness dispersion / fitness_std)
    s = 0.42

    # Dominant full quadratic backbone (intentionally strong)
    a = 0.095
    b = 0.072
    c = 0.058

    # Linear part (moderate; helps linear fits but not too dominant)
    d = 0.040
    e = -0.030

    # Cubic odd asymmetry to induce positive skewness
    H = 0.0085

    # Rugged non-quadratic bumps (reduce exactness of polynomial fits; also
    # affect nearest-better connectivity / nn-better distance ratio)
    P1 = 0.045
    w1 = 3.4
    P2 = 0.035
    w2 = 2.7
    P3 = 0.020
    w3 = 2.1

    Q2 = a * up * up + b * vp * vp + c * up * vp
    L = d * up + e * vp
    cubic_odd = H * up * vp * (up - 0.6 * vp)

    rugged = P1 * np.cos(w1 * up) + P2 * np.sin(w2 * vp) + P3 * np.cos(w3 * (up + vp))

    return float(s * (Q2 + L + cubic_odd + rugged))",0.42284308256379927,"
    2D shifted-and-rotated synthetic benchmark.

    Let (u,v) be the shifted input and then rotated by angle theta:
        u = x0 - cx,  v = x1 - cy
        [u';v'] = R_theta [u;v]

    The objective is a dominant full-quadratic model plus controlled non-quadratic
    structure (to keep full-quadratic ELA high but not perfect) and controlled
    odd/cubic asymmetry (to induce moderate skew):

        f = s * ( Q2(u',v') + L(u',v')
                  + H * u' * v' * (u' - 0.6*v')                 [cubic odd term]
                  + P1 * cos(w1*u') + P2 * sin(w2*v')           [rugged bumps]
                  + P3 * cos(w3*(u'+v')) )

    where
        Q2(u',v') = a*u'^2 + b*v'^2 + c*u'*v'
        L(u',v')  = d*u' + e*v'
    ",,,,13,2,0.27587865184589977,0.22967776858527733,0.8869030141236484,0.88398959579595,0.41775480779502694,0.41920716342573533,0.9835637224411874,0.9988852458215518
"import numpy as np

def problem(x: np.ndarray) -> float:
    """"""
    Shifted 2D benchmark with a (nearly) full-quadratic backbone plus
    *structured* nonlinear perturbations:

        u = x0 - xc,  v = x1 - yc

    Backbone (full quadratic + linear drift):
        Q(u,v) = a*u^2 + b*v^2 + c*u*v + d*u + e*v

    Perturbations:
    - Skewness control via an odd mixed cubic term:
        skew(u,v) = h * u^2 * v
    - Slight non-quadratic “interaction ripple” concentrated near the center:
        ripple(u,v) = p * exp(-alpha*(u^2+v^2)) * sin(q*u*v)

    Objective:
        f(x) = s * ( Q(u,v) + skew(u,v) + ripple(u,v) )

    The perturbations are chosen small enough that a full quadratic with
    interaction still explains most variance, while the exponential ripple
    prevents a perfect quadratic fit.
    """"""
    x = np.asarray(x, dtype=float).ravel()
    if x.shape[0] != 2:
        raise ValueError(""This benchmark is defined for 2D inputs (len(x)==2)."")

    # Shift
    xc, yc = 1.35, -0.85
    u = x[0] - xc
    v = x[1] - yc

    # Full quadratic backbone coefficients (keep dominant; add linear drift)
    a = 0.085
    b = 0.072
    c = 0.060
    d = 0.015
    e = -0.010

    # Skewness control: odd mixed cubic term
    h = 0.0036

    # Non-quadratic interaction ripple (concentrated near origin in (u,v))
    p = 0.055
    q = 1.75
    alpha = 0.10

    # Global scaling (controls fitness std)
    s = 1.85

    Q = a * u * u + b * v * v + c * u * v + d * u + e * v
    skew = h * (u * u) * v
    ripple = p * np.exp(-alpha * (u * u + v * v)) * np.sin(q * u * v)

    return float(s * (Q + skew + ripple))",0.4039604058780141,"
    Shifted 2D benchmark with a (nearly) full-quadratic backbone plus
    *structured* nonlinear perturbations:

        u = x0 - xc,  v = x1 - yc

    Backbone (full quadratic + linear drift):
        Q(u,v) = a*u^2 + b*v^2 + c*u*v + d*u + e*v

    Perturbations:
    - Skewness control via an odd mixed cubic term:
        skew(u,v) = h * u^2 * v
    - Slight non-quadratic “interaction ripple” concentrated near the center:
        ripple(u,v) = p * exp(-alpha*(u^2+v^2)) * sin(q*u*v)

    Objective:
        f(x) = s * ( Q(u,v) + skew(u,v) + ripple(u,v) )

    The perturbations are chosen small enough that a full quadratic with
    interaction still explains most variance, while the exponential ripple
    prevents a perfect quadratic fit.
    ",,,,13,2,0.2281483056839002,0.34088595876448313,0.8976299376902158,0.8471194647911986,0.24871148656647657,0.40247956959922115,0.8540685930455625,0.9998444786232765
"import numpy as np

def problem(x: np.ndarray) -> float:
    """"""
    Deterministic 2D synthetic benchmark on x in [-5,5]^2.

    Let u = x0 - xc, v = x1 - yc. The objective is a mostly quadratic surface
    (with linear drift) plus a weak odd cubic harmonic to induce slight skew,
    and a small high-frequency separable sinus ripple to add controlled ruggedness:

        f(x) = s * [
            a*u^2 + b*v^2 + c*u*v                 (quadratic backbone)
          + d*u + e*v                              (linear drift)
          + eps*(u^3 - 3*u*v^2)                   (odd cubic -> skew)
        ] + s * delta * sin(wu*u) * sin(wv*v)

    The design emphasizes strong quadratic explainability while tuning skewness
    and local ruggedness via eps and the separable sinus ripple.
    """"""
    x = np.asarray(x, dtype=float).ravel()
    if x.shape[0] != 2:
        raise ValueError(""This benchmark is defined for 2D inputs (len(x)==2)."")

    xc, yc = 1.1, -1.7
    u = x[0] - xc
    v = x[1] - yc

    # Quadratic backbone: keep moderately dominant quadratic structure
    a = 0.085
    b = 0.070
    c = 0.060  # nonzero interaction term to keep quad_w_interact strong while
               # making quad_simple (no interaction) less perfect.

    # Linear drift: moderate (not overly dominant)
    d = -0.018
    e = 0.028

    # Odd cubic harmonic: reduced to lower skewness target
    eps = 0.0040

    quad = a * u * u + b * v * v + c * u * v
    lin = d * u + e * v
    cubic = eps * (u**3 - 3.0 * u * v * v)

    # Global scaling: increases overall fitness spread
    s = 2.25

    # Small, high-frequency separable ripple to reduce nearest-better distance
    # ratios (introduces local non-quadratic structure) without overwhelming the quadratic fit.
    delta = 0.010
    wu = 5.0
    wv = 4.2
    ripple = delta * np.sin(wu * u) * np.sin(wv * v)

    return float(s * (quad + lin + cubic) + s * ripple)",0.3917476692904806,"
    Deterministic 2D synthetic benchmark on x in [-5,5]^2.

    Let u = x0 - xc, v = x1 - yc. The objective is a mostly quadratic surface
    (with linear drift) plus a weak odd cubic harmonic to induce slight skew,
    and a small high-frequency separable sinus ripple to add controlled ruggedness:

        f(x) = s * [
            a*u^2 + b*v^2 + c*u*v                 (quadratic backbone)
          + d*u + e*v                              (linear drift)
          + eps*(u^3 - 3*u*v^2)                   (odd cubic -> skew)
        ] + s * delta * sin(wu*u) * sin(wv*v)

    The design emphasizes strong quadratic explainability while tuning skewness
    and local ruggedness via eps and the separable sinus ripple.
    ",,,,14,2,0.25475054233113514,0.2537592449911409,0.9141800071424925,0.8731340558851578,0.4964606297652468,0.5118938489845857,0.9418536466780654,0.999983541778478
"import numpy as np

def problem(x: np.ndarray) -> float:
    """"""
    Shifted 2D landscape in (u,v) built primarily from a full-quadratic polynomial,
    with a very small cubic odd term to control distribution skewness while keeping
    the full-quadratic model highly accurate.

        u = x0 - xc
        v = x1 - yc

        f(x) = s * [ a*u^2 + b*v^2 + c*u*v          (full quadratic backbone)
                     + d*u + e*v                   (linear drift)
                     + t*u^2*v                     (small cubic odd term -> skew) ]

    The function is deterministic and smooth over x in [-5,5]^N (here N=2).
    """"""
    x = np.asarray(x, dtype=float).ravel()
    if x.shape[0] != 2:
        raise ValueError(""This benchmark is defined for 2D inputs (len(x)==2)."")

    xc, yc = -1.2, 2.3
    u = x[0] - xc
    v = x[1] - yc

    # Overall scaling: increases objective dispersion (fitness_std) relative to the previous version.
    s = 0.285

    # Full quadratic backbone (slightly stronger to raise quad_w_interact adj_r2 and nbc correlation).
    a = 0.105
    b = 0.095
    c = 0.075

    # Linear drift (increases linear fit while keeping quadratic dominance).
    d = 0.052
    e = -0.037

    # Small odd cubic term (controls skewness without heavily breaking quadratic structure).
    t = 0.00125

    quad = a * u * u + b * v * v + c * u * v
    lin = d * u + e * v
    odd_cubic = t * (u * u) * v

    return float(s * (quad + lin + odd_cubic))",0.3357067098055325,"
    Shifted 2D landscape in (u,v) built primarily from a full-quadratic polynomial,
    with a very small cubic odd term to control distribution skewness while keeping
    the full-quadratic model highly accurate.

        u = x0 - xc
        v = x1 - yc

        f(x) = s * [ a*u^2 + b*v^2 + c*u*v          (full quadratic backbone)
                     + d*u + e*v                   (linear drift)
                     + t*u^2*v                     (small cubic odd term -> skew) ]

    The function is deterministic and smooth over x in [-5,5]^N (here N=2).
    ",,,,14,2,0.17771748269700113,0.23388993185561494,0.8985996555372043,0.893253266049971,0.4605962242364199,0.620380856663237,0.8512747935437521,1.0
"import numpy as np

def problem(x: np.ndarray) -> float:
    """"""
    Shifted 2D landscape on [-5,5]^2 built from a full quadratic backbone plus:
      - linear drift,
      - a small odd mixed term (u^2 v) to tune value distribution skew,
      - a sinusoidal interaction ripple sin(q*u*v),
      - an additional separable periodic “ruggedness” using cos on each axis,
      - a small odd cubic term u^3 to further control distribution asymmetry.

    With u = x0 - xc, v = x1 - yc:
      f(x) = s * [ a u^2 + b v^2 + c u v
                 + d u + e v
                 + h u^2 v
                 + p sin(q u v)
                 + r (cos(ku) + cos(kv)) / 2
                 + t u^3 ].
    """"""
    x = np.asarray(x, dtype=float).ravel()
    if x.shape[0] != 2:
        raise ValueError(""This benchmark is defined for 2D inputs (len(x)==2)."")

    xc, yc = -1.2, 2.3
    u = x[0] - xc
    v = x[1] - yc

    # Overall scale (controls fitness std and distances)
    s = 0.40

    # Quadratic backbone (dominant so quadratic R^2 remains high but not perfect)
    a = 0.085
    b = 0.075
    c = 0.063

    # Linear drift
    d = 0.030
    e = -0.021

    # Odd mixed term to adjust skewness
    h = 0.0017

    # Interaction ripple (keeps interaction-aware quadratic fit explainable,
    # but prevents near-perfect quadratic explainability)
    p = 0.070
    q = 1.75

    # Separable periodic ruggedness (reduces over-perfect quadratic fit and
    # changes neighborhood geometry/connectivity)
    r = 0.032
    k = 2.3  # frequency for cos(ku), cos(kv)

    # Small odd cubic term for additional controlled asymmetry
    t = 0.0040

    quad = a * u * u + b * v * v + c * u * v
    lin = d * u + e * v
    odd_mixed = h * (u * u) * v
    ripple = p * np.sin(q * u * v)
    periodic = r * (np.cos(k * u) + np.cos(k * v)) * 0.5
    cubic = t * (u * u * u)

    return float(s * (quad + lin + odd_mixed + ripple + periodic + cubic))",0.27888408524614205,"
    Shifted 2D landscape on [-5,5]^2 built from a full quadratic backbone plus:
      - linear drift,
      - a small odd mixed term (u^2 v) to tune value distribution skew,
      - a sinusoidal interaction ripple sin(q*u*v),
      - an additional separable periodic “ruggedness” using cos on each axis,
      - a small odd cubic term u^3 to further control distribution asymmetry.

    With u = x0 - xc, v = x1 - yc:
      f(x) = s * [ a u^2 + b v^2 + c u v
                 + d u + e v
                 + h u^2 v
                 + p sin(q u v)
                 + r (cos(ku) + cos(kv)) / 2
                 + t u^3 ].
    ",,,,14,2,0.1630467052221948,0.24187381647700693,0.845008949416212,0.8759370514146682,0.4193970269298129,0.5862806822371913,0.8388226313745651,0.9986485480035612
"import numpy as np

def problem(x: np.ndarray) -> float:
    """"""
    Deterministic 2D synthetic benchmark on inputs x=(x0,x1).
    Let (u,v) = (x0-cx, x1-cy). The landscape is:

      f(u,v) = scale * [
          (a*u^2 + b*v^2 + c*u*v)                 # full quadratic backbone
        + (d*u + e*v)                             # linear drift
        + h*(u^2)*v                                # weak odd skew term
        + A*sin(fr*u*v)                           # non-quadratic interacting ripple
        + B*sin(g*u) + C*cos(g2*v)               # separable high-frequency roughness
        + D*(u^3 - 3*u*v^2)/12                     # small cubic mode to reduce exact quadratic fit
      ]

    The global minimizer is shifted by (cx,cy).
    """"""
    x = np.asarray(x, dtype=float).ravel()
    if x.shape[0] != 2:
        raise ValueError(""This benchmark is defined for 2D inputs (len(x)==2)."")

    # Shift (non-origin optimum)
    cx, cy = -1.2, 2.3
    u = x[0] - cx
    v = x[1] - cy

    # Global scaling (increase fitness dispersion)
    scale = 0.405

    # Quadratic backbone (dominant, but not perfectly ""quadratic-explainable"")
    a = 0.070
    b = 0.066
    c = 0.058

    # Linear drift (to raise linear-model adjusted R^2)
    d = 0.052
    e = -0.034

    # Weak skew-inducing term (slightly reduced skew vs earlier)
    h = 0.00315

    # Non-quadratic ruggedness (increased to reduce nearest-better connectivity and exactness)
    A = 0.085
    fr = 2.7

    # Higher-frequency separable components to lower smoothness / increase landscape ruggedness
    B = 0.030
    g = 6.3
    C = 0.026
    g2 = 4.9

    # Small cubic mode: breaks full-quadratic fit (reduces quad_w_interact adj-R2)
    D = 0.022

    quad = a * u * u + b * v * v + c * u * v
    lin = d * u + e * v
    odd_mixed = h * (u * u) * v
    ripple_interact = A * np.sin(fr * u * v)
    ripple_sep = B * np.sin(g * u) + C * np.cos(g2 * v)
    cubic_mode = D * (u**3 - 3.0 * u * v * v) / 12.0

    return float(scale * (quad + lin + odd_mixed + ripple_interact + ripple_sep + cubic_mode))",0.3192549290360123,"
    Deterministic 2D synthetic benchmark on inputs x=(x0,x1).
    Let (u,v) = (x0-cx, x1-cy). The landscape is:

      f(u,v) = scale * [
          (a*u^2 + b*v^2 + c*u*v)                 # full quadratic backbone
        + (d*u + e*v)                             # linear drift
        + h*(u^2)*v                                # weak odd skew term
        + A*sin(fr*u*v)                           # non-quadratic interacting ripple
        + B*sin(g*u) + C*cos(g2*v)               # separable high-frequency roughness
        + D*(u^3 - 3*u*v^2)/12                     # small cubic mode to reduce exact quadratic fit
      ]

    The global minimizer is shifted by (cx,cy).
    ",,,,14,2,0.29261113082598667,0.24808040176282606,0.7598468782195772,0.8965638847630528,0.26720738006931827,0.6609011448579702,0.6054585099182724,0.9967486607894458
"import numpy as np

def problem(x: np.ndarray) -> float:
    """"""
    2D shifted landscape with a full-quadratic backbone plus controlled
    non-quadratic (oscillatory + quartic) and mild cubic odd terms.

    Let u = x0 - xc, v = x1 - yc. The objective is:
        f(x) = s * [ Q(u,v) + L(u,v) + t1*u^3
                     + t2*(u^4 + v^4)
                     + r1*sin(k*u) + r2*cos(k*v)
                     + r3*sin(m*u*v) ]
    where Q(u,v) = a*u^2 + b*v^2 + c*u*v (full quadratic) and
          L(u,v) = d*u + e*v (linear drift).
    """"""
    x = np.asarray(x, dtype=float).ravel()
    if x.shape[0] != 2:
        raise ValueError(""This benchmark is defined for 2D inputs (len(x)==2)."")

    # Shift
    xc, yc = -1.2, 2.3
    u = x[0] - xc
    v = x[1] - yc

    # Scale to increase overall fitness dispersion
    s = 0.33

    # Full quadratic backbone (kept moderate so linear/quadratic models are partially explainable)
    a = 0.055
    b = 0.052
    c = 0.045

    # Linear drift (aim to keep lin_simple and lin_with_interact explainability in target range)
    d = 0.045
    e = -0.030

    # Mild odd cubic to induce small skewness
    t1 = 0.010

    # Quartic non-quadratic to prevent a perfect quadratic fit (reduce quad_w_interact adj-R2)
    t2 = 0.0040

    # Oscillatory terms to add ruggedness / local landscape structure
    r1 = 0.060
    r2 = 0.045
    r3 = 0.035
    k = 2.6
    m = 2.1

    quad = a * u * u + b * v * v + c * u * v
    lin = d * u + e * v
    cubic_odd = t1 * (u ** 3)
    quartic = t2 * (u ** 4 + v ** 4)
    ripple = r1 * np.sin(k * u) + r2 * np.cos(k * v) + r3 * np.sin(m * u * v)

    return float(s * (quad + lin + cubic_odd + quartic + ripple))",0.4421997315831807,"
    2D shifted landscape with a full-quadratic backbone plus controlled
    non-quadratic (oscillatory + quartic) and mild cubic odd terms.

    Let u = x0 - xc, v = x1 - yc. The objective is:
        f(x) = s * [ Q(u,v) + L(u,v) + t1*u^3
                     + t2*(u^4 + v^4)
                     + r1*sin(k*u) + r2*cos(k*v)
                     + r3*sin(m*u*v) ]
    where Q(u,v) = a*u^2 + b*v^2 + c*u*v (full quadratic) and
          L(u,v) = d*u + e*v (linear drift).
    ",,,,14,2,0.28382111821240447,0.09281819778152796,0.853397428078745,0.8886009409992356,0.5900651267456315,0.6037063952884885,0.9379217177536591,0.9958805204926744
"import numpy as np

def problem(x: np.ndarray) -> float:
    """"""
    2D synthetic landscape built from:
      - a full quadratic backbone in shifted coordinates (u,v),
      - an added odd cubic component (to tune distribution skewness),
      - a small quartic term (to reduce perfect quadratic explainability),
      - and a deterministic sinusoidal ripple (to add controlled nonlinearity).

    With x = [x0, x1], let u = x0 - xc, v = x1 - yc. The objective is

      f(x) = s * [ a u^2 + b v^2 + c u v                 (full quadratic)
                  + d u + e v                           (linear drift)
                  + g (u^3 - 0.5 v^3)                   (odd cubic asymmetry)
                  + r (u^4 + v^4)                       (quartic deviation)
                  + p * ( sin(k u) + cos(l v) )         (sinusoidal ripple) ].

    Domain intended: x in [-5,5]^2.
    """"""
    x = np.asarray(x, dtype=float).ravel()
    if x.shape[0] != 2:
        raise ValueError(""This benchmark is defined for 2D inputs (len(x)==2)."")

    # Shifted coordinates
    xc, yc = -1.2, 2.3
    u = x[0] - xc
    v = x[1] - yc

    # Scale to increase overall dispersion (fitness_std target)
    s = 0.38

    # Full quadratic backbone (kept dominant but not exact due to extra terms)
    a = 0.070
    b = 0.065
    c = 0.058

    # Linear drift (kept moderate)
    d = 0.025
    e = -0.018

    # Odd cubic asymmetry (tunes skewness away from perfectly symmetric)
    g = 0.010

    # Quartic deviation (reduces quad_w_interact adj-R2 from ""near-perfect"")
    r = 0.0032

    # Deterministic ripple to add controlled ruggedness/nonlinearity
    p = 0.055
    k = 0.95
    l = 1.15

    quad = a * u * u + b * v * v + c * u * v
    lin = d * u + e * v
    odd_cubic = g * (u**3 - 0.5 * v**3)
    quartic = r * (u**4 + v**4)
    ripple = p * (np.sin(k * u) + np.cos(l * v))

    return float(s * (quad + lin + odd_cubic + quartic + ripple))",0.47243463510734857,"
    2D synthetic landscape built from:
      - a full quadratic backbone in shifted coordinates (u,v),
      - an added odd cubic component (to tune distribution skewness),
      - a small quartic term (to reduce perfect quadratic explainability),
      - and a deterministic sinusoidal ripple (to add controlled nonlinearity).

    With x = [x0, x1], let u = x0 - xc, v = x1 - yc. The objective is

      f(x) = s * [ a u^2 + b v^2 + c u v                 (full quadratic)
                  + d u + e v                           (linear drift)
                  + g (u^3 - 0.5 v^3)                   (odd cubic asymmetry)
                  + r (u^4 + v^4)                       (quartic deviation)
                  + p * ( sin(k u) + cos(l v) )         (sinusoidal ripple) ].

    Domain intended: x in [-5,5]^2.
    ",,,,14,2,0.2798546930746336,0.06851494506089184,0.8753953158699636,0.8844836330040257,0.5954828134459422,0.6154030787203193,0.9418573882416096,0.9975179331072334
"import numpy as np

def problem(x: np.ndarray) -> float:
    """"""
    2D synthetic benchmark designed around a shifted full quadratic with
    controlled non-quadratic perturbations.

    Let u = x0 - 1.2, v = x1 + 1.7. The objective is
        f(u,v) = q(u,v) + t(u,v) + r(u,v)

    where
        q(u,v) = a*u^2 + b*v^2 + c*u*v + d*u + e*v
        t(u,v) = p*(u^2*v) + m*(u*v^2) + s*(u^3 - v^3)          (non-quadratic skew control)
        r(u,v) = g*sin(k*u) + g*sin(k*v)                       (weak ripples)

    The result is scaled by a constant to yield moderate magnitudes over [-5,5]^2.
    """"""
    x = np.asarray(x, dtype=float).ravel()
    if x.shape[0] != 2:
        raise ValueError(""This benchmark is defined for 2D inputs (len(x)==2)."")

    u = x[0] - 1.2
    v = x[1] + 1.7

    # Full quadratic core (dominant; contains linear terms and an u*v interaction)
    a, b, c = 0.060, 0.070, 0.032
    d, e = 0.030, -0.022

    # Non-quadratic perturbations: small enough to keep quadratic fits high,
    # but sufficient to avoid perfect quadratic explainability.
    p, m = 0.0048, 0.0032          # cubic mixed terms (u^2*v and u*v^2)
    s = 0.0032                      # odd component with opposite sign between u^3 and v^3

    # Weak sinusoidal ripples to slightly reduce fit quality and alter distribution
    g = 0.013
    k = 1.25

    q = (a * u * u + b * v * v + c * u * v) + (d * u + e * v)
    t = p * (u * u * v) + m * (u * v * v) + s * (u**3 - v**3)
    r = g * np.sin(k * u) + g * np.sin(k * v)

    f = q + t + r

    # Scaling to increase overall fitness spread while keeping conditioning reasonable
    return float(1.25 * f)",0.41790945795504136,"
    2D synthetic benchmark designed around a shifted full quadratic with
    controlled non-quadratic perturbations.

    Let u = x0 - 1.2, v = x1 + 1.7. The objective is
        f(u,v) = q(u,v) + t(u,v) + r(u,v)

    where
        q(u,v) = a*u^2 + b*v^2 + c*u*v + d*u + e*v
        t(u,v) = p*(u^2*v) + m*(u*v^2) + s*(u^3 - v^3)          (non-quadratic skew control)
        r(u,v) = g*sin(k*u) + g*sin(k*v)                       (weak ripples)

    The result is scaled by a constant to yield moderate magnitudes over [-5,5]^2.
    ",,,,14,2,0.37088610413100076,0.27989626124619593,0.902285263278114,0.8609094667948014,0.29528360607271364,0.42910197105321995,0.8381475537846068,0.999704579854791
"import numpy as np

def problem(x: np.ndarray) -> float:
    """"""
    2D shifted landscape in (u,v) with a predominantly full-quadratic backbone,
    plus a *small* odd mixed skew term and a *very small* non-quadratic ripple:

        u = x0 - xc,  v = x1 - yc

        f(u,v) = s * [
            a*u^2 + b*v^2 + c*u*v                 (full quadratic backbone)
          + d*u + e*v                             (linear drift)
          + h*u^2*v                               (odd skew, controlled)
          + r * (u*v)^2 / (1 + (u*v)^2)          (bounded higher-order ripple)
        ].
    """"""
    x = np.asarray(x, dtype=float).ravel()
    if x.shape[0] != 2:
        raise ValueError(""This benchmark is defined for 2D inputs (len(x)==2)."")

    xc, yc = -1.2, 2.3
    u = x[0] - xc
    v = x[1] - yc

    # Scale: increases fitness dispersion (fitness_std) while keeping structure quadratic-dominant.
    s = 0.30

    # Full quadratic backbone (keep strongly convex/basin-like to raise nearest-better correlation).
    a = 0.075
    b = 0.070
    c = 0.028

    # Linear drift (raise linear-model adjusted R^2 while not destroying global curvature).
    d = 0.040
    e = -0.030

    # Odd mixed term for controlled skewness (smaller than before to reduce overall skewness magnitude).
    h = 0.0012

    # Very small bounded non-quadratic term to slightly reduce perfect quadratic fit,
    # but still keep quad_w_interact very high.
    r = 0.018

    quad = a * u * u + b * v * v + c * u * v
    lin = d * u + e * v
    odd_skew = h * (u * u) * v

    t = u * v
    ripple = r * (t * t) / (1.0 + t * t)  # smooth, bounded higher-order component

    return float(s * (quad + lin + odd_skew + ripple))",0.41355855486799176,"
    2D shifted landscape in (u,v) with a predominantly full-quadratic backbone,
    plus a *small* odd mixed skew term and a *very small* non-quadratic ripple:

        u = x0 - xc,  v = x1 - yc

        f(u,v) = s * [
            a*u^2 + b*v^2 + c*u*v                 (full quadratic backbone)
          + d*u + e*v                             (linear drift)
          + h*u^2*v                               (odd skew, controlled)
          + r * (u*v)^2 / (1 + (u*v)^2)          (bounded higher-order ripple)
        ].
    ",,,,14,2,0.14695921613793114,0.29304015007596024,0.9020878603354163,0.8993652571005281,0.6042014967500359,0.6507654440245881,0.9588274120396355,0.9999903256477178
"import numpy as np

def problem(x: np.ndarray) -> float:
    """"""
    Deterministic 2D synthetic landscape built in shifted coordinates (u,v).
    The function is a (nearly) full quadratic model with a small odd mixed term
    and a very weak sinusoidal interaction ""ripple"" to avoid a perfect quadratic fit.

    Let u = x0 - xc, v = x1 - yc. Then:
        f(x) = s * [ a u^2 + b v^2 + c u v          (full quadratic backbone)
                     + d u + e v                   (linear drift)
                     + h u^2 v + r u v^2          (odd mixed terms -> controlled skew)
                     + p (u v) * sin(q u v)       (tiny non-quadratic ripple) ]
    """"""
    x = np.asarray(x, dtype=float).ravel()
    if x.shape[0] != 2:
        raise ValueError(""This benchmark is defined for 2D inputs (len(x)==2)."")

    xc, yc = -1.2, 2.3
    u = x[0] - xc
    v = x[1] - yc

    # Scaling: increase fitness dispersion (std) compared to the previous version
    s = 0.25

    # Quadratic backbone (kept strong enough for very high quad_w_interact adj_r2)
    a = 0.060
    b = 0.055
    c = 0.052

    # Linear drift (strengthened to raise linear-model adj_r2)
    d = 0.070
    e = -0.055

    # Controlled skew: reduced magnitude to lower distribution skewness
    h = 0.0016
    r = -0.0009  # additional odd mixed term (keeps skew controlled)

    # Tiny non-quadratic ripple: reduced amplitude to increase quad_w_interact adj_r2
    p = 0.018
    q = 1.0

    quad = a * u * u + b * v * v + c * u * v
    lin = d * u + e * v
    odd = h * (u * u) * v + r * u * (v * v)
    ripple = p * (u * v) * np.sin(q * u * v)

    return float(s * (quad + lin + odd + ripple))",0.2113115557270094,"
    Deterministic 2D synthetic landscape built in shifted coordinates (u,v).
    The function is a (nearly) full quadratic model with a small odd mixed term
    and a very weak sinusoidal interaction ""ripple"" to avoid a perfect quadratic fit.

    Let u = x0 - xc, v = x1 - yc. Then:
        f(x) = s * [ a u^2 + b v^2 + c u v          (full quadratic backbone)
                     + d u + e v                   (linear drift)
                     + h u^2 v + r u v^2          (odd mixed terms -> controlled skew)
                     + p (u v) * sin(q u v)       (tiny non-quadratic ripple) ]
    ",,,,14,2,0.19556441261099808,0.19124989979874824,0.7025297526584002,0.8523706470056348,0.4328772371657681,0.6782235330557147,0.74721025458422,0.981204439594129
"import numpy as np

def problem(x: np.ndarray) -> float:
    """"""
    Deterministic 2D synthetic benchmark on [-5,5]^2 with a shifted coordinate
    system (u,v). The landscape is mostly a *full quadratic* backbone, but is
    deliberately perturbed by (i) an odd mixed cubic term controlling skewness
    and (ii) an interaction-only sinusoidal ripple plus an extra cubic
    interaction term to slightly reduce full-quadratic explainability.

    Let u = x0 - xc, v = x1 - yc. Then

        f(x) = s * [ a*u^2 + b*v^2 + c*u*v          (full quadratic backbone)
                     + d*u + e*v                    (small linear drift)
                     + h*u^2*v                      (odd mixed cubic -> skewness)
                     + p*sin(q*u*v)                 (interaction ripple)
                     + t*u*v^2                      (additional cubic ruggedness) ]

    The parameters are tuned so that global optimization algorithms face a
    mostly quadratic but mildly non-quadratic, skewed landscape.
    """"""
    x = np.asarray(x, dtype=float).ravel()
    if x.shape[0] != 2:
        raise ValueError(""This benchmark is defined for 2D inputs (len(x)==2)."")

    # Shift (keeps the optimum away from the origin)
    xc, yc = -1.2, 2.3
    u = x[0] - xc
    v = x[1] - yc

    # Overall scaling: controls fitness-value standard deviation / spread
    s = 0.182  # increased vs previous to raise fitness_distance.fitness_std

    # Full quadratic backbone + small linear drift (kept dominant)
    a = 0.085
    b = 0.075
    c = 0.065
    d = 0.018
    e = -0.012

    # Odd mixed term: tuned to reduce skewness slightly
    h = 0.0030

    # Interaction ripple: increased so the full-quadratic model is slightly
    # less perfect (reduces quad_w_interact adj R^2 from ~1)
    p = 0.038
    q = 1.55

    # Additional cubic interaction to add mild ruggedness (harms quadratic
    # fits more than simple quadratic)
    t = 0.0032

    quad = a * u * u + b * v * v + c * u * v
    lin = d * u + e * v
    odd_mixed = h * (u * u) * v
    ripple = p * np.sin(q * u * v)
    cubic_rugged = t * u * (v * v)

    return float(s * (quad + lin + odd_mixed + ripple + cubic_rugged))",0.30879801910560234,"
    Deterministic 2D synthetic benchmark on [-5,5]^2 with a shifted coordinate
    system (u,v). The landscape is mostly a *full quadratic* backbone, but is
    deliberately perturbed by (i) an odd mixed cubic term controlling skewness
    and (ii) an interaction-only sinusoidal ripple plus an extra cubic
    interaction term to slightly reduce full-quadratic explainability.

    Let u = x0 - xc, v = x1 - yc. Then

        f(x) = s * [ a*u^2 + b*v^2 + c*u*v          (full quadratic backbone)
                     + d*u + e*v                    (small linear drift)
                     + h*u^2*v                      (odd mixed cubic -> skewness)
                     + p*sin(q*u*v)                 (interaction ripple)
                     + t*u*v^2                      (additional cubic ruggedness) ]

    The parameters are tuned so that global optimization algorithms face a
    mostly quadratic but mildly non-quadratic, skewed landscape.
    ",,,,14,2,0.16994842339164115,0.24917590292237055,0.8781197964054286,0.8797563289903715,0.42237429862212894,0.5766771991384547,0.8517996509125737,0.9995380405002192
"import numpy as np

def problem(x: np.ndarray) -> float:
    """"""
    Shifted 2D synthetic landscape in (u,v) with a full-quadratic backbone plus
    controlled non-quadratic perturbations:

        u = x0 - xc,  v = x1 - yc
        f(x) = s * [ a*u^2 + b*v^2 + c*u*v
                     + d*u + e*v
                     + h*u^2*v                 (skew-inducing odd term)
                     + p*sin(q*u*v)           (interaction ripple)
                     + t*u^3                  (non-quadratic breaker) ]

    This is designed so the quadratic-with-interactions model is strong but not exact.
    """"""
    x = np.asarray(x, dtype=float).ravel()
    if x.shape[0] != 2:
        raise ValueError(""This benchmark is defined for 2D inputs (len(x)==2)."")

    # Shift
    xc, yc = -1.2, 2.3
    u = x[0] - xc
    v = x[1] - yc

    # Global scaling (controls fitness dispersion / fitness_std)
    s = 0.220  # increased from 0.155

    # Full quadratic backbone (slightly softened to give linear model more chance)
    a = 0.060
    b = 0.058
    c = 0.055

    # Linear drift (increase ela_meta.lin_simple.adj_r2)
    d = 0.041
    e = -0.028

    # Odd mixed term (increase skewness slightly)
    h = 0.0036

    # Interaction ripple (adds ruggedness; also reduces perfect quadratic fit)
    p = 0.030
    q = 1.55

    # Non-quadratic perturbation (breaks exact quadratic fit more noticeably)
    t = 0.0065

    quad = a * u * u + b * v * v + c * u * v
    lin = d * u + e * v
    odd_mixed = h * (u * u) * v
    ripple = p * np.sin(q * u * v)
    cubic_break = t * (u ** 3)

    return float(s * (quad + lin + odd_mixed + ripple + cubic_break))",0.33984104694459044,"
    Shifted 2D synthetic landscape in (u,v) with a full-quadratic backbone plus
    controlled non-quadratic perturbations:

        u = x0 - xc,  v = x1 - yc
        f(x) = s * [ a*u^2 + b*v^2 + c*u*v
                     + d*u + e*v
                     + h*u^2*v                 (skew-inducing odd term)
                     + p*sin(q*u*v)           (interaction ripple)
                     + t*u^3                  (non-quadratic breaker) ]

    This is designed so the quadratic-with-interactions model is strong but not exact.
    ",,,,15,2,0.17666199625131923,0.17250703860089037,0.8870848074499036,0.8845506228763677,0.4061465301888516,0.6204794246383123,0.7813455904797001,0.9996610960863425
"import numpy as np

def problem(x: np.ndarray) -> float:
    """"""
    Deterministic 2D shifted landscape in coordinates (u,v) with a nearly full quadratic
    backbone plus controlled odd mixed terms (skew) and a small non-quadratic ripple.

    With u = x0 - xc, v = x1 - yc:
        f(x) = s * [ a u^2 + b v^2 + c u v                (full quadratic)
                     + d u + e v                           (linear drift)
                     + h u^2 v + r u v^2                   (odd terms -> skew)
                     + p (u v) * sin(q u v)               (non-quadratic ripple) ]
    """"""
    x = np.asarray(x, dtype=float).ravel()
    if x.shape[0] != 2:
        raise ValueError(""This benchmark is defined for 2D inputs (len(x)==2)."")

    # Shift (keep the same basin location)
    xc, yc = -1.2, 2.3
    u = x[0] - xc
    v = x[1] - yc

    # Scale up overall dispersion to raise fitness_distance.fitness_std
    s = 0.42

    # Quadratic backbone (keep strong, to preserve high quad_w_interact adj_r2)
    a = 0.060
    b = 0.054
    c = 0.051

    # Reduce linear drift to lower linear-model adj_r2 values
    d = 0.038
    e = -0.028

    # Odd terms: modest tweak to keep skew near target
    h = 0.0019
    r = -0.0011

    # Ripple: slightly stronger so quad_w_interact is still high, but not overly perfect
    p = 0.026
    q = 1.05

    quad = a * u * u + b * v * v + c * u * v
    lin = d * u + e * v
    odd = h * (u * u) * v + r * u * (v * v)
    ripple = p * (u * v) * np.sin(q * u * v)

    return float(s * (quad + lin + odd + ripple))",0.2283911308144829,"
    Deterministic 2D shifted landscape in coordinates (u,v) with a nearly full quadratic
    backbone plus controlled odd mixed terms (skew) and a small non-quadratic ripple.

    With u = x0 - xc, v = x1 - yc:
        f(x) = s * [ a u^2 + b v^2 + c u v                (full quadratic)
                     + d u + e v                           (linear drift)
                     + h u^2 v + r u v^2                   (odd terms -> skew)
                     + p (u v) * sin(q u v)               (non-quadratic ripple) ]
    ",,,,15,2,0.24977013119879063,0.20051251273345258,0.6744274575591864,0.7919733150103457,0.3384180339973145,0.6168199454698943,0.6905063728679549,0.9573737778409418
"import numpy as np

def problem(x: np.ndarray) -> float:
    """"""
    Shifted 2D synthetic landscape in (u,v) built from a full-quadratic backbone
    plus controlled higher-order interaction terms.

        u = x0 - xc,  v = x1 - yc

        f(x) = s * [ a*u^2 + b*v^2 + c*u*v          (full-quadratic backbone)
                     + d*u + e*v                   (linear drift)
                     + h*u^2*v                    (odd mixed term controlling skew)
                     + p*(u*v)*sin(q*u*v)         (non-quadratic interaction ripple) ]

    The parameters are tuned to be close to a full quadratic (high quad_w_interact.adj_r2)
    while using small higher-order terms to control skewness and avoid a perfect fit.
    """"""
    x = np.asarray(x, dtype=float).ravel()
    if x.shape[0] != 2:
        raise ValueError(""This benchmark is defined for 2D inputs (len(x)==2)."")

    # Shift (kept from prior version)
    xc, yc = -1.2, 2.3
    u = x[0] - xc
    v = x[1] - yc

    # --- Tuned scaling: raise fitness dispersion (target fitness_std is higher) ---
    s = 0.26  # was 0.18

    # --- Strengthen quadratic backbone (improves quad_w_interact.adj_r2 + nbc.cor) ---
    a = 0.095  # was 0.085
    b = 0.088  # was 0.075
    c = 0.078  # was 0.065

    # --- Increase linear drift (raises lin_simple.adj_r2 / lin_w_interact.adj_r2) ---
    d = 0.055   # was 0.026
    e = -0.035  # was -0.018

    # --- Reduce skew strength to lower skewness ---
    h = 0.0017  # was 0.0030

    # --- Reduce ripple strength to improve nbc and quad fit ---
    p = 0.028  # was 0.040
    q = 1.15   # was 1.25

    quad = a * u * u + b * v * v + c * u * v
    lin = d * u + e * v
    odd_mixed = h * (u * u) * v
    ripple = p * (u * v) * np.sin(q * u * v)

    return float(s * (quad + lin + odd_mixed + ripple))",0.22127848466007521,"
    Shifted 2D synthetic landscape in (u,v) built from a full-quadratic backbone
    plus controlled higher-order interaction terms.

        u = x0 - xc,  v = x1 - yc

        f(x) = s * [ a*u^2 + b*v^2 + c*u*v          (full-quadratic backbone)
                     + d*u + e*v                   (linear drift)
                     + h*u^2*v                    (odd mixed term controlling skew)
                     + p*(u*v)*sin(q*u*v)         (non-quadratic interaction ripple) ]

    The parameters are tuned to be close to a full quadratic (high quad_w_interact.adj_r2)
    while using small higher-order terms to control skewness and avoid a perfect fit.
    ",,,,15,2,0.19474585848037398,0.23714954270374378,0.7857509257588069,0.8489088619610716,0.41585803110002506,0.6110618118570275,0.7947805846689704,0.977941932083006
"import numpy as np

def problem(x: np.ndarray) -> float:
    """"""
    2D shifted full-quadratic with an interaction term, plus controlled non-quadratic
    perturbations.

    Let u = x0 - 1.2, v = x1 + 1.7. Define
        f(u,v) = (a*u^2 + b*v^2 + c*u*v) + (d*u + e*v)
                 + eps1*u^3
                 + eps2*sin(k*u) + eps2*sin(k*v)
    then return a global scaling factor times f to tune objective dispersion.

    This design targets: moderate skewness (via small eps1), high but not perfect
    quadratic explainability (via small eps2), and improved linear explainability
    (via larger d,e relative to a,b,c).
    """"""
    x = np.asarray(x, dtype=float).ravel()
    if x.shape[0] != 2:
        raise ValueError(""This benchmark is defined for 2D inputs (len(x)==2)."")

    u = x[0] - 1.2
    v = x[1] + 1.7

    # Quadratic core: slightly stronger linear tilt to raise linear R^2
    a = 0.052
    b = 0.062
    c = 0.038
    d = 0.040   # increased (was 0.028)
    e = -0.028  # increased magnitude (was -0.020)

    # Non-quadratic components:
    # - reduce eps1 to lower skewness
    eps1 = 0.0025
    # - increase eps2 to ensure quad_w_interact.adj_r2 < 1.0
    eps2 = 0.018
    k = 1.35

    f = (a * u * u + b * v * v + c * u * v) + (d * u + e * v)
    f += eps1 * (u ** 3) + eps2 * np.sin(k * u) + eps2 * np.sin(k * v)

    # Increase scaling to raise fitness-distance standard deviation
    return float(1.20 * f)",0.4047542651415005,"
    2D shifted full-quadratic with an interaction term, plus controlled non-quadratic
    perturbations.

    Let u = x0 - 1.2, v = x1 + 1.7. Define
        f(u,v) = (a*u^2 + b*v^2 + c*u*v) + (d*u + e*v)
                 + eps1*u^3
                 + eps2*sin(k*u) + eps2*sin(k*v)
    then return a global scaling factor times f to tune objective dispersion.

    This design targets: moderate skewness (via small eps1), high but not perfect
    quadratic explainability (via small eps2), and improved linear explainability
    (via larger d,e relative to a,b,c).
    ",,,,15,2,0.3501088794167284,0.2526724747583032,0.9133405487953538,0.8527070602735406,0.29690685307909775,0.4812872630787899,0.8279396334577908,0.9994766728273168
"import numpy as np

def problem(x: np.ndarray) -> float:
    """"""
    Shifted 2D synthetic landscape in (u,v) composed of:
      - full quadratic backbone: a*u^2 + b*v^2 + c*u*v
      - linear drift: d*u + e*v
      - an odd mixed term (controls skew): h*u^2*v
      - a small beyond-quadratic ripple: p*(u*v)*sin(q*u*v)

    u = x0 - xc, v = x1 - yc, and f(x) = s * (backbone + linear + odd + ripple).
    """"""
    x = np.asarray(x, dtype=float).ravel()
    if x.shape[0] != 2:
        raise ValueError(""This benchmark is defined for 2D inputs (len(x)==2)."")

    # Shift of the landscape
    xc, yc = -1.2, 2.3
    u = x[0] - xc
    v = x[1] - yc

    # Increase dispersion to raise fitness_std
    s = 0.25

    # Strengthen polynomial structure (improve quad fits / neighborhood correlations)
    a = 0.10
    b = 0.090
    c = 0.072

    # Increase linear drift to raise lin_simple / lin_w_interact fits
    d = 0.040
    e = -0.030

    # Reduce odd term magnitude to bring skewness down
    h = 0.0020

    # Reduce ripple magnitude to make the landscape closer to full-quadratic
    p = 0.025
    q = 1.0

    quad = a * u * u + b * v * v + c * u * v
    lin = d * u + e * v
    odd_mixed = h * (u * u) * v
    ripple = p * (u * v) * np.sin(q * u * v)

    return float(s * (quad + lin + odd_mixed + ripple))",0.19370249357840566,"
    Shifted 2D synthetic landscape in (u,v) composed of:
      - full quadratic backbone: a*u^2 + b*v^2 + c*u*v
      - linear drift: d*u + e*v
      - an odd mixed term (controls skew): h*u^2*v
      - a small beyond-quadratic ripple: p*(u*v)*sin(q*u*v)

    u = x0 - xc, v = x1 - yc, and f(x) = s * (backbone + linear + odd + ripple).
    ",,,,15,2,0.20046330571186374,0.2609334370931575,0.7644552141835584,0.8557060243308892,0.4210921741904241,0.605372076656652,0.8112044156763855,0.9838505097441598
"import numpy as np

def problem(x: np.ndarray) -> float:
    """"""
    Shifted 2D synthetic landscape f(u,v) with u=x0-xc, v=x1-yc.

    f = s * [ a*u^2 + b*v^2 + c*u*v        (full-quadratic backbone)
              + d*u + e*v                  (linear drift)
              + h*u^2*v                    (odd term controlling skewness)
              + p*(u*v)*sin(q*u*v) ]       (small non-quadratic ripple)

    Designed so the backbone dominates to raise full-quadratic fit
    (quad_w_interact), while controlled ripple/skew tune skewness and ELA distribution stats.
    """"""
    x = np.asarray(x, dtype=float).ravel()
    if x.shape[0] != 2:
        raise ValueError(""This benchmark is defined for 2D inputs (len(x)==2)."")

    xc, yc = -1.2, 2.3
    u = x[0] - xc
    v = x[1] - yc

    # Overall scaling: increases fitness dispersion / fitness_std
    s = 0.26  # was 0.18

    # Full quadratic backbone (slightly strengthened/regularized)
    a = 0.095
    b = 0.085
    c = 0.075

    # Linear drift: increases linear/linear+interaction adj_r2 without dominating
    d = 0.040
    e = -0.030

    # Skew control: reduced to lower overall skewness
    h = 0.0016  # was 0.0030

    # Non-quadratic ripple: reduced to raise quad_w_interact.adj_r2
    p = 0.016   # was 0.040
    q = 1.25

    quad = a * u * u + b * v * v + c * u * v
    lin = d * u + e * v
    odd_mixed = h * (u * u) * v
    ripple = p * (u * v) * np.sin(q * u * v)

    return float(s * (quad + lin + odd_mixed + ripple))",0.2515124128617845,"
    Shifted 2D synthetic landscape f(u,v) with u=x0-xc, v=x1-yc.

    f = s * [ a*u^2 + b*v^2 + c*u*v        (full-quadratic backbone)
              + d*u + e*v                  (linear drift)
              + h*u^2*v                    (odd term controlling skewness)
              + p*(u*v)*sin(q*u*v) ]       (small non-quadratic ripple)

    Designed so the backbone dominates to raise full-quadratic fit
    (quad_w_interact), while controlled ripple/skew tune skewness and ELA distribution stats.
    ",,,,15,2,0.20770075717029754,0.24204976080358193,0.8226614649443892,0.86790751101781,0.3989569661318795,0.6024107142655283,0.8009589771637085,0.991887478626399
"import numpy as np

def problem(x: np.ndarray) -> float:
    """"""
    Shifted 2D synthetic landscape in (u,v) with a dominant full-quadratic backbone:
        u = x0 - xc, v = x1 - yc
        f(x) = s * [ a*u^2 + b*v^2 + c*u*v + d*u + e*v
                     + h*u^2*v                 (odd mixed term -> controlled skew)
                     + p*(u*v)*sin(q*u*v)     (non-quadratic ripple) ]
    """"""
    x = np.asarray(x, dtype=float).ravel()
    if x.shape[0] != 2:
        raise ValueError(""This benchmark is defined for 2D inputs (len(x)==2)."")

    xc, yc = -1.2, 2.3
    u = x[0] - xc
    v = x[1] - yc

    # Increase dispersion to raise fitness_distance.fitness_std
    s = 0.25

    # Strengthen/clean up the quadratic backbone to raise quad_w_interact.adj_r2
    a = 0.092
    b = 0.082
    c = 0.058  # slightly reduced to help quad_simple.adj_r2 (no u*v term there)

    # Increase drift to raise linear-model adjusted R^2 values
    d = 0.033
    e = -0.027

    # Reduce odd skew contribution (lower ela_distr.skewness)
    h = 0.0022

    # Reduce ripple magnitude to improve full-quadratic fit and nearest-better structure
    p = 0.028
    q = 1.10

    quad = a * u * u + b * v * v + c * u * v
    lin = d * u + e * v
    odd_mixed = h * (u * u) * v
    ripple = p * (u * v) * np.sin(q * u * v)

    return float(s * (quad + lin + odd_mixed + ripple))",0.21886915252902311,"
    Shifted 2D synthetic landscape in (u,v) with a dominant full-quadratic backbone:
        u = x0 - xc, v = x1 - yc
        f(x) = s * [ a*u^2 + b*v^2 + c*u*v + d*u + e*v
                     + h*u^2*v                 (odd mixed term -> controlled skew)
                     + p*(u*v)*sin(q*u*v)     (non-quadratic ripple) ]
    ",,,,15,2,0.17821310708191065,0.24210516670670482,0.7609970984353626,0.8289012849330415,0.4547202606547332,0.5895033641895667,0.8513757632157739,0.9761253089527134
"import numpy as np

def problem(x: np.ndarray) -> float:
    """"""
    Shifted 2D synthetic landscape in (u,v) with a full-quadratic backbone plus
    controlled non-quadratic perturbations:

        u = x0 - xc,  v = x1 - yc
        f(x) = s * [
            a*u^2 + b*v^2 + c*u*v         (full quadratic backbone)
          + d*u + e*v                       (linear drift)
          + h*u^2*v                         (odd term -> skewness)
          + p*sin(q*u*v)                    (interaction ripple)
          + t*u^3                           (cubic -> breaks exact quadratic fit)
        ]
    """"""
    x = np.asarray(x, dtype=float).ravel()
    if x.shape[0] != 2:
        raise ValueError(""This benchmark is defined for 2D inputs (len(x)==2)."")

    # Shift
    xc, yc = -1.2, 2.3
    u = x[0] - xc
    v = x[1] - yc

    # Global scaling (controls objective dispersion / fitness_std)
    s = 0.205

    # Quadratic backbone
    a = 0.072
    b = 0.068
    c = 0.060

    # Linear drift (increase linear-model explainability)
    d = 0.033
    e = -0.023

    # Odd mixed term (tunes skewness)
    h = 0.0033

    # Interaction ripple (adds ruggedness; also helps reduce quad_w_interact exactness)
    p = 0.030
    q = 1.55

    # Cubic perturbation (must be strong enough to avoid quad_w_interact.adj_r2=1.0)
    t = 0.0060

    quad = a * u * u + b * v * v + c * u * v
    lin = d * u + e * v
    odd_mixed = h * (u * u) * v
    ripple = p * np.sin(q * u * v)
    cubic_break = t * (u ** 3)

    return float(s * (quad + lin + odd_mixed + ripple + cubic_break))",0.31519724478312006,"
    Shifted 2D synthetic landscape in (u,v) with a full-quadratic backbone plus
    controlled non-quadratic perturbations:

        u = x0 - xc,  v = x1 - yc
        f(x) = s * [
            a*u^2 + b*v^2 + c*u*v         (full quadratic backbone)
          + d*u + e*v                       (linear drift)
          + h*u^2*v                         (odd term -> skewness)
          + p*sin(q*u*v)                    (interaction ripple)
          + t*u^3                           (cubic -> breaks exact quadratic fit)
        ]
    ",,,,15,2,0.17102572360625296,0.21578616218282562,0.8812329369008639,0.8763922535133085,0.4047695402686658,0.6015107039198168,0.8040159764248334,0.9997282754288007
"import numpy as np

def problem(x: np.ndarray) -> float:
    """"""
    2D shifted benchmark combining:
      - a full quadratic core with an (u*v) interaction,
      - a reduced odd cubic term to control skewness,
      - small symmetric sinusoidal ripples,
      - and a tiny even quartic term to break perfect quadratic fit.

    With u = x0 - 1.2, v = x1 + 1.7:
      f(u,v) = (a*u^2 + b*v^2 + c*u*v) + (d*u + e*v)
               + eps1*u^3
               + eps2*sin(k*u) + eps2*sin(k*v)
               + eps4*(u^4 + v^4)
    and the final result is scaled by a constant factor.
    """"""
    x = np.asarray(x, dtype=float).ravel()
    if x.shape[0] != 2:
        raise ValueError(""This benchmark is defined for 2D inputs (len(x)==2)."")

    u = x[0] - 1.2
    v = x[1] + 1.7

    # Quadratic core (softened slightly vs previous to increase linear explainability)
    a = 0.045
    b = 0.055
    c = 0.034
    d = 0.030
    e = -0.018

    # Non-quadratic components
    eps1 = 0.0030  # reduced odd cubic => lower skewness
    eps2 = 0.0200  # stronger symmetric ripples => higher std, less perfect quadratic fit
    k = 1.3
    eps4 = 0.0015  # small even quartic => further reduces full-quadratic adj_r2 (not skewing)

    f = (a * u * u + b * v * v + c * u * v) + (d * u + e * v)
    f += eps1 * (u ** 3)
    f += eps2 * np.sin(k * u) + eps2 * np.sin(k * v)
    f += eps4 * (u ** 4 + v ** 4)

    return float(0.95 * f)",0.4422533519260122,"
    2D shifted benchmark combining:
      - a full quadratic core with an (u*v) interaction,
      - a reduced odd cubic term to control skewness,
      - small symmetric sinusoidal ripples,
      - and a tiny even quartic term to break perfect quadratic fit.

    With u = x0 - 1.2, v = x1 + 1.7:
      f(u,v) = (a*u^2 + b*v^2 + c*u*v) + (d*u + e*v)
               + eps1*u^3
               + eps2*sin(k*u) + eps2*sin(k*v)
               + eps4*(u^4 + v^4)
    and the final result is scaled by a constant factor.
    ",,,,15,2,0.33324304196781446,0.1541408343377952,0.9098607877113359,0.8576682173327775,0.4393778358390191,0.4811849924232253,0.9403826554034089,0.9956938749803418
"import numpy as np

def problem(x: np.ndarray) -> float:
    """"""
    Deterministic 2D synthetic landscape with:
      - shifted coordinates u=x0-xc, v=x1-yc
      - quadratic backbone: a*u^2 + b*v^2 + c*u*v
      - linear drift: d*u + e*v
      - very small odd mixed terms (skew control): h*u^2*v + r*u*v^2
      - tiny non-quadratic ripple (to avoid a perfect quadratic): p*(u*v)*sin(q*u*v)

    f(u,v) = s * [ a u^2 + b v^2 + c u v + d u + e v
                   + h u^2 v + r u v^2 + p(uv) sin(q uv) ].
    """"""
    x = np.asarray(x, dtype=float).ravel()
    if x.shape[0] != 2:
        raise ValueError(""This benchmark is defined for 2D inputs (len(x)==2)."")

    xc, yc = -1.2, 2.3
    u = x[0] - xc
    v = x[1] - yc

    # Increase overall magnitude to raise fitness std (shape unchanged otherwise)
    s = 0.455

    # Stronger diagonal quadratic curvature to support quad_simple fit;
    # weaker uv coefficient to reduce lin-with-interactions explainability.
    a = 0.078
    b = 0.073
    c = 0.030

    # Linear drift (kept similar to preserve linear adj_r2 level)
    d = 0.070
    e = -0.055

    # Odd terms kept small to maintain skewness while not harming generalization too much
    h = 0.0016
    r = -0.0009

    # Reduced ripple amplitude to slightly lower ""perfect quad"" explainability and smooth landscape
    p = 0.010
    q = 1.0

    quad = a * u * u + b * v * v + c * u * v
    lin = d * u + e * v
    odd = h * (u * u) * v + r * u * (v * v)
    ripple = p * (u * v) * np.sin(q * u * v)

    return float(s * (quad + lin + odd + ripple))",0.3911161025964324,"
    Deterministic 2D synthetic landscape with:
      - shifted coordinates u=x0-xc, v=x1-yc
      - quadratic backbone: a*u^2 + b*v^2 + c*u*v
      - linear drift: d*u + e*v
      - very small odd mixed terms (skew control): h*u^2*v + r*u*v^2
      - tiny non-quadratic ripple (to avoid a perfect quadratic): p*(u*v)*sin(q*u*v)

    f(u,v) = s * [ a u^2 + b v^2 + c u v + d u + e v
                   + h u^2 v + r u v^2 + p(uv) sin(q uv) ].
    ",,,,16,2,0.13925414982388132,0.26509799489894537,0.8530248460011151,0.8947674343208487,0.620833006812177,0.6814530100635814,0.9414957227545936,0.9965722465898957
"import numpy as np

def problem(x: np.ndarray) -> float:
    """"""
    Shifted 2D synthetic landscape (u,v) formed from:
      - full quadratic backbone: a*u^2 + b*v^2 + c*u*v
      - linear drift: d*u + e*v
      - odd mixed cubic skew control: h*u^2*v

    f(x) = s * [a*u^2 + b*v^2 + c*u*v + d*u + e*v + h*u^2*v],
    where u = x0 - xc and v = x1 - yc, with (xc,yc)=(-1.2,2.3).
    """"""
    x = np.asarray(x, dtype=float).ravel()
    if x.shape[0] != 2:
        raise ValueError(""This benchmark is defined for 2D inputs (len(x)==2)."")

    xc, yc = -1.2, 2.3
    u = x[0] - xc
    v = x[1] - yc

    # Increased scale to raise fitness dispersion (fitness_std)
    s = 0.40

    # Strong full-quadratic backbone to preserve high quad_w_interact fit
    a = 0.095
    b = 0.088
    c = 0.080

    # Moderate linear drift (keeps linear adjusted R^2 in a reasonable range)
    d = 0.050
    e = -0.033

    # Odd cubic term to maintain controlled skewness without oscillatory overfitting
    h = 0.0022

    quad = a * u * u + b * v * v + c * u * v
    lin = d * u + e * v
    odd_mixed = h * (u * u) * v

    return float(s * (quad + lin + odd_mixed))",0.3212885077940956,"
    Shifted 2D synthetic landscape (u,v) formed from:
      - full quadratic backbone: a*u^2 + b*v^2 + c*u*v
      - linear drift: d*u + e*v
      - odd mixed cubic skew control: h*u^2*v

    f(x) = s * [a*u^2 + b*v^2 + c*u*v + d*u + e*v + h*u^2*v],
    where u = x0 - xc and v = x1 - yc, with (xc,yc)=(-1.2,2.3).
    ",,,,16,2,0.20865223009460368,0.22408604505666432,0.8908095176312035,0.8928798029642845,0.39929988135059974,0.6258562017896169,0.7862615172503427,1.0
"import numpy as np

def problem(x: np.ndarray) -> float:
    """"""
    Deterministic 2D shifted landscape using a mostly full-quadratic model with
    small linear drift and weak odd/nonlinear perturbations.

    Let u = x0 - xc, v = x1 - yc with (xc,yc)=(-1.2, 2.3). The objective is:
        f(x) = s * [ a u^2 + b v^2 + c u v              (full quadratic backbone)
                     + d u + e v                      (linear drift)
                     + h u^2 v + r u v^2             (odd terms -> controlled skew)
                     + p (u v) * sin(q u v)          (very small ripple) ]
    """"""
    x = np.asarray(x, dtype=float).ravel()
    if x.shape[0] != 2:
        raise ValueError(""This benchmark is defined for 2D inputs (len(x)==2)."")

    # Shift
    xc, yc = -1.2, 2.3
    u = x[0] - xc
    v = x[1] - yc

    # Scale (controls fitness value dispersion / std)
    s = 0.553

    # Mostly quadratic backbone (raise quad adj-R2 and nb-structure)
    a = 0.065
    b = 0.060
    c = 0.055

    # Linear drift (raise linear adj-R2 without adding extra interactions)
    d = 0.055
    e = -0.035

    # Odd terms (reduced to match target skew; not too strong)
    h = 0.0008
    r = -0.0006

    # Very small nonlinear ripple (kept weak to preserve quadratic fit)
    p = 0.012
    q = 1.10

    quad = a * u * u + b * v * v + c * u * v
    lin = d * u + e * v
    odd = h * (u * u) * v + r * u * (v * v)
    ripple = p * (u * v) * np.sin(q * u * v)

    return float(s * (quad + lin + odd + ripple))",0.27890293317326503,"
    Deterministic 2D shifted landscape using a mostly full-quadratic model with
    small linear drift and weak odd/nonlinear perturbations.

    Let u = x0 - xc, v = x1 - yc with (xc,yc)=(-1.2, 2.3). The objective is:
        f(x) = s * [ a u^2 + b v^2 + c u v              (full quadratic backbone)
                     + d u + e v                      (linear drift)
                     + h u^2 v + r u v^2             (odd terms -> controlled skew)
                     + p (u v) * sin(q u v)          (very small ripple) ]
    ",,,,16,2,0.19163695562439628,0.19718745902872983,0.825201437088254,0.8680717205962231,0.43277270123547473,0.6437186167148293,0.7936866952370548,0.9924317889254096
"import numpy as np

def problem(x: np.ndarray) -> float:
    """"""
    Synthetic 2D landscape on [-5,5]^2 composed of:
      - a full quadratic backbone (with linear drift and uv term),
      - a controlled odd asymmetry (u^2 v and u^3),
      - weak but non-quadratic ripples to avoid near-perfect quadratic explainability,
      - separable periodic ruggedness (cos terms) to add local structure.

    Let u = x0 - xc, v = x1 - yc with (xc,yc)=(-1.2, 2.3).
    The objective is:
      f(x) = s * [
          a u^2 + b v^2 + c u v
        + d u + e v
        + h u^2 v
        + t u^3
        + p sin(q u v)
        + r*(cos(k u) + cos(k v))/2
        + w*sin(u + v)
      ].
    """"""
    x = np.asarray(x, dtype=float).ravel()
    if x.shape[0] != 2:
        raise ValueError(""This benchmark is defined for 2D inputs (len(x)==2)."")

    xc, yc = -1.2, 2.3
    u = x[0] - xc
    v = x[1] - yc

    # Overall scale: increases fitness spread (fitness_distance.fitness_std)
    s = 0.52

    # Quadratic backbone: keep it dominant, but not perfect once ripples are added
    a = 0.085
    b = 0.078
    c = 0.060

    # Linear drift
    d = 0.030
    e = -0.021

    # Odd terms: slightly stronger to better tune skewness
    h = 0.0022
    t = 0.0060

    # Non-quadratic ripples: strengthened to reduce quad explainability (esp. quad_w_interact)
    p = 0.085
    q = 1.75

    # Separable periodic ruggedness: stronger and slightly higher frequency
    r = 0.055
    k = 3.1

    # Additional non-quadratic coupling term to prevent full-quadratic fit from becoming too exact
    w = 0.020

    quad = a * u * u + b * v * v + c * u * v
    lin = d * u + e * v
    odd_mixed = h * (u * u) * v
    ripple = p * np.sin(q * u * v)
    periodic = r * (np.cos(k * u) + np.cos(k * v)) * 0.5
    cubic = t * (u * u * u)
    extra = w * np.sin(u + v)

    return float(s * (quad + lin + odd_mixed + cubic + ripple + periodic + extra))",0.24911927364079942,"
    Synthetic 2D landscape on [-5,5]^2 composed of:
      - a full quadratic backbone (with linear drift and uv term),
      - a controlled odd asymmetry (u^2 v and u^3),
      - weak but non-quadratic ripples to avoid near-perfect quadratic explainability,
      - separable periodic ruggedness (cos terms) to add local structure.

    Let u = x0 - xc, v = x1 - yc with (xc,yc)=(-1.2, 2.3).
    The objective is:
      f(x) = s * [
          a u^2 + b v^2 + c u v
        + d u + e v
        + h u^2 v
        + t u^3
        + p sin(q u v)
        + r*(cos(k u) + cos(k v))/2
        + w*sin(u + v)
      ].
    ",,,,16,2,0.15776810867773286,0.2616138253947388,0.8083545667775726,0.8697028895623374,0.45172220174374017,0.5926350355311955,0.859548307688419,0.9980462050264234
"import numpy as np

def problem(x: np.ndarray) -> float:
    """"""
    Deterministic 2D synthetic landscape centered at (xc,yc) in variables u=x0-xc, v=x1-yc.
    Structure:
        f(u,v) = s * ( Q2(u,v) + L1(u,v) + T3(u,v) + R3(u,v) )

    with
        Q2(u,v) = a*u^2 + b*v^2 + c*u*v          (full quadratic backbone)
        L1(u,v) = d*u + e*v                      (linear drift)
        T3(u,v) = t*u^3 + w*u*v^2                (odd cubic terms to control skewness)
        R3(u,v) = r*(u*v) * sin(k*u)            (small non-quadratic ripple; mild to preserve quad fit)
    """"""
    x = np.asarray(x, dtype=float).ravel()
    if x.shape[0] != 2:
        raise ValueError(""This benchmark is defined for 2D inputs (len(x)==2)."")

    xc, yc = -1.2, 2.3
    u = x[0] - xc
    v = x[1] - yc

    # Scale controls fitness dispersion (fitness_distance.fitness_std)
    s = 0.33

    # Full quadratic backbone (kept strong to maintain high quad_w_interact fit)
    a = 0.095
    b = 0.085
    c = 0.061  # interaction term u*v (helps quad_w_interact, hurts quad_simple)

    # Linear drift (moderate to keep linear adj-R2 values in range)
    d = 0.031
    e = -0.024

    # Odd cubic components (raise skewness and slightly lower quadratic/linear adj-R2)
    t = 0.0018
    w = -0.0009  # sign choice to tune skewness without creating strong multimodality

    # Mild non-quadratic ripple (kept small so the full quadratic remains dominant)
    r = 0.022
    k = 0.95

    quad = a * u * u + b * v * v + c * u * v
    lin = d * u + e * v
    cubic_odd = t * (u ** 3) + w * (u * (v ** 2))
    ripple = r * (u * v) * np.sin(k * u)

    return float(s * (quad + lin + cubic_odd + ripple))",0.38475754004315543,"
    Deterministic 2D synthetic landscape centered at (xc,yc) in variables u=x0-xc, v=x1-yc.
    Structure:
        f(u,v) = s * ( Q2(u,v) + L1(u,v) + T3(u,v) + R3(u,v) )

    with
        Q2(u,v) = a*u^2 + b*v^2 + c*u*v          (full quadratic backbone)
        L1(u,v) = d*u + e*v                      (linear drift)
        T3(u,v) = t*u^3 + w*u*v^2                (odd cubic terms to control skewness)
        R3(u,v) = r*(u*v) * sin(k*u)            (small non-quadratic ripple; mild to preserve quad fit)
    ",,,,16,2,0.1699746821308021,0.23081192291419053,0.9307910864222769,0.8820422060493897,0.4828558164424441,0.5747664457106497,0.9096663882026922,0.9967929405795329
"import numpy as np

def problem(x: np.ndarray) -> float:
    """"""
    Shifted 2D synthetic landscape in (u,v) with a full-quadratic backbone
    plus a mild odd cubic term and a weak smooth ripple:

        u = x0 - xc,  v = x1 - yc

        f(x) = s * [
            a*u^2 + b*v^2 + c*u*v                 (full-quadratic backbone)
          + d*u + e*v                               (linear drift)
          + h*u^2*v                                 (odd term controlling skew)
          + p*(u*v)*sin(q*u*v)                      (small non-quadratic ripple)
        ]
    """"""
    x = np.asarray(x, dtype=float).ravel()
    if x.shape[0] != 2:
        raise ValueError(""This benchmark is defined for 2D inputs (len(x)==2)."")

    # Shift (same structure as before, deterministic)
    xc, yc = -1.2, 2.3
    u = x[0] - xc
    v = x[1] - yc

    # Scale up dispersion to better match target fitness_std
    s = 0.34

    # Full quadratic backbone (preserve high quad_w_interact fit)
    a = 0.092
    b = 0.086
    c = 0.080

    # Slightly reduced linear drift to avoid over-high linear adj-R2
    d = 0.045
    e = -0.030

    # Mild odd cubic term for skewness (keep modest)
    h = 0.0022

    # Weaker ripple to reduce overfitting / neighborhood distortion
    p = 0.016
    q = 1.10

    quad = a * u * u + b * v * v + c * u * v
    lin = d * u + e * v
    odd_mixed = h * (u * u) * v
    ripple = p * (u * v) * np.sin(q * u * v)

    return float(s * (quad + lin + odd_mixed + ripple))",0.2606407418268121,"
    Shifted 2D synthetic landscape in (u,v) with a full-quadratic backbone
    plus a mild odd cubic term and a weak smooth ripple:

        u = x0 - xc,  v = x1 - yc

        f(x) = s * [
            a*u^2 + b*v^2 + c*u*v                 (full-quadratic backbone)
          + d*u + e*v                               (linear drift)
          + h*u^2*v                                 (odd term controlling skew)
          + p*(u*v)*sin(q*u*v)                      (small non-quadratic ripple)
        ]
    ",,,,16,2,0.21686175734951266,0.21811342392058522,0.8186018850020375,0.8666670589346831,0.38715967760699527,0.6192119070648766,0.7740820849873892,0.9927885364425424
"import numpy as np

def problem(x: np.ndarray) -> float:
    """"""
    Shifted 2D synthetic landscape in (u,v) with a dominant full-quadratic backbone plus
    a small controlled nonlinearity:
        u = x0 - xc, v = x1 - yc
        f(x) = s * [ a*u^2 + b*v^2 + c*u*v + d*u + e*v
                     + h*u^2*v
                     + p*(u*v)*sin(q*u*v) ]
    """"""
    x = np.asarray(x, dtype=float).ravel()
    if x.shape[0] != 2:
        raise ValueError(""This benchmark is defined for 2D inputs (len(x)==2)."")

    xc, yc = -1.2, 2.3
    u = x[0] - xc
    v = x[1] - yc

    # Scale up objective dispersion to increase fitness-distance std without changing ordering
    s = 0.32

    # Quadratic backbone (full quadratic remains dominant)
    a = 0.090
    b = 0.080
    c = 0.075  # stronger u*v interaction reduces ""quad_simple"" fit while full-quadratic stays high

    # Weaken linear drift (reduces linear-model adjusted R^2)
    d = 0.024
    e = -0.018

    # Slightly increase odd skew contribution
    h = 0.0032

    # Reduce ripple ruggedness to improve nearest-better connectivity correlation
    p = 0.018
    q = 1.05

    quad = a * u * u + b * v * v + c * u * v
    lin = d * u + e * v
    odd_mixed = h * (u * u) * v
    ripple = p * (u * v) * np.sin(q * u * v)

    return float(s * (quad + lin + odd_mixed + ripple))",0.25467495584227545,"
    Shifted 2D synthetic landscape in (u,v) with a dominant full-quadratic backbone plus
    a small controlled nonlinearity:
        u = x0 - xc, v = x1 - yc
        f(x) = s * [ a*u^2 + b*v^2 + c*u*v + d*u + e*v
                     + h*u^2*v
                     + p*(u*v)*sin(q*u*v) ]
    ",,,,16,2,0.2397756504698189,0.22623270057498646,0.794572493479377,0.8589105851163733,0.3309824956238707,0.5974100531690874,0.7362702352522251,0.9895229118261553
"import numpy as np

def problem(x: np.ndarray) -> float:
    """"""
    Deterministic 2D synthetic landscape in shifted coordinates (u,v), designed as a
    mostly quadratic bowl with modest linear drift and a small odd mixed term to tune skew.

    Let u = x0 - xc, v = x1 - yc. We use:
        f(x) = s * [ a u^2 + b v^2 + c u v     (quadratic backbone, but with reduced c)
                     + d u + e v              (linear drift)
                     + h u^2 v               (odd mixed term to control distribution skew) ]

    This simplifies the previous version by removing the sinusoidal ripple and one odd term,
    reducing overfitting to specific sampled points while keeping a high-quality quadratic
    structure for strong quadratic-model fit.
    """"""
    x = np.asarray(x, dtype=float).ravel()
    if x.shape[0] != 2:
        raise ValueError(""This benchmark is defined for 2D inputs (len(x)==2)."")

    # Shift (kept from the previous design)
    xc, yc = -1.2, 2.3
    u = x[0] - xc
    v = x[1] - yc

    # Increase dispersion to better match larger target fitness_std
    s = 0.42

    # Quadratic backbone: strengthen pure squares; reduce uv coefficient to lower
    # ""linear-with-interactions"" explanatory power.
    a = 0.085
    b = 0.075
    c = 0.028  # reduced from the previous version

    # Linear drift: keep moderate so linear fits are not overly dominant.
    d = 0.040
    e = -0.030

    # Small odd mixed term for controlled skew (keep limited magnitude)
    h = 0.0012

    quad = a * u * u + b * v * v + c * u * v
    lin = d * u + e * v
    odd = h * (u * u) * v

    return float(s * (quad + lin + odd))",0.41675036868732246,"
    Deterministic 2D synthetic landscape in shifted coordinates (u,v), designed as a
    mostly quadratic bowl with modest linear drift and a small odd mixed term to tune skew.

    Let u = x0 - xc, v = x1 - yc. We use:
        f(x) = s * [ a u^2 + b v^2 + c u v     (quadratic backbone, but with reduced c)
                     + d u + e v              (linear drift)
                     + h u^2 v               (odd mixed term to control distribution skew) ]

    This simplifies the previous version by removing the sinusoidal ripple and one odd term,
    reducing overfitting to specific sampled points while keeping a high-quality quadratic
    structure for strong quadratic-model fit.
    ",,,,16,2,0.14579564286876284,0.28218408805595785,0.9031528135343648,0.8973829301635651,0.601942671924401,0.6414586348330491,0.9654186731099845,1.0
"import numpy as np

def problem(x: np.ndarray) -> float:
    """"""
    Shifted 2D synthetic landscape in (u,v) with a dominant full-quadratic backbone plus:
      - linear drift (d*u + e*v),
      - an odd asymmetric term h*u^2*v (controls distribution skew),
      - a small non-quadratic ripple p*(u*v)*sin(q*u*v).

    Let u = x0 - xc, v = x1 - yc. Then:
      f(x) = s * [ a*u^2 + b*v^2 + c*u*v + d*u + e*v + h*u^2*v + p*(u*v)*sin(q*u*v) ].
    """"""
    x = np.asarray(x, dtype=float).ravel()
    if x.shape[0] != 2:
        raise ValueError(""This benchmark is defined for 2D inputs (len(x)==2)."")

    xc, yc = -1.2, 2.3
    u = x[0] - xc
    v = x[1] - yc

    # Scale: increase objective spread to raise fitness_distance.fitness_std
    s = 0.36

    # Full quadratic backbone (increase interaction strength to reduce quad_simple fit)
    a = 0.090
    b = 0.080
    c = 0.115  # stronger u*v interaction => quad_simple (no interaction) fits worse

    # Linear drift: slightly reduced to lower lin_simple adjusted R^2
    d = 0.022
    e = -0.020

    # Skew control: slightly increased to move skewness upward
    h = 0.0034

    # Small ripple: slightly stronger to adjust nearest-better connectivity geometry
    p = 0.034
    q = 1.10

    quad = a * u * u + b * v * v + c * u * v
    lin = d * u + e * v
    odd_mixed = h * (u * u) * v
    ripple = p * (u * v) * np.sin(q * u * v)

    return float(s * (quad + lin + odd_mixed + ripple))",0.4249485250856517,"
    Shifted 2D synthetic landscape in (u,v) with a dominant full-quadratic backbone plus:
      - linear drift (d*u + e*v),
      - an odd asymmetric term h*u^2*v (controls distribution skew),
      - a small non-quadratic ripple p*(u*v)*sin(q*u*v).

    Let u = x0 - xc, v = x1 - yc. Then:
      f(x) = s * [ a*u^2 + b*v^2 + c*u*v + d*u + e*v + h*u^2*v + p*(u*v)*sin(q*u*v) ].
    ",,,,16,2,0.34201503388569177,0.14732067592244869,0.5822943059140661,0.8158498441822366,0.18951920032804717,0.6443186230536292,0.5304790876260934,0.9682842255603814
"import numpy as np

def problem(x: np.ndarray) -> float:
    """"""
    Deterministic 2D synthetic landscape in shifted coordinates (u,v):
        u = x0 - xc,  v = x1 - yc.

    The objective is a *mostly* full-quadratic model with a small cubic
    perturbation to tune skewness / ruggedness without relying on a
    sine-based ripple (i.e., simpler than a trigonometric interaction).

        f(x) = s * [ a*u^2 + b*v^2 + c*u*v
                     + d*u + e*v
                     + r * u*v*(u+v) ]

    The quadratic backbone drives high quadratic-model adjusted R^2,
    while the cubic term breaks perfect quadratic structure and introduces
    controlled nonlinearity (affecting distribution skewness and
    nearest-better connectivity).
    """"""
    x = np.asarray(x, dtype=float).ravel()
    if x.shape[0] != 2:
        raise ValueError(""This benchmark is defined for 2D inputs (len(x)==2)."")

    # Shift (fixed)
    xc, yc = -1.2, 2.3
    u = x[0] - xc
    v = x[1] - yc

    # Scaling: increases fitness dispersion (objective-value standard deviation)
    s = 0.36

    # Full-quadratic backbone (dominant structure)
    a = 0.10
    b = 0.092
    c = 0.082

    # Linear drift (keeps linear components present)
    d = 0.055
    e = -0.034

    # Simplified higher-order interaction:
    # cubic term r*u*v*(u+v) instead of trig ripple (less chance of overfitting)
    r = 0.0085

    quad = a * u * u + b * v * v + c * u * v
    lin = d * u + e * v
    cubic = r * (u * v) * (u + v)

    return float(s * (quad + lin + cubic))",0.3432145113894498,"
    Deterministic 2D synthetic landscape in shifted coordinates (u,v):
        u = x0 - xc,  v = x1 - yc.

    The objective is a *mostly* full-quadratic model with a small cubic
    perturbation to tune skewness / ruggedness without relying on a
    sine-based ripple (i.e., simpler than a trigonometric interaction).

        f(x) = s * [ a*u^2 + b*v^2 + c*u*v
                     + d*u + e*v
                     + r * u*v*(u+v) ]

    The quadratic backbone drives high quadratic-model adjusted R^2,
    while the cubic term breaks perfect quadratic structure and introduces
    controlled nonlinearity (affecting distribution skewness and
    nearest-better connectivity).
    ",,,,16,2,0.15516623975651234,0.25326832060767956,0.9123763001770229,0.891955518736653,0.46037008153810777,0.588732896396336,0.8558718207686589,1.0
"import numpy as np

def problem(x: np.ndarray) -> float:
    """"""
    Deterministic 2D synthetic landscape built as a shifted, rotated
    quadratic (with interaction) plus a *very small* odd (cubic) perturbation.

    Let (u,v) be the shifted coordinates, then rotated by angle theta:
        [u_r]   [cos -sin] [u]
        [v_r] = [sin  cos] [v]

    The function is:
        f(x) = s * (  a*u_r^2 + b*v_r^2 + k*u_r*v_r        (full quadratic)
                    + d*u_r + e*v_r                       (linear drift)
                    + t*(u_r^3 - 0.6*v_r^3)               (odd skew control)
                  )

    The cubic term is deliberately tiny so that the full-quadratic model
    remains highly accurate, while the odd perturbation produces the target
    objective-value skewness.
    """"""
    x = np.asarray(x, dtype=float).ravel()
    if x.shape[0] != 2:
        raise ValueError(""This benchmark is defined for 2D inputs (len(x)==2)."")

    # Shift (different to prior code structure, but still within [-5,5]^2)
    xc, yc = -0.7, 1.6
    u = x[0] - xc
    v = x[1] - yc

    # Rotation to make the interaction term ""essential"" (affects quad_simple vs quad_w_interact)
    theta = 0.65
    ct = np.cos(theta)
    st = np.sin(theta)
    ur = ct * u - st * v
    vr = st * u + ct * v

    # Overall scaling to tune fitness dispersion / nearest-better structure
    s = 0.32

    # Quadratic backbone (interaction included; quad_simple should be noticeably worse than full quadratic)
    a = 0.11
    b = 0.075
    k = 0.095

    # Linear drift (kept moderate to avoid overly high pure-linearity scores)
    d = 0.040
    e = -0.035

    # Tiny odd cubic perturbation to set skewness without destroying quadratic fit quality
    t = 0.0018

    quad = a * ur * ur + b * vr * vr + k * ur * vr
    lin = d * ur + e * vr
    skew = t * (ur**3 - 0.6 * (vr**3))

    return float(s * (quad + lin + skew))",0.45592011945994254,"
    Deterministic 2D synthetic landscape built as a shifted, rotated
    quadratic (with interaction) plus a *very small* odd (cubic) perturbation.

    Let (u,v) be the shifted coordinates, then rotated by angle theta:
        [u_r]   [cos -sin] [u]
        [v_r] = [sin  cos] [v]

    The function is:
        f(x) = s * (  a*u_r^2 + b*v_r^2 + k*u_r*v_r        (full quadratic)
                    + d*u_r + e*v_r                       (linear drift)
                    + t*(u_r^3 - 0.6*v_r^3)               (odd skew control)
                  )

    The cubic term is deliberately tiny so that the full-quadratic model
    remains highly accurate, while the odd perturbation produces the target
    objective-value skewness.
    ",,,,17,2,0.2560241563630718,0.1605552620995735,0.8849722723891995,0.8659409160857185,0.39600920368814524,0.399901006722904,0.9929429741372724,1.0
"import numpy as np

def problem(x: np.ndarray) -> float:
    """"""
    2D shifted polynomial landscape with a strong full-quadratic core plus
    controlled higher-order terms for skewness and slight non-quadraticity.

    Let u = x0 - xc, v = x1 - yc. The objective is
        f(x) = s * [ Q(u,v) + L(u,v) + C(u,v) + H(u,v) ]

    where
        Q(u,v) = a*u^2 + b*v^2 + c*u*v                  (full quadratic)
        L(u,v) = d*u + e*v                              (linear drift)
        C(u,v) = k*u^3 - k2*u*v^2                      (cubic terms; odd part -> skew)
        H(u,v) = t*(u^2+v^2)^2 + r*u^2*v              (small quartic + mixed higher-order)

    This is deterministic and defined for x in [-5,5]^N (here N=2).
    """"""
    x = np.asarray(x, dtype=float).ravel()
    if x.shape[0] != 2:
        raise ValueError(""This benchmark is defined for 2D inputs (len(x)==2)."")

    xc, yc = -1.35, 2.10
    u = x[0] - xc
    v = x[1] - yc

    # Overall scaling (sets fitness dispersion / fitness_std)
    s = 0.30

    # Full quadratic backbone (keeps quad_w_interact.adj_r2 high)
    a = 0.110
    b = 0.095
    c = 0.080

    # Linear drift (to raise linear fits, but not dominate)
    d = 0.030
    e = -0.022

    # Cubic odd components (tuned to create moderate positive skewness)
    k = 0.0060
    k2 = 0.0028

    # Small higher-order perturbations (reduce perfect quadratic fit)
    t = 0.0013
    r = 0.0018

    Q = a * u * u + b * v * v + c * u * v
    L = d * u + e * v
    C = k * (u ** 3) - k2 * u * (v ** 2)
    H = t * ((u * u + v * v) ** 2) + r * (u * u) * v

    return float(s * (Q + L + C + H))",0.41334467376788414,"
    2D shifted polynomial landscape with a strong full-quadratic core plus
    controlled higher-order terms for skewness and slight non-quadraticity.

    Let u = x0 - xc, v = x1 - yc. The objective is
        f(x) = s * [ Q(u,v) + L(u,v) + C(u,v) + H(u,v) ]

    where
        Q(u,v) = a*u^2 + b*v^2 + c*u*v                  (full quadratic)
        L(u,v) = d*u + e*v                              (linear drift)
        C(u,v) = k*u^3 - k2*u*v^2                      (cubic terms; odd part -> skew)
        H(u,v) = t*(u^2+v^2)^2 + r*u^2*v              (small quartic + mixed higher-order)

    This is deterministic and defined for x in [-5,5]^N (here N=2).
    ",,,,17,2,0.23632896809415094,0.15699625855861638,0.9067426130273887,0.8886913967931905,0.49815964482356717,0.5449871128565443,0.9413207772090921,0.9992192242235597
"import numpy as np

def problem(x: np.ndarray) -> float:
    """"""
    Shifted 2D landscape f(u,v) with a dominant *rotated* quadratic core plus
    controlled non-quadratic asymmetry (cubic odd harmonic) and weak periodic ruggedness.

    Let (u,v) = (x0-xc, x1-yc). Rotate by angle theta:
      [z1, z2]^T = R(theta) [u, v]^T.

    Objective:
      f = S * ( Q(z1,z2) + L(u,v) + A*(z1^3 - 3 z1 z2^2) + Rper(u,v) )

    where
      Q = a*z1^2 + b*z2^2 + c*z1*z2          (full quadratic in rotated coordinates)
      L = d*u + e*v                            (linear drift)
      A*(...) is an odd cubic harmonic (adds controlled skewness)
      Rper is a small sinusoidal term (adds local structure without destroying quadratic fits).
    """"""
    x = np.asarray(x, dtype=float).ravel()
    if x.shape[0] != 2:
        raise ValueError(""This benchmark is defined for 2D inputs (len(x)==2)."")

    xc, yc = -1.2, 2.3
    u = x[0] - xc
    v = x[1] - yc

    # Rotate to ensure the ""quadratic+interaction"" structure is not axis-aligned.
    theta = 0.55
    ct, st = np.cos(theta), np.sin(theta)
    z1 = ct * u - st * v
    z2 = st * u + ct * v

    # Dominant full-quadratic backbone in (z1,z2) (so a quadratic model with interactions can fit well).
    a = 0.120
    b = 0.095
    c = -0.060

    # Mild linear drift to help linear terms contribute without dominating.
    d = 0.035
    e = -0.025

    # Odd cubic harmonic to induce controlled skewness (not representable by pure quadratic regression).
    A = 0.0070

    # Weak rugged periodicity (kept small so quad_w_interact fit remains high).
    # Note: uses bounded trig terms to avoid blow-ups on [-5,5]^2.
    r1 = 0.020
    r2 = 0.013
    Rper = r1 * (np.sin(1.35 * u) + np.cos(1.10 * v)) + r2 * np.sin(0.9 * (u + v))

    Q = a * z1 * z1 + b * z2 * z2 + c * z1 * z2
    L = d * u + e * v

    # Third-order odd harmonic (real part of (z1 + i z2)^3): z1^3 - 3 z1 z2^2
    cubic_odd = (z1 * z1 * z1) - 3.0 * z1 * z2 * z2

    # Overall scaling: tuned to produce relatively high objective dispersion.
    S = 0.62

    return float(S * (Q + L + A * cubic_odd + Rper))",0.5746331416091756,"
    Shifted 2D landscape f(u,v) with a dominant *rotated* quadratic core plus
    controlled non-quadratic asymmetry (cubic odd harmonic) and weak periodic ruggedness.

    Let (u,v) = (x0-xc, x1-yc). Rotate by angle theta:
      [z1, z2]^T = R(theta) [u, v]^T.

    Objective:
      f = S * ( Q(z1,z2) + L(u,v) + A*(z1^3 - 3 z1 z2^2) + Rper(u,v) )

    where
      Q = a*z1^2 + b*z2^2 + c*z1*z2          (full quadratic in rotated coordinates)
      L = d*u + e*v                            (linear drift)
      A*(...) is an odd cubic harmonic (adds controlled skewness)
      Rper is a small sinusoidal term (adds local structure without destroying quadratic fits).
    ",,,,17,2,0.4038301454022194,0.136192000990185,0.9163873403469714,0.9417288559364596,0.7056149290498706,0.8011015376252395,0.8692484753297878,0.9999406327549707
"import numpy as np

def problem(x: np.ndarray) -> float:
    """"""
    2D shifted, rotated quadratic landscape with a weak asymmetric perturbation.

    Let x=(x0,x1). First shift to y=x-[xc,yc] and rotate to (u,v) via a fixed matrix.
    The fitness is
        f(x) = S * [  q(u,v)  + t*u^3 ] + G * exp(-k*(u^2+v^2))

    where the main backbone is the full quadratic
        q(u,v) = a*u^2 + b*v^2 + c*u*v + d*u + e*v.

    The u^3 term injects controlled skewness (odd in u), while the Gaussian bump
    perturbs neighborhood structure without changing the quadratic dominance.
    """"""
    x = np.asarray(x, dtype=float).ravel()
    if x.shape[0] != 2:
        raise ValueError(""This benchmark is defined for 2D inputs (len(x)==2)."")

    # Shift
    xc, yc = -1.7, 1.1
    y0, y1 = x[0] - xc, x[1] - yc

    # Rotate (to make the dominant quadratic non-axis-aligned)
    # (deterministic, fixed)
    ang = 0.65
    ca, sa = np.cos(ang), np.sin(ang)
    u = ca * y0 + sa * y1
    v = -sa * y0 + ca * y1

    # Full-quadratic backbone coefficients (dominant, but not too large)
    a = 0.085
    b = 0.070
    c = 0.060   # u*v interaction
    d = 0.040   # linear drift in u
    e = -0.028  # linear drift in v

    q = a * u * u + b * v * v + c * u * v + d * u + e * v

    # Asymmetric odd perturbation (controls skewness)
    t = 0.0019
    asym = t * (u ** 3)

    # Localized non-quadratic bump (affects distribution/neighbor relations, but small)
    k = 2.4
    G = 0.030

    # Overall scaling to tune fitness dispersion
    S = 0.62

    bump = G * np.exp(-k * (u * u + v * v))

    return float(S * (q + asym) + bump)",0.36879506428205966,"
    2D shifted, rotated quadratic landscape with a weak asymmetric perturbation.

    Let x=(x0,x1). First shift to y=x-[xc,yc] and rotate to (u,v) via a fixed matrix.
    The fitness is
        f(x) = S * [  q(u,v)  + t*u^3 ] + G * exp(-k*(u^2+v^2))

    where the main backbone is the full quadratic
        q(u,v) = a*u^2 + b*v^2 + c*u*v + d*u + e*v.

    The u^3 term injects controlled skewness (odd in u), while the Gaussian bump
    perturbs neighborhood structure without changing the quadratic dominance.
    ",,,,17,2,0.16896346734584003,0.24768425292969154,0.8784443825612726,0.8655404285360706,0.39302485777110757,0.4603289144467248,0.9408814546917569,0.9999921698749089
"import numpy as np

def problem(x: np.ndarray) -> float:
    """"""
    Deterministic 2D synthetic benchmark on x in [-5,5]^2.

    Let (u,v) be shifted coordinates: u=x0-xc, v=x1-yc with (xc,yc)=(-1.2,2.3).
    The landscape is a rotated/biased quadratic form plus a controlled non-quadratic
    cubic “skew” term (a harmonic polynomial) and a weak beyond-quadratic modulation:

        f(x) = s * [
            a*u^2 + b*v^2 + c*u*v            (full quadratic backbone)
          + d*u + e*v                         (linear drift)
          + f3*(u^3 - 3*u*v^2)                (cubic skew, changes distribution asymmetry)
          + g *(u^2+v^2)*cos(k*u*v)          (weak non-quadratic ripple)
        ].

    This structure is designed to keep quadratic ELA explanations high while still
    allowing controlled skewness and modest deterioration of lower-order fits.
    """"""
    x = np.asarray(x, dtype=float).ravel()
    if x.shape[0] != 2:
        raise ValueError(""This benchmark is defined for 2D inputs (len(x)==2)."")

    xc, yc = -1.2, 2.3
    u = x[0] - xc
    v = x[1] - yc

    # Overall scale (tuned to achieve relatively larger objective spread)
    s = 0.55

    # Quadratic backbone (keep strong for high quad_w_interact adj-R2)
    a = 0.030
    b = 0.028
    c = 0.038  # cross term makes full-quadratic model substantially better than quad_simple

    # Linear drift (moderate to get lin adj-R2 in a middle range)
    d = 0.060
    e = -0.045

    # Cubic harmonic term (drives controlled skewness without being tied to u^2*v)
    f3 = 0.0040

    # Weak beyond-quadratic modulation (damp to preserve quadratic explainability)
    g = 0.0080
    k = 1.35

    quad = a * u * u + b * v * v + c * u * v
    lin = d * u + e * v
    skew_cubic = f3 * (u**3 - 3.0 * u * v**2)
    ripple = g * (u*u + v*v) * np.cos(k * u * v)

    return float(s * (quad + lin + skew_cubic + ripple))",1.10210630451497,"
    Deterministic 2D synthetic benchmark on x in [-5,5]^2.

    Let (u,v) be shifted coordinates: u=x0-xc, v=x1-yc with (xc,yc)=(-1.2,2.3).
    The landscape is a rotated/biased quadratic form plus a controlled non-quadratic
    cubic “skew” term (a harmonic polynomial) and a weak beyond-quadratic modulation:

        f(x) = s * [
            a*u^2 + b*v^2 + c*u*v            (full quadratic backbone)
          + d*u + e*v                         (linear drift)
          + f3*(u^3 - 3*u*v^2)                (cubic skew, changes distribution asymmetry)
          + g *(u^2+v^2)*cos(k*u*v)          (weak non-quadratic ripple)
        ].

    This structure is designed to keep quadratic ELA explanations high while still
    allowing controlled skewness and modest deterioration of lower-order fits.
    ",,,,17,2,0.35851465401945537,1.0869153579781368,0.17505998458790864,0.8166331135836706,0.05845769853857434,0.7302426077644321,0.21608546529014494,0.964915005469678
"import numpy as np

def problem(x: np.ndarray) -> float:
    """"""
    2D synthetic landscape built from a *mostly* full-quadratic bowl in a rotated
    coordinate system, plus a localized asymmetric (odd) bump and a tiny smooth
    interaction ripple.

    Let (u,v) = (x0-xc, x1-yc). Rotate:
        a =  cosθ*u + sinθ*v
        b = -sinθ*u + cosθ*v

    Base quadratic + linear:
        Q = A*a^2 + B*b^2 + C*a*b
        L = d*u + e*v
        f0 = s*(Q + L)

    Odd localized bump (introduces skewness without destroying the global quadratic):
        bump = t * a * exp(-g*b^2)

    Tiny smooth non-quadratic ripple:
        rip  = r * sin(k*(a+b)) * exp(-m*(a^2+b^2))

    Output:
        f(x) = f0 + bump + rip
    """"""
    x = np.asarray(x, dtype=float).ravel()
    if x.shape[0] != 2:
        raise ValueError(""This benchmark is defined for 2D inputs (len(x)==2)."")

    # Shift
    xc, yc = 1.0, -1.7
    u = x[0] - xc
    v = x[1] - yc

    # Rotation (new structural form vs. previous functions)
    theta = 0.55
    ct, st = np.cos(theta), np.sin(theta)
    a = ct * u + st * v
    b = -st * u + ct * v

    # Global scaling (controls fitness dispersion / fitness_std)
    s = 0.42

    # Rotated full-quadratic backbone (still quadratic in the original space)
    A = 0.085
    B = 0.075
    C = 0.060  # produces interaction (a*b term)

    # Linear drift in original (u,v)
    d = -0.020
    e = 0.028

    # Odd localized bump: odd in 'a' but localized in 'b' (skewness control)
    t = 0.030
    g = 0.55
    bump = t * a * np.exp(-g * b * b)

    # Tiny smooth ripple beyond quadratic (kept very small to retain high quad_w_interact fit)
    r = 0.010
    k = 2.2
    m = 0.08
    rip = r * np.sin(k * (a + b)) * np.exp(-m * (a * a + b * b))

    Q = A * a * a + B * b * b + C * a * b
    L = d * u + e * v

    return float(s * (Q + L) + bump + rip)",0.42462198855028455,"
    2D synthetic landscape built from a *mostly* full-quadratic bowl in a rotated
    coordinate system, plus a localized asymmetric (odd) bump and a tiny smooth
    interaction ripple.

    Let (u,v) = (x0-xc, x1-yc). Rotate:
        a =  cosθ*u + sinθ*v
        b = -sinθ*u + cosθ*v

    Base quadratic + linear:
        Q = A*a^2 + B*b^2 + C*a*b
        L = d*u + e*v
        f0 = s*(Q + L)

    Odd localized bump (introduces skewness without destroying the global quadratic):
        bump = t * a * exp(-g*b^2)

    Tiny smooth non-quadratic ripple:
        rip  = r * sin(k*(a+b)) * exp(-m*(a^2+b^2))

    Output:
        f(x) = f0 + bump + rip
    ",,,,17,2,0.2701738716223163,0.26081330488787946,0.9114483081681557,0.8890848997661477,0.592248430087357,0.6355255087116934,0.9621908827487504,0.9989536251809387
"import numpy as np

def problem(x: np.ndarray) -> float:
    """"""
    2D shifted/rotated synthetic landscape with a dominant full-quadratic core
    plus a deterministic non-polynomial perturbation.

    Let (u,v) be a shifted rotation of x:
        [u] = [cosθ  -sinθ] [x0] + [b0]
        [v] = [sinθ   cosθ] [x1] + [b1]

    Objective:
        f(x) = s * ( a*u^2 + b*v^2 + c*u*v + d*u + e*v
                     + eps * (u*v) * tanh(k*u) )

    The quadratic core drives high quad_w_interact adjusted R^2, while the
    odd non-polynomial term (u*v)*tanh(k*u) introduces controlled skew and
    reduces perfect polynomial explainability.
    """"""
    x = np.asarray(x, dtype=float).ravel()
    if x.shape[0] != 2:
        raise ValueError(""This benchmark is defined for 2D inputs (len(x)==2)."")

    # Shift then rotate to change the geometry (totally different form than prior code)
    xc, yc = -1.7, 1.4
    x0 = x[0] - xc
    x1 = x[1] - yc

    theta = 0.65
    ct, st = np.cos(theta), np.sin(theta)
    u = ct * x0 - st * x1
    v = st * x0 + ct * x1

    # Dominant full-quadratic backbone
    s = 0.46
    a = 0.18
    b = 0.16
    c = 0.12
    d = 0.055
    e = -0.040

    # Deterministic non-polynomial perturbation (controls skewness/ruggedness)
    eps = 0.028
    k = 0.95
    perturb = eps * (u * v) * np.tanh(k * u)

    quad = a * u * u + b * v * v + c * u * v + d * u + e * v
    return float(s * (quad + perturb))",0.4342072888886271,"
    2D shifted/rotated synthetic landscape with a dominant full-quadratic core
    plus a deterministic non-polynomial perturbation.

    Let (u,v) be a shifted rotation of x:
        [u] = [cosθ  -sinθ] [x0] + [b0]
        [v] = [sinθ   cosθ] [x1] + [b1]

    Objective:
        f(x) = s * ( a*u^2 + b*v^2 + c*u*v + d*u + e*v
                     + eps * (u*v) * tanh(k*u) )

    The quadratic core drives high quad_w_interact adjusted R^2, while the
    odd non-polynomial term (u*v)*tanh(k*u) introduces controlled skew and
    reduces perfect polynomial explainability.
    ",,,,17,2,0.25950972043977333,0.22728712585389035,0.8725443538602982,0.9051532693073424,0.62149897834668,0.624624843897784,0.9973192754283817,0.9998755439754486
"import numpy as np

def problem(x: np.ndarray) -> float:
    """"""
    Deterministic 2D synthetic benchmark built as:
        - a rotated/shifted full quadratic backbone in (u,v),
        - a small asymmetric cubic term (to control distribution skew),
        - and a very small quartic ""curvature"" perturbation (to keep quad fit high but not perfect).

    Let u = x0 - xc, v = x1 - yc. The function is
        f(x) = s * ( q(u,v) + g(u,v) + r(u,v) )
    with
        q(u,v) = A u^2 + B v^2 + C u v + D u + E v
        g(u,v) = K * u^2 * v + L * u^3
        r(u,v) = R * (u^4 + v^4)
    """"""
    x = np.asarray(x, dtype=float).ravel()
    if x.shape[0] != 2:
        raise ValueError(""This benchmark is defined for 2D inputs (len(x)==2)."")

    # Shift
    xc, yc = 0.7, -1.9
    u = x[0] - xc
    v = x[1] - yc

    # Overall scaling (controls fitness dispersion)
    s = 0.62

    # Full quadratic backbone with substantial interaction term (uv) so quad_w_interact >> quad_simple
    A = 0.060
    B = 0.052
    C = 0.075
    D = 0.028
    E = -0.020

    # Small asymmetric terms to induce mild skewness without destroying quadratic explainability
    K = 0.010  # u^2 v (odd in v)
    L = -0.006 # u^3 (odd in u)

    # Very small non-quadratic curvature perturbation
    R = 0.0022

    quad = A * u * u + B * v * v + C * u * v + D * u + E * v
    skew = K * (u * u) * v + L * (u * u * u)
    quart = R * (u**4 + v**4)

    return float(s * (quad + skew + quart))",0.45132314967012427,"
    Deterministic 2D synthetic benchmark built as:
        - a rotated/shifted full quadratic backbone in (u,v),
        - a small asymmetric cubic term (to control distribution skew),
        - and a very small quartic ""curvature"" perturbation (to keep quad fit high but not perfect).

    Let u = x0 - xc, v = x1 - yc. The function is
        f(x) = s * ( q(u,v) + g(u,v) + r(u,v) )
    with
        q(u,v) = A u^2 + B v^2 + C u v + D u + E v
        g(u,v) = K * u^2 * v + L * u^3
        r(u,v) = R * (u^4 + v^4)
    ",,,,17,2,0.33561143972288704,0.08379275207154195,0.8865241970231995,0.8741877440227227,0.47528564001780005,0.5217831464807826,0.921919078250208,0.9964715243669455
"import numpy as np

def problem(x: np.ndarray) -> float:
    """"""
    Deterministic 2D rotated-and-shifted quadratic landscape with controlled odd skew.

    Let y = R (x - c) where R is a fixed rotation. The objective is
        f(x) = S * ( Q(y) + skew(y) + ripple(y) )

    with the full quadratic part
        Q(y) = a*y0^2 + b*y1^2 + g*y0*y1 + d0*y0 + d1*y1

    an odd mixed skew term (changes sign under (y0,y1)->(-y0,-y1)):
        skew(y) = t*( y0^2*y1 - y0*y1^2 )

    and a very small smooth non-quadratic ripple:
        ripple(y) = p*(y0*y1)*sin(k*y0*y1).
    """"""
    x = np.asarray(x, dtype=float).ravel()
    if x.shape[0] != 2:
        raise ValueError(""This benchmark is defined for 2D inputs (len(x)==2)."")

    # Shift + rotation (totally different coordinate treatment than simple (u,v))
    c = np.array([-1.15, 2.35], dtype=float)

    theta = np.deg2rad(35.0)
    ct, st = np.cos(theta), np.sin(theta)
    R = np.array([[ct, -st],
                  [st,  ct]], dtype=float)

    y = R @ (x - c)
    y0, y1 = float(y[0]), float(y[1])

    # Scale to obtain a relatively large fitness dispersion
    S = 0.65

    # Full quadratic backbone (strong uv interaction => high quad_w_interact adj-R2)
    a = 0.032
    b = 0.028
    g = 0.038
    d0 = 0.045
    d1 = -0.028

    # Controlled odd mixed term (tuned to target modest skewness)
    t = 0.0042

    # Tiny ripple to avoid an exactly-quadratic perfect fit, but keep adj-R2 high
    p = 0.009
    k = 1.25

    Q = a * y0 * y0 + b * y1 * y1 + g * y0 * y1 + d0 * y0 + d1 * y1
    skew = t * (y0 * y0 * y1 - y0 * y1 * y1)
    ripple = p * (y0 * y1) * np.sin(k * y0 * y1)

    return float(S * (Q + skew + ripple))",0.5620270554714901,"
    Deterministic 2D rotated-and-shifted quadratic landscape with controlled odd skew.

    Let y = R (x - c) where R is a fixed rotation. The objective is
        f(x) = S * ( Q(y) + skew(y) + ripple(y) )

    with the full quadratic part
        Q(y) = a*y0^2 + b*y1^2 + g*y0*y1 + d0*y0 + d1*y1

    an odd mixed skew term (changes sign under (y0,y1)->(-y0,-y1)):
        skew(y) = t*( y0^2*y1 - y0*y1^2 )

    and a very small smooth non-quadratic ripple:
        ripple(y) = p*(y0*y1)*sin(k*y0*y1).
    ",,,,17,2,0.272515723427629,0.6704958079089995,0.2826960660238784,0.8616662333508236,0.2901524643401229,0.33356773335076,0.9152912866801927,0.9867124766036162
"import numpy as np

def problem(x: np.ndarray) -> float:
    """"""
    Deterministic 2D shifted, slightly-asymmetric landscape.

    Let (u,v) be rotated, shifted coordinates with center (xc,yc):
        u =  cos(theta)*(x0-xc) + sin(theta)*(x1-yc)
        v = -sin(theta)*(x0-xc) + cos(theta)*(x1-yc)

    The objective is mostly a full quadratic (with linear drift), plus small
    non-quadratic perturbations to control skewness and to prevent a perfect
    quadratic fit:

        f(x) = s * [ (a u^2 + b v^2 + c u v) + (d u + e v)
                     + A u^3 + B (u^2 + v^2)^2 ]

    Domain: intended for x in [-5,5]^2.
    """"""
    x = np.asarray(x, dtype=float).ravel()
    if x.shape[0] != 2:
        raise ValueError(""This benchmark is defined for 2D inputs (len(x)==2)."")

    # Shift and rotate coordinates to make the quadratic non-axis-aligned
    xc, yc = -1.1, 2.2
    x0, x1 = x[0] - xc, x[1] - yc
    theta = 0.65
    ct, st = np.cos(theta), np.sin(theta)
    u = ct * x0 + st * x1
    v = -st * x0 + ct * x1

    # Overall scale (tunes fitness_distance.fitness_std)
    s = 0.68

    # Dominant full quadratic backbone (supports high quad_w_interact explainability)
    a = 0.095
    b = 0.080
    c = 0.060

    # Linear drift (so linear-model explainability is not maximal)
    d = 0.060
    e = -0.045

    # Small non-quadratic components:
    # - cubic term introduces controlled distribution skewness
    # - quartic radial term reduces exact quadratic fit (keeps quad adj_r2 < 1)
    A = 0.0032
    B = -0.00018

    quad = a * u * u + b * v * v + c * u * v
    lin = d * u + e * v
    cubic = A * (u ** 3)
    quartic = B * ((u * u + v * v) ** 2)

    return float(s * (quad + lin + cubic + quartic))",0.4466243630682213,"
    Deterministic 2D shifted, slightly-asymmetric landscape.

    Let (u,v) be rotated, shifted coordinates with center (xc,yc):
        u =  cos(theta)*(x0-xc) + sin(theta)*(x1-yc)
        v = -sin(theta)*(x0-xc) + cos(theta)*(x1-yc)

    The objective is mostly a full quadratic (with linear drift), plus small
    non-quadratic perturbations to control skewness and to prevent a perfect
    quadratic fit:

        f(x) = s * [ (a u^2 + b v^2 + c u v) + (d u + e v)
                     + A u^3 + B (u^2 + v^2)^2 ]

    Domain: intended for x in [-5,5]^2.
    ",,,,17,2,0.1777963184687213,0.28110054048496186,0.9071171846711948,0.90364280286662,0.6483642394639934,0.6804335960943215,0.9664215757461723,0.9999416585248574
"import numpy as np

def problem(x: np.ndarray) -> float:
    """"""
    Deterministic shifted 2D synthetic landscape with a dominant *full quadratic*
    (including an interaction term), plus (i) a small odd cubic perturbation to induce
    moderate skewness and (ii) a weak oscillatory ripple.

    Let u = x0 - xc, v = x1 - yc. Define
        Q(u,v) = a*u^2 + b*v^2 + k*u*v          (full quadratic backbone)
        L(u,v) = d*u + e*v                    (linear drift)
        C(u,v) = u^3 - 3*u*v^2               (odd cubic -> controlled skew)
        R(u,v) = (u^2 + v^2) * sin(omega*(u - v))  (weak non-quadratic ripple)

    The objective is:
        f(x) = s * [ Q(u,v) + L(u,v) + eps*C(u,v) + r*R(u,v) ].
    """"""
    x = np.asarray(x, dtype=float).ravel()
    if x.shape[0] != 2:
        raise ValueError(""This benchmark is defined for 2D inputs (len(x)==2)."")

    xc, yc = 0.7, -1.1
    u = x[0] - xc
    v = x[1] - yc

    # Dispersion/overall scale (aims to increase fitness_std)
    s = 0.62

    # Full quadratic backbone: strong enough to keep quad_w_interact adj-R2 very high,
    # but with a noticeable u*v interaction to reduce quad_simple adj-R2.
    a = 0.16
    b = 0.11
    k = 0.19

    # Linear drift at moderate strength to keep linear adj-R2 in between.
    d = -0.095
    e = 0.060

    # Odd cubic perturbation (antisymmetric component) to target moderate skewness.
    eps = 0.013

    # Weak ripple to avoid a perfectly polynomial landscape while staying close to
    # the quadratic model for strong neighbor-based structure.
    r = 0.040
    omega = 1.25

    Q = a * u * u + b * v * v + k * u * v
    L = d * u + e * v
    C = u * u * u - 3.0 * u * v * v
    R = (u * u + v * v) * np.sin(omega * (u - v))

    return float(s * (Q + L + eps * C + r * R))",0.33962473140345545,"
    Deterministic shifted 2D synthetic landscape with a dominant *full quadratic*
    (including an interaction term), plus (i) a small odd cubic perturbation to induce
    moderate skewness and (ii) a weak oscillatory ripple.

    Let u = x0 - xc, v = x1 - yc. Define
        Q(u,v) = a*u^2 + b*v^2 + k*u*v          (full quadratic backbone)
        L(u,v) = d*u + e*v                    (linear drift)
        C(u,v) = u^3 - 3*u*v^2               (odd cubic -> controlled skew)
        R(u,v) = (u^2 + v^2) * sin(omega*(u - v))  (weak non-quadratic ripple)

    The objective is:
        f(x) = s * [ Q(u,v) + L(u,v) + eps*C(u,v) + r*R(u,v) ].
    ",,,,18,2,0.23020554024475132,0.3731647268615716,0.637714998313989,0.824467546605017,0.21948911597150284,0.34777026615728324,0.6772331219608875,0.9221420705140488
"import numpy as np

def problem(x: np.ndarray) -> float:
    """"""
    Deterministic 2D synthetic benchmark with a *quadratic backbone* plus
    small higher-order terms to tune distribution skewness and ELA nonlinear fits.

    Let u = x0 - xc, v = x1 - yc. We construct

      f(x) = s * [  q(u,v) + l(u,v) + skew(u,v) + rip(u,v) ]

    where
      q(u,v) = a*u^2 + b*v^2 + c*u*v            (full quadratic backbone)
      l(u,v) = d*u + e*v                      (linear drift)
      skew(u,v) = t * (u^3 - 3*u*v^2)         (odd harmonic cubic -> controlled skew)
      rip(u,v) = r * (u*v) * (u+v)           (very small non-quadratic ripple)

    The cubic/ripple perturbations are kept small so that the full-quadratic
    ELA fit remains very high while skewness is non-zero.
    """"""
    x = np.asarray(x, dtype=float).ravel()
    if x.shape[0] != 2:
        raise ValueError(""This benchmark is defined for 2D inputs (len(x)==2)."")

    # Shift
    xc, yc = -1.25, 2.25
    u = x[0] - xc
    v = x[1] - yc

    # Scale controls fitness-value dispersion
    s = 0.40

    # Quadratic backbone (dominant; includes interaction u*v)
    a = 0.085
    b = 0.075
    c = 0.060

    # Linear drift (kept moderate to reach desired linear adjR2 levels)
    d = 0.045
    e = -0.032

    # Odd harmonic cubic term: u^3 - 3uv^2 (skewness without destroying smoothness)
    t = 0.0095

    # Small non-quadratic interaction (still smooth, but reduces perfect quadratic fit)
    r = 0.0018

    quad = a * u * u + b * v * v + c * u * v
    lin = d * u + e * v
    skew = t * (u * u * u - 3.0 * u * v * v)
    rip = r * (u * v) * (u + v)

    return float(s * (quad + lin + skew + rip))",0.7765678751876903,"
    Deterministic 2D synthetic benchmark with a *quadratic backbone* plus
    small higher-order terms to tune distribution skewness and ELA nonlinear fits.

    Let u = x0 - xc, v = x1 - yc. We construct

      f(x) = s * [  q(u,v) + l(u,v) + skew(u,v) + rip(u,v) ]

    where
      q(u,v) = a*u^2 + b*v^2 + c*u*v            (full quadratic backbone)
      l(u,v) = d*u + e*v                      (linear drift)
      skew(u,v) = t * (u^3 - 3*u*v^2)         (odd harmonic cubic -> controlled skew)
      rip(u,v) = r * (u*v) * (u+v)           (very small non-quadratic ripple)

    The cubic/ripple perturbations are kept small so that the full-quadratic
    ELA fit remains very high while skewness is non-zero.
    ",,,,18,2,0.39200117009831237,0.6924134960908777,0.3037947154176807,0.8728307654863413,0.04561869557283083,0.6485254120660968,0.3084673616042038,1.0
"import numpy as np

def problem(x: np.ndarray) -> float:
    """"""
    Synthetic 2D benchmark with a rotated full-quadratic backbone plus small, structured
    non-quadratic terms (cubic/periodic), designed to be near-quadratic but not perfectly
    representable by a full quadratic.

    Let x = [x0, x1], shift to (u,v)=(x0-xc, x1-yc), rotate:
        u1 =  cos(theta)*u + sin(theta)*v
        v1 = -sin(theta)*u + cos(theta)*v

    Backbone (full quadratic with linear drift):
        Q = a*u1^2 + b*v1^2 + c*u1*v1 + d*u1 + e*v1

    Higher-order “skew/ripple” terms (kept small):
        T1 = k * u1 * (u1^2 - 3*v1^2)          (cubic, odd over sign changes)
        T2 = m * (u1*v1) * sin(r * u1*v1)     (interaction ripple)

    Objective:
        f(x) = s * ( Q + T1 + T2 )
    """"""
    x = np.asarray(x, dtype=float).ravel()
    if x.shape[0] != 2:
        raise ValueError(""This benchmark is defined for 2D inputs (len(x)==2)."")

    # Shift
    xc, yc = -1.2, 2.3
    u = x[0] - xc
    v = x[1] - yc

    # Rotate coordinates (different “form” than the previous direct (u,v) coupling)
    theta = 0.55
    ct = np.cos(theta)
    st = np.sin(theta)
    u1 = ct * u + st * v
    v1 = -st * u + ct * v

    # Scale controls overall fitness dispersion (fitness_std)
    s = 0.32

    # Full-quadratic backbone in rotated coordinates (dominant, but not exact due to T1/T2)
    a = 0.065
    b = 0.060
    c = 0.058
    d = 0.052
    e = -0.034

    # Cubic structured term to introduce moderate skew (odd polynomial in rotated coords)
    k = 0.0042

    # Small non-quadratic interaction ripple (kept mild so quad_w_interact stays high)
    m = 0.0105
    r = 1.35

    Q = a * u1 * u1 + b * v1 * v1 + c * u1 * v1 + d * u1 + e * v1
    T1 = k * u1 * (u1 * u1 - 3.0 * v1 * v1)
    T2 = m * (u1 * v1) * np.sin(r * u1 * v1)

    return float(s * (Q + T1 + T2))",0.3322319475793863,"
    Synthetic 2D benchmark with a rotated full-quadratic backbone plus small, structured
    non-quadratic terms (cubic/periodic), designed to be near-quadratic but not perfectly
    representable by a full quadratic.

    Let x = [x0, x1], shift to (u,v)=(x0-xc, x1-yc), rotate:
        u1 =  cos(theta)*u + sin(theta)*v
        v1 = -sin(theta)*u + cos(theta)*v

    Backbone (full quadratic with linear drift):
        Q = a*u1^2 + b*v1^2 + c*u1*v1 + d*u1 + e*v1

    Higher-order “skew/ripple” terms (kept small):
        T1 = k * u1 * (u1^2 - 3*v1^2)          (cubic, odd over sign changes)
        T2 = m * (u1*v1) * sin(r * u1*v1)     (interaction ripple)

    Objective:
        f(x) = s * ( Q + T1 + T2 )
    ",,,,18,2,0.3328570991509412,0.16617823285112124,0.7768513103834012,0.9177492428495948,0.5254025858734179,0.6223957742795562,0.8790098489675034,0.997773871416512
"import numpy as np

def problem(x: np.ndarray) -> float:
    """"""
    Deterministic 2D synthetic landscape with a *dominant full quadratic* backbone
    written in rotated coordinates, plus small odd (skew-controlling) cubic terms and a
    very weak smooth non-quadratic interaction.

    Let x in R^2, shift to (dx,dy), rotate to (y0,y1):
        [y0] =  [ cos t  sin t ] [dx]
        [y1]    [-sin t  cos t ] [dy]
    with (dx,dy) = (x0-xc, x1-yc).

    The function is:
        f(x) = s * ( q_back(y) + lin(y) ) + s * ( k1*y0^2*y1 + k2*y0*y1^2 )
               + s * ( r * (y0*y1) * tanh(w * y0*y1) )

    where the backbone quadratic is full (includes y0*y1 term):
        q_back(y) = a*y0^2 + b*y1^2 + c*y0*y1
    """"""
    x = np.asarray(x, dtype=float).ravel()
    if x.shape[0] != 2:
        raise ValueError(""This benchmark is defined for 2D inputs (len(x)==2)."")

    # Shift (different from previous versions)
    xc, yc = -0.7, 2.6
    dx = x[0] - xc
    dy = x[1] - yc

    # Rotate coordinates (changes the ""look"" of the interaction without changing polynomial nature)
    t = 0.55
    ct = np.cos(t)
    st = np.sin(t)
    y0 = ct * dx + st * dy
    y1 = -st * dx + ct * dy

    # Overall scale (tuned to increase fitness-distance dispersion)
    s = 0.45

    # Full quadratic backbone (kept dominant; convex-ish to preserve strong connectivity)
    a = 0.12
    b = 0.095
    c = 0.072

    # Linear drift (moderate; enough to lift linear model fit but not dominate)
    d0 = 0.035
    d1 = -0.028

    quad = a * y0 * y0 + b * y1 * y1 + c * y0 * y1
    lin = d0 * y0 + d1 * y1

    # Odd cubic terms (control skewness while staying small relative to quadratic)
    # k1 and k2 are opposite-sign to tune distribution skew without excessive ruggedness.
    k1 = 0.0010
    k2 = -0.0006
    odd_cubic = k1 * (y0 * y0) * y1 + k2 * y0 * (y1 * y1)

    # Very weak smooth non-quadratic interaction:
    # tanh keeps it bounded and differentiable; amplitude is tiny to preserve high quadratic fit.
    w = 0.9
    r = 0.018
    smooth_interact = r * (y0 * y1) * np.tanh(w * y0 * y1)

    return float(s * (quad + lin) + s * odd_cubic + s * smooth_interact)",0.5246868048420157,"
    Deterministic 2D synthetic landscape with a *dominant full quadratic* backbone
    written in rotated coordinates, plus small odd (skew-controlling) cubic terms and a
    very weak smooth non-quadratic interaction.

    Let x in R^2, shift to (dx,dy), rotate to (y0,y1):
        [y0] =  [ cos t  sin t ] [dx]
        [y1]    [-sin t  cos t ] [dy]
    with (dx,dy) = (x0-xc, x1-yc).

    The function is:
        f(x) = s * ( q_back(y) + lin(y) ) + s * ( k1*y0^2*y1 + k2*y0*y1^2 )
               + s * ( r * (y0*y1) * tanh(w * y0*y1) )

    where the backbone quadratic is full (includes y0*y1 term):
        q_back(y) = a*y0^2 + b*y1^2 + c*y0*y1
    ",,,,18,2,0.25978994660588733,0.16739922262699544,0.9080875167771834,0.9147685857652683,0.7026366350160625,0.7484556497347218,0.9594972166941405,0.9998438443573064
"import numpy as np

def problem(x: np.ndarray) -> float:
    """"""
    Deterministic 2D synthetic landscape built from a rotated, shifted full-quadratic
    backbone with an added *odd* asymmetry term and a localized interaction ripple.

    Let x = [x0, x1]. Shift to (u,v) around (xc,yc), then rotate by a fixed angle:
        [u_r]   [cosθ -sinθ] [u]
        [v_r] = [sinθ  cosθ] [v]

    The objective is:
        f(x) = s * ( a*u_r^2 + b*v_r^2 + c*u_r*v_r + d*u_r + e*v_r
                     + h*u_r^2*v_r )                       # odd asymmetry (skew control)
              + r * (u_r*v_r) * exp(-alpha*(u_r^2+v_r^2)) # localized non-quadratic ripple
    """"""
    x = np.asarray(x, dtype=float).ravel()
    if x.shape[0] != 2:
        raise ValueError(""This benchmark is defined for 2D inputs (len(x)==2)."")

    # Shift center (keeps domain-safe behavior on [-5,5]^2)
    xc, yc = -0.9, 1.8
    u = x[0] - xc
    v = x[1] - yc

    # Fixed rotation to avoid axis-aligned structure
    theta = 0.65
    ct, st = np.cos(theta), np.sin(theta)
    ur = ct * u - st * v
    vr = st * u + ct * v

    # Scale to increase fitness dispersion (target fitness_distance.fitness_std is relatively high)
    s = 0.46

    # Full quadratic backbone: strong uv interaction (boosts quad_w_interact, lowers quad_simple)
    a = 0.065
    b = 0.060
    c = 0.118  # interaction term strength (affects quad_simple vs quad_w_interact)

    # Linear drift (moderate; should not dominate over curvature)
    d = 0.028
    e = -0.019

    # Odd asymmetry term to induce controlled skewness
    h = 0.0060

    # Localized non-quadratic ripple to tune neighborhood structure (but keep quadratic fit high)
    r = 0.020
    alpha = 0.11

    quad = a * ur * ur + b * vr * vr + c * ur * vr + d * ur + e * vr
    odd = h * (ur * ur) * vr
    ripple = (ur * vr) * np.exp(-alpha * (ur * ur + vr * vr))

    return float(s * (quad + odd) + r * ripple)",0.5342310154363696,"
    Deterministic 2D synthetic landscape built from a rotated, shifted full-quadratic
    backbone with an added *odd* asymmetry term and a localized interaction ripple.

    Let x = [x0, x1]. Shift to (u,v) around (xc,yc), then rotate by a fixed angle:
        [u_r]   [cosθ -sinθ] [u]
        [v_r] = [sinθ  cosθ] [v]

    The objective is:
        f(x) = s * ( a*u_r^2 + b*v_r^2 + c*u_r*v_r + d*u_r + e*v_r
                     + h*u_r^2*v_r )                       # odd asymmetry (skew control)
              + r * (u_r*v_r) * exp(-alpha*(u_r^2+v_r^2)) # localized non-quadratic ripple
    ",,,,18,2,0.29918145560448745,0.23567314255331787,0.25849846706012475,0.8703061279043444,0.234053919563274,0.3012625104396364,0.9280014931097245,0.9997685380794351
"import numpy as np

def problem(x: np.ndarray) -> float:
    """"""
    Shifted 2D ELA benchmark with a dominant full-quadratic backbone written
    in geometric invariants of (u,v):
        u = x0 - xc, v = x1 - yc, r2 = u^2 + v^2.
    The quadratic backbone is the general quadratic expressed as a combination of:
        r2, (u^2 - v^2), and (2uv).
    Then add:
      - a small odd cubic perturbation (u^2*v and v^2*u components) to control skewness,
      - a weak sinusoidal interaction ripple in (u*v).

    f(x) = s * [ Q(u,v) + L(u,v) + H_odd(u,v) + R_ripple(u,v) ].
    """"""
    x = np.asarray(x, dtype=float).ravel()
    if x.shape[0] != 2:
        raise ValueError(""This benchmark is defined for 2D inputs (len(x)==2)."")

    # Shift (same style: move basin away from origin)
    xc, yc = -1.2, 2.3
    u = x[0] - xc
    v = x[1] - yc

    r2 = u*u + v*v
    # Use r2 for ""geometric"" quadratic representation (avoid division by r2)
    # where needed for invariant terms; here we don't divide, only use polynomial invariants.

    # Scale: increase overall dispersion to hit a higher fitness_std target
    s = 0.34

    # --- Dominant full-quadratic backbone, but expressed via invariants ---
    # General quadratic: a u^2 + b v^2 + c u v
    # We realize it using invariants:
    #   u^2 = (r2 + (u^2-v^2))/2,  v^2 = (r2 - (u^2-v^2))/2,  u v = (2uv)/2
    # Choose coefficients by mapping to invariants:
    a = 0.105
    b = 0.082
    c = 0.068  # interaction strength (affects quad_w_interact strongly)

    u2 = u*u
    v2 = v*v
    uv = u*v

    Q = a*u2 + b*v2 + c*uv

    # --- Linear drift: moderate so linear adjusted R^2 is noticeable but not dominant ---
    d = 0.032
    e = -0.025
    L = d*u + e*v

    # --- Odd cubic perturbation (controls skewness without fully destroying quadratic fit) ---
    # A different ""shape"" from pure u^2*v by mixing both odd cubic directions:
    # odd cubic = h1*u^2*v + h2*v^2*u  (both are odd under sign flip and bias asymmetry)
    h1 = 0.00115
    h2 = -0.00100
    H_odd = h1*(u2*v) + h2*(v2*u)

    # --- Weak sinusoidal ripple on the interaction term uv (small, to preserve quad fit) ---
    # Use a smaller amplitude but keep enough nonlinearity to avoid perfect quadratic behavior.
    p = 0.018
    q = 1.35
    R_ripple = p * (uv) * np.sin(q * uv)

    return float(s * (Q + L + H_odd + R_ripple))",0.2508104843910461,"
    Shifted 2D ELA benchmark with a dominant full-quadratic backbone written
    in geometric invariants of (u,v):
        u = x0 - xc, v = x1 - yc, r2 = u^2 + v^2.
    The quadratic backbone is the general quadratic expressed as a combination of:
        r2, (u^2 - v^2), and (2uv).
    Then add:
      - a small odd cubic perturbation (u^2*v and v^2*u components) to control skewness,
      - a weak sinusoidal interaction ripple in (u*v).

    f(x) = s * [ Q(u,v) + L(u,v) + H_odd(u,v) + R_ripple(u,v) ].
    ",,,,18,2,0.19565932055874272,0.2275625940062232,0.8084531891543689,0.8487156179734646,0.38273351903746194,0.5728056412548383,0.8125051167382653,0.9913516612324889
"import numpy as np

def problem(x: np.ndarray) -> float:
    """"""
    Shifted 2D landscape with a full quadratic backbone plus structured
    non-quadratic perturbations.

    Let (u,v) = (x0-xc, x1-yc). Use:
        Q(u,v) = a u^2 + b v^2 + c u v + d u + e v        (full-quadratic backbone)
        H(u,v) = u (u^2 - 3 v^2)                          (odd cubic harmonic, controls skew)
        R(u,v) = (u v) / (1 + alpha (u^2 + v^2))        (bounded rational interaction; non-quadratic)

    Objective:
        f(x) = s * ( Q(u,v) + k * H(u,v) + p * R(u,v) )
    """"""
    x = np.asarray(x, dtype=float).ravel()
    if x.shape[0] != 2:
        raise ValueError(""This benchmark is defined for 2D inputs (len(x)==2)."")

    xc, yc = -1.2, 2.3
    u = x[0] - xc
    v = x[1] - yc

    # Full-quadratic backbone (dominant)
    a = 0.065
    b = 0.060
    c = 0.085   # interaction makes quad_simple fit less perfect than quad_w_interact
    d = 0.035
    e = -0.028

    Q = a * u * u + b * v * v + c * u * v + d * u + e * v

    # Odd cubic harmonic to induce moderate positive skew
    k = 0.00065
    H = u * (u * u - 3.0 * v * v)

    # Smooth bounded non-quadratic perturbation (different from sinusoidal ripple)
    alpha = 0.10
    p = 0.040
    R = (u * v) / (1.0 + alpha * (u * u + v * v))

    # Scale for dispersion / fitness_std
    s = 1.00

    return float(s * (Q + k * H + p * R))",0.5340416164049707,"
    Shifted 2D landscape with a full quadratic backbone plus structured
    non-quadratic perturbations.

    Let (u,v) = (x0-xc, x1-yc). Use:
        Q(u,v) = a u^2 + b v^2 + c u v + d u + e v        (full-quadratic backbone)
        H(u,v) = u (u^2 - 3 v^2)                          (odd cubic harmonic, controls skew)
        R(u,v) = (u v) / (1 + alpha (u^2 + v^2))        (bounded rational interaction; non-quadratic)

    Objective:
        f(x) = s * ( Q(u,v) + k * H(u,v) + p * R(u,v) )
    ",,,,18,2,0.36080790526712286,0.11184484619565659,0.8805748499118011,0.8994765388218373,0.20425160678029397,0.7007195241533901,0.5200006678837678,0.9998545371845553
"import numpy as np

def problem(x: np.ndarray) -> float:
    """"""
    Deterministic 2D rotated-and-shifted benchmark with a dominant full quadratic backbone
    plus small asymmetric (odd) perturbations and a weak non-quadratic ripple.

    Let (x0,x1) = x, shift to (s0,s1) = (x0-xc, x1-yc), then rotate:
        u =  c0*s0 - s0r*s1
        v =  s0r*s0 + c0*s1
    The objective is:
        f(x) = S * ( Q(u,v) + L(u,v) + A(u,v) + R(u,v) )

    where
        Q(u,v) = a u^2 + b v^2 + c u v                       (full quadratic backbone)
        L(u,v) = d u + e v                                  (linear drift)
        A(u,v) = h1*u^2*v + h2*u*v^2                        (odd terms controlling skew/asymmetry)
        R(u,v) = eps*(u*v)*sin(w*u + 0.7*v)                 (weak non-quadratic ripple)
    """"""
    x = np.asarray(x, dtype=float).ravel()
    if x.shape[0] != 2:
        raise ValueError(""This benchmark is defined for 2D inputs (len(x)==2)."")

    # Shift
    xc, yc = -1.35, 2.05
    s0 = x[0] - xc
    s1 = x[1] - yc

    # Rotation (to change geometry while keeping a quadratic backbone)
    theta = 0.55
    c0 = np.cos(theta)
    s0r = np.sin(theta)
    u = c0 * s0 - s0r * s1
    v = s0r * s0 + c0 * s1

    # Scale to increase fitness dispersion
    S = 0.52

    # Dominant full-quadratic backbone (high quad_w_interact fit)
    a = 0.075
    b = 0.070
    c = 0.060

    # Linear drift (moderate linear explainability)
    d = 0.038
    e = -0.027

    # Asymmetric odd perturbations (target skewness, while keeping ""mostly quadratic"")
    h1 = 0.0032
    h2 = -0.0019

    # Weak non-quadratic ripple (kept small so full quadratic remains dominant)
    eps = 0.018
    w = 1.25

    Q = a * u * u + b * v * v + c * u * v
    L = d * u + e * v
    A = h1 * (u * u) * v + h2 * (u * v) * v
    R = eps * (u * v) * np.sin(w * u + 0.7 * v)

    return float(S * (Q + L + A + R))",0.352374072228843,"
    Deterministic 2D rotated-and-shifted benchmark with a dominant full quadratic backbone
    plus small asymmetric (odd) perturbations and a weak non-quadratic ripple.

    Let (x0,x1) = x, shift to (s0,s1) = (x0-xc, x1-yc), then rotate:
        u =  c0*s0 - s0r*s1
        v =  s0r*s0 + c0*s1
    The objective is:
        f(x) = S * ( Q(u,v) + L(u,v) + A(u,v) + R(u,v) )

    where
        Q(u,v) = a u^2 + b v^2 + c u v                       (full quadratic backbone)
        L(u,v) = d u + e v                                  (linear drift)
        A(u,v) = h1*u^2*v + h2*u*v^2                        (odd terms controlling skew/asymmetry)
        R(u,v) = eps*(u*v)*sin(w*u + 0.7*v)                 (weak non-quadratic ripple)
    ",,,,18,2,0.2085702652907511,0.2759418862310933,0.8821200748413193,0.87553664854836,0.44262637173672387,0.4937530813027719,0.940147703821627,0.9900193033377683
"import numpy as np

def problem(x: np.ndarray) -> float:
    """"""
    2D synthetic benchmark with a different (non-polynomial) backbone:
      - a rotated full-quadratic bowl in (u,v)
      - plus two localized Gaussian perturbations (one symmetric, one mildly odd to control skew)
      - plus a weak sinusoidal interaction ridge to prevent an exact quadratic fit.

    Let (u,v) be centered coordinates:
        u = x0 - xc,  v = x1 - yc
    with a small rotation (w,z) to mix axes.

    Objective:
        f(x) = s * ( Q(w,z)
                     + A * exp(-(w^2 + z^2)/(2*sig^2))
                     + B * w * exp(-(w^2)/(2*sigx^2) - (z^2)/(2*sigy^2))
                     + G * sin(k*w) * sin(k*z) )

    This keeps strong global quadratic structure (high quad_w_interact adj-R2),
    while the Gaussian + sinusoidal terms introduce controlled non-quadratic effects.
    """"""
    x = np.asarray(x, dtype=float).ravel()
    if x.shape[0] != 2:
        raise ValueError(""This benchmark is defined for 2D inputs (len(x)==2)."")

    # Center (fixed shift)
    xc, yc = -1.2, 2.3
    u = x[0] - xc
    v = x[1] - yc

    # Rotate to avoid axis-aligned structure
    theta = 0.62
    ct, st = np.cos(theta), np.sin(theta)
    w = ct * u - st * v
    z = st * u + ct * v

    # Overall scaling: controls fitness dispersion / fitness_distance.fitness_std
    s = 0.52

    # Full quadratic backbone in rotated coords (cross term present)
    # Q(w,z) = a*w^2 + b*z^2 + c*w*z + d*w + e*z
    a = 0.085
    b = 0.070
    c = 0.060
    d = 0.020
    e = -0.015
    Q = a * w * w + b * z * z + c * w * z + d * w + e * z

    # Symmetric Gaussian ""bump"" (adds nonlinearity but less skew)
    sig = 1.35
    A = 0.055
    Gsym = np.exp(-(w * w + z * z) / (2.0 * sig * sig))

    # Mildly odd Gaussian term (controls skewness): proportional to w
    sigx = 0.95
    sigy = 1.65
    B = 0.018
    Godd = w * np.exp(-(w * w) / (2.0 * sigx * sigx) - (z * z) / (2.0 * sigy * sigy))

    # Weak sinusoidal interaction ridge (adds small extra non-quadratic structure)
    k = 0.85
    G = 0.012
    ridge = np.sin(k * w) * np.sin(k * z)

    return float(s * (Q + A * Gsym + B * Godd + G * ridge))",0.4272979345219986,"
    2D synthetic benchmark with a different (non-polynomial) backbone:
      - a rotated full-quadratic bowl in (u,v)
      - plus two localized Gaussian perturbations (one symmetric, one mildly odd to control skew)
      - plus a weak sinusoidal interaction ridge to prevent an exact quadratic fit.

    Let (u,v) be centered coordinates:
        u = x0 - xc,  v = x1 - yc
    with a small rotation (w,z) to mix axes.

    Objective:
        f(x) = s * ( Q(w,z)
                     + A * exp(-(w^2 + z^2)/(2*sig^2))
                     + B * w * exp(-(w^2)/(2*sigx^2) - (z^2)/(2*sigy^2))
                     + G * sin(k*w) * sin(k*z) )

    This keeps strong global quadratic structure (high quad_w_interact adj-R2),
    while the Gaussian + sinusoidal terms introduce controlled non-quadratic effects.
    ",,,,18,2,0.20514733578382258,0.18339222824589557,0.8884011965590016,0.8890346866327044,0.5516805836838344,0.5534157346659251,0.9988367640811615,0.9999519785881041
"import numpy as np

def problem(x: np.ndarray) -> float:
    """"""
    Synthetic 2D ELA-oriented benchmark.

    Let (u,v) be shifted coordinates: u=x0-xc, v=x1-yc with (xc,yc)=(-1.2, 2.3).
    The objective is a dominant full-quadratic backbone with small, structured
    non-quadratic perturbations:

        f(x) = s * [ Q(u,v) + L(u,v) + A*(u^3) + eps * sin(alpha*u + beta*v)
                     + g1*exp(-||[u,v]-c1||^2/(2*s1^2)) + g2*exp(-||[u,v]-c2||^2/(2*s2^2)) ]

    where
        Q(u,v) = a*u^2 + b*v^2 + c*u*v    (full quadratic with interaction)
        L(u,v) = d*u + e*v               (linear drift)

    The odd cubic term controls skewness, while the sinusoid + two Gaussians
    introduce non-quadratic structure to keep quadratic ELA fits high but not
    perfect.
    """"""
    x = np.asarray(x, dtype=float).ravel()
    if x.shape[0] != 2:
        raise ValueError(""This benchmark is defined for 2D inputs (len(x)==2)."")

    xc, yc = -1.2, 2.3
    u = x[0] - xc
    v = x[1] - yc

    # --- Dominant full-quadratic backbone (keeps quad_w_interact adj_r2 high) ---
    a = 0.060
    b = 0.052
    c = 0.058
    d = 0.018
    e = -0.014

    Q = a * u * u + b * v * v + c * u * v
    L = d * u + e * v

    # --- Skew control via odd term (not symmetric) ---
    A = 0.0065
    odd = A * (u ** 3)

    # --- Structured non-quadratic perturbations (avoid perfect quad fit) ---
    eps = 0.030
    alpha = 1.35
    beta = -1.10
    ripple = eps * np.sin(alpha * u + beta * v)

    # Two localized Gaussians to add curvature changes / nearest-better structure
    c1u, c1v = -0.90, 0.40
    c2u, c2v = 0.85, -0.55
    s1 = 1.10
    s2 = 0.80
    g1 = 0.120
    g2 = -0.075

    du1 = u - c1u
    dv1 = v - c1v
    du2 = u - c2u
    dv2 = v - c2v

    gauss1 = g1 * np.exp(-(du1 * du1 + dv1 * dv1) / (2.0 * s1 * s1))
    gauss2 = g2 * np.exp(-(du2 * du2 + dv2 * dv2) / (2.0 * s2 * s2))

    # Overall scaling: increases fitness dispersion / fitness_std
    s = 0.62

    return float(s * (Q + L + odd + ripple + gauss1 + gauss2))",0.30052110062415677,"
    Synthetic 2D ELA-oriented benchmark.

    Let (u,v) be shifted coordinates: u=x0-xc, v=x1-yc with (xc,yc)=(-1.2, 2.3).
    The objective is a dominant full-quadratic backbone with small, structured
    non-quadratic perturbations:

        f(x) = s * [ Q(u,v) + L(u,v) + A*(u^3) + eps * sin(alpha*u + beta*v)
                     + g1*exp(-||[u,v]-c1||^2/(2*s1^2)) + g2*exp(-||[u,v]-c2||^2/(2*s2^2)) ]

    where
        Q(u,v) = a*u^2 + b*v^2 + c*u*v    (full quadratic with interaction)
        L(u,v) = d*u + e*v               (linear drift)

    The odd cubic term controls skewness, while the sinusoid + two Gaussians
    introduce non-quadratic structure to keep quadratic ELA fits high but not
    perfect.
    ",,,,18,2,0.1932700013588095,0.1489214629014504,0.814856323902924,0.8763594743844821,0.3741018164586222,0.5678937847538915,0.8023097372483439,0.9995628732435413
"import numpy as np

def problem(x: np.ndarray) -> float:
    """"""
    2D synthetic landscape on x in [-5,5]^2.

    Uses a shifted full quadratic backbone plus (i) a linear drift,
    (ii) a small odd mixed polynomial term to control skewness,
    and (iii) deterministic sinusoidal ripples to increase fitness dispersion
    while keeping the full quadratic fit dominant.

    Let u = x0 - xc, v = x1 - yc with (xc, yc)=(-1.2, 2.3). Then:
        f(x) = s * [ a*u^2 + b*v^2 + c*u*v + d*u + e*v
                     + h*u^2*v
                     + r*(u*v)*sin(q*u*v) ]
               + s2 * [ sin(k1*u)*cos(k2*v) + sin(k3*(u+v)) ]
    """"""
    x = np.asarray(x, dtype=float).ravel()
    if x.shape[0] != 2:
        raise ValueError(""This benchmark is defined for 2D inputs (len(x)==2)."")

    xc, yc = -1.2, 2.3
    u = x[0] - xc
    v = x[1] - yc

    # --- Backbone scaling: increase to raise fitness dispersion (fitness_std target) ---
    s = 0.40

    # --- Full-quadratic backbone (dominant to keep quad_w_interact adj-R2 high) ---
    a = 0.095
    b = 0.090
    c = 0.110  # slightly stronger interaction to reduce quad_simple adj-R2

    # --- Linear drift (to keep linear adj-R2 in a moderate range) ---
    d = 0.060
    e = -0.032

    # --- Odd mixed term (positive skew control) ---
    h = 0.0022

    # --- Non-quadratic interaction ripple (adds ruggedness + dispersion) ---
    r = 0.045
    q = 1.20

    # --- Additional deterministic high-frequency ripples (reduce nearest-better/NN distance ratio) ---
    s2 = 0.070
    k1 = 2.6
    k2 = 2.1
    k3 = 1.9

    quad = a * u * u + b * v * v + c * u * v
    lin = d * u + e * v
    skew_term = h * (u * u) * v
    ripple_int = r * (u * v) * np.sin(q * u * v)

    oscillatory = np.sin(k1 * u) * np.cos(k2 * v) + np.sin(k3 * (u + v))

    return float(s * (quad + lin + skew_term + ripple_int) + s2 * oscillatory)",0.26364185069795953,"
    2D synthetic landscape on x in [-5,5]^2.

    Uses a shifted full quadratic backbone plus (i) a linear drift,
    (ii) a small odd mixed polynomial term to control skewness,
    and (iii) deterministic sinusoidal ripples to increase fitness dispersion
    while keeping the full quadratic fit dominant.

    Let u = x0 - xc, v = x1 - yc with (xc, yc)=(-1.2, 2.3). Then:
        f(x) = s * [ a*u^2 + b*v^2 + c*u*v + d*u + e*v
                     + h*u^2*v
                     + r*(u*v)*sin(q*u*v) ]
               + s2 * [ sin(k1*u)*cos(k2*v) + sin(k3*(u+v)) ]
    ",,,,19,2,0.2862716167469194,0.3851300967249679,0.5377139226332607,0.8175860598600025,0.2627619418899073,0.6187949208683976,0.6102500138353346,0.9514097110379074
"import numpy as np

def problem(x: np.ndarray) -> float:
    """"""
    Deterministic 2D synthetic landscape on x in R^2 with a shifted (u,v) coordinate.

    It combines:
      - a full-quadratic backbone: a*u^2 + b*v^2 + c*u*v
      - a linear drift: d*u + e*v
      - a small odd mixed term (controls skew): h*u^2*v
      - a non-quadratic interaction ripple using cosine: p*(u*v)*cos(q*u*v)
      - a very small quartic regularizer on the coupling: t*u^2*v^2

    u = x0 - xc,  v = x1 - yc
    f(x) = s * [ backbone + drift + odd + ripple + quartic ]
    """"""
    x = np.asarray(x, dtype=float).ravel()
    if x.shape[0] != 2:
        raise ValueError(""This benchmark is defined for 2D inputs (len(x)==2)."")

    # Shift (different from typical origin-centered setups to break symmetries)
    xc, yc = -1.05, 2.35
    u = x[0] - xc
    v = x[1] - yc

    # Tunings (aim to increase dispersion, slightly weaken linear/simple fits, keep full quadratic strong)
    s = 0.34

    a = 0.110
    b = 0.092
    c = 0.058   # smaller interaction coefficient to reduce quad_simple adj-R2 while retaining quad_w_interact strength

    d = 0.058
    e = -0.041

    h = 0.00155

    # Non-quadratic ripple using cosine (different form from prior sine ripple)
    p = 0.055
    q = 2.05

    # Small quartic coupling to alter neighborhood geometry / reduce overly-perfect quadratic explanations
    t = 0.0009

    backbone = a * u * u + b * v * v + c * u * v
    drift = d * u + e * v
    odd = h * (u * u) * v
    ripple = p * (u * v) * np.cos(q * u * v)
    quartic = t * (u * u) * (v * v)

    return float(s * (backbone + drift + odd + ripple + quartic))",0.2526891547240841,"
    Deterministic 2D synthetic landscape on x in R^2 with a shifted (u,v) coordinate.

    It combines:
      - a full-quadratic backbone: a*u^2 + b*v^2 + c*u*v
      - a linear drift: d*u + e*v
      - a small odd mixed term (controls skew): h*u^2*v
      - a non-quadratic interaction ripple using cosine: p*(u*v)*cos(q*u*v)
      - a very small quartic regularizer on the coupling: t*u^2*v^2

    u = x0 - xc,  v = x1 - yc
    f(x) = s * [ backbone + drift + odd + ripple + quartic ]
    ",,,,19,2,0.19687680120632112,0.20576504213414404,0.6760853245647819,0.7912162310440574,0.5307887855356073,0.583011358881311,0.9000483003538069,0.9473164968611184
"import numpy as np

def problem(x: np.ndarray) -> float:
    """"""
    Deterministic 2D shifted *nearly full-quadratic* landscape in (u,v) with
    small controlled odd/cubic terms to induce moderate skew, plus a very small
    non-quadratic ripple for realism.

    Let u = x0 - xc, v = x1 - yc. The objective is:
        f(x) = s * [ a u^2 + b v^2 + c u v              (full quadratic)
                     + d u + e v                        (linear drift)
                     + h u^2 v + r u v^2               (odd terms -> skew)
                     + p (u v) * sin(q u v)           (tiny non-quadratic ripple)
                   ].
    """"""
    x = np.asarray(x, dtype=float).ravel()
    if x.shape[0] != 2:
        raise ValueError(""This benchmark is defined for 2D inputs (len(x)==2)."")

    # Shift (keep basin inside [-5,5]^2)
    xc, yc = -1.2, 2.3
    u = x[0] - xc
    v = x[1] - yc

    # Increase overall scale to raise fitness_distance.fitness_std
    s = 0.73

    # Strong quadratic backbone (to keep quad_w_interact adj_r2 high)
    a = 0.078
    b = 0.070
    c = 0.052  # moderate uv coupling

    # Increase linear drift (to raise linear-model adj_r2 values)
    d = 0.070
    e = -0.052

    # Reduce odd terms to lower skewness toward the target
    h = 0.00095
    r = -0.00070

    # Reduce ripple amplitude to make the landscape more quadratic (higher quad fits)
    p = 0.014
    q = 1.05

    quad = a * u * u + b * v * v + c * u * v
    lin = d * u + e * v
    odd = h * (u * u) * v + r * u * (v * v)
    ripple = p * (u * v) * np.sin(q * u * v)

    return float(s * (quad + lin + odd + ripple))",0.287864465874705,"
    Deterministic 2D shifted *nearly full-quadratic* landscape in (u,v) with
    small controlled odd/cubic terms to induce moderate skew, plus a very small
    non-quadratic ripple for realism.

    Let u = x0 - xc, v = x1 - yc. The objective is:
        f(x) = s * [ a u^2 + b v^2 + c u v              (full quadratic)
                     + d u + e v                        (linear drift)
                     + h u^2 v + r u v^2               (odd terms -> skew)
                     + p (u v) * sin(q u v)           (tiny non-quadratic ripple)
                   ].
    ",,,,19,2,0.15730511792932,0.22006756846923428,0.8092879839854489,0.8712792335026822,0.5119757714278952,0.6551472869956328,0.85935864426395,0.9930589022745414
"import numpy as np

def problem(x: np.ndarray) -> float:
    """"""
    Deterministic 2D shifted synthetic landscape (x in R^2 mapped to u,v):
        u = x0 - xc, v = x1 - yc
        f(u,v) = s * [ a u^2 + b v^2 + c u v          (full-quadratic backbone)
                       + d u + e v                  (linear drift)
                       + h u^2 v                   (odd/mixed asymmetry)
                       + p (u v) sin(q u)         (controlled nonlinearity)
                    ]
    The backbone is a full quadratic with a smaller u*v coefficient so the
    interaction-free quadratic fit remains strong, while the final sinusoidal
    term and u^2*v term tune distribution skewness and neighborhood structure.
    """"""
    x = np.asarray(x, dtype=float).ravel()
    if x.shape[0] != 2:
        raise ValueError(""This benchmark is defined for 2D inputs (len(x)==2)."")

    xc, yc = -1.2, 2.3
    u = x[0] - xc
    v = x[1] - yc

    # Increase overall objective dispersion (helps fitness-distance std)
    s = 0.45

    # Full quadratic backbone (keep quad_w_interact very high, but raise quad_simple by reducing uv strength)
    a = 0.095
    b = 0.082
    c = 0.058  # smaller interaction term -> higher quad_simple adjusted R^2

    # Strengthen linear trend (raise both linear adjusted R^2 values)
    d = 0.055
    e = -0.042

    # Reduce skew contribution (lower skewness toward target)
    h = 0.0016

    # Controlled nonlinearity: smaller amplitude + smoother frequency to keep NB connectivity correlation high
    p = 0.012
    q = 0.70

    quad = a * u * u + b * v * v + c * u * v
    lin = d * u + e * v
    odd_mixed = h * (u * u) * v
    ripple = p * (u * v) * np.sin(q * u)

    return float(s * (quad + lin + odd_mixed + ripple))",0.3570911481061334,"
    Deterministic 2D shifted synthetic landscape (x in R^2 mapped to u,v):
        u = x0 - xc, v = x1 - yc
        f(u,v) = s * [ a u^2 + b v^2 + c u v          (full-quadratic backbone)
                       + d u + e v                  (linear drift)
                       + h u^2 v                   (odd/mixed asymmetry)
                       + p (u v) sin(q u)         (controlled nonlinearity)
                    ]
    The backbone is a full quadratic with a smaller u*v coefficient so the
    interaction-free quadratic fit remains strong, while the final sinusoidal
    term and u^2*v term tune distribution skewness and neighborhood structure.
    ",,,,19,2,0.15354909751433038,0.25804250383507105,0.9100036006685756,0.892410184655353,0.491860946875723,0.6052293219718896,0.8940508948174456,0.9986246148405357
"import numpy as np

def problem(x: np.ndarray) -> float:
    """"""
    Deterministic 2D synthetic landscape using a dominant full-quadratic backbone in
    (u, v) where u = x0 - xc and v = x1 - yc, plus controlled non-quadratic terms:
        f(x) = s * [ a*u^2 + b*v^2 + c*u*v + d*u + e*v
                     + h*u^2*v
                     + p*(u*v)*sin(q*u*v) ]
    The coefficients are tuned to match target ELA statistics (linearity/quadraticity,
    skewness, and fitness-distance correlations) while keeping the function
    well-defined on [-5, 5]^2.
    """"""
    x = np.asarray(x, dtype=float).ravel()
    if x.shape[0] != 2:
        raise ValueError(""This benchmark is defined for 2D inputs (len(x)==2)."")

    # Shifted coordinates
    xc, yc = -1.2, 2.3
    u = x[0] - xc
    v = x[1] - yc

    # Scale to increase objective-value dispersion (controls fitness_std)
    s = 0.36

    # Full quadratic backbone (keep strong for quad_w_interact, but worsen quad_simple via larger c)
    a = 0.092
    b = 0.082
    c = 0.110  # larger u*v interaction penalizes quadratic model without interactions

    # Reduce linear drift slightly to lower linear-model adjusted R^2
    d = 0.025
    e = -0.022

    # Increase odd mixed cubic component slightly to increase skewness
    h = 0.0030

    # Reduce ripple strength to improve nearest-better connectivity correlation
    p = 0.015
    q = 1.10

    quad = a * u * u + b * v * v + c * u * v
    lin = d * u + e * v
    odd_mixed = h * (u * u) * v
    ripple = p * (u * v) * np.sin(q * u * v)

    return float(s * (quad + lin + odd_mixed + ripple))",0.39356031463344865,"
    Deterministic 2D synthetic landscape using a dominant full-quadratic backbone in
    (u, v) where u = x0 - xc and v = x1 - yc, plus controlled non-quadratic terms:
        f(x) = s * [ a*u^2 + b*v^2 + c*u*v + d*u + e*v
                     + h*u^2*v
                     + p*(u*v)*sin(q*u*v) ]
    The coefficients are tuned to match target ELA statistics (linearity/quadraticity,
    skewness, and fitness-distance correlations) while keeping the function
    well-defined on [-5, 5]^2.
    ",,,,19,2,0.32715604925401975,0.1742702841811745,0.7696784127437325,0.8798988256480118,0.22204561728470731,0.6486748604817956,0.5839472344032085,0.9937730105432474
"import numpy as np

def problem(x: np.ndarray) -> float:
    """"""
    Shifted 2D synthetic landscape in (u,v) with a dominant full quadratic backbone
    plus (i) a *controlled* odd mixed term (for skewness) and (ii) a small non-quadratic
    ripple to slightly degrade simple quadratic fit.

    Let u = x0 - xc, v = x1 - yc. The objective is:
        f(x) = s * [ a*u^2 + b*v^2 + c*u*v + d*u + e*v
                     + h*u^2*v
                     + p*(u*v)*sin(q*u*v) ]
    where h*u^2*v is an odd mixed term and (u*v)*sin(q*u*v) injects mild non-quadratic
    structure.
    """"""
    x = np.asarray(x, dtype=float).ravel()
    if x.shape[0] != 2:
        raise ValueError(""This benchmark is defined for 2D inputs (len(x)==2)."")

    # Shift (keeps domain-safe behavior; function is polynomial/trigonometric)
    xc, yc = -1.2, 2.3
    u = x[0] - xc
    v = x[1] - yc

    # Rescale dispersion (controls fitness std; does not change ""fit shape"" much)
    s = 0.36

    # Quadratic backbone: strengthen interaction term to lower quad_simple.adj_r2
    # while keeping full-quadratic (quad_w_interact) very strong.
    a = 0.092
    b = 0.082
    c = 0.11  # increased cross term -> hurts models without interaction (quad_simple)

    # Linear drift (kept moderate)
    d = 0.033
    e = -0.027

    # Odd mixed term (tune skewness)
    h = 0.0034  # increased from the previous function

    # Mild ripple (small to keep quad_w_interact high, but enough to avoid
    # being ""too perfectly quadratic"" overall)
    p = 0.022
    q = 1.10

    quad = a * u * u + b * v * v + c * u * v
    lin = d * u + e * v
    odd_mixed = h * (u * u) * v
    ripple = p * (u * v) * np.sin(q * u * v)

    return float(s * (quad + lin + odd_mixed + ripple))",0.3823415007805959,"
    Shifted 2D synthetic landscape in (u,v) with a dominant full quadratic backbone
    plus (i) a *controlled* odd mixed term (for skewness) and (ii) a small non-quadratic
    ripple to slightly degrade simple quadratic fit.

    Let u = x0 - xc, v = x1 - yc. The objective is:
        f(x) = s * [ a*u^2 + b*v^2 + c*u*v + d*u + e*v
                     + h*u^2*v
                     + p*(u*v)*sin(q*u*v) ]
    where h*u^2*v is an odd mixed term and (u*v)*sin(q*u*v) injects mild non-quadratic
    structure.
    ",,,,19,2,0.3199232389662732,0.17046839424670543,0.7358919809906764,0.8587405371558295,0.22221730126475325,0.6474090278683501,0.5780436167600874,0.9867313006605286
"import numpy as np

def problem(x: np.ndarray) -> float:
    """"""
    Deterministic 2D shifted polynomial landscape with a nearly full quadratic core plus
    small odd (skew-inducing) cubic terms and a very small non-quadratic ripple.

    Let u = x0 - xc, v = x1 - yc. The objective is:
        f(x) = s * [ a u^2 + b v^2 + c u v          (full quadratic)
                     + d u + e v                    (linear drift)
                     + h u^2 v + r u v^2          (odd terms -> skew)
                     + p (u v) * sin(q u v)       (non-quadratic ripple) ]
    """"""
    x = np.asarray(x, dtype=float).ravel()
    if x.shape[0] != 2:
        raise ValueError(""This benchmark is defined for 2D inputs (len(x)==2)."")

    # Shift (basin location)
    xc, yc = -1.2, 2.3
    u = x[0] - xc
    v = x[1] - yc

    # Overall scale: increases dispersion / fitness standard deviation
    s = 0.65

    # Quadratic backbone: stronger to raise quad/simple R^2 and overall neighbor fitness correlation
    a = 0.075
    b = 0.070
    c = 0.068

    # Linear drift: stronger to raise linear-model adjusted R^2 values
    d = 0.055
    e = -0.045

    # Odd terms: reduced to lower skewness toward target
    h = 0.0012
    r = -0.0009

    # Ripple: kept small to avoid destroying quadratic-fit quality
    p = 0.018
    q = 1.10

    quad = a * u * u + b * v * v + c * u * v
    lin = d * u + e * v
    odd = h * (u * u) * v + r * u * (v * v)
    ripple = p * (u * v) * np.sin(q * u * v)

    return float(s * (quad + lin + odd + ripple))",0.26978193651114607,"
    Deterministic 2D shifted polynomial landscape with a nearly full quadratic core plus
    small odd (skew-inducing) cubic terms and a very small non-quadratic ripple.

    Let u = x0 - xc, v = x1 - yc. The objective is:
        f(x) = s * [ a u^2 + b v^2 + c u v          (full quadratic)
                     + d u + e v                    (linear drift)
                     + h u^2 v + r u v^2          (odd terms -> skew)
                     + p (u v) * sin(q u v)       (non-quadratic ripple) ]
    ",,,,19,2,0.21858866235055582,0.1861008210328427,0.804079031953292,0.8614184046820388,0.40485331496899685,0.6463830680339681,0.7588333412292916,0.9875081759661246
"import numpy as np

def problem(x: np.ndarray) -> float:
    """"""
    Shifted 2D synthetic landscape with a dominant full-quadratic backbone plus
    controlled non-quadratic and odd-asymmetric terms:
        u = x0 - xc, v = x1 - yc
        f(x) = s * [ Q(u,v) + L(u,v) + H(u,v) + R(u,v) + C3(u) ]

    where
        Q(u,v) = a*u^2 + b*v^2 + c*u*v          (full-quadratic backbone)
        L(u,v) = d*u + e*v                      (linear drift)
        H(u,v) = h*u^2*v                       (odd mixed term -> skew)
        R(u,v) = p*(u*v)*sin(q*u*v)           (non-quadratic ripple)
        C3(u)  = r*u^3                        (additional odd cubic -> variance/skew)
    """"""
    x = np.asarray(x, dtype=float).ravel()
    if x.shape[0] != 2:
        raise ValueError(""This benchmark is defined for 2D inputs (len(x)==2)."")

    xc, yc = -1.2, 2.3
    u = x[0] - xc
    v = x[1] - yc

    # Global scaling to increase fitness standard deviation
    s = 0.36

    # Quadratic backbone: keep strong, but strengthen interaction to lower quad_simple fit
    a = 0.092
    b = 0.082
    c = 0.085  # stronger u*v interaction -> quad_simple.adj_r2 decreases

    # Reduce linear drift to match target linear-model adjusted R^2
    d = 0.024
    e = -0.020

    # Increase odd asymmetry for slightly higher skewness
    h = 0.0035

    # Increase ripple to raise dispersion/variance and affect neighborhood relations
    p = 0.055
    q = 1.05

    # Additional odd cubic term to further increase skew/variance beyond quadratic
    r = 0.0105

    quad = a * u * u + b * v * v + c * u * v
    lin = d * u + e * v
    odd_mixed = h * (u * u) * v
    ripple = p * (u * v) * np.sin(q * u * v)
    cubic = r * (u ** 3)

    return float(s * (quad + lin + odd_mixed + ripple + cubic))",0.24211310207586773,"
    Shifted 2D synthetic landscape with a dominant full-quadratic backbone plus
    controlled non-quadratic and odd-asymmetric terms:
        u = x0 - xc, v = x1 - yc
        f(x) = s * [ Q(u,v) + L(u,v) + H(u,v) + R(u,v) + C3(u) ]

    where
        Q(u,v) = a*u^2 + b*v^2 + c*u*v          (full-quadratic backbone)
        L(u,v) = d*u + e*v                      (linear drift)
        H(u,v) = h*u^2*v                       (odd mixed term -> skew)
        R(u,v) = p*(u*v)*sin(q*u*v)           (non-quadratic ripple)
        C3(u)  = r*u^3                        (additional odd cubic -> variance/skew)
    ",,,,19,2,0.22371518936948676,0.1740988670545093,0.5626883783517121,0.7683246924101114,0.32943589224405023,0.5419294565929412,0.723623648214828,0.9409419037018529
"import numpy as np

def problem(x: np.ndarray) -> float:
    """"""
    Deterministic 2D synthetic landscape on x in [-5,5]^2 using shifted coordinates
    u = x0 - xc, v = x1 - yc.

    Objective (dominant quadratic backbone) with added:
      - linear drift,
      - weak odd skew term u^2*v,
      - small bounded ripple via sin(q*u*v),
      - tiny quartic cross term u^2*v^2 to slightly reduce full-quadratic fit.

    f(u,v) = s * [
        a u^2 + b v^2 + c u v + d u + e v
        + h u^2 v
        + p (u v) sin(q u v)
        + r u^2 v^2
    ]
    """"""
    x = np.asarray(x, dtype=float).ravel()
    if x.shape[0] != 2:
        raise ValueError(""This benchmark is defined for 2D inputs (len(x)==2)."")

    xc, yc = -1.2, 2.3
    u = x[0] - xc
    v = x[1] - yc

    # Increase overall dispersion to raise fitness_std without changing determinism
    s = 0.48

    # Quadratic backbone: keep strong full-quadratic, slightly weaken uv to help quad_simple fit
    a = 0.105
    b = 0.085
    c = 0.055

    # Strengthen linear component to increase lin_simple fit
    d = 0.060
    e = -0.045

    # Reduce odd skewness contribution (tune toward target)
    h = 0.0015

    # Ripple: adjust frequency/amplitude to influence nearest-better connectivity statistics
    p = 0.018
    q = 1.65

    # Tiny higher-order cross term to lower quad_w_interact adj_R2 slightly from near-perfect
    r = 0.0009

    quad = a * u * u + b * v * v + c * u * v
    lin = d * u + e * v
    odd = h * (u * u) * v
    ripple = p * (u * v) * np.sin(q * u * v)
    quartic_cross = r * (u * u) * (v * v)

    return float(s * (quad + lin + odd + ripple + quartic_cross))",0.3461027742427599,"
    Deterministic 2D synthetic landscape on x in [-5,5]^2 using shifted coordinates
    u = x0 - xc, v = x1 - yc.

    Objective (dominant quadratic backbone) with added:
      - linear drift,
      - weak odd skew term u^2*v,
      - small bounded ripple via sin(q*u*v),
      - tiny quartic cross term u^2*v^2 to slightly reduce full-quadratic fit.

    f(u,v) = s * [
        a u^2 + b v^2 + c u v + d u + e v
        + h u^2 v
        + p (u v) sin(q u v)
        + r u^2 v^2
    ]
    ",,,,19,2,0.1641103030283422,0.23934649356568055,0.8491351725925532,0.877370510221324,0.546126000115015,0.605680819301226,0.9381010722207579,0.993666609286731
"import numpy as np

def problem(x: np.ndarray) -> float:
    """"""
    Deterministic 2D synthetic benchmark: shifted full-quadratic backbone with
    a controlled weak non-quadratic (skew/ripple) term.

        Let u = x0 - xc, v = x1 - yc.
        f(x) = s * [ A u^2 + B v^2 + C u v + D u + E v
                     + h * u^2 * v                    (odd mixed term -> skew)
                     + p * u * v * sin(q * u) ]      (mild interaction ripple)

    The full-quadratic backbone dominates (to keep high quad_w_interact fit),
    while h and p are kept small to avoid an exact quadratic surface.
    """"""
    x = np.asarray(x, dtype=float).ravel()
    if x.shape[0] != 2:
        raise ValueError(""This benchmark is defined for 2D inputs (len(x)==2)."")

    xc, yc = -1.05, 2.15
    u = x[0] - xc
    v = x[1] - yc

    # Scaling controls overall dispersion (fitness_std)
    s = 0.235

    # Full quadratic backbone parameters (dominant structure)
    A = 0.100
    B = 0.090
    C = 0.073

    # Linear drift (raises linear-model explainability)
    D = 0.034
    E = -0.022

    # Skew control: odd mixed term (kept small to reduce skewness overshoot)
    h = 0.0021

    # Mild non-quadratic interaction ripple (reduced to increase quad_w_interact R^2)
    p = 0.026
    q = 1.35

    quad = A * u * u + B * v * v + C * u * v
    lin = D * u + E * v
    odd_mixed = h * (u * u) * v
    ripple = p * (u * v) * np.sin(q * u)

    return float(s * (quad + lin + odd_mixed + ripple))",0.3681406808656489,"
    Deterministic 2D synthetic benchmark: shifted full-quadratic backbone with
    a controlled weak non-quadratic (skew/ripple) term.

        Let u = x0 - xc, v = x1 - yc.
        f(x) = s * [ A u^2 + B v^2 + C u v + D u + E v
                     + h * u^2 * v                    (odd mixed term -> skew)
                     + p * u * v * sin(q * u) ]      (mild interaction ripple)

    The full-quadratic backbone dominates (to keep high quad_w_interact fit),
    while h and p are kept small to avoid an exact quadratic surface.
    ",,,,19,2,0.2416486987202254,0.20156764985268227,0.9297721964349656,0.8863112297161178,0.36891351569190145,0.5836650767072884,0.7795261434660686,0.9866156704450265
"import numpy as np

def problem(x: np.ndarray) -> float:
    """"""
    Synthetic 2D benchmark on [-5,5]^2 combining:
      - full quadratic backbone: a*u^2 + b*v^2 + c*u*v + d*u + e*v
      - controlled odd asymmetry: h*u^2*v + t*u^3
      - non-quadratic ripples: p*sin(q*u*v) + w*sin(u+v)
      - separable periodic ruggedness: 0.5*r*(cos(k*u)+cos(k*v))

    Let (u,v) = (x0-xc, x1-yc) with (xc,yc)=(-1.2, 2.3).
    f(x) = s * [ quad + lin + odd + ripple + periodic + extra ].
    """"""
    x = np.asarray(x, dtype=float).ravel()
    if x.shape[0] != 2:
        raise ValueError(""This benchmark is defined for 2D inputs (len(x)==2)."")

    xc, yc = -1.2, 2.3
    u = x[0] - xc
    v = x[1] - yc

    # Increased scale to raise fitness_distance.fitness_std
    s = 0.70

    # Slightly reduce quadratic dominance so quad explainability is not near-perfect
    a = 0.075
    b = 0.070
    c = 0.055

    # Linear drift
    d = 0.030
    e = -0.021

    # Stronger odd terms to increase skewness
    h = 0.0034
    t = 0.0095

    # Stronger non-quadratic ripple (reduces quad_* adj_r2)
    p = 0.120
    q = 1.85

    # Stronger periodic ruggedness (helps reduce nn_nb.sd_ratio too)
    r = 0.085
    k = 3.35

    # Additional non-quadratic coupling
    w = 0.030

    quad = a * u * u + b * v * v + c * u * v
    lin = d * u + e * v
    odd = h * (u * u) * v + t * (u * u * u)
    ripple = p * np.sin(q * u * v)
    periodic = 0.5 * r * (np.cos(k * u) + np.cos(k * v))
    extra = w * np.sin(u + v)

    return float(s * (quad + lin + odd + ripple + periodic + extra))",0.21701863225706194,"
    Synthetic 2D benchmark on [-5,5]^2 combining:
      - full quadratic backbone: a*u^2 + b*v^2 + c*u*v + d*u + e*v
      - controlled odd asymmetry: h*u^2*v + t*u^3
      - non-quadratic ripples: p*sin(q*u*v) + w*sin(u+v)
      - separable periodic ruggedness: 0.5*r*(cos(k*u)+cos(k*v))

    Let (u,v) = (x0-xc, x1-yc) with (xc,yc)=(-1.2, 2.3).
    f(x) = s * [ quad + lin + odd + ripple + periodic + extra ].
    ",,,,20,2,0.17977978077511003,0.2399562936017283,0.7603238133060517,0.8734632123180245,0.46435906991489756,0.5993158342311187,0.8519660799199346,0.996097745363653
"import numpy as np

def problem(x: np.ndarray) -> float:
    """"""
    Shifted 2D synthetic landscape in (u,v) combining a full-quadratic backbone,
    linear drift, a small odd mixed term to control skewness, and a reduced
    non-quadratic ripple for ruggedness.

        u = x0 - xc,  v = x1 - yc

        f(x) = s * [ a*u^2 + b*v^2 + c*u*v            (full quadratic)
                     + d*u + e*v                      (linear drift)
                     + h*u^2*v                        (odd term for skew)
                     + p*(u*v)*sin(q*u*v)            (non-quadratic ripple) ]
    """"""
    x = np.asarray(x, dtype=float).ravel()
    if x.shape[0] != 2:
        raise ValueError(""This benchmark is defined for 2D inputs (len(x)==2)."")

    # Shift
    xc, yc = -1.2, 2.3
    u = x[0] - xc
    v = x[1] - yc

    # Scale to raise fitness_std toward target
    s = 0.38

    # Quadratic backbone (strength + interaction)
    a = 0.095
    b = 0.088
    c = 0.085

    # Linear drift (minor tuning)
    d = 0.052
    e = -0.034

    # Odd mixed term (skew control; keep small)
    h = 0.0016

    # Reduced ripple to improve nearest-better structure
    p = 0.020
    q = 1.15

    quad = a * u * u + b * v * v + c * u * v
    lin = d * u + e * v
    odd_mixed = h * (u * u) * v
    ripple = p * (u * v) * np.sin(q * u * v)

    return float(s * (quad + lin + odd_mixed + ripple))",0.27096104564103063,"
    Shifted 2D synthetic landscape in (u,v) combining a full-quadratic backbone,
    linear drift, a small odd mixed term to control skewness, and a reduced
    non-quadratic ripple for ruggedness.

        u = x0 - xc,  v = x1 - yc

        f(x) = s * [ a*u^2 + b*v^2 + c*u*v            (full quadratic)
                     + d*u + e*v                      (linear drift)
                     + h*u^2*v                        (odd term for skew)
                     + p*(u*v)*sin(q*u*v)            (non-quadratic ripple) ]
    ",,,,20,2,0.21220182920749514,0.22237345176075596,0.8341254445524434,0.8689206389632615,0.38767371448447013,0.6199956888167469,0.7697192242377455,0.9887439669604688
"import numpy as np

def problem(x: np.ndarray) -> float:
    """"""
    Shifted 2D polynomial/smooth landscape:
      u = x0 - xc, v = x1 - yc.
    Fitness is s*(Q + L + H_odd + R_ripple) where:
      Q = a*u^2 + b*v^2 + c*u*v              (dominant full quadratic)
      L = d*u + e*v                          (linear drift)
      H_odd = h1*u^2*v + h2*v^2*u           (odd cubic asymmetry -> skewness)
      R_ripple = p*(u*v)*sin(q*(u*v))       (small non-quadratic deviation)

    This mixes a mostly quadratic basin with controlled non-quadratic perturbations.
    """"""
    x = np.asarray(x, dtype=float).ravel()
    if x.shape[0] != 2:
        raise ValueError(""This benchmark is defined for 2D inputs (len(x)==2)."")

    # Shift
    xc, yc = -1.2, 2.3
    u = x[0] - xc
    v = x[1] - yc

    # Global scaling to better match fitness std
    s = 0.52

    # Quadratic backbone
    a = 0.105
    b = 0.082
    c = 0.068

    u2 = u * u
    v2 = v * v
    uv = u * v

    Q = a * u2 + b * v2 + c * uv

    # Linear drift (slightly stronger to increase linear adj-R2)
    d = 0.040
    e = -0.030
    L = d * u + e * v

    # Odd cubic perturbation (stronger to reduce quad adj-R2 from too-high values)
    h1 = 0.00165
    h2 = -0.00145
    H_odd = h1 * (u2 * v) + h2 * (v2 * u)

    # Non-quadratic ripple (slightly weaker to keep nb_fitness.cor high)
    p = 0.012
    q = 1.35
    R_ripple = p * uv * np.sin(q * uv)

    return float(s * (Q + L + H_odd + R_ripple))",0.27757129464300045,"
    Shifted 2D polynomial/smooth landscape:
      u = x0 - xc, v = x1 - yc.
    Fitness is s*(Q + L + H_odd + R_ripple) where:
      Q = a*u^2 + b*v^2 + c*u*v              (dominant full quadratic)
      L = d*u + e*v                          (linear drift)
      H_odd = h1*u^2*v + h2*v^2*u           (odd cubic asymmetry -> skewness)
      R_ripple = p*(u*v)*sin(q*(u*v))       (small non-quadratic deviation)

    This mixes a mostly quadratic basin with controlled non-quadratic perturbations.
    ",,,,20,2,0.19368703411278965,0.2309899215584168,0.8445312708683986,0.8686807214734158,0.38079118508378496,0.5838072925544039,0.8042231392544368,0.9961614211641927
"import numpy as np

def problem(x: np.ndarray) -> float:
    """"""
    Shifted 2D synthetic landscape in (u,v) built from a full-quadratic backbone
    plus small controlled higher-order terms.

        u = x0 - xc,  v = x1 - yc

    f(x) = s * [ a*u^2 + b*v^2 + c*u*v
                 + d*u + e*v
                 + h*u^2*v
                 + p*(u*v)*sin(q*u*v) ].
    """"""
    x = np.asarray(x, dtype=float).ravel()
    if x.shape[0] != 2:
        raise ValueError(""This benchmark is defined for 2D inputs (len(x)==2)."")

    xc, yc = -1.2, 2.3
    u = x[0] - xc
    v = x[1] - yc

    # Updated tuning
    s = 0.35

    a = 0.095
    b = 0.088
    c = 0.092

    d = 0.060
    e = -0.038

    h = 0.0017

    p = 0.018
    q = 1.05

    quad = a * u * u + b * v * v + c * u * v
    lin = d * u + e * v
    odd_mixed = h * (u * u) * v
    ripple = p * (u * v) * np.sin(q * u * v)

    return float(s * (quad + lin + odd_mixed + ripple))",0.2659913566951101,"
    Shifted 2D synthetic landscape in (u,v) built from a full-quadratic backbone
    plus small controlled higher-order terms.

        u = x0 - xc,  v = x1 - yc

    f(x) = s * [ a*u^2 + b*v^2 + c*u*v
                 + d*u + e*v
                 + h*u^2*v
                 + p*(u*v)*sin(q*u*v) ].
    ",,,,20,2,0.23390315258602495,0.196826217539993,0.7967344247245347,0.8727709651497703,0.36142490297080104,0.635186051990319,0.7325592043989537,0.9920367222875782
"import numpy as np

def problem(x: np.ndarray) -> float:
    """"""
    Shifted 2D synthetic landscape in (u,v) with a full-quadratic backbone plus controlled
    non-quadratic components (skew + ripple):
        u = x0 - xc, v = x1 - yc
        f(x) = s * [ a*u^2 + b*v^2 + c*u*v + d*u + e*v
                     + h*u^2*v
                     + p*(u*v)*sin(q*u*v) ]
    """"""
    x = np.asarray(x, dtype=float).ravel()
    if x.shape[0] != 2:
        raise ValueError(""This benchmark is defined for 2D inputs (len(x)==2)."")

    xc, yc = -1.2, 2.3
    u = x[0] - xc
    v = x[1] - yc

    # Increase overall dispersion to raise fitness_distance.fitness_std
    s = 0.38

    # Full-quadratic backbone (slightly stronger interaction to reduce quad_simple fit)
    a = 0.092
    b = 0.082
    c = 0.075  # increase u*v interaction to decrease quad_simple.adj_r2

    # Reduce linear dominance to bring lin_simple.adj_r2 down a bit
    d = 0.028
    e = -0.022

    # Increase odd mixed term magnitude to raise distribution skewness
    h = 0.0045

    # Increase ripple magnitude to raise fitness spread and degrade quad_simple/global fits,
    # while keeping quad_w_interact close to target.
    p = 0.055
    q = 1.10

    quad = a * u * u + b * v * v + c * u * v
    lin = d * u + e * v
    odd_mixed = h * (u * u) * v
    ripple = p * (u * v) * np.sin(q * u * v)

    return float(s * (quad + lin + odd_mixed + ripple))",0.2606340441396745,"
    Shifted 2D synthetic landscape in (u,v) with a full-quadratic backbone plus controlled
    non-quadratic components (skew + ripple):
        u = x0 - xc, v = x1 - yc
        f(x) = s * [ a*u^2 + b*v^2 + c*u*v + d*u + e*v
                     + h*u^2*v
                     + p*(u*v)*sin(q*u*v) ]
    ",,,,20,2,0.24212682690477505,0.2153446884881323,0.619847359429425,0.7286194863046674,0.31036744362323826,0.5423151569918093,0.6887882174118711,0.9086934543411687
"import numpy as np

def problem(x: np.ndarray) -> float:
    """"""
    Shifted 2D synthetic landscape:
        u = x0 - xc, v = x1 - yc
        f(x) = s * [ Q(u,v) + L(u,v) + H(u,v) + R(u,v) + C3(u) ]

    Components:
        Q(u,v) = a*u^2 + b*v^2 + c*u*v                      (full quadratic backbone)
        L(u,v) = d*u + e*v                                (linear drift)
        H(u,v) = h*u^2*v                                  (odd mixed term -> skew/asymmetry)
        R(u,v) = p*(u*v)*sin(q*u*v)                       (non-quadratic ripple)
        C3(u)  = r*u^3                                    (additional odd cubic -> skew/variance)
    """"""
    x = np.asarray(x, dtype=float).ravel()
    if x.shape[0] != 2:
        raise ValueError(""This benchmark is defined for 2D inputs (len(x)==2)."")

    xc, yc = -1.2, 2.3
    u = x[0] - xc
    v = x[1] - yc

    # Increase dispersion to better match target fitness_std
    s = 0.72

    # Stronger, cleaner quadratic backbone; slightly reduce uv to help quad_simple.adj_r2
    a = 0.110
    b = 0.095
    c = 0.070

    # Increase linear drift strength to raise linear adj_r2 values
    d = 0.034
    e = -0.028

    # Reduce odd asymmetry to lower skewness toward the target
    h = 0.0030
    r = 0.0090

    # Reduce ripple strength to increase quadratic explainability/correlation
    p = 0.040
    q = 1.05

    quad = a * u * u + b * v * v + c * u * v
    lin = d * u + e * v
    odd_mixed = h * (u * u) * v
    ripple = p * (u * v) * np.sin(q * u * v)
    cubic = r * (u ** 3)

    return float(s * (quad + lin + odd_mixed + ripple + cubic))",0.20041812501845294,"
    Shifted 2D synthetic landscape:
        u = x0 - xc, v = x1 - yc
        f(x) = s * [ Q(u,v) + L(u,v) + H(u,v) + R(u,v) + C3(u) ]

    Components:
        Q(u,v) = a*u^2 + b*v^2 + c*u*v                      (full quadratic backbone)
        L(u,v) = d*u + e*v                                (linear drift)
        H(u,v) = h*u^2*v                                  (odd mixed term -> skew/asymmetry)
        R(u,v) = p*(u*v)*sin(q*u*v)                       (non-quadratic ripple)
        C3(u)  = r*u^3                                    (additional odd cubic -> skew/variance)
    ",,,,20,2,0.17605547921401468,0.2511552343728744,0.7362214036811126,0.8216875859890568,0.4531135601568932,0.5726573368371037,0.8543822270876705,0.9747176010704043
"import numpy as np

def problem(x: np.ndarray) -> float:
    """"""
    Deterministic 2D shifted landscape in (u,v) with a strong quadratic backbone,
    modest linear drift, reduced odd cubic terms to control skew, and a smaller
    non-quadratic ripple.

    Let u = x0 - xc, v = x1 - yc. We evaluate:
        f = s * [ a u^2 + b v^2 + c u v          (full quadratic)
                  + d u + e v                     (linear)
                  + h u^2 v + r u v^2            (odd terms -> skew control)
                  + p (u v) * sin(q u v)         (non-quadratic ripple) ]
    """"""
    x = np.asarray(x, dtype=float).ravel()
    if x.shape[0] != 2:
        raise ValueError(""This benchmark is defined for 2D inputs (len(x)==2)."")

    # Basin location (shift)
    xc, yc = -1.2, 2.3
    u = x[0] - xc
    v = x[1] - yc

    # Increased overall dispersion -> higher fitness_distance.fitness_std
    s = 0.62

    # Stronger quadratic backbone -> higher quad adj R2 and better nbc structure
    a = 0.085
    b = 0.080
    c = 0.078

    # Increased linear drift -> higher lin_simple adj R2
    d = 0.058
    e = -0.041

    # Reduced odd terms -> lower skewness (closer to target)
    h = 0.0012
    r = -0.0007

    # Reduced ripple -> higher quad_w_interact adj R2 (less non-quadratic deviation)
    p = 0.018
    q = 1.00

    quad = a * u * u + b * v * v + c * u * v
    lin = d * u + e * v
    odd = h * (u * u) * v + r * u * (v * v)
    ripple = p * (u * v) * np.sin(q * u * v)

    return float(s * (quad + lin + odd + ripple))",0.22860137954098964,"
    Deterministic 2D shifted landscape in (u,v) with a strong quadratic backbone,
    modest linear drift, reduced odd cubic terms to control skew, and a smaller
    non-quadratic ripple.

    Let u = x0 - xc, v = x1 - yc. We evaluate:
        f = s * [ a u^2 + b v^2 + c u v          (full quadratic)
                  + d u + e v                     (linear)
                  + h u^2 v + r u v^2            (odd terms -> skew control)
                  + p (u v) * sin(q u v)         (non-quadratic ripple) ]
    ",,,,20,2,0.23108615237172056,0.2112580225785707,0.7640078440915693,0.8726741275335348,0.3887813697041351,0.6454642465478434,0.7468242824186555,0.9899484019488779
"import numpy as np

def problem(x: np.ndarray) -> float:
    """"""
    Deterministic 2D shifted synthetic landscape in (u,v) with a dominant
    full-quadratic backbone plus a small linear drift, a controlled odd term
    (u^2*v), and a mild beyond-quadratic ripple:

        u = x0 - xc,  v = x1 - yc

        F(u,v) = s * [ a u^2 + b v^2 + c u v          (full quadratic)
                       + d u + e v                   (linear drift)
                       + h u^2 v                    (odd mixed term, skews)
                       + p (u v) sin(q u v)        (small ripple) ]

    The global structure is therefore close to a quadratic model while the
    (h u^2 v) and ripple term perturb skewness and reduce overly-high
    quadratic fit scores.
    """"""
    x = np.asarray(x, dtype=float).ravel()
    if x.shape[0] != 2:
        raise ValueError(""This benchmark is defined for 2D inputs (len(x)==2)."")

    # Shift of the landscape
    xc, yc = -1.2, 2.3
    u = x[0] - xc
    v = x[1] - yc

    # Scale (controls fitness dispersion / fitness_std)
    s = 0.33

    # Full quadratic backbone (dominant; tune interaction strength c)
    a = 0.11
    b = 0.095
    c = 0.05

    # Linear drift (tune linear fit strengths)
    d = 0.045
    e = -0.035

    # Odd mixed term magnitude (controls skewness)
    h = 0.0016

    # Beyond-quadratic ripple (reduces ""too-perfect"" quadratic adjusted R2
    # and alters neighborhood connectivity ratios)
    p = 0.035
    q = 1.2

    quad = a * u * u + b * v * v + c * u * v
    lin = d * u + e * v
    odd_mixed = h * (u * u) * v
    ripple = p * (u * v) * np.sin(q * u * v)

    return float(s * (quad + lin + odd_mixed + ripple))",0.2535637955185196,"
    Deterministic 2D shifted synthetic landscape in (u,v) with a dominant
    full-quadratic backbone plus a small linear drift, a controlled odd term
    (u^2*v), and a mild beyond-quadratic ripple:

        u = x0 - xc,  v = x1 - yc

        F(u,v) = s * [ a u^2 + b v^2 + c u v          (full quadratic)
                       + d u + e v                   (linear drift)
                       + h u^2 v                    (odd mixed term, skews)
                       + p (u v) sin(q u v)        (small ripple) ]

    The global structure is therefore close to a quadratic model while the
    (h u^2 v) and ripple term perturb skewness and reduce overly-high
    quadratic fit scores.
    ",,,,20,2,0.15344763085259572,0.303497126973058,0.7693886574043305,0.8519610284457401,0.5263382845895798,0.600283579076885,0.9102602915753337,0.9779121569543779
"import numpy as np

def problem(x: np.ndarray) -> float:
    """"""
    Shifted 2D synthetic landscape in (u,v):
      f = s * ( a*u^2 + b*v^2 + c*u*v     # full quadratic backbone
               + d*u + e*v               # linear drift
               + h*u^2*v                 # odd mixed term (skews distribution)
               + p*(u*v)*sin(q*u*v) )   # beyond-quadratic ripple

    where u = x0 - xc, v = x1 - yc.
    """"""
    x = np.asarray(x, dtype=float).ravel()
    if x.shape[0] != 2:
        raise ValueError(""This benchmark is defined for 2D inputs (len(x)==2)."")

    # Shift of the landscape
    xc, yc = -1.2, 2.3
    u = x[0] - xc
    v = x[1] - yc

    # (1) Increase overall dispersion to raise fitness_std
    s = 0.335

    # (2) Slightly reduce pure quadratic dominance so quadratic fits drop a bit
    a = 0.085
    b = 0.080
    c = 0.065

    # (3) Reduce linear drift magnitude slightly to lower linear model adj-R2
    d = 0.030
    e = -0.025

    # (4) Reduce odd term magnitude to bring skewness down slightly
    h = 0.0012

    # (5) Increase ripple amplitude/frequency to affect neighborhood distance ratios
    p = 0.048
    q = 1.35

    quad = a * u * u + b * v * v + c * u * v
    lin = d * u + e * v
    odd_mixed = h * (u * u) * v
    ripple = p * (u * v) * np.sin(q * u * v)

    return float(s * (quad + lin + odd_mixed + ripple))",0.2064543711325887,"
    Shifted 2D synthetic landscape in (u,v):
      f = s * ( a*u^2 + b*v^2 + c*u*v     # full quadratic backbone
               + d*u + e*v               # linear drift
               + h*u^2*v                 # odd mixed term (skews distribution)
               + p*(u*v)*sin(q*u*v) )   # beyond-quadratic ripple

    where u = x0 - xc, v = x1 - yc.
    ",,,,20,2,0.24661483380655305,0.20770898656696568,0.6592494905849305,0.7623331149390987,0.39101969331260267,0.5735023368840303,0.7606516457644242,0.9319535039607267
"import numpy as np

def problem(x: np.ndarray) -> float:
    """"""
    Deterministic 2D synthetic landscape in shifted coordinates (u,v) = (x0-xc, x1-yc).

    The function is primarily a *full quadratic* model with:
      - linear drift,
      - controlled odd mixed terms to tune skewness,
      - a small quartic radial term to prevent an overly-perfect quadratic fit
        (reducing quad-model overfitting while keeping quad_w_interact very high).

    Let u = x[0] - xc, v = x[1] - yc. Then:
        f(x) = s * [ a u^2 + b v^2 + c u v
                     + d u + e v
                     + h u^2 v + r u v^2
                     + t * (u^2 + v^2)^2 ]
    """"""
    x = np.asarray(x, dtype=float).ravel()
    if x.shape[0] != 2:
        raise ValueError(""This benchmark is defined for 2D inputs (len(x)==2)."")

    xc, yc = -1.2, 2.3
    u = x[0] - xc
    v = x[1] - yc

    # Increase overall scale to raise fitness dispersion (fitness_std target).
    s = 0.42

    # Full quadratic backbone: keep strong (quad_w_interact stays high),
    # but slightly reduce magnitudes to avoid too-extreme quadratic dominance.
    a = 0.055
    b = 0.050
    c = 0.048

    # Weaken linear drift to reduce linear-model adj_r2 (avoid overfitting).
    d = 0.035
    e = -0.028

    # Controlled odd mixed terms: preserve skewness while not dominating.
    h = 0.0014
    r = -0.0009

    # Small non-quadratic quartic term (radial) to reduce quad_w_interact
    # fit from ""too good"" toward the target, without making the landscape too rugged.
    t = 0.0025

    quad = a * u * u + b * v * v + c * u * v
    lin = d * u + e * v
    odd = h * (u * u) * v + r * u * (v * v)
    quart = t * (u * u + v * v) ** 2

    return float(s * (quad + lin + odd + quart))",0.5217118980813441,"
    Deterministic 2D synthetic landscape in shifted coordinates (u,v) = (x0-xc, x1-yc).

    The function is primarily a *full quadratic* model with:
      - linear drift,
      - controlled odd mixed terms to tune skewness,
      - a small quartic radial term to prevent an overly-perfect quadratic fit
        (reducing quad-model overfitting while keeping quad_w_interact very high).

    Let u = x[0] - xc, v = x[1] - yc. Then:
        f(x) = s * [ a u^2 + b v^2 + c u v
                     + d u + e v
                     + h u^2 v + r u v^2
                     + t * (u^2 + v^2)^2 ]
    ",,,,21,2,0.3551789304812966,0.06193477233463015,0.9184298482460461,0.8947788910615596,0.5840504211616991,0.5856354180325867,0.9565193684025654,0.9978823781636209
"import numpy as np

def problem(x: np.ndarray) -> float:
    """"""
    Shifted 2D landscape with a dominant full quadratic backbone plus very small
    higher-order perturbations to tune skewness and ruggedness.

    In shifted coordinates (u, v) with u = x0 - xc, v = x1 - yc:
        f(u,v) = s * [ a*u^2 + b*v^2 + c*u*v       (quadratic with interaction)
                     + d*u + e*v                (linear drift)
                     + h*u^2*v                  (tiny odd mixed term -> slight skew)
                     + p*(u*v)*sin(q*u*v) ]    (very small beyond-quadratic ripple)

    This structure is deterministic and intended for global optimization tests.
    """"""
    x = np.asarray(x, dtype=float).ravel()
    if x.shape[0] != 2:
        raise ValueError(""This benchmark is defined for 2D inputs (len(x)==2)."")

    # Shift of the landscape (fixed)
    xc, yc = -1.2, 2.3
    u = x[0] - xc
    v = x[1] - yc

    # --- Tuned components ---
    # Increase overall scale to raise fitness_std
    s = 0.455

    # Make quadratic backbone stronger to increase quadratic-model fits (especially full quadratic)
    a = 0.102
    b = 0.098
    c = 0.072

    # Slightly increase linear drift to raise linear-model adjusted R^2
    d = 0.040
    e = -0.032

    # Reduce odd mixed term to lower skewness while keeping it nonzero
    h = 0.00055

    # Keep ripple extremely small so nearest-better connectivity aligns more with smoothness
    p = 0.012
    q = 1.35

    quad = a * u * u + b * v * v + c * u * v
    lin = d * u + e * v
    odd_mixed = h * (u * u) * v
    ripple = p * (u * v) * np.sin(q * u * v)

    return float(s * (quad + lin + odd_mixed + ripple))",0.2998355382162991,"
    Shifted 2D landscape with a dominant full quadratic backbone plus very small
    higher-order perturbations to tune skewness and ruggedness.

    In shifted coordinates (u, v) with u = x0 - xc, v = x1 - yc:
        f(u,v) = s * [ a*u^2 + b*v^2 + c*u*v       (quadratic with interaction)
                     + d*u + e*v                (linear drift)
                     + h*u^2*v                  (tiny odd mixed term -> slight skew)
                     + p*(u*v)*sin(q*u*v) ]    (very small beyond-quadratic ripple)

    This structure is deterministic and intended for global optimization tests.
    ",,,,21,2,0.18976014699671695,0.2274230281010622,0.8461164317414578,0.8789710459380806,0.4806178658631956,0.6223749586533261,0.8660081648791814,0.9970171704958432
"import numpy as np

def problem(x: np.ndarray) -> float:
    """"""
    Deterministic 2D shifted polynomial/quasi-polynomial landscape in (u,v):
        u = x0 - xc, v = x1 - yc

    f(x) = s * [ a u^2 + b v^2 + c u v          (full quadratic backbone)
                 + d u + e v                    (linear drift)
                 + h u^2 v + r u v^2           (odd mixed terms -> controlled skew)
                 + p (u v) sin(q u v)          (small non-quadratic ripple) ]
    """"""
    x = np.asarray(x, dtype=float).ravel()
    if x.shape[0] != 2:
        raise ValueError(""This benchmark is defined for 2D inputs (len(x)==2)."")

    # Shift (fixed basin location)
    xc, yc = -1.2, 2.3
    u = x[0] - xc
    v = x[1] - yc

    # Increase overall dispersion to raise fitness_distance.fitness_std
    s = 0.726

    # Quadratic backbone: make it closer to separable squares (to improve quad_simple)
    a = 0.060
    b = 0.054
    c = 0.028  # reduced cross-term magnitude to boost quad_simple fit

    # Linear drift: slightly stronger to improve linear-model fits
    d = 0.055
    e = -0.040

    # Odd mixed terms: reduced to bring skewness closer to target
    h = 0.0012
    r = -0.0008

    # Ripple: reduced non-quadratic content to improve quad_w_interact adj_r2
    p = 0.012
    q = 1.05

    quad = a * u * u + b * v * v + c * u * v
    lin = d * u + e * v
    odd = h * (u * u) * v + r * u * (v * v)
    ripple = p * (u * v) * np.sin(q * u * v)

    return float(s * (quad + lin + odd + ripple))",0.3214844743336133,"
    Deterministic 2D shifted polynomial/quasi-polynomial landscape in (u,v):
        u = x0 - xc, v = x1 - yc

    f(x) = s * [ a u^2 + b v^2 + c u v          (full quadratic backbone)
                 + d u + e v                    (linear drift)
                 + h u^2 v + r u v^2           (odd mixed terms -> controlled skew)
                 + p (u v) sin(q u v)          (small non-quadratic ripple) ]
    ",,,,21,2,0.1404633899911884,0.249642365569244,0.8016633296027048,0.8649257818778717,0.5757970497893362,0.6633007386961404,0.9106417174010429,0.9914884900039306
"import numpy as np

def problem(x: np.ndarray) -> float:
    """"""
    Deterministic 2D shifted landscape in (u,v) with a dominant full-quadratic form
    plus a small linear drift and a *very small* controlled non-quadratic distortion:

        u = x0 - xc,  v = x1 - yc

        f(x) = s * [ a*u^2 + b*v^2 + c*u*v          (full quadratic backbone)
                     + d*u + e*v                     (linear drift)
                     + h*u^2*v                       (odd mixed term -> skew)
                     + p*(u*v)*sin(q*u*v)            (tiny beyond-quadratic ripple) ]

    The quadratic backbone ensures high quad_w_interact explanatory power, while the
    remaining higher-order terms are kept small to avoid degrading generalization.
    """"""
    x = np.asarray(x, dtype=float).ravel()
    if x.shape[0] != 2:
        raise ValueError(""This benchmark is defined for 2D inputs (len(x)==2)."")

    xc, yc = -1.2, 2.3
    u = x[0] - xc
    v = x[1] - yc

    # Increased scaling to raise objective dispersion (fitness_std)
    s = 0.245

    # Quadratic backbone (dominant structure)
    a = 0.090
    b = 0.082
    c = 0.070

    # Stronger linear drift to improve linear-model adj-R2 features
    d = 0.038
    e = -0.028

    # Reduced odd term amplitude to decrease skew while keeping it nonzero
    h = 0.0020

    # Reduced ripple amplitude to keep the function close to full-quadratic
    p = 0.018
    q = 1.25

    quad = a * u * u + b * v * v + c * u * v
    lin = d * u + e * v
    odd_mixed = h * (u * u) * v
    ripple = p * (u * v) * np.sin(q * u * v)

    return float(s * (quad + lin + odd_mixed + ripple))",0.24381541888805006,"
    Deterministic 2D shifted landscape in (u,v) with a dominant full-quadratic form
    plus a small linear drift and a *very small* controlled non-quadratic distortion:

        u = x0 - xc,  v = x1 - yc

        f(x) = s * [ a*u^2 + b*v^2 + c*u*v          (full quadratic backbone)
                     + d*u + e*v                     (linear drift)
                     + h*u^2*v                       (odd mixed term -> skew)
                     + p*(u*v)*sin(q*u*v)            (tiny beyond-quadratic ripple) ]

    The quadratic backbone ensures high quad_w_interact explanatory power, while the
    remaining higher-order terms are kept small to avoid degrading generalization.
    ",,,,21,2,0.2093936812146229,0.24867476799726915,0.8175704210397337,0.8682446455004023,0.3999633084944671,0.6009419784322154,0.7999879236397593,0.9887197881204758
"import numpy as np

def problem(x: np.ndarray) -> float:
    """"""
    2D shifted synthetic landscape:
      Let u = x0 - xc, v = x1 - yc.
      f(x) = s * [ a*u^2 + b*v^2 + c*u*v + d*u + e*v + h*u^2*v ].

    Structure:
    - A full quadratic backbone (includes interaction term c*u*v).
    - A small odd cubic term h*u^2*v to control distribution skewness.
    - No sinusoidal ripple (to avoid overfitting and preserve quadratic connectivity structure).
    """"""
    x = np.asarray(x, dtype=float).ravel()
    if x.shape[0] != 2:
        raise ValueError(""This benchmark is defined for 2D inputs (len(x)==2)."")

    xc, yc = -1.2, 2.3
    u = x[0] - xc
    v = x[1] - yc

    # Increase dispersion to match higher fitness_std target
    s = 0.32

    # Quadratic backbone (adjusted to reduce quad_simple adj R2 via stronger interaction term)
    a = 0.092
    b = 0.082
    c = 0.085  # stronger u*v interaction lowers quad_simple fit, keeps quad_w_interact high

    # Slightly weaker linear drift
    d = 0.028
    e = -0.024

    # Small odd cubic term to increase skewness slightly
    h = 0.0032

    return float(s * (a * u * u + b * v * v + c * u * v + d * u + e * v + h * (u * u) * v))",0.3589664510648338,"
    2D shifted synthetic landscape:
      Let u = x0 - xc, v = x1 - yc.
      f(x) = s * [ a*u^2 + b*v^2 + c*u*v + d*u + e*v + h*u^2*v ].

    Structure:
    - A full quadratic backbone (includes interaction term c*u*v).
    - A small odd cubic term h*u^2*v to control distribution skewness.
    - No sinusoidal ripple (to avoid overfitting and preserve quadratic connectivity structure).
    ",,,,21,2,0.2561603200941875,0.20759907850108036,0.8966186637681547,0.8873144193768004,0.3118036554821595,0.6174028809443923,0.7082108359934939,1.0
"import numpy as np

def problem(x: np.ndarray) -> float:
    """"""
    Deterministic 2D shifted landscape in (u,v) with a tuned quadratic backbone,
    modest linear drift, strongly reduced odd terms (to control skew), and a
    small even quartic deviation (to avoid near-perfect quadratic fit).

    Let u = x0 - xc, v = x1 - yc. We compute:
        f = s * [ a u^2 + b v^2 + c u v          (quadratic backbone)
                  + d u + e v                    (linear drift)
                  + h u^2 v + r u v^2           (odd terms -> skew control)
                  + g (u^2 - v^2)^2             (even quartic deviation) ]
    """"""
    x = np.asarray(x, dtype=float).ravel()
    if x.shape[0] != 2:
        raise ValueError(""This benchmark is defined for 2D inputs (len(x)==2)."")

    # Basin location (shift)
    xc, yc = -1.2, 2.3
    u = x[0] - xc
    v = x[1] - yc

    # Increase overall dispersion (target fitness_distance.fitness_std is higher)
    s = 1.00

    # Quadratic backbone: reduce cross-term to improve quad_simple adj R^2
    a = 0.105
    b = 0.098
    c = 0.030

    # Linear drift: slightly stronger linear component
    d = 0.075
    e = -0.045

    # Odd terms: further reduced to reduce skewness
    h = 0.00055
    r = -0.00030

    # Even quartic deviation: lowers quad_w_interact.adj_r2 from ~1
    g = 0.0038

    quad = a * u * u + b * v * v + c * u * v
    lin = d * u + e * v
    odd = h * (u * u) * v + r * u * (v * v)
    quartic = (u * u - v * v) * (u * u - v * v)

    return float(s * (quad + lin + odd + g * quartic))",0.3834337478701304,"
    Deterministic 2D shifted landscape in (u,v) with a tuned quadratic backbone,
    modest linear drift, strongly reduced odd terms (to control skew), and a
    small even quartic deviation (to avoid near-perfect quadratic fit).

    Let u = x0 - xc, v = x1 - yc. We compute:
        f = s * [ a u^2 + b v^2 + c u v          (quadratic backbone)
                  + d u + e v                    (linear drift)
                  + h u^2 v + r u v^2           (odd terms -> skew control)
                  + g (u^2 - v^2)^2             (even quartic deviation) ]
    ",,,,21,2,0.3200580464299217,0.13771840674143948,0.872892791869708,0.8815066736038406,0.5197840168958577,0.588302224232848,0.8183880836880231,0.9957126253613701
"import numpy as np

def problem(x: np.ndarray) -> float:
    """"""
    Deterministic 2D synthetic landscape with mixed (quadratic+linear) backbone plus
    controlled higher-order odd and non-quadratic terms:

        u = x0 - xc, v = x1 - yc
        f(x) = s * [ Q(u,v) + L(u,v) + A(u,v) + N(u,v) + C(u) ]

    where
        Q(u,v) = a*u^2 + b*v^2 + c*u*v                 (full quadratic backbone)
        L(u,v) = d*u + e*v                           (linear drift)
        A(u,v) = h*u^2*v                             (odd mixed asymmetry)
        N(u,v) = p*(u*v)*sin(q*u*v) + t*(u*v)*(u^2+v^2)  (non-quadratic ripples)
        C(u)   = r*u^3                               (odd cubic skew/variance)

    Designed to be evaluated on [-5,5]^2 without any stochasticity.
    """"""
    x = np.asarray(x, dtype=float).ravel()
    if x.shape[0] != 2:
        raise ValueError(""This benchmark is defined for 2D inputs (len(x)==2)."")

    xc, yc = -1.2, 2.3
    u = x[0] - xc
    v = x[1] - yc

    # Scale up overall dispersion to increase fitness_std.
    s = 0.88

    # Keep a clean quadratic backbone (so quad_w_interact stays very high),
    # but weaken linear drift a bit to avoid overly-high linear adj_r2.
    a = 0.112
    b = 0.095
    c = 0.070
    d = 0.027
    e = -0.022

    # Increase odd asymmetry slightly to raise skewness.
    h = 0.0046
    r = 0.013

    # Add more non-quadratic structure to reduce quad_simple.adj_r2
    # while keeping quad_w_interact near the target.
    p = 0.065
    q = 1.10
    t = 0.018

    quad = a * u * u + b * v * v + c * u * v
    lin = d * u + e * v
    asym = h * (u * u) * v
    ripple = p * (u * v) * np.sin(q * u * v)
    nonquad = t * (u * v) * (u * u + v * v)
    cubic = r * (u ** 3)

    return float(s * (quad + lin + asym + ripple + nonquad + cubic))",1.9827250995754873,"
    Deterministic 2D synthetic landscape with mixed (quadratic+linear) backbone plus
    controlled higher-order odd and non-quadratic terms:

        u = x0 - xc, v = x1 - yc
        f(x) = s * [ Q(u,v) + L(u,v) + A(u,v) + N(u,v) + C(u) ]

    where
        Q(u,v) = a*u^2 + b*v^2 + c*u*v                 (full quadratic backbone)
        L(u,v) = d*u + e*v                           (linear drift)
        A(u,v) = h*u^2*v                             (odd mixed asymmetry)
        N(u,v) = p*(u*v)*sin(q*u*v) + t*(u*v)*(u^2+v^2)  (non-quadratic ripples)
        C(u)   = r*u^3                               (odd cubic skew/variance)

    Designed to be evaluated on [-5,5]^2 without any stochasticity.
    ",,,,21,2,-0.23935283651915146,2.143158934527057,0.22819955843479184,0.9164832892491802,0.2540574731190842,0.8903951894435163,0.25467809679473435,0.9803621637934796
"import numpy as np

def problem(x: np.ndarray) -> float:
    """"""
    Deterministic 2D synthetic landscape in shifted coordinates (u,v).

    Let u = x0 - xc, v = x1 - yc. We evaluate a mostly-quadratic core plus
    (i) a small linear drift, (ii) a reduced single odd cubic term to tune skew,
    and (iii) a mild non-quadratic ripple to avoid an *overly* perfect quadratic.

        f(u,v) = s * [ a u^2 + b v^2 + c u v
                      + d u + e v
                      + h u^2 v
                      + p (u v) * sin(q u v) ]

    with (xc,yc)=(-1.2, 2.3). Designed for inputs in [-5,5]^2.
    """"""
    x = np.asarray(x, dtype=float).ravel()
    if x.shape[0] != 2:
        raise ValueError(""This benchmark is defined for 2D inputs (len(x)==2)."")

    # Basin location (shift)
    xc, yc = -1.2, 2.3
    u = x[0] - xc
    v = x[1] - yc

    # Overall dispersion (tunes fitness-distance fitness_std)
    s = 0.95

    # Quadratic backbone (drives quad_simple / quad_w_interact fits)
    a = 0.090
    b = 0.086
    c = 0.072

    # Modest linear drift (tunes linear-model fits)
    d = 0.067
    e = -0.046

    # Reduced skew control: keep ONE odd cubic component (simpler than two)
    h = 8.0e-4

    # Mild non-quadratic ripple: enough to reduce ""too-perfect"" quadratic fit
    p = 0.030
    q = 1.10

    quad = a * u * u + b * v * v + c * u * v
    lin = d * u + e * v
    odd = h * (u * u) * v
    ripple = p * (u * v) * np.sin(q * u * v)

    return float(s * (quad + lin + odd + ripple))",0.24020348640311345,"
    Deterministic 2D synthetic landscape in shifted coordinates (u,v).

    Let u = x0 - xc, v = x1 - yc. We evaluate a mostly-quadratic core plus
    (i) a small linear drift, (ii) a reduced single odd cubic term to tune skew,
    and (iii) a mild non-quadratic ripple to avoid an *overly* perfect quadratic.

        f(u,v) = s * [ a u^2 + b v^2 + c u v
                      + d u + e v
                      + h u^2 v
                      + p (u v) * sin(q u v) ]

    with (xc,yc)=(-1.2, 2.3). Designed for inputs in [-5,5]^2.
    ",,,,21,2,0.18387612228164155,0.20087240282132016,0.7602290712286155,0.8344917963959751,0.47304625107339554,0.630220437561481,0.8302721048743071,0.9766778608961353
"import numpy as np

def problem(x: np.ndarray) -> float:
    """"""
    Synthetic 2D benchmark on [-5,5]^2 with a quadratic backbone plus controlled
    nonlinearity/ruggedness.

    Let (u,v) = (x0 - xc, x1 - yc) with (xc,yc) = (-1.2, 2.3). We evaluate

        f(x) = s * [ a u^2 + b v^2 + c u v                (quadratic backbone)
                     + d u + e v                          (linear drift)
                     + h u^2 v + t u^3                    (odd asymmetry / non-quadratic)
                     + p sin(q u v)                       (non-quadratic coupling)
                     + 0.5 r (cos(k u) + cos(k v))        (separable periodic ruggedness)
                     + w sin(u + v)                       (extra nonlinearity) ].

    The function is deterministic and uses only NumPy operations.
    """"""
    x = np.asarray(x, dtype=float).ravel()
    if x.shape[0] != 2:
        raise ValueError(""This benchmark is defined for 2D inputs (len(x)==2)."")

    xc, yc = -1.2, 2.3
    u = x[0] - xc
    v = x[1] - yc

    # Overall scaling to better match target fitness dispersion
    s = 1.00

    # Reduce quadratic dominance so quadratic explainability is not near-perfect
    a = 0.060
    b = 0.056
    c = 0.045

    # Weaken linear drift (to reduce linear-model adjusted R^2)
    d = 0.020
    e = -0.015

    # Keep controlled asymmetry for a moderate skewness
    h = 0.0032
    t = 0.0092

    # Strengthen non-quadratic components to reduce both quad_simple and quad_w_interact fits
    p = 0.160
    q = 1.70

    r = 0.110
    k = 3.20

    w = 0.050

    quad = a * u * u + b * v * v + c * u * v
    lin = d * u + e * v
    odd = h * (u * u) * v + t * (u * u * u)
    ripple = p * np.sin(q * u * v)
    periodic = 0.5 * r * (np.cos(k * u) + np.cos(k * v))
    extra = w * np.sin(u + v)

    return float(s * (quad + lin + odd + ripple + periodic + extra))",0.12018826863952549,"
    Synthetic 2D benchmark on [-5,5]^2 with a quadratic backbone plus controlled
    nonlinearity/ruggedness.

    Let (u,v) = (x0 - xc, x1 - yc) with (xc,yc) = (-1.2, 2.3). We evaluate

        f(x) = s * [ a u^2 + b v^2 + c u v                (quadratic backbone)
                     + d u + e v                          (linear drift)
                     + h u^2 v + t u^3                    (odd asymmetry / non-quadratic)
                     + p sin(q u v)                       (non-quadratic coupling)
                     + 0.5 r (cos(k u) + cos(k v))        (separable periodic ruggedness)
                     + w sin(u + v)                       (extra nonlinearity) ].

    The function is deterministic and uses only NumPy operations.
    ",,,,21,2,0.20194373326048673,0.2600120471129809,0.5911982286643652,0.8673950749664375,0.45647447102122696,0.5906175642461265,0.8367133085100532,0.9889521366099391
"import numpy as np

def problem(x: np.ndarray) -> float:
    """"""
    Deterministic 2D synthetic landscape built from an offset full quadratic
    plus controlled higher-order asymmetry and small non-quadratic ripple:

        u = x0 - (-1.2),  v = x1 - (2.3)
        f(x) = s * [ Q(u,v) + L(u,v) + H(u,v) + R(u,v) + C3(u) ]

    where
        Q(u,v) = a*u^2 + b*v^2 + c*u*v                 (full quadratic backbone)
        L(u,v) = d*u + e*v                           (linear drift)
        H(u,v) = h*u^2*v                             (odd mixed term for skew/asymmetry)
        R(u,v) = p*(u*v)*sin(q*u*v)                  (small non-quadratic ripple)
        C3(u)  = r*u^3                               (odd cubic for additional skew/variance)
    """"""
    x = np.asarray(x, dtype=float).ravel()
    if x.shape[0] != 2:
        raise ValueError(""This benchmark is defined for 2D inputs (len(x)==2)."")

    xc, yc = -1.2, 2.3
    u = x[0] - xc
    v = x[1] - yc

    # Overall scaling (controls fitness dispersion / std)
    s = 0.85

    # Quadratic backbone (increase u*v interaction to reduce ""quad_simple"" fit)
    a = 0.108
    b = 0.094
    c = 0.135

    # Linear drift
    d = 0.030
    e = -0.025

    # Odd terms (tune skewness/variance without adding too much ruggedness)
    h = 0.0045
    r = 0.012

    # Small ripple (kept limited to preserve nearest-better correlation)
    p = 0.030
    q = 1.10

    quad = a * u * u + b * v * v + c * u * v
    lin = d * u + e * v
    odd_mixed = h * (u * u) * v
    ripple = p * (u * v) * np.sin(q * u * v)
    cubic = r * (u ** 3)

    return float(s * (quad + lin + odd_mixed + ripple + cubic))",0.3484415571878577,"
    Deterministic 2D synthetic landscape built from an offset full quadratic
    plus controlled higher-order asymmetry and small non-quadratic ripple:

        u = x0 - (-1.2),  v = x1 - (2.3)
        f(x) = s * [ Q(u,v) + L(u,v) + H(u,v) + R(u,v) + C3(u) ]

    where
        Q(u,v) = a*u^2 + b*v^2 + c*u*v                 (full quadratic backbone)
        L(u,v) = d*u + e*v                           (linear drift)
        H(u,v) = h*u^2*v                             (odd mixed term for skew/asymmetry)
        R(u,v) = p*(u*v)*sin(q*u*v)                  (small non-quadratic ripple)
        C3(u)  = r*u^3                               (odd cubic for additional skew/variance)
    ",,,,21,2,0.25557903821729183,0.1256604544874968,0.6449860763981046,0.839686470270837,0.21538645152901004,0.5799787598736106,0.6212942360853533,0.9862337646851963
"import numpy as np

def problem(x: np.ndarray) -> float:
    """"""
    Deterministic 2D synthetic benchmark with a rotated quadratic backbone and
    smooth, localized nonlinearity.

    Let x = (x0,x1), shift to (u,v) = (x0-xc, x1-yc). Rotate by angle theta:
        [uR]   [ cosT  -sinT ] [u]
        [vR] = [ sinT   cosT ] [v]

    The objective is
        f(x) = s * ( Q(uR,vR) + L(uR,vR) )
               + eps * ( exp(-a1*(uR-b1)^2 - a2*vR^2)
                       -exp(-a1*(uR+b1)^2 - a2*vR^2) )
               + eta * (uR**3 - 3*uR*(vR**2))

    where
        Q(uR,vR) = A*uR^2 + B*vR^2 + C*uR*vR   (full quadratic with interaction)
        L(uR,vR) = D*uR + E*vR                 (linear drift)

    The exponential pair (odd in uR) and the cubic term introduce controlled skew,
    while keeping the landscape close to a quadratic model.
    """"""
    x = np.asarray(x, dtype=float).ravel()
    if x.shape[0] != 2:
        raise ValueError(""This benchmark is defined for 2D inputs (len(x)==2)."")

    xc, yc = -1.7, 1.6
    u = x[0] - xc
    v = x[1] - yc

    # Rotate to make the quadratic interaction meaningful for global fits
    theta = 0.62
    cosT, sinT = np.cos(theta), np.sin(theta)
    uR = cosT * u - sinT * v
    vR = sinT * u + cosT * v

    # Quadratic backbone: strong enough for high quad_w_interact, but with interaction C
    s = 0.92
    A = 0.075
    B = 0.068
    C = 0.058

    # Linear drift: moderate (not dominant)
    D = 0.040
    E = -0.032

    # Localized smooth nonlinearity: difference of two Gaussians (odd in uR -> skew)
    eps = 0.085
    a1 = 0.22
    a2 = 0.16
    b1 = 0.55
    gauss_pos = np.exp(-a1 * (uR - b1) ** 2 - a2 * (vR) ** 2)
    gauss_neg = np.exp(-a1 * (uR + b1) ** 2 - a2 * (vR) ** 2)

    # Small cubic anisotropic term for additional asymmetry
    eta = 0.010

    Q = A * uR * uR + B * vR * vR + C * uR * vR
    L = D * uR + E * vR
    skew = (uR ** 3 - 3.0 * uR * (vR ** 2))

    f = s * (Q + L) + eps * (gauss_pos - gauss_neg) + eta * skew
    return float(f)",0.47508604302585994,"
    Deterministic 2D synthetic benchmark with a rotated quadratic backbone and
    smooth, localized nonlinearity.

    Let x = (x0,x1), shift to (u,v) = (x0-xc, x1-yc). Rotate by angle theta:
        [uR]   [ cosT  -sinT ] [u]
        [vR] = [ sinT   cosT ] [v]

    The objective is
        f(x) = s * ( Q(uR,vR) + L(uR,vR) )
               + eps * ( exp(-a1*(uR-b1)^2 - a2*vR^2)
                       -exp(-a1*(uR+b1)^2 - a2*vR^2) )
               + eta * (uR**3 - 3*uR*(vR**2))

    where
        Q(uR,vR) = A*uR^2 + B*vR^2 + C*uR*vR   (full quadratic with interaction)
        L(uR,vR) = D*uR + E*vR                 (linear drift)

    The exponential pair (odd in uR) and the cubic term introduce controlled skew,
    while keeping the landscape close to a quadratic model.
    ",,,,22,2,0.5389939135937427,0.3518181457252968,0.33911879207350865,0.9418157775392593,0.5424488491018268,0.715503105970276,0.7242483631963449,0.9999863236056133
"import numpy as np

def problem(x: np.ndarray) -> float:
    """"""
    Deterministic 2D benchmark built from a quadratic form expressed as sums of squares
    of rotated linear functions, plus controlled non-quadratic odd and coupling terms.

    Let (u,v) = (x0-xc, x1-yc) with (xc,yc)=(-1.2, 2.3) and r2=u^2+v^2.
    The objective is:
        f(x) = s * [ A*(u + bv)^2 + B*(v - au)^2          (quadratic backbone with interaction)
                     + d*u + e*v                         (linear drift)
                     + g * u * r2                        (odd term -> skew/asymmetry)
                     + p * r2 * sin( k*(u*v) / (1+r2) ) (non-quadratic coupling/ripple) ]
    """"""
    x = np.asarray(x, dtype=float).ravel()
    if x.shape[0] != 2:
        raise ValueError(""This benchmark is defined for 2D inputs (len(x)==2)."")

    xc, yc = -1.2, 2.3
    u = x[0] - xc
    v = x[1] - yc
    r2 = u * u + v * v

    # Scale to hit a larger fitness dispersion
    s = 1.15

    # Quadratic backbone as sum of squares of linear forms (still a full quadratic overall)
    A = 0.075
    B = 0.058
    a = 0.38
    b = 0.62

    # Linear drift (moderate, so linear models explain only part of the structure)
    d = 0.020
    e = -0.016

    # Controlled odd term to induce moderate positive skewness
    g = 0.0065

    # Small non-quadratic coupling with bounded argument to preserve overall quadratic explainability
    p = 0.040
    k = 2.2
    coupling = (u * v) / (1.0 + r2)
    ripple = r2 * np.sin(k * coupling)

    quad_backbone = A * (u + b * v) ** 2 + B * (v - a * u) ** 2
    lin = d * u + e * v
    odd = g * u * r2

    return float(s * (quad_backbone + lin + odd + p * ripple))",0.2964920570847839,"
    Deterministic 2D benchmark built from a quadratic form expressed as sums of squares
    of rotated linear functions, plus controlled non-quadratic odd and coupling terms.

    Let (u,v) = (x0-xc, x1-yc) with (xc,yc)=(-1.2, 2.3) and r2=u^2+v^2.
    The objective is:
        f(x) = s * [ A*(u + bv)^2 + B*(v - au)^2          (quadratic backbone with interaction)
                     + d*u + e*v                         (linear drift)
                     + g * u * r2                        (odd term -> skew/asymmetry)
                     + p * r2 * sin( k*(u*v) / (1+r2) ) (non-quadratic coupling/ripple) ]
    ",,,,22,2,0.19623537357356602,0.07979473620283481,0.6981491602722223,0.8827204949554558,0.3485243983349596,0.5887005147397771,0.7609043694841875,0.9997094324869622
"import numpy as np

def problem(x: np.ndarray) -> float:
    """"""
    2D synthetic benchmark built as:
      1) a rotated full-quadratic bowl in (u,v):  a*u^2 + b*v^2 + c*u*v + d*u + e*v
      2) a very small odd cubic harmonic (controls skewness): k*(u^3 - 3*u*v^2)
      3) a tiny quartic ""softness"" term to increase fitness dispersion without
         destroying the full-quadratic explainability:
            m*(u^2 + v^2)^2 + n*(u*v)^2

    Coordinates:
      [u; v] = R * ([x0; x1] - [xc; yc]), where R is a 2D rotation.
    """"""
    x = np.asarray(x, dtype=float).ravel()
    if x.shape[0] != 2:
        raise ValueError(""This benchmark is defined for 2D inputs (len(x)==2)."")

    # Shift + rotation (new geometry compared to prior versions)
    xc, yc = 1.6, -2.1
    x0, x1 = x[0] - xc, x[1] - yc

    theta = 0.9  # rotation angle
    ct, st = np.cos(theta), np.sin(theta)
    u = ct * x0 + st * x1
    v = -st * x0 + ct * x1

    # Full quadratic backbone (dominant; should drive high quad_w_interact adj-R2)
    a = 0.095
    b = 0.085
    c = 0.062
    d = -0.055
    e = 0.041

    # Scale to tune fitness dispersion (fitness_std target is relatively high)
    s = 0.38

    # Tiny beyond-quadratic terms: enough to create nonzero skewness/dispersion,
    # but small enough to keep quadratic models highly explanatory.
    k = 0.0026                      # odd cubic harmonic -> controls skewness
    m = 3.0e-05 * 1.0               # radial quartic softness
    n = -2.0e-05 * 1.0              # coupling quartic tweak

    quad = a * u * u + b * v * v + c * u * v + d * u + e * v
    cubic_odd = k * (u**3 - 3.0 * u * v * v)
    quartic = m * (u*u + v*v)**2 + n * (u*v)**2

    return float(s * (quad + cubic_odd + quartic))",0.5392210095179883,"
    2D synthetic benchmark built as:
      1) a rotated full-quadratic bowl in (u,v):  a*u^2 + b*v^2 + c*u*v + d*u + e*v
      2) a very small odd cubic harmonic (controls skewness): k*(u^3 - 3*u*v^2)
      3) a tiny quartic ""softness"" term to increase fitness dispersion without
         destroying the full-quadratic explainability:
            m*(u^2 + v^2)^2 + n*(u*v)^2

    Coordinates:
      [u; v] = R * ([x0; x1] - [xc; yc]), where R is a 2D rotation.
    ",,,,22,2,0.2272765563762516,0.18039539447581973,0.9232646559644474,0.914587586495562,0.7189564732324075,0.72534237999331,0.9868698346248012,0.9999992233529054
"import numpy as np

def problem(x: np.ndarray) -> float:
    """"""
    Deterministic 2D synthetic benchmark with a mostly full-quadratic structure
    plus controlled higher-order interaction terms.

    Let u = x0 - xc, v = x1 - yc (with fixed center (xc,yc)). The function is

        f(x) = s * (  a*u^2 + b*v^2 + c*u*v            # full quadratic backbone
                    + d*u + e*v                       # linear drift
                    + k*(u*v)*(u+v)                  # cubic odd interaction -> skew control
                    + m*(u^2)*(v^2)                  # quartic interaction -> reduces exact quadratic fit
                  )

    Domain: x in [-5,5]^2 is safe; all terms are polynomial.
    """"""
    x = np.asarray(x, dtype=float).ravel()
    if x.shape[0] != 2:
        raise ValueError(""This benchmark is defined for 2D inputs (len(x)==2)."")

    # Center (shift)
    xc, yc = -0.8, 1.1
    u = x[0] - xc
    v = x[1] - yc

    # Overall dispersion (controls objective-value std scale)
    s = 0.42

    # Quadratic + linear drift (drives high quad_w_interact fit)
    a = 0.072
    b = 0.061
    c = 0.095
    d = 0.045
    e = -0.038

    # Higher-order terms (introduce non-quadratic structure and skew)
    # Cubic odd interaction (changes sign under (u,v)->(-u,-v) and affects skewness)
    k = 0.0105
    # Quartic interaction (u^2 v^2) keeps surfaces globally “quadratic-like” but not exact
    m = 0.0065

    quad = a * u * u + b * v * v + c * u * v
    lin = d * u + e * v
    cubic_odd = k * (u * v) * (u + v)
    quart_int = m * (u * u) * (v * v)

    return float(s * (quad + lin + cubic_odd + quart_int))",0.5344552333912886,"
    Deterministic 2D synthetic benchmark with a mostly full-quadratic structure
    plus controlled higher-order interaction terms.

    Let u = x0 - xc, v = x1 - yc (with fixed center (xc,yc)). The function is

        f(x) = s * (  a*u^2 + b*v^2 + c*u*v            # full quadratic backbone
                    + d*u + e*v                       # linear drift
                    + k*(u*v)*(u+v)                  # cubic odd interaction -> skew control
                    + m*(u^2)*(v^2)                  # quartic interaction -> reduces exact quadratic fit
                  )

    Domain: x in [-5,5]^2 is safe; all terms are polynomial.
    ",,,,22,2,0.3984779795153451,0.11869382179906367,0.8733080292871618,0.8563831724709439,0.19144689200532916,0.33862143077359946,0.7614582332149821,1.0
"import numpy as np

def problem(x: np.ndarray) -> float:
    """"""
    Deterministic 2D synthetic landscape with a strong full-quadratic model
    (including an interaction term) plus small asymmetric/non-quadratic perturbations.

    Let u = x0 - xc, v = x1 - yc with (xc, yc) = (-1.2, 2.3). Define

        q(u,v) = a*u^2 + b*v^2 + c*u*v + d*u + e*v + f
        n(u,v) = eps1*(u^3 - 0.6*u*v^2) + eps2*(0.7*sin(1.1*u) + 0.9*cos(1.3*v))*u*v

    Then the objective is:
        f(x) = s * ( q(u,v) + n(u,v) )

    The quadratic backbone dominates (so full-quadratic ELA is very high) while
    the asymmetric cubic term and the small oscillatory interaction term tune
    skewness/dispersion and prevent perfect quadratic explainability.
    """"""
    x = np.asarray(x, dtype=float).ravel()
    if x.shape[0] != 2:
        raise ValueError(""This benchmark is defined for 2D inputs (len(x)==2)."")

    xc, yc = -1.2, 2.3
    u = x[0] - xc
    v = x[1] - yc

    # Full-quadratic backbone (interaction term c*u*v is relatively strong)
    a = 0.145
    b = 0.120
    c = 0.165
    d = -0.040
    e = 0.028
    f0 = -0.010

    # Perturbations: small but structured to affect distribution statistics
    eps1 = 0.030  # asymmetric cubic contribution (controls skew)
    eps2 = 0.018  # small non-quadratic oscillatory interaction term

    quad = a * u * u + b * v * v + c * u * v + d * u + e * v + f0
    nonquad = eps1 * (u**3 - 0.6 * u * v**2) + eps2 * (0.7 * np.sin(1.1 * u) + 0.9 * np.cos(1.3 * v)) * (u * v)

    # Global scaling to tune fitness_std
    s = 1.35
    return float(s * (quad + nonquad))",0.48360956423773427,"
    Deterministic 2D synthetic landscape with a strong full-quadratic model
    (including an interaction term) plus small asymmetric/non-quadratic perturbations.

    Let u = x0 - xc, v = x1 - yc with (xc, yc) = (-1.2, 2.3). Define

        q(u,v) = a*u^2 + b*v^2 + c*u*v + d*u + e*v + f
        n(u,v) = eps1*(u^3 - 0.6*u*v^2) + eps2*(0.7*sin(1.1*u) + 0.9*cos(1.3*v))*u*v

    Then the objective is:
        f(x) = s * ( q(u,v) + n(u,v) )

    The quadratic backbone dominates (so full-quadratic ELA is very high) while
    the asymmetric cubic term and the small oscillatory interaction term tune
    skewness/dispersion and prevent perfect quadratic explainability.
    ",,,,22,2,0.32960370902594105,0.12599363733749588,0.7566250040500718,0.8674572403350616,0.1200560462871371,0.5301553582377485,0.5525274239980525,0.997612837475761
"import numpy as np

def problem(x: np.ndarray) -> float:
    """"""
    Deterministic 2D landscape built from a tilted quadratic bowl (full quadratic)
    plus a localized Gaussian ""dent"" and a weak non-polynomial ripple.

    Let u = x0 - xc, v = x1 - yc. The function is:
        f(x) = s * [ a u^2 + b v^2 + c u v + d u + e v ]
               + g * exp(-((u-u0)^2 + (v-v0)^2)/(2*sigma^2))
               + r * sin(k * u * v)

    The quadratic term dominates global structure (high quad_w_interact fit),
    while the Gaussian dent and sinus ripple introduce controlled non-quadratic
    effects and mild distribution skew.
    """"""
    x = np.asarray(x, dtype=float).ravel()
    if x.shape[0] != 2:
        raise ValueError(""This benchmark is defined for 2D inputs (len(x)==2)."")

    # Shift (move basin away from origin)
    xc, yc = 1.3, -2.1
    u = x[0] - xc
    v = x[1] - yc

    # Dominant quadratic backbone
    s = 0.52
    a = 0.072
    b = 0.061
    c = 0.055
    d = -0.022
    e = 0.018

    quad = a * u * u + b * v * v + c * u * v + d * u + e * v

    # Localized non-polynomial dent (affects skewness & neighborhood relations)
    u0, v0 = -1.0, 0.7
    sigma = 1.15
    g = 0.045
    dent = g * np.exp(-(((u - u0) ** 2 + (v - v0) ** 2) / (2.0 * sigma * sigma)))

    # Weak interaction ripple beyond quadratic
    r = 0.020
    k = 1.35
    ripple = r * np.sin(k * u * v)

    return float(s * quad + dent + ripple)",0.32224867377002614,"
    Deterministic 2D landscape built from a tilted quadratic bowl (full quadratic)
    plus a localized Gaussian ""dent"" and a weak non-polynomial ripple.

    Let u = x0 - xc, v = x1 - yc. The function is:
        f(x) = s * [ a u^2 + b v^2 + c u v + d u + e v ]
               + g * exp(-((u-u0)^2 + (v-v0)^2)/(2*sigma^2))
               + r * sin(k * u * v)

    The quadratic term dominates global structure (high quad_w_interact fit),
    while the Gaussian dent and sinus ripple introduce controlled non-quadratic
    effects and mild distribution skew.
    ",,,,22,2,0.20759630116672817,0.23275191086738076,0.8933304468846782,0.8662259660812014,0.3861463661965697,0.5819722225344438,0.8159483150073017,0.999300342523245
"import numpy as np

def problem(x: np.ndarray) -> float:
    """"""
    Deterministic 2D synthetic landscape with a dominant full-quadratic structure
    plus a small odd (cubic harmonic) perturbation to control skewness.

    Let (u,v) be shifted coordinates:
        u = x0 - xc,  v = x1 - yc

    The objective is:
        f(x) = s * ( Q(u,v) + L(u,v) + eps * H3(u,v) )

    where the (full) quadratic part is:
        Q(u,v) = a*u^2 + b*v^2 + c*u*v
    the linear drift is:
        L(u,v) = d*u + e*v
    and the odd cubic perturbation (controls distribution skew) is:
        H3(u,v) = u^3 - 3*u*v^2   (a 3-fold harmonic)

    The perturbation strength eps is kept small so that the landscape remains
    close to a full quadratic (high quad_w_interact adj-R2).
    """"""
    x = np.asarray(x, dtype=float).ravel()
    if x.shape[0] != 2:
        raise ValueError(""This benchmark is defined for 2D inputs (len(x)==2)."")

    xc, yc = -0.7, 1.9
    u = x[0] - xc
    v = x[1] - yc

    # Overall scaling: controls fitness dispersion (fitness_std)
    s = 0.48

    # Dominant full quadratic backbone (strong interaction between u and v)
    a = 0.085
    b = 0.075
    c = 0.060

    # Moderate linear drift (so linear models have non-trivial but not perfect fit)
    d = 0.032
    e = -0.028

    # Small odd cubic harmonic perturbation (tunes skewness without destroying quadratic fit)
    eps = 0.0032

    Q = a * u * u + b * v * v + c * u * v
    L = d * u + e * v
    H3 = u * u * u - 3.0 * u * v * v

    return float(s * (Q + L + eps * H3))",0.4439660370077021,"
    Deterministic 2D synthetic landscape with a dominant full-quadratic structure
    plus a small odd (cubic harmonic) perturbation to control skewness.

    Let (u,v) be shifted coordinates:
        u = x0 - xc,  v = x1 - yc

    The objective is:
        f(x) = s * ( Q(u,v) + L(u,v) + eps * H3(u,v) )

    where the (full) quadratic part is:
        Q(u,v) = a*u^2 + b*v^2 + c*u*v
    the linear drift is:
        L(u,v) = d*u + e*v
    and the odd cubic perturbation (controls distribution skew) is:
        H3(u,v) = u^3 - 3*u*v^2   (a 3-fold harmonic)

    The perturbation strength eps is kept small so that the landscape remains
    close to a full quadratic (high quad_w_interact adj-R2).
    ",,,,22,2,0.37062217025271,0.15403217322971186,0.9052638328465071,0.8823706734440867,0.269906881027309,0.5977352574385415,0.662923379061042,1.0
"import numpy as np

def problem(x: np.ndarray) -> float:
    """"""
    Smooth shifted 2D landscape built from a dominant full quadratic plus a small
    odd (cubic) distortion and a very low-amplitude smooth ripple.

        Let u = x0 - xc, v = x1 - yc. Define
            Q(u,v) = a*u^2 + b*v^2 + c*u*v + d*u + e*v
            C(u,v) = k1*u^3 - k2*v^3            (odd terms -> controlled skew)
            R(u,v) = r_amp * sin(r_f*u + r_g*v)  (mild non-quadratic ripple)

        f(x) = S * ( Q(u,v) + C(u,v) + R(u,v) )

    This is deterministic and uses only NumPy.
    """"""
    x = np.asarray(x, dtype=float).ravel()
    if x.shape[0] != 2:
        raise ValueError(""This benchmark is defined for 2D inputs (len(x)==2)."")

    xc, yc = 1.35, -0.85
    u = x[0] - xc
    v = x[1] - yc

    # Dominant quadratic backbone (kept smooth so quad models fit very well)
    a = 0.115
    b = 0.102
    c = 0.075
    d = 0.040
    e = -0.033

    # Overall scaling to increase fitness dispersion
    S = 0.62

    # Odd cubic distortion to create moderate positive skewness without destroying
    # quadratic explainability too much.
    k1 = 0.0060
    k2 = 0.0042

    # Mild ripple: very small amplitude and smooth phase coupling
    r_amp = 0.018
    r_f = 0.85
    r_g = 1.10

    Q = a * u * u + b * v * v + c * u * v + d * u + e * v
    C = k1 * (u ** 3) - k2 * (v ** 3)
    R = r_amp * np.sin(r_f * u + r_g * v)

    return float(S * (Q + C + R))",0.5496197033650657,"
    Smooth shifted 2D landscape built from a dominant full quadratic plus a small
    odd (cubic) distortion and a very low-amplitude smooth ripple.

        Let u = x0 - xc, v = x1 - yc. Define
            Q(u,v) = a*u^2 + b*v^2 + c*u*v + d*u + e*v
            C(u,v) = k1*u^3 - k2*v^3            (odd terms -> controlled skew)
            R(u,v) = r_amp * sin(r_f*u + r_g*v)  (mild non-quadratic ripple)

        f(x) = S * ( Q(u,v) + C(u,v) + R(u,v) )

    This is deterministic and uses only NumPy.
    ",,,,22,2,0.3104065122132581,0.3673829681961836,0.8911578820278798,0.8344774989208413,0.04732466549228753,0.35080946364355836,0.7029526631956597,0.9998935336807352
"import numpy as np

def problem(x: np.ndarray) -> float:
    """"""
    Deterministic 2D synthetic landscape built from:
      1) a full quadratic form in a rotated/shifted coordinate system (dominant),
      2) a small cubic harmonic term (introduces moderate skew),
      3) weak quartic terms (slightly reduce pure-quadratic explainability).

    Let z = R @ (x - c), where R is a fixed rotation and c is a shift.
    The objective is:
        f(x) = s * [ Q(z) + h*C(z) + g*G(z) ]
    where
        Q(z) = a*z0^2 + b*z1^2 + c12*z0*z1 + d*z0 + e*z1                 (full quadratic)
        C(z) = z0^3 - 3*z0*z1^2                                         (odd harmonic -> skew)
        G(z) = q4*(z0^4 + z1^4) + qmix*z0^2*z1^2                          (weak quartic -> nonperfect quad fit)

    This form differs from the previously used u^2*v and (u*v)*sin(q*u*v) constructions.
    """"""
    x = np.asarray(x, dtype=float).ravel()
    if x.shape[0] != 2:
        raise ValueError(""This benchmark is defined for 2D inputs (len(x)==2)."")

    # Fixed shift and rotation (so the global structure is quadratic in (z0,z1))
    c0, c1 = 0.7, -1.6
    theta = 0.9
    ct, st = np.cos(theta), np.sin(theta)
    R = np.array([[ct, -st],
                  [st,  ct]], dtype=float)

    z = R @ (x - np.array([c0, c1], dtype=float))
    z0, z1 = z[0], z[1]

    # Dominant quadratic backbone (full quadratic with linear drift)
    a = 0.075
    b = 0.060
    c12 = 0.058
    d = 0.020
    e = -0.018

    Q = a * z0 * z0 + b * z1 * z1 + c12 * z0 * z1 + d * z0 + e * z1

    # Odd cubic harmonic to create skewness (moderate magnitude)
    C = (z0 * z0 * z0) - 3.0 * z0 * z1 * z1

    # Weak quartic terms to slightly reduce over-perfect quadratic fits
    q4 = 0.00055
    qmix = 0.00045
    G = q4 * (z0**4 + z1**4) + qmix * (z0**2) * (z1**2)

    # Overall scaling to set dispersion (fitness_std) into the desired range
    s = 0.92
    h = 0.012
    g = 1.0

    return float(s * (Q + h * C + g * G))",0.6143004974195059,"
    Deterministic 2D synthetic landscape built from:
      1) a full quadratic form in a rotated/shifted coordinate system (dominant),
      2) a small cubic harmonic term (introduces moderate skew),
      3) weak quartic terms (slightly reduce pure-quadratic explainability).

    Let z = R @ (x - c), where R is a fixed rotation and c is a shift.
    The objective is:
        f(x) = s * [ Q(z) + h*C(z) + g*G(z) ]
    where
        Q(z) = a*z0^2 + b*z1^2 + c12*z0*z1 + d*z0 + e*z1                 (full quadratic)
        C(z) = z0^3 - 3*z0*z1^2                                         (odd harmonic -> skew)
        G(z) = q4*(z0^4 + z1^4) + qmix*z0^2*z1^2                          (weak quartic -> nonperfect quad fit)

    This form differs from the previously used u^2*v and (u*v)*sin(q*u*v) constructions.
    ",,,,22,2,0.42558891936328835,0.11676014692598807,0.7206183627118623,0.8629251397214741,0.07206765103079163,0.3771688347750281,0.4707245672293901,0.9996636856319785
"import numpy as np

def problem(x: np.ndarray) -> float:
    """"""
    2D synthetic benchmark with a *quadratic-in-warped-coordinates* structure.

    Let (u,v) = (x0-xc, x1-yc). We first apply a small nonlinear warp:
        y0 = u + a*u^2 + b*u*v
        y1 = v + c*v^2 + d*u*v

    Then evaluate a full quadratic (with linear terms) in (y0,y1):
        q = A*y0^2 + B*y1^2 + C*y0*y1 + D*y0 + E*y1

    Finally add controlled higher-order terms to adjust skewness and ruggedness:
        f = s*( q + g1*u^3 + g2*u*v*sin(omega*(u-v)) + g3*sin(2.2*u) )

    This keeps global shape close to a quadratic (so quad fits are high), while the
    warp and residual terms break perfect quadratic explainability.
    """"""
    x = np.asarray(x, dtype=float).ravel()
    if x.shape[0] != 2:
        raise ValueError(""This benchmark is defined for 2D inputs (len(x)==2)."")

    xc, yc = -1.2, 2.3
    u = x[0] - xc
    v = x[1] - yc

    # Overall scale (controls fitness dispersion)
    s = 0.35

    # Nonlinear warp (makes the function different-form while still globally quadratic-like)
    a = 0.045
    b = 0.020
    c = -0.040
    d = 0.018

    y0 = u + a * u * u + b * u * v
    y1 = v + c * v * v + d * u * v

    # Full quadratic in warped space (dominant contribution)
    A = 0.082
    B = 0.075
    C = 0.090
    D = 0.012
    E = -0.018

    q = A * y0 * y0 + B * y1 * y1 + C * y0 * y1 + D * y0 + E * y1

    # Controlled non-quadratic residuals (tuned to create moderate skew/ruggedness)
    g1 = 0.0022             # odd component (skew)
    omega = 1.15
    g2 = 0.018             # interaction ripple
    g3 = 0.010             # separable periodic ripple

    extra = g1 * (u ** 3) + g2 * (u * v) * np.sin(omega * (u - v)) + g3 * np.sin(2.2 * u)

    return float(s * (q + extra))",0.3363566151653902,"
    2D synthetic benchmark with a *quadratic-in-warped-coordinates* structure.

    Let (u,v) = (x0-xc, x1-yc). We first apply a small nonlinear warp:
        y0 = u + a*u^2 + b*u*v
        y1 = v + c*v^2 + d*u*v

    Then evaluate a full quadratic (with linear terms) in (y0,y1):
        q = A*y0^2 + B*y1^2 + C*y0*y1 + D*y0 + E*y1

    Finally add controlled higher-order terms to adjust skewness and ruggedness:
        f = s*( q + g1*u^3 + g2*u*v*sin(omega*(u-v)) + g3*sin(2.2*u) )

    This keeps global shape close to a quadratic (so quad fits are high), while the
    warp and residual terms break perfect quadratic explainability.
    ",,,,22,2,0.21908622997713204,0.13196328833102142,0.8531508634652233,0.8773365898895158,0.39097038138977275,0.6081146166463226,0.7677047710932464,0.9951207404494125
"import numpy as np

def problem(x: np.ndarray) -> float:
    """"""
    Rotated shifted quadratic benchmark with controlled higher-order perturbations.

    Let x = (x0,x1). Define a shift and a rotation:
        u = x0 - xc,  v = x1 - yc
        z1 =  cos(theta)*u + sin(theta)*v
        z2 = -sin(theta)*u + cos(theta)*v

    Objective:
        f(x) = s * (  A*z1^2 + B*z2^2 + C*z1*z2         # full quadratic backbone in (z1,z2)
                     + d*z1 + e*z2                     # linear drift (in rotated coords)
                     + t*z1^3                         # odd cubic -> skew/asymmetry
                     + a_trig * sin(k*z2) * z2       # non-quadratic corrugation along z2
                   )

    The quadratic terms dominate (high quad_w_interact fit), while the cubic+trig terms
    inject slight skew/non-quadratic structure.
    """"""
    x = np.asarray(x, dtype=float).ravel()
    if x.shape[0] != 2:
        raise ValueError(""This benchmark is defined for 2D inputs (len(x)==2)."")

    # Shift
    xc, yc = -1.15, 2.25
    u = x[0] - xc
    v = x[1] - yc

    # Rotation (different from the direct axis-aligned formulation)
    theta = 0.63
    cth = np.cos(theta)
    sth = np.sin(theta)
    z1 = cth * u + sth * v
    z2 = -sth * u + cth * v

    # Global scale (controls objective dispersion / fitness_std)
    s = 0.60

    # Full quadratic backbone in rotated coordinates
    A = 0.14
    B = 0.11
    C = 0.085

    # Linear drift in rotated coordinates
    d = 0.05
    e = -0.035

    # Odd cubic to induce slight skewness
    t = 0.010

    # Small non-quadratic corrugation (different mechanism than uv*sine)
    a_trig = 0.020
    k = 1.6

    quad = A * z1 * z1 + B * z2 * z2 + C * z1 * z2
    lin = d * z1 + e * z2
    cubic_odd = t * (z1 ** 3)
    corrugation = a_trig * np.sin(k * z2) * z2

    return float(s * (quad + lin + cubic_odd + corrugation))",0.4088118931284121,"
    Rotated shifted quadratic benchmark with controlled higher-order perturbations.

    Let x = (x0,x1). Define a shift and a rotation:
        u = x0 - xc,  v = x1 - yc
        z1 =  cos(theta)*u + sin(theta)*v
        z2 = -sin(theta)*u + cos(theta)*v

    Objective:
        f(x) = s * (  A*z1^2 + B*z2^2 + C*z1*z2         # full quadratic backbone in (z1,z2)
                     + d*z1 + e*z2                     # linear drift (in rotated coords)
                     + t*z1^3                         # odd cubic -> skew/asymmetry
                     + a_trig * sin(k*z2) * z2       # non-quadratic corrugation along z2
                   )

    The quadratic terms dominate (high quad_w_interact fit), while the cubic+trig terms
    inject slight skew/non-quadratic structure.
    ",,,,23,2,0.1832040529709012,0.2505575686361804,0.8959922045082834,0.8956939471445653,0.6033389130637485,0.6367751023055304,0.9517879428821004,0.9994380612242514
"import numpy as np

def problem(x: np.ndarray) -> float:
    """"""
    2D shifted, rotated landscape with an (almost) full quadratic backbone plus
    a small odd/asymmetric correction and a very weak smooth ripple.

    Let x=(x0,x1). Shift and rotate:
        u = (x0-xc)*cos(th) + (x1-yc)*sin(th)
        v =-(x0-xc)*sin(th) + (x1-yc)*cos(th)

    Objective:
        f(x) = s * [ Q(u,v) + L(u,v) + A(u,v) + R(u,v) ]

    where
        Q(u,v) = a*u^2 + b*v^2 + c*u*v                 (full quadratic backbone)
        L(u,v) = d*u + e*v                             (linear drift)
        A(u,v) = k*(u*v)*(tanh(alpha*u) - tanh(alpha*v))  (odd, non-separable -> skew)
        R(u,v) = m * cos(omega*(u+v)) * u*v          (tiny smooth ripple, still mostly quadratic-like)
    """"""
    x = np.asarray(x, dtype=float).ravel()
    if x.shape[0] != 2:
        raise ValueError(""This benchmark is defined for 2D inputs (len(x)==2)."")

    # Shift
    xc, yc = -1.2, 2.3
    X0, X1 = x[0] - xc, x[1] - yc

    # Rotate axes (totally different parametrization from the provided versions)
    th = 0.55
    ct, st = np.cos(th), np.sin(th)
    u = X0 * ct + X1 * st
    v = -X0 * st + X1 * ct

    # Overall scale (controls fitness std)
    s = 1.15

    # Full quadratic backbone coefficients (keep quad fit very high)
    a = 0.095
    b = 0.070
    c = 0.060

    # Mild linear drift (prevents linear models from being too good)
    d = 0.020
    e = -0.015

    # Small odd/asymmetric term to induce moderate positive skew
    k = 0.012
    alpha = 0.75
    A = k * (u * v) * (np.tanh(alpha * u) - np.tanh(alpha * v))

    # Very weak smooth ripple to slightly reduce perfect quadratic explainability
    m = 0.006
    omega = 1.9
    R = m * np.cos(omega * (u + v)) * (u * v)

    Q = a * u * u + b * v * v + c * u * v
    L = d * u + e * v

    return float(s * (Q + L + A + R))",0.43669939649693523,"
    2D shifted, rotated landscape with an (almost) full quadratic backbone plus
    a small odd/asymmetric correction and a very weak smooth ripple.

    Let x=(x0,x1). Shift and rotate:
        u = (x0-xc)*cos(th) + (x1-yc)*sin(th)
        v =-(x0-xc)*sin(th) + (x1-yc)*cos(th)

    Objective:
        f(x) = s * [ Q(u,v) + L(u,v) + A(u,v) + R(u,v) ]

    where
        Q(u,v) = a*u^2 + b*v^2 + c*u*v                 (full quadratic backbone)
        L(u,v) = d*u + e*v                             (linear drift)
        A(u,v) = k*(u*v)*(tanh(alpha*u) - tanh(alpha*v))  (odd, non-separable -> skew)
        R(u,v) = m * cos(omega*(u+v)) * u*v          (tiny smooth ripple, still mostly quadratic-like)
    ",,,,23,2,0.27188492230351025,0.19813523903626806,0.9079790112038636,0.9000432194913474,0.5993654890128617,0.6740795944437954,0.9326811665979955,0.9991973763168508
"import numpy as np

def problem(x: np.ndarray) -> float:
    """"""
    Shifted 2D synthetic landscape with an explicit *full-quadratic backbone*
    (including the interaction term u*v), plus small higher-order terms to tune:
    (i) skewness, (ii) fitness dispersion, and (iii) the gap between quadratic
    fits with/without interaction.

    Let (u,v) = (x0-xc, x1-yc) with a light rotation to avoid axis-aligned artifacts.
    The function is:
        f(x) = s * ( Q(u,v) + L(u,v) + A(u,v) + N(u,v) )

    where
        Q(u,v) = a*u^2 + b*v^2 + c*u*v              (full quadratic backbone)
        L(u,v) = d*u + e*v                          (linear drift)
        A(u,v) = h*(u^2*v - u*v^2)                  (odd mixed higher-order -> skew)
        N(u,v) = p*(u*v)^2 / (1 + beta*u^2*v^2)    (non-quadratic bounded coupling ripple)
    """"""
    x = np.asarray(x, dtype=float).ravel()
    if x.shape[0] != 2:
        raise ValueError(""This benchmark is defined for 2D inputs (len(x)==2)."")

    # Shift
    xc, yc = -1.1, 2.2
    u0 = x[0] - xc
    v0 = x[1] - yc

    # Light rotation (keeps the ""quadratic backbone"" idea but changes its geometry)
    theta = 0.35
    ct, st = np.cos(theta), np.sin(theta)
    u = ct * u0 - st * v0
    v = st * u0 + ct * v0

    # Scale to obtain the target-level objective-value spread
    s = 0.85

    # Full quadratic backbone (high quad_w_interact explainability)
    a = 0.135
    b = 0.105
    c = 0.165  # interaction strength to reduce quad_simple (no uv) fit quality

    # Linear drift (to give moderate linear explainability)
    d = 0.075
    e = -0.055

    # Odd mixed higher-order term (controls skewness without dominating)
    h = 0.022

    # Bounded non-quadratic coupling ripple (affects dispersion/correlation)
    p = 0.060
    beta = 0.12

    quad = a * u * u + b * v * v + c * u * v
    lin = d * u + e * v
    asym = h * (u * u * v - u * v * v)  # = h*u*v*(u - v), odd under (u,v)->(-u,-v)
    uv2 = u * v
    ripple = p * (uv2 * uv2) / (1.0 + beta * (uv2 * uv2))

    return float(s * (quad + lin + asym + ripple))",1.2614816813773457,"
    Shifted 2D synthetic landscape with an explicit *full-quadratic backbone*
    (including the interaction term u*v), plus small higher-order terms to tune:
    (i) skewness, (ii) fitness dispersion, and (iii) the gap between quadratic
    fits with/without interaction.

    Let (u,v) = (x0-xc, x1-yc) with a light rotation to avoid axis-aligned artifacts.
    The function is:
        f(x) = s * ( Q(u,v) + L(u,v) + A(u,v) + N(u,v) )

    where
        Q(u,v) = a*u^2 + b*v^2 + c*u*v              (full quadratic backbone)
        L(u,v) = d*u + e*v                          (linear drift)
        A(u,v) = h*(u^2*v - u*v^2)                  (odd mixed higher-order -> skew)
        N(u,v) = p*(u*v)^2 / (1 + beta*u^2*v^2)    (non-quadratic bounded coupling ripple)
    ",,,,23,2,0.2088203735558058,1.4899548143637138,0.4046829300285063,0.854284201492503,0.04156282301483191,0.5398963385143164,0.44986523823549734,0.9983682767051065
"import numpy as np

def problem(x: np.ndarray) -> float:
    """"""
    Synthetic 2D benchmark on [-5,5]^2.

    Uses shifted coordinates (u,v) = (x0-xc, x1-yc) and a *full* quadratic backbone
    plus controlled departures:
        f = s * [ (a u^2 + b v^2 + c u v) + (d u + e v)          (full quadratic)
                  + g*u^3                                         (skew-inducing cubic)
                  + r*cos(k*u) + r*cos(k*v)                      (separable ruggedness)
                  + m*exp(-((u-ud)^2+(v-vd)^2)/sig2)             (localized bump) ]

    The strong u*v term (c) makes the interaction-aware quadratic explainable
    substantially better than the interaction-free quadratic, while the cubic and
    ruggedness/bump tune distribution skewness and fitness dispersion.
    """"""
    x = np.asarray(x, dtype=float).ravel()
    if x.shape[0] != 2:
        raise ValueError(""This benchmark is defined for 2D inputs (len(x)==2)."")

    xc, yc = -1.2, 2.3
    u = x[0] - xc
    v = x[1] - yc

    # Backbone scale (controls overall fitness standard deviation)
    s = 0.85

    # Full quadratic backbone (interaction term c is intentionally strong)
    a = 0.105
    b = 0.085
    c = 0.195
    d = 0.032
    e = -0.024

    # Controlled skew (odd term in u)
    g = 0.012

    # Separable periodic ruggedness (kept modest to avoid destroying quadratic fits)
    r = 0.040
    k = 2.25

    # Localized bump (adds nonlinearity without fully breaking global structure)
    m = 0.020
    ud, vd = 0.9, -0.6
    sig2 = 3.0

    quad = a * u * u + b * v * v + c * u * v
    lin = d * u + e * v
    skew = g * (u ** 3)
    rugged = r * np.cos(k * u) + r * np.cos(k * v)
    bump = m * np.exp(-((u - ud) ** 2 + (v - vd) ** 2) / sig2)

    return float(s * (quad + lin + skew + rugged + bump))",0.5325095483464718,"
    Synthetic 2D benchmark on [-5,5]^2.

    Uses shifted coordinates (u,v) = (x0-xc, x1-yc) and a *full* quadratic backbone
    plus controlled departures:
        f = s * [ (a u^2 + b v^2 + c u v) + (d u + e v)          (full quadratic)
                  + g*u^3                                         (skew-inducing cubic)
                  + r*cos(k*u) + r*cos(k*v)                      (separable ruggedness)
                  + m*exp(-((u-ud)^2+(v-vd)^2)/sig2)             (localized bump) ]

    The strong u*v term (c) makes the interaction-aware quadratic explainable
    substantially better than the interaction-free quadratic, while the cubic and
    ruggedness/bump tune distribution skewness and fitness dispersion.
    ",,,,23,2,0.34045591768827543,0.3138690967189178,0.7367171138587225,0.8724069435368454,0.07211992889088069,0.6472620557083315,0.4280484613024284,0.9996949793796707
"import numpy as np

def problem(x: np.ndarray) -> float:
    """"""
    Shifted, rotated 2D landscape with a dominant full-quadratic backbone plus
    small controlled non-quadratic components.

    Let (x0,x1) be the input. We shift to (u,v) around (xc,yc), then rotate by
    angle theta to (r,s):

        [r]   [cosθ  -sinθ] [u]
        [s] = [sinθ   cosθ] [v]

    The objective is:
        f(x) = scale * ( Q(r,s) + L(r,s) + A(r,s) + R(r,s) )

    where
        Q(r,s) = ar*r^2 + bs*s^2 + c_rs*r*s              (full quadratic)
        L(r,s) = dr*r + ds*s                            (linear drift)
        A(r,s) = h * r^2 * s                            (odd term -> skewness)
        R(r,s) = eps * sin(k*r) * cos(l*s)              (small non-quadratic ripple)
    """"""
    x = np.asarray(x, dtype=float).ravel()
    if x.shape[0] != 2:
        raise ValueError(""This benchmark is defined for 2D inputs (len(x)==2)."")

    # Shift
    xc, yc = -1.2, 2.3
    u = x[0] - xc
    v = x[1] - yc

    # Rotation (new form compared to the earlier axis-aligned polynomials)
    theta = 0.65
    ct = np.cos(theta)
    st = np.sin(theta)
    r = ct * u - st * v
    s_ = st * u + ct * v

    # Dominant full quadratic backbone
    ar = 0.075
    bs = 0.068
    c_rs = 0.052

    # Linear drift (kept moderate so linear fit is not too good)
    dr = 0.016
    ds = -0.014

    # Odd asymmetric term to induce controlled skewness
    # (odd in s_ when multiplied by r^2)
    h = 0.0040

    # Small non-quadratic interaction ripple (separable trig coupling)
    eps = 0.012
    k = 2.6
    l = 1.9

    Q = ar * r * r + bs * s_ * s_ + c_rs * r * s_
    L = dr * r + ds * s_
    A = h * (r * r) * s_
    R = eps * np.sin(k * r) * np.cos(l * s_)

    scale = 0.55
    return float(scale * (Q + L + A + R))",0.3892980734036661,"
    Shifted, rotated 2D landscape with a dominant full-quadratic backbone plus
    small controlled non-quadratic components.

    Let (x0,x1) be the input. We shift to (u,v) around (xc,yc), then rotate by
    angle theta to (r,s):

        [r]   [cosθ  -sinθ] [u]
        [s] = [sinθ   cosθ] [v]

    The objective is:
        f(x) = scale * ( Q(r,s) + L(r,s) + A(r,s) + R(r,s) )

    where
        Q(r,s) = ar*r^2 + bs*s^2 + c_rs*r*s              (full quadratic)
        L(r,s) = dr*r + ds*s                            (linear drift)
        A(r,s) = h * r^2 * s                            (odd term -> skewness)
        R(r,s) = eps * sin(k*r) * cos(l*s)              (small non-quadratic ripple)
    ",,,,23,2,0.207215736452352,0.24178138722471468,0.8841233850357034,0.8843138161619811,0.48525833086037573,0.4999628172851038,0.9844775055010578,0.9999706234067193
"import numpy as np

def problem(x: np.ndarray) -> float:
    """"""
    Deterministic 2D synthetic landscape built from a rotated near-full quadratic
    form plus a small cubic (odd) perturbation to induce mild positive skew.

    Let the shifted variables be:
        u = x0 - 0.7,  v = x1 + 1.9
    Rotate by 35 degrees:
        z1 =  c*u + s*v,  z2 = -s*u + c*v   (c=cos, s=sin)

    The objective is:
        f(x) = scale * [ Q(z1,z2) + L(z1,z2) + O(z1,z2) ]

    where
        Q(z1,z2) = a*z1^2 + b*z2^2 + g*z1*z2        (full quadratic, dominated by cross-term)
        L(z1,z2) = d*z1 + e*z2                      (linear drift)
        O(z1,z2) = k1*z1^2*z2 + k2*z2^2*z1         (cubic odd terms -> controlled skew)
    """"""
    x = np.asarray(x, dtype=float).ravel()
    if x.shape[0] != 2:
        raise ValueError(""This benchmark is defined for 2D inputs (len(x)==2)."")

    u = x[0] - 0.7
    v = x[1] + 1.9

    ang = np.deg2rad(35.0)
    ca = np.cos(ang)
    sa = np.sin(ang)

    z1 = ca * u + sa * v
    z2 = -sa * u + ca * v

    # Scale controls fitness dispersion (fitness_std)
    scale = 0.85

    # Quadratic backbone: strong z1*z2 coupling so full quadratic fits very well,
    # while ""no-interaction"" quadratic is noticeably worse.
    a = 0.085
    b = 0.070
    g = 0.095

    # Linear drift: moderate so linear models explain part but not everything.
    d = 0.032
    e = -0.028

    # Cubic odd perturbation: small but asymmetric to yield mild positive skew.
    k1 = 0.0105   # z1^2*z2
    k2 = -0.0048  # z2^2*z1 (asymmetry -> skew)

    Q = a * z1 * z1 + b * z2 * z2 + g * z1 * z2
    L = d * z1 + e * z2
    O = k1 * (z1 * z1) * z2 + k2 * (z2 * z2) * z1

    return float(scale * (Q + L + O))",0.4692278544964125,"
    Deterministic 2D synthetic landscape built from a rotated near-full quadratic
    form plus a small cubic (odd) perturbation to induce mild positive skew.

    Let the shifted variables be:
        u = x0 - 0.7,  v = x1 + 1.9
    Rotate by 35 degrees:
        z1 =  c*u + s*v,  z2 = -s*u + c*v   (c=cos, s=sin)

    The objective is:
        f(x) = scale * [ Q(z1,z2) + L(z1,z2) + O(z1,z2) ]

    where
        Q(z1,z2) = a*z1^2 + b*z2^2 + g*z1*z2        (full quadratic, dominated by cross-term)
        L(z1,z2) = d*z1 + e*z2                      (linear drift)
        O(z1,z2) = k1*z1^2*z2 + k2*z2^2*z1         (cubic odd terms -> controlled skew)
    ",,,,23,2,0.3775134811960705,0.12102221366791666,0.8874802371185613,0.9176147533052348,0.5781158828086731,0.6840503315796536,0.8944529363974332,1.0
"import numpy as np

def problem(x: np.ndarray) -> float:
    """"""
    2D shifted benchmark with a *nonstandard backbone*:
      - base: a rotated/shifted quadratic bowl (includes the interaction u*v),
      - skew control: a cubic term in only one coordinate (u^3),
      - mild nonlinearity: a tiny sinusoidal ""rippling"" on (u+v) that is weak enough
        to preserve a high full-quadratic fit while changing distributional shape.

    Let (u,v) = (x0 - xc, x1 - yc). The function is
        f(x) = s * [ a*u^2 + b*v^2 + c*u*v + d*u + e*v ]
               + t*u^3
               + eps * (u*v) * sin(k*(u+v))

    where (xc,yc)=(-1.2, 2.3).
    """"""
    x = np.asarray(x, dtype=float).ravel()
    if x.shape[0] != 2:
        raise ValueError(""This benchmark is defined for 2D inputs (len(x)==2)."")

    xc, yc = -1.2, 2.3
    u = x[0] - xc
    v = x[1] - yc

    # Scale controls fitness dispersion (std).
    s = 0.92

    # Quadratic backbone: strong enough for high quad_w_interact,
    # while keeping linear components weak.
    a = 0.085
    b = 0.075
    c = 0.060  # interaction term u*v (boosts full-quadratic explainability)

    d = 0.010  # linear drift intentionally small (to keep lin_* adj_r2 low)
    e = -0.012

    # Skewness: cubic in u only introduces asymmetry in the objective distribution.
    t = 0.020

    # Mild ruggedness / non-quadratic distortion (tiny to avoid destroying quadratic fit).
    eps = 0.010
    k = 1.35

    quad = a * u * u + b * v * v + c * u * v + d * u + e * v
    skew = t * (u ** 3)
    ripple = eps * (u * v) * np.sin(k * (u + v))

    return float(s * quad + skew + ripple)",0.3258382362307577,"
    2D shifted benchmark with a *nonstandard backbone*:
      - base: a rotated/shifted quadratic bowl (includes the interaction u*v),
      - skew control: a cubic term in only one coordinate (u^3),
      - mild nonlinearity: a tiny sinusoidal ""rippling"" on (u+v) that is weak enough
        to preserve a high full-quadratic fit while changing distributional shape.

    Let (u,v) = (x0 - xc, x1 - yc). The function is
        f(x) = s * [ a*u^2 + b*v^2 + c*u*v + d*u + e*v ]
               + t*u^3
               + eps * (u*v) * sin(k*(u+v))

    where (xc,yc)=(-1.2, 2.3).
    ",,,,23,2,0.2673411032784849,0.09973296886267724,0.6487817323540085,0.8980480550790648,0.5462940727527186,0.6059738670625797,0.9076371450389185,0.9984381133341208
"import numpy as np

def problem(x: np.ndarray) -> float:
    """"""
    Deterministic 2D synthetic benchmark as a *rotated shifted quadratic* with
    small odd (skew-inducing) and sinusoidal perturbations.

    Let x = [x0, x1]. Define shifted coordinates (u, v) and rotate them:
        u = x0 + 0.7,   v = x1 - 1.1
        y1 = 0.8*u - 0.6*v,   y2 = 0.6*u + 0.8*v

    The function is:
        f(x) = s * ( q(y1,y2) + l(y1,y2) )
               + s_odd * ( y1^3 + y1*y2^2 )         # odd terms -> controlled skew
               + s_rip * (y1*y2) * sin(1.35*y1)    # tiny non-quadratic ripple

    where the quadratic core is
        q(y1,y2) = a*y1^2 + b*y2^2 + c*y1*y2
        l(y1,y2) = d*y1 + e*y2
    """"""
    x = np.asarray(x, dtype=float).ravel()
    if x.shape[0] != 2:
        raise ValueError(""This benchmark is defined for 2D inputs (len(x)==2)."")

    # Shift
    u = x[0] + 0.7
    v = x[1] - 1.1

    # Rotate (fixed orthonormal transform)
    y1 = 0.8 * u - 0.6 * v
    y2 = 0.6 * u + 0.8 * v

    # Rotated shifted quadratic + linear drift (backbone)
    a = 0.11
    b = 0.085
    c = -0.07
    d = 0.055
    e = -0.045

    quad = a * y1 * y1 + b * y2 * y2 + c * y1 * y2
    lin = d * y1 + e * y2

    # Scale backbone to increase fitness dispersion
    s = 0.48

    # Small odd term to tune distribution skewness without breaking quadratic fit too much
    s_odd = 0.018

    # Very small ripple to avoid an exact quadratic model
    s_rip = 0.012
    ripple = (y1 * y2) * np.sin(1.35 * y1)

    f = s * (quad + lin) + s_odd * (y1**3 + y1 * y2**2) + s_rip * ripple
    return float(f)",0.4989700519717787,"
    Deterministic 2D synthetic benchmark as a *rotated shifted quadratic* with
    small odd (skew-inducing) and sinusoidal perturbations.

    Let x = [x0, x1]. Define shifted coordinates (u, v) and rotate them:
        u = x0 + 0.7,   v = x1 - 1.1
        y1 = 0.8*u - 0.6*v,   y2 = 0.6*u + 0.8*v

    The function is:
        f(x) = s * ( q(y1,y2) + l(y1,y2) )
               + s_odd * ( y1^3 + y1*y2^2 )         # odd terms -> controlled skew
               + s_rip * (y1*y2) * sin(1.35*y1)    # tiny non-quadratic ripple

    where the quadratic core is
        q(y1,y2) = a*y1^2 + b*y2^2 + c*y1*y2
        l(y1,y2) = d*y1 + e*y2
    ",,,,23,2,0.4277130054288596,0.43021459969080966,0.7618090006263356,0.9287390526940169,0.7399303308660246,0.7862343735928519,0.8994775255327851,0.999299261190628
"import numpy as np

def problem(x: np.ndarray) -> float:
    """"""
    Synthetic 2D benchmark on [-5,5]^2 built from a shifted *rotated full-quadratic*
    backbone plus controlled asymmetry and a weak non-quadratic coupling ripple.

    Let (u,v) = (x0 - xc, x1 - yc). Rotate by theta to (r,s):
        r =  cos(theta)*u + sin(theta)*v
        s = -sin(theta)*u + cos(theta)*v

    The objective is:
        f(x) = scale * [  A r^2 + B s^2 + C r s         (full quadratic, includes interaction)
                         + D r + E s                   (linear drift)
                         + H r^3 + G r*s^2            (odd terms -> skew)
                         + P * (r*s) * sin(K r*s)    (weak non-quadratic ripple) ].
    """"""
    x = np.asarray(x, dtype=float).ravel()
    if x.shape[0] != 2:
        raise ValueError(""This benchmark is defined for 2D inputs (len(x)==2)."")

    # Shift
    xc, yc = -1.05, 2.10
    u = x[0] - xc
    v = x[1] - yc

    # Rotate coordinates (totally different flavor from the previous axis-aligned versions)
    theta = 0.65
    ct, st = np.cos(theta), np.sin(theta)
    r = ct * u + st * v
    s = -st * u + ct * v

    # Scale to hit larger fitness dispersion
    scale = 0.62

    # Full quadratic backbone (interaction term C*r*s is essential for high quad_w_interact)
    A = 0.070
    B = 0.060
    C = 0.080

    # Linear drift (moderate strength)
    D = 0.065
    E = -0.055

    # Odd asymmetry terms to generate target positive skewness (deterministic)
    H = 0.0040
    G = -0.0032

    # Weak non-quadratic coupling ripple (kept small to retain high quadratic explainability)
    P = 0.020
    K = 1.45

    quad = A * r * r + B * s * s + C * r * s
    lin = D * r + E * s
    odd = H * (r ** 3) + G * (r * (s ** 2))
    ripple = P * (r * s) * np.sin(K * r * s)

    return float(scale * (quad + lin + odd + ripple))",0.3399230980262593,"
    Synthetic 2D benchmark on [-5,5]^2 built from a shifted *rotated full-quadratic*
    backbone plus controlled asymmetry and a weak non-quadratic coupling ripple.

    Let (u,v) = (x0 - xc, x1 - yc). Rotate by theta to (r,s):
        r =  cos(theta)*u + sin(theta)*v
        s = -sin(theta)*u + cos(theta)*v

    The objective is:
        f(x) = scale * [  A r^2 + B s^2 + C r s         (full quadratic, includes interaction)
                         + D r + E s                   (linear drift)
                         + H r^3 + G r*s^2            (odd terms -> skew)
                         + P * (r*s) * sin(K r*s)    (weak non-quadratic ripple) ].
    ",,,,23,2,0.26095345808297354,0.20785980189420286,0.7284759894518327,0.9018302198637079,0.6130592570569547,0.64680565633619,0.9513919692482057,0.9921310858083826
"import numpy as np

def problem(x: np.ndarray) -> float:
    """"""
    Shifted-and-rotated 2D benchmark with a *dominant quadratic backbone* plus:
      - linear drift,
      - a controlled odd mixed term (u^2*v) to induce mild skew,
      - a coupled sinusoidal perturbation that breaks perfect quadratic explainability
        (using sin(alpha*u*v)) and a separable ripple (sin/cos) for ruggedness.

    Let (u,v) be a rotated shift of (x0,x1):
        (u,v) = R(theta) @ ([x0,x1] - [xc,yc])

    The function is:
        f(x) = s * ( Q(u,v) + L(u,v) + A(u,v) + R1(u,v) + R2(u,v) )

    where
        Q(u,v) = a*u^2 + b*v^2 + c*u*v
        L(u,v) = d*u + e*v
        A(u,v) = eta*u^2*v                            (odd asymmetry)
        R1(u,v) = p * sin(alpha*u*v)                 (coupled non-quadratic interaction)
        R2(u,v) = r * (cos(k*u) + sin(k*v))         (separable ripple)
    """"""
    x = np.asarray(x, dtype=float).ravel()
    if x.shape[0] != 2:
        raise ValueError(""This benchmark is defined for 2D inputs (len(x)==2)."")

    # Shift
    xc, yc = -1.2, 2.3
    x0, x1 = x[0] - xc, x[1] - yc

    # Rotate to make the quadratic form non-axis-aligned (still quadratic backbone)
    theta = 0.55
    ct, st = np.cos(theta), np.sin(theta)
    u = ct * x0 + st * x1
    v = -st * x0 + ct * x1

    # Global scaling: chosen to increase objective-value dispersion (fitness_std)
    s = 1.15

    # Quadratic backbone (dominant; full quadratic with an interaction term)
    a = 0.085
    b = 0.075
    c = 0.058

    # Linear drift (moderate; supports target linear explainability)
    d = 0.030
    e = -0.024

    # Controlled odd asymmetry to obtain mild positive skew
    eta = 0.0042

    # Coupled non-quadratic interaction (breaks perfect quadratic fits, but keeps quad_w_interact high)
    p = 0.085
    alpha = 1.65

    # Separable ripple to influence neighborhood-based ELA statistics
    r = 0.055
    k = 2.9

    quad = a * u * u + b * v * v + c * u * v
    lin = d * u + e * v
    odd = eta * (u * u) * v
    coupled = p * np.sin(alpha * u * v)
    separable = r * (np.cos(k * u) + np.sin(k * v))

    return float(s * (quad + lin + odd + coupled + separable))",0.35985838144822396,"
    Shifted-and-rotated 2D benchmark with a *dominant quadratic backbone* plus:
      - linear drift,
      - a controlled odd mixed term (u^2*v) to induce mild skew,
      - a coupled sinusoidal perturbation that breaks perfect quadratic explainability
        (using sin(alpha*u*v)) and a separable ripple (sin/cos) for ruggedness.

    Let (u,v) be a rotated shift of (x0,x1):
        (u,v) = R(theta) @ ([x0,x1] - [xc,yc])

    The function is:
        f(x) = s * ( Q(u,v) + L(u,v) + A(u,v) + R1(u,v) + R2(u,v) )

    where
        Q(u,v) = a*u^2 + b*v^2 + c*u*v
        L(u,v) = d*u + e*v
        A(u,v) = eta*u^2*v                            (odd asymmetry)
        R1(u,v) = p * sin(alpha*u*v)                 (coupled non-quadratic interaction)
        R2(u,v) = r * (cos(k*u) + sin(k*v))         (separable ripple)
    ",,,,23,2,0.22901925752678157,0.31111596322601154,0.6762704133393618,0.9227885357589947,0.6731764262828224,0.6974506642010808,0.9754549502128245,0.9969262385018965
"import numpy as np

def problem(x: np.ndarray) -> float:
    """"""
    Deterministic 2D shifted synthetic landscape with a strong full-quadratic backbone
    plus an even (symmetric) higher-order ripple:

        Let u = x0 - xc, v = x1 - yc.
        f(x) = s * [ a*u^2 + b*v^2 + c*u*v              (full quadratic)
                     + d*u + e*v                         (linear drift)
                     + r*(u*v)^2 * cos(q*u*v) ]         (even ripple, low skew)

    The function is designed to have high quadratic-model explainability (especially
    the full quadratic with interactions) while keeping the distribution skewness
    moderate.
    """"""
    x = np.asarray(x, dtype=float).ravel()
    if x.shape[0] != 2:
        raise ValueError(""This benchmark is defined for 2D inputs (len(x)==2)."")

    # Shift of the landscape (kept similar but landscape reshaped via coefficients)
    xc, yc = -1.2, 2.3
    u = x[0] - xc
    v = x[1] - yc

    # Scale: increase to target higher fitness standard deviation
    s = 0.52

    # Strong full-quadratic backbone to raise quad_w_interact adj-R2
    a = 0.11
    b = 0.105
    c = 0.070

    # Keep a mild drift so linear models are not overly dominant
    d = 0.022
    e = -0.018

    # Even ripple to reduce skewness (no odd mixed term)
    # Lower amplitude to improve nearest-better correlation/structure
    r = 0.018
    q = 1.25

    quad = a * u * u + b * v * v + c * u * v
    lin = d * u + e * v
    ripple = r * (u * v) ** 2 * np.cos(q * u * v)

    return float(s * (quad + lin + ripple))",1.4573147127047115,"
    Deterministic 2D shifted synthetic landscape with a strong full-quadratic backbone
    plus an even (symmetric) higher-order ripple:

        Let u = x0 - xc, v = x1 - yc.
        f(x) = s * [ a*u^2 + b*v^2 + c*u*v              (full quadratic)
                     + d*u + e*v                         (linear drift)
                     + r*(u*v)^2 * cos(q*u*v) ]         (even ripple, low skew)

    The function is designed to have high quadratic-model explainability (especially
    the full quadratic with interactions) while keeping the distribution skewness
    moderate.
    ",,,,24,2,0.6280265215957489,1.2347904309201005,0.20460150651571068,0.5374318880443871,0.14036360796137512,0.1662162762157237,0.2934585652095358,0.3455568757265327
"import numpy as np

def problem(x: np.ndarray) -> float:
    """"""
    Synthetic 2D benchmark on [-5,5]^2.

    With (u,v) = (x0 - xc, x1 - yc), (xc,yc)=(-1.2, 2.3), define
        f(u,v) = s * [ Q(u,v) + L(u,v) + O(u,v) + R(u,v) + P(u,v) + E(u,v) ],
    where
        Q(u,v)=a*u^2 + b*v^2 + c*u*v          (full quadratic backbone)
        L(u,v)=d*u + e*v                      (linear drift)
        O(u,v)=h*u^2*v + t*u^3                (controlled odd asymmetry)
        R(u,v)=p*sin(q*u*v)                  (non-quadratic coupling ripple)
        P(u,v)=0.5*r*(cos(k*u)+cos(k*v))    (separable periodic ruggedness)
        E(u,v)=w*sin(u+v)                    (additional smooth coupling).
    """"""
    x = np.asarray(x, dtype=float).ravel()
    if x.shape[0] != 2:
        raise ValueError(""This benchmark is defined for 2D inputs (len(x)==2)."")

    xc, yc = -1.2, 2.3
    u = x[0] - xc
    v = x[1] - yc

    # Increase global scale to raise fitness-distance standard deviation
    s = 1.05

    # Soften quadratic dominance (target lower quadratic explainability)
    a = 0.060
    b = 0.055
    c = 0.045

    # Linear drift
    d = 0.030
    e = -0.021

    # Strengthen odd asymmetry slightly (target skewness ~0.19)
    h = 0.0045
    t = 0.0130

    # Non-quadratic coupling ripple (reduce quad* explainability; increase ruggedness)
    p = 0.185
    q = 2.15

    # Separable periodic ruggedness (reduce nn_nb.sd_ratio; increase local variability)
    r = 0.120
    k = 4.00

    # Additional smooth nonlinearity
    w = 0.060

    quad = a * u * u + b * v * v + c * u * v
    lin = d * u + e * v
    odd = h * (u * u) * v + t * (u * u * u)
    ripple = p * np.sin(q * u * v)
    periodic = 0.5 * r * (np.cos(k * u) + np.cos(k * v))
    extra = w * np.sin(u + v)

    return float(s * (quad + lin + odd + ripple + periodic + extra))",0.20300673026670757,"
    Synthetic 2D benchmark on [-5,5]^2.

    With (u,v) = (x0 - xc, x1 - yc), (xc,yc)=(-1.2, 2.3), define
        f(u,v) = s * [ Q(u,v) + L(u,v) + O(u,v) + R(u,v) + P(u,v) + E(u,v) ],
    where
        Q(u,v)=a*u^2 + b*v^2 + c*u*v          (full quadratic backbone)
        L(u,v)=d*u + e*v                      (linear drift)
        O(u,v)=h*u^2*v + t*u^3                (controlled odd asymmetry)
        R(u,v)=p*sin(q*u*v)                  (non-quadratic coupling ripple)
        P(u,v)=0.5*r*(cos(k*u)+cos(k*v))    (separable periodic ruggedness)
        E(u,v)=w*sin(u+v)                    (additional smooth coupling).
    ",,,,24,2,0.24537086025214488,0.23081780494807713,0.4971375744692373,0.8845079286779367,0.5032371903709659,0.6186442037154865,0.8447329859486651,0.9889183475195121
"import numpy as np

def problem(x: np.ndarray) -> float:
    """"""
    Deterministic 2D synthetic landscape with a *strong quadratic with interactions*
    plus *small odd terms* to control skewness/variance.

    Let u = x0 - xc, v = x1 - yc. The function is:
        f(x) = s * ( Q(u,v) + L(u,v) + A(u,v) + T(u,v) )

    Where
        Q(u,v) = a*u^2 + b*v^2 + c*u*v          (full quadratic backbone)
        L(u,v) = d*u + e*v                      (linear drift)
        A(u,v) = k1*u^2*v + k2*u*v^2            (odd mixed terms -> skew/asymmetry)
        T(u,v) = p*(u*v) * sin(q*(u+v))        (very small non-quadratic ripple)

    This is designed for inputs in [-5, 5]^2 and uses only NumPy.
    """"""
    x = np.asarray(x, dtype=float).ravel()
    if x.shape[0] != 2:
        raise ValueError(""This benchmark is defined for 2D inputs (len(x)==2)."")

    xc, yc = -1.2, 2.3
    u = x[0] - xc
    v = x[1] - yc

    # Scaling to increase overall fitness dispersion (std)
    s = 1.00

    # Strong quadratic backbone; emphasize interaction coefficient c*u*v
    a = 0.090
    b = 0.085
    c = 0.135  # stronger interaction to reduce quad_simple explainability while keeping quad_w_interact high

    # Linear drift (modest)
    d = 0.030
    e = -0.024

    # Odd mixed terms (controls skewness / fitness-distance structure)
    k1 = 0.0060
    k2 = 0.0045

    # Small non-quadratic ripple (kept tiny to preserve quadratic model fit quality)
    p = 0.014
    q = 0.9

    quad = a * u * u + b * v * v + c * u * v
    lin = d * u + e * v
    odd_mixed = k1 * (u * u) * v + k2 * u * (v * v)
    ripple = p * (u * v) * np.sin(q * (u + v))

    return float(s * (quad + lin + odd_mixed + ripple))",0.5213649146835794,"
    Deterministic 2D synthetic landscape with a *strong quadratic with interactions*
    plus *small odd terms* to control skewness/variance.

    Let u = x0 - xc, v = x1 - yc. The function is:
        f(x) = s * ( Q(u,v) + L(u,v) + A(u,v) + T(u,v) )

    Where
        Q(u,v) = a*u^2 + b*v^2 + c*u*v          (full quadratic backbone)
        L(u,v) = d*u + e*v                      (linear drift)
        A(u,v) = k1*u^2*v + k2*u*v^2            (odd mixed terms -> skew/asymmetry)
        T(u,v) = p*(u*v) * sin(q*(u+v))        (very small non-quadratic ripple)

    This is designed for inputs in [-5, 5]^2 and uses only NumPy.
    ",,,,24,2,0.3128490635404508,0.15599809865285635,0.9101508325539255,0.8936187214951106,0.1821574545400838,0.6608213398680138,0.5206360399987429,0.9968160589944632
"import numpy as np

def problem(x: np.ndarray) -> float:
    """"""
    Shifted 2D ELA-rich synthetic landscape in (u,v) with:
      - strong full-quadratic backbone (includes u*v interaction),
      - moderate linear drift,
      - an odd cubic component to induce mild positive skew,
      - a small bounded ripple on top.

    Let u = x0 - xc, v = x1 - yc. The objective is:
      f(x) = s * [ A*u^2 + B*v^2 + C*u*v                 (quadratic)
                   + D*u + E*v                           (linear)
                   + F*(u^3 - 0.6*u*v^2 + 0.2*v^3)         (odd cubic, skews)
                   + R*(u*v)*sin(K*u) + 0.15*R*(u*v)*cos(K*v) ]  (small ripple)
    """"""
    x = np.asarray(x, dtype=float).ravel()
    if x.shape[0] != 2:
        raise ValueError(""This benchmark is defined for 2D inputs (len(x)==2)."")

    xc, yc = -1.2, 2.3
    u = x[0] - xc
    v = x[1] - yc

    # Scaling controls the spread (fitness_distance.fitness_std)
    s = 0.42

    # Full quadratic backbone (maximize quadratic model fit, especially with interactions)
    A = 0.10
    B = 0.095
    C = 0.085

    # Moderate linear drift (keeps linear models reasonably explained, but not dominant)
    D = 0.020
    E = -0.018

    # Odd cubic term (introduces skewness without overwhelming quadratic structure)
    F = 0.0030

    # Small deterministic ripple (affects neighborhood-distance ratios without destroying
    # global quadratic explainability)
    R = 0.020
    K = 1.15

    quad = A * u * u + B * v * v + C * u * v
    lin = D * u + E * v
    odd_cubic = u**3 - 0.6 * u * (v**2) + 0.2 * (v**3)
    ripple = (u * v) * np.sin(K * u) + 0.15 * (u * v) * np.cos(K * v)

    return float(s * (quad + lin + F * odd_cubic + R * ripple))",0.3663802008567161,"
    Shifted 2D ELA-rich synthetic landscape in (u,v) with:
      - strong full-quadratic backbone (includes u*v interaction),
      - moderate linear drift,
      - an odd cubic component to induce mild positive skew,
      - a small bounded ripple on top.

    Let u = x0 - xc, v = x1 - yc. The objective is:
      f(x) = s * [ A*u^2 + B*v^2 + C*u*v                 (quadratic)
                   + D*u + E*v                           (linear)
                   + F*(u^3 - 0.6*u*v^2 + 0.2*v^3)         (odd cubic, skews)
                   + R*(u*v)*sin(K*u) + 0.15*R*(u*v)*cos(K*v) ]  (small ripple)
    ",,,,24,2,0.22309969786428144,0.1945495177144429,0.9248728909177188,0.8839561703635735,0.36083274112186825,0.5830334550352877,0.7832540545076755,0.9938513778943283
"import numpy as np

def problem(x: np.ndarray) -> float:
    """"""
    Deterministic shifted 2D landscape combining:
      - a full-quadratic (u,v) backbone: a*u^2 + b*v^2 + c*u*v
      - linear drift: d*u + e*v
      - a *very small* odd (cubic) perturbation to induce nonzero skewness:
            t * (u^3 - 3*u*v^2)   (the real part of (u+ i v)^3)
      - a *tiny* interaction ripple beyond quadratic:
            r * (u*v) * (u+v) / (1 + (u*v)^2)
    with (u,v) = (x0-xc, x1-yc). Domain is assumed x in [-5,5]^2.
    """"""
    x = np.asarray(x, dtype=float).ravel()
    if x.shape[0] != 2:
        raise ValueError(""This benchmark is defined for 2D inputs (len(x)==2)."")

    # Shift (controls where the basin sits)
    xc, yc = -0.9, 1.7
    u = x[0] - xc
    v = x[1] - yc

    # Overall scaling: increases objective dispersion (fitness_std)
    s = 0.24

    # Full quadratic backbone (single-basin bowl; increases quad_w_interact fit)
    a = 0.110
    b = 0.095
    c = 0.072

    # Linear drift (improves linear model adjusted R^2)
    d = -0.055
    e = 0.040

    # Odd cubic perturbation (controls skewness without destroying quadratic fit too much)
    # (u^3 - 3*u*v^2) is odd and introduces asymmetry while keeping it small.
    t = 0.010

    # Tiny beyond-quadratic ripple (kept very small to preserve quad fits, but avoid
    # a perfect quadratic everywhere)
    uv = u * v
    ripple = 0.008 * uv * (u + v) / (1.0 + uv * uv)

    quad = a * u * u + b * v * v + c * u * v
    lin = d * u + e * v
    cubic_odd = t * (u**3 - 3.0 * u * (v**2))

    return float(s * (quad + lin + cubic_odd + ripple))",0.6077317666596531,"
    Deterministic shifted 2D landscape combining:
      - a full-quadratic (u,v) backbone: a*u^2 + b*v^2 + c*u*v
      - linear drift: d*u + e*v
      - a *very small* odd (cubic) perturbation to induce nonzero skewness:
            t * (u^3 - 3*u*v^2)   (the real part of (u+ i v)^3)
      - a *tiny* interaction ripple beyond quadratic:
            r * (u*v) * (u+v) / (1 + (u*v)^2)
    with (u,v) = (x0-xc, x1-yc). Domain is assumed x in [-5,5]^2.
    ",,,,24,2,0.4391374163409655,0.47735089949086856,0.3995193201877658,0.8676665164947246,0.06456598591639749,0.547750151034674,0.41909632682585257,0.9999909420324941
"import numpy as np

def problem(x: np.ndarray) -> float:
    """"""
    Synthetic 2D benchmark on [-5,5]^2.

    Shifted coordinates (u,v) = (x0 - xc, x1 - yc), with (xc,yc)=(-1.2, 2.3).
    The function is a scaled mixture of:
      - a quadratic backbone:      a u^2 + b v^2 + c u v
      - weak linear drift:        d u + e v
      - mild odd asymmetry:      h u^2 v + t u^3
      - non-quadratic coupling:  p sin(q u v)
      - separable periodic ripple: 0.5*r*(cos(k u) + cos(k v))
      - extra nonlinearity:      w sin(u+v)

        f(x) = s * [quad + lin + odd + ripple + periodic + extra]
    """"""
    x = np.asarray(x, dtype=float).ravel()
    if x.shape[0] != 2:
        raise ValueError(""This benchmark is defined for 2D inputs (len(x)==2)."")

    xc, yc = -1.2, 2.3
    u = x[0] - xc
    v = x[1] - yc

    # Increase overall scale to raise fitness dispersion, while reducing
    # quadratic dominance to avoid overly high quadratic model R^2 values.
    s = 1.15

    # Quadratic backbone (slightly weakened)
    a = 0.055
    b = 0.052
    c = 0.042

    # Linear drift (kept weak)
    d = 0.018
    e = -0.013

    # Odd/non-quadratic asymmetry (moderately strengthened)
    h = 0.0036
    t = 0.0105

    # Coupling and periodic components (strengthened to reduce quadratic fit)
    p = 0.190
    q = 1.65

    r = 0.125
    k = 3.25

    w = 0.065

    quad = a * u * u + b * v * v + c * u * v
    lin = d * u + e * v
    odd = h * (u * u) * v + t * (u * u * u)
    ripple = p * np.sin(q * u * v)
    periodic = 0.5 * r * (np.cos(k * u) + np.cos(k * v))
    extra = w * np.sin(u + v)

    return float(s * (quad + lin + odd + ripple + periodic + extra))",0.12027636371618987,"
    Synthetic 2D benchmark on [-5,5]^2.

    Shifted coordinates (u,v) = (x0 - xc, x1 - yc), with (xc,yc)=(-1.2, 2.3).
    The function is a scaled mixture of:
      - a quadratic backbone:      a u^2 + b v^2 + c u v
      - weak linear drift:        d u + e v
      - mild odd asymmetry:      h u^2 v + t u^3
      - non-quadratic coupling:  p sin(q u v)
      - separable periodic ripple: 0.5*r*(cos(k u) + cos(k v))
      - extra nonlinearity:      w sin(u+v)

        f(x) = s * [quad + lin + odd + ripple + periodic + extra]
    ",,,,24,2,0.2268169273352416,0.29051733445005534,0.5488484861993935,0.8507106597689729,0.46826023015404233,0.5932483618281678,0.8316981819827207,0.9840427594434902
"import numpy as np

def problem(x: np.ndarray) -> float:
    """"""
    Deterministic 2D shifted landscape in (u, v) = (x0-xc, x1-yc).

    f(x) = S * [ a u^2 + b v^2 + c u v              (full quadratic backbone)
                 + d u + e v                           (linear drift)
                 + h u^2 v + r u v^2                  (odd mixed terms -> skew)
                 + p (u v) * sin(q * u v)            (small non-quadratic ripple) ]

    The construction keeps the landscape close to a full quadratic (very high quad model fit),
    with only mild odd/ripple perturbations to control skewness while retaining a single basin.
    """"""
    x = np.asarray(x, dtype=float).ravel()
    if x.shape[0] != 2:
        raise ValueError(""This benchmark is defined for 2D inputs (len(x)==2)."")

    # Shift (single-basin location)
    xc, yc = -1.2, 2.3
    u = x[0] - xc
    v = x[1] - yc

    # Scale: increased to raise overall fitness dispersion (fitness_std)
    S = 0.58

    # Quadratic backbone: mostly separable (boost quad_simple) but still includes interaction (boost quad_full)
    a = 0.065
    b = 0.060
    c = 0.028  # reduced uv interaction to avoid overly boosting linear-with-interactions features

    # Linear drift: increased to raise linear-model adjusted R^2 (linear structure still present)
    d = 0.055
    e = -0.040

    # Odd mixed terms: reduced to lower skewness (closer to symmetric distribution)
    h = 0.0012
    r = -0.0008

    # Non-quadratic ripple: reduced to keep quadratic fits very high and correlation with nearest-better higher
    p = 0.012
    q = 1.0

    quad = a * u * u + b * v * v + c * u * v
    lin = d * u + e * v
    odd = h * (u * u) * v + r * u * (v * v)
    ripple = p * (u * v) * np.sin(q * u * v)

    return float(S * (quad + lin + odd + ripple))",0.3418516587245451,"
    Deterministic 2D shifted landscape in (u, v) = (x0-xc, x1-yc).

    f(x) = S * [ a u^2 + b v^2 + c u v              (full quadratic backbone)
                 + d u + e v                           (linear drift)
                 + h u^2 v + r u v^2                  (odd mixed terms -> skew)
                 + p (u v) * sin(q * u v)            (small non-quadratic ripple) ]

    The construction keeps the landscape close to a full quadratic (very high quad model fit),
    with only mild odd/ripple perturbations to control skewness while retaining a single basin.
    ",,,,24,2,0.14428613274115973,0.27403624692922646,0.8258721607829591,0.8797817663301714,0.5886621337621334,0.6651097623181994,0.9225266445033526,0.9925232236594043
"import numpy as np

def problem(x: np.ndarray) -> float:
    """"""
    Deterministic 2D synthetic landscape on x in [-5,5]^2:
        Let u = x0 - xc, v = x1 - yc.
        f(x) = s * [ Q(u,v) + L(u,v) + A(u,v) + R(u,v) ]

    Components (polynomial backbone + controlled asymmetry + mild ripple):
        Q(u,v) = a*u^2 + b*v^2 + c*u*v                 (full quadratic)
        L(u,v) = d*u + e*v                            (linear drift)
        A(u,v) = h*u^2*v + r*u^3                     (odd terms -> skew/asymmetry)
        R(u,v) = p*(u*v)*sin(q*u*v)                  (non-quadratic ripple)
    """"""
    x = np.asarray(x, dtype=float).ravel()
    if x.shape[0] != 2:
        raise ValueError(""This benchmark is defined for 2D inputs (len(x)==2)."")

    # Shift (location of the main quadratic bowl/shape)
    xc, yc = -1.2, 2.3
    u = x[0] - xc
    v = x[1] - yc

    # Global scaling to tune fitness dispersion
    s = 0.85

    # Quadratic backbone: stronger interaction term to reduce quad_simple.adj_r2
    a = 0.110
    b = 0.095
    c = 0.115

    # Linear drift: slightly reduced to lower lin_simple.adj_r2 a bit
    d = 0.030
    e = -0.024

    # Odd terms: slightly increased to raise skewness
    h = 0.0038
    r = 0.0105

    # Ripple: reduced to improve nearest-better fitness correlation
    p = 0.025
    q = 1.05

    quad = a * u * u + b * v * v + c * u * v
    lin = d * u + e * v
    asym = h * (u * u) * v + r * (u ** 3)
    ripple = p * (u * v) * np.sin(q * u * v)

    return float(s * (quad + lin + asym + ripple))",0.28060571047200367,"
    Deterministic 2D synthetic landscape on x in [-5,5]^2:
        Let u = x0 - xc, v = x1 - yc.
        f(x) = s * [ Q(u,v) + L(u,v) + A(u,v) + R(u,v) ]

    Components (polynomial backbone + controlled asymmetry + mild ripple):
        Q(u,v) = a*u^2 + b*v^2 + c*u*v                 (full quadratic)
        L(u,v) = d*u + e*v                            (linear drift)
        A(u,v) = h*u^2*v + r*u^3                     (odd terms -> skew/asymmetry)
        R(u,v) = p*(u*v)*sin(q*u*v)                  (non-quadratic ripple)
    ",,,,24,2,0.2246189177117393,0.1693338419427787,0.7401036362396475,0.8510336785683856,0.2802418782927068,0.5730565378705416,0.6983115246759578,0.9901975117593813
"import numpy as np

def problem(x: np.ndarray) -> float:
    """"""
    Shifted 2D synthetic landscape in (u,v) built from a nearly full-quadratic
    backbone plus a *very small* higher-order asymmetric term and a tiny
    non-quadratic interaction ripple.

        u = x0 - xc
        v = x1 - yc

        f(x) = s * [ a*u^2 + b*v^2 + c*u*v            (full quadratic backbone)
                     + d*u + e*v                    (linear drift)
                     + h*u^2*v                      (small odd mixed term -> skew)
                     + p*(u*v)*sin(q*u*v) ]        (tiny beyond-quadratic ripple)

    The parameters are tuned to yield strong quadratic explainability
    (high quad_w_interact adj-R2) while retaining controlled skewness.
    """"""
    x = np.asarray(x, dtype=float).ravel()
    if x.shape[0] != 2:
        raise ValueError(""This benchmark is defined for 2D inputs (len(x)==2)."")

    # Shift of the landscape
    xc, yc = -1.2, 2.3
    u = x[0] - xc
    v = x[1] - yc

    # Global scaling: controls fitness dispersion / fitness_std
    s = 0.25

    # Full quadratic backbone (dominant global structure)
    a = 0.090
    b = 0.080
    c = 0.070

    # Linear drift: improves linear-model adj-R2
    d = 0.035
    e = -0.025

    # Odd asymmetric term: keeps some skewness without destroying quadratic fit
    h = 0.0022

    # Tiny ripple beyond quadratic: reduces higher-order errors while staying deterministic
    p = 0.020
    q = 1.15

    quad = a * u * u + b * v * v + c * u * v
    lin = d * u + e * v
    odd_mixed = h * (u * u) * v
    ripple = p * (u * v) * np.sin(q * u * v)

    return float(s * (quad + lin + odd_mixed + ripple))",0.24339892377611272,"
    Shifted 2D synthetic landscape in (u,v) built from a nearly full-quadratic
    backbone plus a *very small* higher-order asymmetric term and a tiny
    non-quadratic interaction ripple.

        u = x0 - xc
        v = x1 - yc

        f(x) = s * [ a*u^2 + b*v^2 + c*u*v            (full quadratic backbone)
                     + d*u + e*v                    (linear drift)
                     + h*u^2*v                      (small odd mixed term -> skew)
                     + p*(u*v)*sin(q*u*v) ]        (tiny beyond-quadratic ripple)

    The parameters are tuned to yield strong quadratic explainability
    (high quad_w_interact adj-R2) while retaining controlled skewness.
    ",,,,24,2,0.19933949576966634,0.24515423607533743,0.8155929402114178,0.8584939654892415,0.39044249492141425,0.5964676133719955,0.7920439241392713,0.986019895401567
"import numpy as np

def problem(x: np.ndarray) -> float:
    """"""
    Deterministic 2D shifted synthetic landscape combining:
      - a full quadratic backbone with mild linear drift,
      - small odd-mixed cubic terms to control skew,
      - a very weak non-quadratic ripple on the product term.

    With u = x0 - xc, v = x1 - yc:
        f(x) = s * [ a u^2 + b v^2 + c u v          (full quadratic)
                     + d u + e v                   (linear drift)
                     + h u^2 v + r u v^2          (odd mixed terms)
                     + p (u v) * sin(q u v)       (tiny ripple) ]
    """"""
    x = np.asarray(x, dtype=float).ravel()
    if x.shape[0] != 2:
        raise ValueError(""This benchmark is defined for 2D inputs (len(x)==2)."")

    xc, yc = -1.2, 2.3
    u = x[0] - xc
    v = x[1] - yc

    # Increased overall dispersion to raise fitness_distance.fitness_std
    s = 0.45

    # Quadratic backbone (keep near full-quadratic fit, but slightly tuned)
    a = 0.062
    b = 0.057
    c = 0.044  # slightly reduced to reduce linear-with-interaction capture

    # Linear drift (reduced to lower lin_w_interact adj R^2)
    d = 0.055
    e = -0.045

    # Odd mixed terms (slightly reduced to improve quad_simple fit while preserving skew)
    h = 0.00115
    r = -0.00075

    # Tiny ripple (reduced to keep quad_w_interact slightly below a perfect quadratic)
    p = 0.013
    q = 1.2

    quad = a * u * u + b * v * v + c * u * v
    lin = d * u + e * v
    odd = h * (u * u) * v + r * u * (v * v)
    ripple = p * (u * v) * np.sin(q * u * v)

    return float(s * (quad + lin + odd + ripple))",0.261539951795427,"
    Deterministic 2D shifted synthetic landscape combining:
      - a full quadratic backbone with mild linear drift,
      - small odd-mixed cubic terms to control skew,
      - a very weak non-quadratic ripple on the product term.

    With u = x0 - xc, v = x1 - yc:
        f(x) = s * [ a u^2 + b v^2 + c u v          (full quadratic)
                     + d u + e v                   (linear drift)
                     + h u^2 v + r u v^2          (odd mixed terms)
                     + p (u v) * sin(q u v)       (tiny ripple) ]
    ",,,,24,2,0.16549059523036305,0.23586073282132233,0.8010117766610149,0.8784201329244782,0.4916945269080276,0.6578077196053819,0.8356218573514299,0.9918875083692255
"import numpy as np

def problem(x: np.ndarray) -> float:
    """"""
    Synthetic 2D benchmark on [-5,5]^2 with a shifted coordinate (u,v).
    Function shape:
        f(u,v) = s * [ quad(u,v) + lin(u,v) + odd(u,v)
                       + ripple(u,v) + periodic(u,v) + extra(u,v) ],
    where:
        quad(u,v) = a*u^2 + b*v^2 + c*u*v
        lin(u,v)  = d*u + e*v
        odd(u,v)  = h*u^2*v + t*u^3
        ripple    = p*sin(q*u*v)
        periodic  = 0.5*r*(cos(k*u) + cos(k*v))
        extra     = w*sin(u+v)
    with (u,v)=(x0-(-1.2), x1-2.3) = (x0+1.2, x1-2.3).
    """"""
    x = np.asarray(x, dtype=float).ravel()
    if x.shape[0] != 2:
        raise ValueError(""This benchmark is defined for 2D inputs (len(x)==2)."")

    xc, yc = -1.2, 2.3
    u = x[0] - xc
    v = x[1] - yc

    # (1) Increase overall scale to raise fitness_distance.fitness_std
    s = 0.92

    # (2) Reduce quadratic dominance slightly to lower quad_* adj_r2
    a = 0.060
    b = 0.056
    c = 0.048

    # Linear drift (keep modest)
    d = 0.028
    e = -0.018

    # (3) Increase odd asymmetry slightly to raise skewness
    h = 0.0042
    t = 0.0110

    # (4) Increase non-quadratic coupling to reduce quadratic explainability
    p = 0.145
    q = 1.85  # keep same frequency to avoid too many extrema

    # (5) Reduce periodic ruggedness to bring down nbc.nn_nb.sd_ratio
    r = 0.050
    k = 3.10

    # Extra non-quadratic coupling (small but helps reduce quad explainability)
    w = 0.045

    quad = a * u * u + b * v * v + c * u * v
    lin = d * u + e * v
    odd = h * (u * u) * v + t * (u * u * u)
    ripple = p * np.sin(q * u * v)
    periodic = 0.5 * r * (np.cos(k * u) + np.cos(k * v))
    extra = w * np.sin(u + v)

    return float(s * (quad + lin + odd + ripple + periodic + extra))",0.18237280373689185,"
    Synthetic 2D benchmark on [-5,5]^2 with a shifted coordinate (u,v).
    Function shape:
        f(u,v) = s * [ quad(u,v) + lin(u,v) + odd(u,v)
                       + ripple(u,v) + periodic(u,v) + extra(u,v) ],
    where:
        quad(u,v) = a*u^2 + b*v^2 + c*u*v
        lin(u,v)  = d*u + e*v
        odd(u,v)  = h*u^2*v + t*u^3
        ripple    = p*sin(q*u*v)
        periodic  = 0.5*r*(cos(k*u) + cos(k*v))
        extra     = w*sin(u+v)
    with (u,v)=(x0-(-1.2), x1-2.3) = (x0+1.2, x1-2.3).
    ",,,,25,2,0.22273948908807198,0.19273410316619055,0.6414520515237943,0.8886593193357626,0.4654739514185251,0.6083781157962017,0.8273546361570525,0.9935564784791276
"import numpy as np

def problem(x: np.ndarray) -> float:
    """"""
    Synthetic 2D benchmark on [-5,5]^2 with (u,v)=(x0-xc, x1-yc), xc=-1.2,yc=2.3:
        f(x) = s * [ a*u^2 + b*v^2 + c*u*v + d*u + e*v
                     + h*u^2*v + t*u^3
                     + p*sin(q*u*v) + w*sin(u+v)
                     + 0.5*r*(cos(k*u)+cos(k*v)) ].
    Designed to tune ELA meta-model adj-R^2 (lin/quad) and distribution/connectivity statistics via
    backbone coefficients (a,b,c,d,e), asymmetry (h,t), and non-quadratic ruggedness (p,w,r,q,k).
    """"""
    x = np.asarray(x, dtype=float).ravel()
    if x.shape[0] != 2:
        raise ValueError(""This benchmark is defined for 2D inputs (len(x)==2)."")

    xc, yc = -1.2, 2.3
    u = x[0] - xc
    v = x[1] - yc

    # Increased scale to raise fitness_distance.fitness_std
    s = 0.85

    # Quadratic backbone: strengthen interaction term to reduce quad_simple explainability
    a = 0.080
    b = 0.075
    c = 0.090  # increased cross-interaction (affects quad_simple more than quad_w_interact)

    # Reduce linear dominance slightly to lower lin_* adj-R^2
    d = 0.024
    e = -0.018

    # Slightly more odd/asymmetric components to increase skewness
    h = 0.0042
    t = 0.0110

    # Stronger non-quadratic ripple/coupling to reduce quad_w_interact adj-R^2 from ""too quadratic""
    p = 0.155
    q = 2.10

    # Additional coupling ripple
    w = 0.055

    # More periodic ruggedness to help reduce nbc.nn_nb.sd_ratio
    r = 0.115
    k = 3.05

    quad = a * u * u + b * v * v + c * u * v
    lin = d * u + e * v
    odd = h * (u * u) * v + t * (u * u * u)
    ripple = p * np.sin(q * u * v)
    periodic = 0.5 * r * (np.cos(k * u) + np.cos(k * v))
    extra = w * np.sin(u + v)

    return float(s * (quad + lin + odd + ripple + periodic + extra))",0.2039746254602133,"
    Synthetic 2D benchmark on [-5,5]^2 with (u,v)=(x0-xc, x1-yc), xc=-1.2,yc=2.3:
        f(x) = s * [ a*u^2 + b*v^2 + c*u*v + d*u + e*v
                     + h*u^2*v + t*u^3
                     + p*sin(q*u*v) + w*sin(u+v)
                     + 0.5*r*(cos(k*u)+cos(k*v)) ].
    Designed to tune ELA meta-model adj-R^2 (lin/quad) and distribution/connectivity statistics via
    backbone coefficients (a,b,c,d,e), asymmetry (h,t), and non-quadratic ruggedness (p,w,r,q,k).
    ",,,,25,2,0.2332549662087941,0.21645420284756642,0.6291899808304965,0.8673105605520233,0.2958266308551568,0.5861270055690562,0.6955217022477292,0.9933870804168413
"import numpy as np

def problem(x: np.ndarray) -> float:
    """"""
    Synthetic 2D benchmark on [-5,5]^2.

    Let (u,v) = (x0 - xc, x1 - yc) with (xc,yc)=(-1.2, 2.3). The objective is

      f(u,v) = s * [ a u^2 + b v^2 + c u v
                     + d u + e v
                     + h u^2 v + t u^3
                     + p sin(q u v) + w sin(u+v)
                     + 0.5 r (cos(k u) + cos(k v)) ].

    The parameters are tuned to induce controlled nonlinearity (so that
    linear/quadratic surrogate explainability matches target ELA statistics).
    """"""
    x = np.asarray(x, dtype=float).ravel()
    if x.shape[0] != 2:
        raise ValueError(""This benchmark is defined for 2D inputs (len(x)==2)."")

    xc, yc = -1.2, 2.3
    u = x[0] - xc
    v = x[1] - yc

    # Increase scale to raise fitness_distance.fitness_std
    s = 0.95

    # Reduce quadratic dominance to lower quad adj-R2 values
    a = 0.055
    b = 0.050
    c = 0.040

    # Slightly reduce linear drift to lower lin_simple adj-R2
    d = 0.022
    e = -0.016

    # Keep (and mildly strengthen) odd asymmetry for skewness
    h = 0.0032
    t = 0.0120

    # Strengthen non-quadratic ripples to reduce quadratic explainability
    p = 0.170
    q = 1.85

    w = 0.055

    # Strengthen periodic ruggedness to affect neighborhood statistics
    r = 0.115
    k = 3.15

    quad = a * u * u + b * v * v + c * u * v
    lin = d * u + e * v
    odd = h * (u * u) * v + t * (u * u * u)
    ripple = p * np.sin(q * u * v)
    periodic = 0.5 * r * (np.cos(k * u) + np.cos(k * v))
    extra = w * np.sin(u + v)

    return float(s * (quad + lin + odd + ripple + periodic + extra))",0.18911095927843902,"
    Synthetic 2D benchmark on [-5,5]^2.

    Let (u,v) = (x0 - xc, x1 - yc) with (xc,yc)=(-1.2, 2.3). The objective is

      f(u,v) = s * [ a u^2 + b v^2 + c u v
                     + d u + e v
                     + h u^2 v + t u^3
                     + p sin(q u v) + w sin(u+v)
                     + 0.5 r (cos(k u) + cos(k v)) ].

    The parameters are tuned to induce controlled nonlinearity (so that
    linear/quadratic surrogate explainability matches target ELA statistics).
    ",,,,25,2,0.24443412711104012,0.2493652138486061,0.5316651317583079,0.8889030707360484,0.5143929061749345,0.61353072946484,0.8615197512017295,0.9900091093591503
"import numpy as np

def problem(x: np.ndarray) -> float:
    """"""
    Shifted 2D synthetic landscape in (u,v) with a dominant full-quadratic backbone plus
    controlled non-quadratic skew/ripple:
        u = x0 - xc, v = x1 - yc
        f(x) = s * ( a*u^2 + b*v^2 + c*u*v + d*u + e*v
                    + h*u^2*v
                    + p*(u*v)*sin(q*u*v) )

    The u^2*v term introduces skew; the (uv)*sin(q*uv) term adds a mild non-quadratic ripple.
    """"""
    x = np.asarray(x, dtype=float).ravel()
    if x.shape[0] != 2:
        raise ValueError(""This benchmark is defined for 2D inputs (len(x)==2)."")

    xc, yc = -1.2, 2.3
    u = x[0] - xc
    v = x[1] - yc

    # More dispersion to increase fitness_distance.fitness_std
    s = 0.34

    # Quadratic backbone (strong full-quadratic fit; more emphasis on interaction term)
    a = 0.092
    b = 0.082
    c = 0.12   # increased uv interaction to lower quad_simple while preserving quad_w_interact

    # Slightly reduced linear drift to move lin_simple.adj_r2 down a bit
    d = 0.028
    e = -0.022

    # Increase odd term for slightly higher skewness
    h = 0.0030

    # Reduce ripple magnitude for more funnel-like neighborhood structure
    p = 0.018
    q = 1.10

    quad = a * u * u + b * v * v + c * u * v
    lin = d * u + e * v
    odd_mixed = h * (u * u) * v
    ripple = p * (u * v) * np.sin(q * u * v)

    return float(s * (quad + lin + odd_mixed + ripple))",0.4286552091899271,"
    Shifted 2D synthetic landscape in (u,v) with a dominant full-quadratic backbone plus
    controlled non-quadratic skew/ripple:
        u = x0 - xc, v = x1 - yc
        f(x) = s * ( a*u^2 + b*v^2 + c*u*v + d*u + e*v
                    + h*u^2*v
                    + p*(u*v)*sin(q*u*v) )

    The u^2*v term introduces skew; the (uv)*sin(q*uv) term adds a mild non-quadratic ripple.
    ",,,,25,2,0.34734665949579197,0.15533115680782653,0.7055282895721783,0.8709231663469684,0.19423985215116155,0.6659628602088022,0.5371846366890919,0.9915421345721553
"import numpy as np

def problem(x: np.ndarray) -> float:
    """"""
    Synthetic 2D benchmark on [-5,5]^2 with shifted coordinates (u,v)=(x0-xc, x1-yc), (xc,yc)=(-1.2,2.3).

    The objective is a scaled sum of structured components:
      f(x) = s * [ a u^2 + b v^2 + c u v
                   + d u + e v
                   + h u^2 v + t u^3
                   + p sin(q u v)
                   + 0.5*r*(cos(k u) + cos(k v))
                   + w sin(u+v) ].
    """"""
    x = np.asarray(x, dtype=float).ravel()
    if x.shape[0] != 2:
        raise ValueError(""This benchmark is defined for 2D inputs (len(x)==2)."")

    xc, yc = -1.2, 2.3
    u = x[0] - xc
    v = x[1] - yc

    # Increase dispersion while reducing quadratic dominance
    s = 1.30

    # Weaker quadratic backbone to lower quadratic-model adjusted R^2
    a = 0.045
    b = 0.044
    c = 0.033

    # Slightly weaker linear drift to lower linear-model adjusted R^2
    d = 0.016
    e = -0.012

    # Reduce odd/asymmetry to decrease skewness
    h = 0.0022
    t = 0.0085

    # Strengthen non-quadratic/oscillatory terms to boost variance and reduce quadratic explainability
    p = 0.225
    q = 1.70

    r = 0.155
    k = 3.05

    w = 0.085

    quad = a * u * u + b * v * v + c * u * v
    lin = d * u + e * v
    odd = h * (u * u) * v + t * (u * u * u)
    ripple = p * np.sin(q * u * v)
    periodic = 0.5 * r * (np.cos(k * u) + np.cos(k * v))
    extra = w * np.sin(u + v)

    return float(s * (quad + lin + odd + ripple + periodic + extra))",0.16848645943533302,"
    Synthetic 2D benchmark on [-5,5]^2 with shifted coordinates (u,v)=(x0-xc, x1-yc), (xc,yc)=(-1.2,2.3).

    The objective is a scaled sum of structured components:
      f(x) = s * [ a u^2 + b v^2 + c u v
                   + d u + e v
                   + h u^2 v + t u^3
                   + p sin(q u v)
                   + 0.5*r*(cos(k u) + cos(k v))
                   + w sin(u+v) ].
    ",,,,25,2,0.20906855549351394,0.4106924017106214,0.4890980071433047,0.8377671391980305,0.4906448559763545,0.5932963468584234,0.8398971820128881,0.968645656116814
"import numpy as np

def problem(x: np.ndarray) -> float:
    """"""
    Synthetic 2D benchmark on [-5,5]^2: quadratic backbone + linear drift +
    controlled nonlinearity/ruggedness.

    With (xc,yc)=(-1.2,2.3), (u,v)=(x0-xc, x1-yc), evaluate
        f(x) = s * [ a u^2 + b v^2 + c u v
                     + d u + e v
                     + h u^2 v + t u^3
                     + p sin(q u v)
                     + 0.5 r (cos(k u) + cos(k v))
                     + w sin(u + v) ].

    Deterministic, uses only NumPy.
    """"""
    x = np.asarray(x, dtype=float).ravel()
    if x.shape[0] != 2:
        raise ValueError(""This benchmark is defined for 2D inputs (len(x)==2)."")

    xc, yc = -1.2, 2.3
    u = x[0] - xc
    v = x[1] - yc

    # --- Scaling: increase fitness dispersion to hit target std ---
    s = 1.34

    # --- Quadratic backbone: reduced to lower quad_simple/quad_w_interact adj-R2 ---
    a = 0.045
    b = 0.042
    c = 0.034

    # --- Linear drift: reduced to lower lin_simple adj-R2 ---
    d = 0.012
    e = -0.010

    # --- Odd asymmetry: slightly reduced to lower skewness ---
    h = 0.0030
    t = 0.0085

    # --- Non-quadratic ruggedness: slightly increased to keep correlation/structure ---
    p = 0.190
    q = 1.70

    r = 0.118
    k = 3.15

    w = 0.070

    quad = a * u * u + b * v * v + c * u * v
    lin = d * u + e * v
    odd = h * (u * u) * v + t * (u * u * u)
    ripple = p * np.sin(q * u * v)
    periodic = 0.5 * r * (np.cos(k * u) + np.cos(k * v))
    extra = w * np.sin(u + v)

    return float(s * (quad + lin + odd + ripple + periodic + extra))",0.10523150733374816,"
    Synthetic 2D benchmark on [-5,5]^2: quadratic backbone + linear drift +
    controlled nonlinearity/ruggedness.

    With (xc,yc)=(-1.2,2.3), (u,v)=(x0-xc, x1-yc), evaluate
        f(x) = s * [ a u^2 + b v^2 + c u v
                     + d u + e v
                     + h u^2 v + t u^3
                     + p sin(q u v)
                     + 0.5 r (cos(k u) + cos(k v))
                     + w sin(u + v) ].

    Deterministic, uses only NumPy.
    ",,,,25,2,0.23088841506042382,0.33318350887321024,0.5337797568202696,0.8485010762730364,0.4565688561701443,0.5840488248750431,0.8195135322583742,0.9761128462587552
"import numpy as np

def problem(x: np.ndarray) -> float:
    """"""
    Synthetic 2D benchmark on [-5,5]^2.

    Let (u,v) = (x0 - xc, x1 - yc) with (xc,yc)=(-1.2, 2.3).
    The objective is
        f(u,v) = s * [ Q(u,v) + L(u,v) + O(u,v) + R(u,v) + P(u,v) + E(u,v) ],
    where:
        Q(u,v)=a*u^2 + b*v^2 + c*u*v
        L(u,v)=d*u + e*v
        O(u,v)=h*u^2*v + t*u^3
        R(u,v)=p*sin(q*u*v)
        P(u,v)=0.5*r*(cos(k*u)+cos(k*v))
        E(u,v)=w*sin(u+v).
    """"""
    x = np.asarray(x, dtype=float).ravel()
    if x.shape[0] != 2:
        raise ValueError(""This benchmark is defined for 2D inputs (len(x)==2)."")

    xc, yc = -1.2, 2.3
    u = x[0] - xc
    v = x[1] - yc

    # Increased global scale to raise fitness-distance std
    s = 1.35

    # Softer quadratic backbone (reduce quadratic explainability)
    a = 0.040
    b = 0.036
    c = 0.028

    # Reduced linear drift (reduce linear explainability)
    d = 0.020
    e = -0.014

    # Reduced odd asymmetry to lower skewness
    h = 0.0028
    t = 0.0090

    # Stronger non-quadratic ripple to reduce quadratic adj-R2 and add local variability
    p = 0.230
    q = 2.10

    # Stronger separable periodic ruggedness to raise nn_nb.sd_ratio
    r = 0.165
    k = 4.30

    # Slightly stronger smooth coupling
    w = 0.075

    quad = a * u * u + b * v * v + c * u * v
    lin = d * u + e * v
    odd = h * (u * u) * v + t * (u * u * u)
    ripple = p * np.sin(q * u * v)
    periodic = 0.5 * r * (np.cos(k * u) + np.cos(k * v))
    extra = w * np.sin(u + v)

    return float(s * (quad + lin + odd + ripple + periodic + extra))",0.20410506387517233,"
    Synthetic 2D benchmark on [-5,5]^2.

    Let (u,v) = (x0 - xc, x1 - yc) with (xc,yc)=(-1.2, 2.3).
    The objective is
        f(u,v) = s * [ Q(u,v) + L(u,v) + O(u,v) + R(u,v) + P(u,v) + E(u,v) ],
    where:
        Q(u,v)=a*u^2 + b*v^2 + c*u*v
        L(u,v)=d*u + e*v
        O(u,v)=h*u^2*v + t*u^3
        R(u,v)=p*sin(q*u*v)
        P(u,v)=0.5*r*(cos(k*u)+cos(k*v))
        E(u,v)=w*sin(u+v).
    ",,,,25,2,0.2489449218105666,0.3620282056280932,0.4524630022741163,0.8293839775055737,0.5131048766423731,0.6101188626346604,0.8379825595359526,0.9657367791931167
"import numpy as np

def problem(x: np.ndarray) -> float:
    """"""
    Deterministic 2D synthetic landscape in shifted coordinates (u,v).
    With u = x0 - xc, v = x1 - yc, it evaluates

        f(x) = s * [ a u^2 + b v^2 + c u v
                     + d u + e v
                     + h u^2 v + r u v^2
                     + p (u v) * sin(q u v) ]

    The quadratic backbone (a,b,c, d,e) controls quadratic/linear adjusted R^2 values,
    while the cubic odd terms (h,r) and small ripple term (p,q) tune skewness/ruggedness.
    """"""
    x = np.asarray(x, dtype=float).ravel()
    if x.shape[0] != 2:
        raise ValueError(""This benchmark is defined for 2D inputs (len(x)==2)."")

    xc, yc = -1.2, 2.3
    u = x[0] - xc
    v = x[1] - yc

    # Increase fitness dispersion to match higher target fitness_std
    s = 0.46

    # Quadratic backbone: reduce c (uv) so lin-with-interaction fits less easily
    a = 0.070
    b = 0.065
    c = 0.030

    # Linear drift: keep moderate to retain linear-simple fit
    d = 0.070
    e = -0.055

    # Cubic odd terms: increase slightly to reduce lin_w_interact adj_r2
    h = 0.0030
    r = -0.0020

    # Non-quadratic ripple: keep small to preserve quad_w_interact adj_r2
    p = 0.015
    q = 1.0

    quad = a * u * u + b * v * v + c * u * v
    lin = d * u + e * v
    odd = h * (u * u) * v + r * u * (v * v)
    ripple = p * (u * v) * np.sin(q * u * v)

    return float(s * (quad + lin + odd + ripple))",0.26632258217572985,"
    Deterministic 2D synthetic landscape in shifted coordinates (u,v).
    With u = x0 - xc, v = x1 - yc, it evaluates

        f(x) = s * [ a u^2 + b v^2 + c u v
                     + d u + e v
                     + h u^2 v + r u v^2
                     + p (u v) * sin(q u v) ]

    The quadratic backbone (a,b,c, d,e) controls quadratic/linear adjusted R^2 values,
    while the cubic odd terms (h,r) and small ripple term (p,q) tune skewness/ruggedness.
    ",,,,25,2,0.14597359960110112,0.2684025715372681,0.7562081801633465,0.8723783216148203,0.5568292379459614,0.6726983057521058,0.8785609418701759,0.9897453890609273
"import numpy as np

def problem(x: np.ndarray) -> float:
    """"""
    Synthetic 2D benchmark on [-5,5]^2.

    Using shifted coordinates (u,v) = (x0 - xc, x1 - yc), with (xc,yc)=(-1.2, 2.3),
    the function is a scaled sum of mixed nonlinear components:

      f(x) = s * [ a u^2 + b v^2 + c u v
                   + d u + e v
                   + h u^2 v + t u^3
                   + p sin(q u v)
                   + 0.5*r (cos(k u) + cos(k v))
                   + w sin(u+v) ]

    This mixture is tuned to balance global nonlinearity (lower linear/quadratic fit)
    against enough smooth structure for strong fitness–distance correlation.
    """"""
    x = np.asarray(x, dtype=float).ravel()
    if x.shape[0] != 2:
        raise ValueError(""This benchmark is defined for 2D inputs (len(x)==2)."")

    xc, yc = -1.2, 2.3
    u = x[0] - xc
    v = x[1] - yc

    # Slightly larger global scale to increase fitness dispersion.
    # At the same time we weaken quadratic/linear terms to avoid overly high adj-R^2.
    s = 1.28

    # Quadratic backbone (weakened to reduce quadratic-model fit).
    a = 0.046
    b = 0.043
    c = 0.032

    # Linear drift (weakened to reduce linear-model fit).
    d = 0.012
    e = -0.010

    # Asymmetry / nonlinearity (strengthened to reduce linear/quadratic dominance).
    h = 0.0044
    t = 0.0132

    # Non-quadratic coupling and periodic ripples (strengthened to improve global
    # correlation and increase dispersion while keeping smooth structure).
    p = 0.215
    q = 1.65

    r = 0.118
    k = 3.15

    w = 0.085

    quad = a * u * u + b * v * v + c * u * v
    lin = d * u + e * v
    odd = h * (u * u) * v + t * (u * u * u)
    ripple = p * np.sin(q * u * v)
    periodic = 0.5 * r * (np.cos(k * u) + np.cos(k * v))
    extra = w * np.sin(u + v)

    return float(s * (quad + lin + odd + ripple + periodic + extra))",0.1931749550159677,"
    Synthetic 2D benchmark on [-5,5]^2.

    Using shifted coordinates (u,v) = (x0 - xc, x1 - yc), with (xc,yc)=(-1.2, 2.3),
    the function is a scaled sum of mixed nonlinear components:

      f(x) = s * [ a u^2 + b v^2 + c u v
                   + d u + e v
                   + h u^2 v + t u^3
                   + p sin(q u v)
                   + 0.5*r (cos(k u) + cos(k v))
                   + w sin(u+v) ]

    This mixture is tuned to balance global nonlinearity (lower linear/quadratic fit)
    against enough smooth structure for strong fitness–distance correlation.
    ",,,,26,2,0.29437947566185746,0.32186753898477743,0.5096884441825558,0.8487142512113194,0.5248773103810321,0.6124886903609902,0.8438544825224481,0.9802923171752861
"import numpy as np

def problem(x: np.ndarray) -> float:
    """"""
    Synthetic 2D benchmark f(u,v) on [-5,5]^2 with u=x0-cx, v=x1-cy.

    Structure:
        f = s * ( Q(u,v) + L(u,v) + O(u,v) + ripple(u,v) + periodic(u,v) )

    where
        Q(u,v) = a*u^2 + b*v^2 + c*u*v                 (quadratic backbone)
        L(u,v) = d*u + e*v                           (linear drift)
        O(u,v) = h*u^2*v + t*u^3                     (controlled odd asymmetry)
        ripple(u,v) = p * sin(q*u*v)                (non-quadratic coupling)
        periodic(u,v) = r/2 * (cos(k*u) + cos(k*v)) (even periodic ruggedness)
    """"""
    x = np.asarray(x, dtype=float).ravel()
    if x.shape[0] != 2:
        raise ValueError(""This benchmark is defined for 2D inputs (len(x)==2)."")

    cx, cy = -1.2, 2.3
    u = x[0] - cx
    v = x[1] - cy

    # Overall scale to raise fitness-distance standard deviation.
    s = 1.55

    # Quadratic/linear backbone kept modest so global fits (linear/quadratic adj-R2)
    # do not become overly dominant.
    a, b, c = 0.060, 0.055, 0.040
    d, e = 0.025, -0.018

    # Reduce odd asymmetry amplitude to lower skewness toward the target.
    h, t = 0.0030, 0.0090

    # Strengthen non-quadratic, even rugged components to reduce adj-R2 values and
    # increase landscape dispersion/local variability.
    p = 0.320
    q = 2.15

    r = 0.235
    k = 3.85

    Q = a * u * u + b * v * v + c * u * v
    L = d * u + e * v
    O = h * (u * u) * v + t * (u * u * u)

    ripple = p * np.sin(q * u * v)
    periodic = 0.5 * r * (np.cos(k * u) + np.cos(k * v))

    return float(s * (Q + L + O + ripple + periodic))",0.1972935029879213,"
    Synthetic 2D benchmark f(u,v) on [-5,5]^2 with u=x0-cx, v=x1-cy.

    Structure:
        f = s * ( Q(u,v) + L(u,v) + O(u,v) + ripple(u,v) + periodic(u,v) )

    where
        Q(u,v) = a*u^2 + b*v^2 + c*u*v                 (quadratic backbone)
        L(u,v) = d*u + e*v                           (linear drift)
        O(u,v) = h*u^2*v + t*u^3                     (controlled odd asymmetry)
        ripple(u,v) = p * sin(q*u*v)                (non-quadratic coupling)
        periodic(u,v) = r/2 * (cos(k*u) + cos(k*v)) (even periodic ruggedness)
    ",,,,26,2,0.18092173720172292,0.37677694722897326,0.44763367840185736,0.8074818132575534,0.48041919467234057,0.5881005975704292,0.8434223469599326,0.9605535070473937
"import numpy as np

def problem(x: np.ndarray) -> float:
    """"""
    Deterministic 2D shifted landscape f(u,v) with u=x0+1.2, v=x1-2.3:
      f = s * ( a u^2 + b v^2 + c u v          [full quadratic backbone]
                + d u + e v                   [linear drift]
                + h u^2 v                     [odd mixed term -> controls skew]
                + p (u v) * sin(q u v)       [small beyond-quadratic ripple])
    This keeps a strong quadratic structure (high quad fits) while tuning
    nonlinearity to better match target ELA distributional features.
    """"""
    x = np.asarray(x, dtype=float).ravel()
    if x.shape[0] != 2:
        raise ValueError(""This benchmark is defined for 2D inputs (len(x)==2)."")

    # Shift of the landscape
    xc, yc = -1.2, 2.3
    u = x[0] - xc
    v = x[1] - yc

    # Rescale to increase fitness standard deviation
    s = 0.33

    # Quadratic backbone (dominant)
    a = 0.115
    b = 0.100
    c = 0.075

    # Linear drift
    d = 0.042
    e = -0.032

    # Odd mixed term (slightly reduced to keep skewness close to target)
    h = 0.0017

    # Ripple: slightly stronger and higher-frequency to increase neighborhood
    # variability (affects nbc distance/connectivity statistics) while still
    # keeping quadratic-model fits high.
    p = 0.030
    q = 1.5

    quad = a * u * u + b * v * v + c * u * v
    lin = d * u + e * v
    odd_mixed = h * (u * u) * v
    ripple = p * (u * v) * np.sin(q * u * v)

    return float(s * (quad + lin + odd_mixed + ripple))",0.20010190047643545,"
    Deterministic 2D shifted landscape f(u,v) with u=x0+1.2, v=x1-2.3:
      f = s * ( a u^2 + b v^2 + c u v          [full quadratic backbone]
                + d u + e v                   [linear drift]
                + h u^2 v                     [odd mixed term -> controls skew]
                + p (u v) * sin(q u v)       [small beyond-quadratic ripple])
    This keeps a strong quadratic structure (high quad fits) while tuning
    nonlinearity to better match target ELA distributional features.
    ",,,,26,2,0.18222549193819307,0.26799476523087373,0.7623940380226324,0.8610160315979255,0.4470921181312495,0.5920602436255984,0.8460619917406724,0.9807773988055591
"import numpy as np

def problem(x: np.ndarray) -> float:
    """"""
    Deterministic 2D synthetic benchmark on [-5,5]^2 with a shift (u,v).
    Uses a *nearly* quadratic core plus nonlinear sinusoidal ruggedness:

        f(u,v) = s * [ (a u^2 + b v^2 + c u v) + (d u + e v)
                       + (h u^2 v + t u^3) + p sin(q u v)
                       + 0.5 r (cos(k u) + cos(k v)) ],

    with (u,v) = (x0 - (-1.2), x1 - 2.3) = (x0 + 1.2, x1 - 2.3).
    """"""
    x = np.asarray(x, dtype=float).ravel()
    if x.shape[0] != 2:
        raise ValueError(""This benchmark is defined for 2D inputs (len(x)==2)."")

    # Shift
    xc, yc = -1.2, 2.3
    u = x[0] - xc
    v = x[1] - yc

    # Scale: increase fitness dispersion (fitness_distance.fitness_std)
    s = 1.66

    # Quadratic core (slightly weakened so quadratic regressions don't dominate)
    a = 0.040
    b = 0.038
    c = 0.040

    # Linear drift (keep modest to avoid overly high linear R^2)
    d = 0.024
    e = -0.015

    # Odd/asymmetric terms (reduced to lower skewness)
    h = 0.0032
    t = 0.0092

    # Nonlinear ruggedness: increase to reduce quadratic explainability and correlations
    p = 0.180
    q = 2.05

    # Separable periodic components (kept, but moderately increased)
    r = 0.072
    k = 3.10

    quad = a * u * u + b * v * v + c * u * v
    lin = d * u + e * v
    odd = h * (u * u) * v + t * (u * u * u)
    ripple = p * np.sin(q * u * v)
    periodic = 0.5 * r * (np.cos(k * u) + np.cos(k * v))

    return float(s * (quad + lin + odd + ripple + periodic))",0.15242261801157866,"
    Deterministic 2D synthetic benchmark on [-5,5]^2 with a shift (u,v).
    Uses a *nearly* quadratic core plus nonlinear sinusoidal ruggedness:

        f(u,v) = s * [ (a u^2 + b v^2 + c u v) + (d u + e v)
                       + (h u^2 v + t u^3) + p sin(q u v)
                       + 0.5 r (cos(k u) + cos(k v)) ],

    with (u,v) = (x0 - (-1.2), x1 - 2.3) = (x0 + 1.2, x1 - 2.3).
    ",,,,26,2,0.24829556241174328,0.23660286235364167,0.5231062021988234,0.8564076370328634,0.4369909497734395,0.61098097927372,0.7822751460717655,0.9821341533545418
"import numpy as np

def problem(x: np.ndarray) -> float:
    """"""
    Shifted 2D synthetic landscape f(x) in coordinates (u,v) = (x0-xc, x1-yc).
    The structure is predominantly quadratic with controlled non-quadratic skew and ripple:

      f(u,v) = s * [ (a u^2 + b v^2 + c u v) + (d u + e v) + h u^2 v + p (u v) sin(q u v) ].

    The term h*u^2*v introduces controlled asymmetry (skew), while the sine ripple is
    kept small/lower frequency to avoid oscillation overfitting.
    """"""
    x = np.asarray(x, dtype=float).ravel()
    if x.shape[0] != 2:
        raise ValueError(""This benchmark is defined for 2D inputs (len(x)==2)."")

    xc, yc = -1.2, 2.3
    u = x[0] - xc
    v = x[1] - yc

    # Scale to increase overall fitness dispersion (fitness_std target)
    s = 0.33

    # Quadratic backbone (primarily sets quad fits and neighborhood geometry)
    a = 0.13
    b = 0.11
    c = 0.095  # a bit stronger coupling to reduce quad_simple fit while preserving quad_w_interact

    # Linear drift
    d = 0.05
    e = -0.035

    # Skew (asymmetry)
    h = 0.0035

    # Beyond-quadratic ripple: reduced magnitude and slightly lower frequency
    # to avoid sample-specific oscillation artifacts.
    p = 0.028
    q = 0.9

    quad = a * u * u + b * v * v + c * u * v
    lin = d * u + e * v
    odd_mixed = h * (u * u) * v
    ripple = p * (u * v) * np.sin(q * u * v)

    return float(s * (quad + lin + odd_mixed + ripple))",0.1856327477056846,"
    Shifted 2D synthetic landscape f(x) in coordinates (u,v) = (x0-xc, x1-yc).
    The structure is predominantly quadratic with controlled non-quadratic skew and ripple:

      f(u,v) = s * [ (a u^2 + b v^2 + c u v) + (d u + e v) + h u^2 v + p (u v) sin(q u v) ].

    The term h*u^2*v introduces controlled asymmetry (skew), while the sine ripple is
    kept small/lower frequency to avoid oscillation overfitting.
    ",,,,26,2,0.19598832752137207,0.2585092379288652,0.7542476028462666,0.8539560242620944,0.3892935533382852,0.5919197509666395,0.7953554461363216,0.9867082364260394
"import numpy as np

def problem(x: np.ndarray) -> float:
    """"""
    Deterministic 2D synthetic landscape in shifted coordinates (u,v):
      f(u,v) = s * [ a u^2 + b v^2 + c u v  + d u + e v  + h u^2 v  + p (u v) sin(q u v) ].
    with u = x0 - xc, v = x1 - yc and xc=-1.2, yc=2.3.
    """"""
    x = np.asarray(x, dtype=float).ravel()
    if x.shape[0] != 2:
        raise ValueError(""This benchmark is defined for 2D inputs (len(x)==2)."")

    # Shift of the landscape
    xc, yc = -1.2, 2.3
    u = x[0] - xc
    v = x[1] - yc

    # Scale: increase spread of objective values (fitness_distance.fitness_std target)
    s = 0.33

    # Quadratic backbone: slightly strengthen interaction to reduce quad_simple adj_r2
    a = 0.10
    b = 0.090
    c = 0.10  # was 0.072

    # Linear drift: slightly reduce to avoid too-strong linear fits
    d = 0.032  # was 0.040
    e = -0.026  # was -0.030

    # Odd mixed term: reduce to tune skewness downward slightly
    h = 0.0015  # was 0.0020

    # Small beyond-quadratic ripple: modestly increase for better neighborhood stats
    # while keeping quad_w_interact fit high
    p = 0.032  # was 0.025
    q = 1.2    # was 1.0

    quad = a * u * u + b * v * v + c * u * v
    lin = d * u + e * v
    odd_mixed = h * (u * u) * v
    ripple = p * (u * v) * np.sin(q * u * v)

    return float(s * (quad + lin + odd_mixed + ripple))",0.23621047143203464,"
    Deterministic 2D synthetic landscape in shifted coordinates (u,v):
      f(u,v) = s * [ a u^2 + b v^2 + c u v  + d u + e v  + h u^2 v  + p (u v) sin(q u v) ].
    with u = x0 - xc, v = x1 - yc and xc=-1.2, yc=2.3.
    ",,,,26,2,0.2633372536249641,0.22254336594774365,0.7183188109717452,0.8489691971607015,0.3046027079986869,0.6074103329840767,0.6905574698607531,0.978827188959635
"import numpy as np

def problem(x: np.ndarray) -> float:
    """"""
    Synthetic 2D benchmark on [-5,5]^2 centered at (xc,yc)=(-1.2,2.3).

    Let (u,v)=(x0-xc, x1-yc). The landscape is a *weakened* full quadratic backbone
    plus linear drift and a set of deterministic non-quadratic terms:
        f(u,v) = s * [ Q(u,v) + L(u,v) + A(u,v) + R(u,v) + P(u,v) + E(u,v) ]

    where
        Q(u,v)=a*u^2 + b*v^2 + c*u*v                 (full quadratic backbone)
        L(u,v)=d*u + e*v                             (linear drift)
        A(u,v)=h*u^2*v + t*u^3                       (controlled odd asymmetry)
        R(u,v)=p*sin(q*u*v)                          (non-quadratic coupling ripple)
        P(u,v)=0.5*r*(cos(k*u)+cos(k*v))             (separable periodic ruggedness)
        E(u,v)=w*sin(u+v)                            (smooth coupling nonlinearity)
    """"""
    x = np.asarray(x, dtype=float).ravel()
    if x.shape[0] != 2:
        raise ValueError(""This benchmark is defined for 2D inputs (len(x)==2)."")

    xc, yc = -1.2, 2.3
    u = x[0] - xc
    v = x[1] - yc

    # Increase overall scale to raise objective spread (fitness_distance.fitness_std)
    s = 1.55

    # Weaken quadratic/linear explainability: reduce Q and L dominance
    a = 0.045
    b = 0.042
    c = 0.030

    d = 0.020
    e = -0.015

    # Reduce skewness: soften odd asymmetry contributions
    h = 0.0030
    t = 0.0090

    # Increase ruggedness / non-quadratic structure (to lower linear/quad adj_R2
    # while keeping nb fitness correlation high).
    p = 0.245
    q = 2.15

    r = 0.175
    k = 4.00

    w = 0.090

    quad = a * u * u + b * v * v + c * u * v
    lin = d * u + e * v
    odd = h * (u * u) * v + t * (u * u * u)
    ripple = p * np.sin(q * u * v)
    periodic = 0.5 * r * (np.cos(k * u) + np.cos(k * v))
    extra = w * np.sin(u + v)

    return float(s * (quad + lin + odd + ripple + periodic + extra))",0.1790331021869796,"
    Synthetic 2D benchmark on [-5,5]^2 centered at (xc,yc)=(-1.2,2.3).

    Let (u,v)=(x0-xc, x1-yc). The landscape is a *weakened* full quadratic backbone
    plus linear drift and a set of deterministic non-quadratic terms:
        f(u,v) = s * [ Q(u,v) + L(u,v) + A(u,v) + R(u,v) + P(u,v) + E(u,v) ]

    where
        Q(u,v)=a*u^2 + b*v^2 + c*u*v                 (full quadratic backbone)
        L(u,v)=d*u + e*v                             (linear drift)
        A(u,v)=h*u^2*v + t*u^3                       (controlled odd asymmetry)
        R(u,v)=p*sin(q*u*v)                          (non-quadratic coupling ripple)
        P(u,v)=0.5*r*(cos(k*u)+cos(k*v))             (separable periodic ruggedness)
        E(u,v)=w*sin(u+v)                            (smooth coupling nonlinearity)
    ",,,,26,2,0.2255401849983228,0.3590049980350614,0.4800033199746227,0.8308920145852035,0.5099545643330888,0.6046791004799084,0.8436021338006826,0.9628813946878011
"import numpy as np

def problem(x: np.ndarray) -> float:
    """"""
    Synthetic 2D benchmark on [-5,5]^2 built from a weakened quadratic backbone plus
    controlled non-quadratic terms (sine/cosine ripples) and mild odd asymmetry.

    With shifted coordinates (u,v) = (x0 - xc, x1 - yc), (xc,yc)=(-1.2, 2.3), the function is:
        f(x) = s * [ a u^2 + b v^2 + c u v
                     + d u + e v
                     + h u^2 v + t u^3
                     + p sin(q u v)
                     + 0.5*r*(cos(k u) + cos(k v))
                     + w sin(u+v) ].
    """"""
    x = np.asarray(x, dtype=float).ravel()
    if x.shape[0] != 2:
        raise ValueError(""This benchmark is defined for 2D inputs (len(x)==2)."")

    xc, yc = -1.2, 2.3
    u = x[0] - xc
    v = x[1] - yc

    # Scale up to increase overall fitness dispersion (target higher fitness_std).
    s = 1.35

    # Weaken quadratic dominance to reduce (too-high) quadratic adj-R2 values.
    a = 0.045
    b = 0.045
    c = 0.030

    # Reduce linear drift so linear adj-R2 is not overly high.
    d = 0.010
    e = -0.008

    # Reduce odd asymmetry to move skewness closer to target.
    h = 0.0030
    t = 0.0080

    # Increase non-quadratic coupling/ripples to lower quadratic fit strength slightly
    # while maintaining a structured landscape (to keep nearest-better correlations high).
    p = 0.220
    q = 1.65

    r = 0.115
    k = 3.25

    w = 0.075

    quad = a * u * u + b * v * v + c * u * v
    lin = d * u + e * v
    odd = h * (u * u) * v + t * (u * u * u)
    ripple = p * np.sin(q * u * v)
    periodic = 0.5 * r * (np.cos(k * u) + np.cos(k * v))
    extra = w * np.sin(u + v)

    return float(s * (quad + lin + odd + ripple + periodic + extra))",0.13175213441694267,"
    Synthetic 2D benchmark on [-5,5]^2 built from a weakened quadratic backbone plus
    controlled non-quadratic terms (sine/cosine ripples) and mild odd asymmetry.

    With shifted coordinates (u,v) = (x0 - xc, x1 - yc), (xc,yc)=(-1.2, 2.3), the function is:
        f(x) = s * [ a u^2 + b v^2 + c u v
                     + d u + e v
                     + h u^2 v + t u^3
                     + p sin(q u v)
                     + 0.5*r*(cos(k u) + cos(k v))
                     + w sin(u+v) ].
    ",,,,26,2,0.20529868212346067,0.3589960199917426,0.5247787782131581,0.8300843266941265,0.48088789416177413,0.5835847459680578,0.8408937975613104,0.9696643669065871
"import numpy as np

def problem(x: np.ndarray) -> float:
    """"""
    Synthetic 2D benchmark on [-5,5]^2.

    Let (u,v) = (x0-xc, x1-yc) with (xc,yc)=(-1.2,2.3). The landscape is:
        f(x) = s * [ a u^2 + b v^2 + c u v          (quadratic backbone)
                     + d u + e v                    (linear drift)
                     + h u^2 v + t u^3             (controlled odd asymmetry)
                     + p sin(q u v)                (mild non-quadratic)
                     + 0.5 r (cos(k u) + cos(k v)) (mild periodic ruggedness)
                     + w sin(u + v)                (small extra nonlinearity) ].

    Designed deterministically (NumPy only).
    """"""
    x = np.asarray(x, dtype=float).ravel()
    if x.shape[0] != 2:
        raise ValueError(""This benchmark is defined for 2D inputs (len(x)==2)."")

    xc, yc = -1.2, 2.3
    u = x[0] - xc
    v = x[1] - yc

    # --- Scaling (raise overall fitness std slightly) ---
    s = 1.42

    # --- Quadratic backbone: increase interaction strength to reduce quad_simple fit,
    # while keeping full quadratic fit high (since uv is included there) ---
    a = 0.030
    b = 0.028
    c = 0.060  # stronger interaction term to penalize ""quad_simple"" more

    # --- Linear drift: keep small (avoid too-strong linearity) ---
    d = 0.010
    e = -0.009

    # --- Odd asymmetry: reduce skewness contribution ---
    h = 0.0022
    t = 0.0062

    # --- Ruggedness/nonlinearity: keep mild to improve nearest-better correlation ---
    p = 0.165
    q = 1.70

    r = 0.095
    k = 3.15

    w = 0.055

    quad = a * u * u + b * v * v + c * u * v
    lin = d * u + e * v
    odd = h * (u * u) * v + t * (u * u * u)
    ripple = p * np.sin(q * u * v)
    periodic = 0.5 * r * (np.cos(k * u) + np.cos(k * v))
    extra = w * np.sin(u + v)

    return float(s * (quad + lin + odd + ripple + periodic + extra))",0.5570635207584904,"
    Synthetic 2D benchmark on [-5,5]^2.

    Let (u,v) = (x0-xc, x1-yc) with (xc,yc)=(-1.2,2.3). The landscape is:
        f(x) = s * [ a u^2 + b v^2 + c u v          (quadratic backbone)
                     + d u + e v                    (linear drift)
                     + h u^2 v + t u^3             (controlled odd asymmetry)
                     + p sin(q u v)                (mild non-quadratic)
                     + 0.5 r (cos(k u) + cos(k v)) (mild periodic ruggedness)
                     + w sin(u + v)                (small extra nonlinearity) ].

    Designed deterministically (NumPy only).
    ",,,,26,2,0.3478212966595348,0.4418378444703447,0.44885633058102786,0.8291461675359962,0.08456462246820505,0.6328162079166408,0.3987076601007055,0.9687167210822851
"import numpy as np

def problem(x: np.ndarray) -> float:
    """"""
    Deterministic synthetic 2D benchmark on [-5,5]^2 with shifted coordinates u=x0-xc, v=x1-yc.
    Structure:
        f(u,v) = s * [
            a*u^2 + b*v^2 + c*u*v                 (quadratic backbone)
          + d*u + e*v                             (linear part)
          + h*u^2*v + t*u^3                       (odd/asymmetric coupling)
          + p*sin(q*u*v) + w*sin(u+v)            (non-quadratic ruggedness)
          + 0.5*r*(cos(k*u)+cos(k*v))            (periodic ruggedness)
        ].
    Tuned to control ELA meta-model explainability (linear/quad with/without interactions) and
    distribution/connectivity statistics while keeping a mostly smooth quadratic backbone with
    moderate non-quadratic perturbations.
    """"""
    x = np.asarray(x, dtype=float).ravel()
    if x.shape[0] != 2:
        raise ValueError(""This benchmark is defined for 2D inputs (len(x)==2)."")

    xc, yc = -1.2, 2.3
    u = x[0] - xc
    v = x[1] - yc

    # Increase global scaling to raise fitness std without changing R^2-style quantities.
    s = 1.15

    # Quadratic backbone: reduce cross-term to increase ""quad_simple"" explainability,
    # while keeping non-quadratic terms to avoid near-perfect ""quad_w_interact"".
    a = 0.085
    b = 0.080
    c = 0.045

    # Increase linear contribution to raise linear model adj-R^2.
    d = 0.035
    e = -0.020

    # Reduce asymmetry a bit to lower skewness.
    h = 0.0035
    t = 0.0090

    # Moderate non-quadratic ruggedness (slightly stronger) to keep quad_w_interact
    # from becoming too close to a perfect quadratic.
    p = 0.165
    q = 2.00
    w = 0.070

    # Reduce periodic coupling slightly to adjust neighborhood distance ratios.
    r = 0.100
    k = 3.00

    quad = a * u * u + b * v * v + c * u * v
    lin = d * u + e * v
    odd = h * (u * u) * v + t * (u * u * u)

    ripple = p * np.sin(q * u * v)
    periodic = 0.5 * r * (np.cos(k * u) + np.cos(k * v))
    extra = w * np.sin(u + v)

    return float(s * (quad + lin + odd + ripple + periodic + extra))",0.2177702832779766,"
    Deterministic synthetic 2D benchmark on [-5,5]^2 with shifted coordinates u=x0-xc, v=x1-yc.
    Structure:
        f(u,v) = s * [
            a*u^2 + b*v^2 + c*u*v                 (quadratic backbone)
          + d*u + e*v                             (linear part)
          + h*u^2*v + t*u^3                       (odd/asymmetric coupling)
          + p*sin(q*u*v) + w*sin(u+v)            (non-quadratic ruggedness)
          + 0.5*r*(cos(k*u)+cos(k*v))            (periodic ruggedness)
        ].
    Tuned to control ELA meta-model explainability (linear/quad with/without interactions) and
    distribution/connectivity statistics while keeping a mostly smooth quadratic backbone with
    moderate non-quadratic perturbations.
    ",,,,26,2,0.16289058120764083,0.27614705493527825,0.684080637951325,0.882703759283491,0.5365397964099236,0.6142915838900266,0.9088721922814883,0.9935020102433196
